primaryCaseID,appellantType,appellantCategory,appellantProvince,petitionerUS,AppellantWasPlaintiff,appellantID
1,201307,5,0,113,FALSE,374
2,201006,5,0,234,FALSE,375
3,200603,5,0,241,TRUE,376
4,200603,5,0,241,TRUE,377
5,200201,4,0,100,FALSE,378
6,200101,4,0,137,FALSE,379
7,200101,4,0,137,TRUE,380
8,141716,1,14,394,FALSE,381
9,202011,5,0,216,TRUE,382
10,200703,4,0,232,TRUE,383
11,200707,4,0,152,FALSE,384
12,202704,4,0,195,TRUE,385
13,201402,5,0,198,TRUE,386
14,200201,4,0,100,FALSE,387
15,70401,3,7,3,FALSE,388
16,140301,4,14,335,FALSE,389
17,201003,5,0,189,TRUE,390
18,202701,4,0,166,TRUE,391
19,202402,4,0,166,TRUE,392
20,202112,4,0,120,TRUE,393
21,202110,4,0,233,FALSE,394
22,201502,4,0,237,TRUE,395
23,201404,5,0,243,TRUE,396
24,201003,5,0,189,TRUE,397
25,200220,4,0,126,FALSE,398
26,70401,3,7,3,FALSE,399
27,202601,5,0,130,TRUE,400
28,202701,4,0,166,TRUE,401
29,202401,5,0,172,TRUE,402
30,201502,4,0,237,FALSE,403
31,202705,4,0,163,TRUE,404
32,140101,1,14,27,FALSE,405
33,202116,5,0,122,TRUE,406
34,202106,5,0,171,FALSE,407
35,201501,5,0,173,TRUE,408
36,200706,5,0,225,TRUE,409
37,200402,4,0,253,FALSE,410
38,200401,4,0,168,TRUE,411
39,200201,4,0,100,FALSE,412
40,200201,4,0,100,FALSE,413
41,200701,4,0,206,TRUE,414
42,202108,5,0,238,TRUE,415
43,202704,4,0,195,TRUE,416
44,201704,4,0,208,TRUE,417
45,201402,5,0,198,TRUE,418
46,201503,4,0,185,TRUE,419
47,202704,4,0,195,FALSE,420
48,202101,5,0,184,TRUE,421
49,202101,5,0,184,TRUE,422
50,201306,4,0,114,FALSE,423
51,200504,4,0,249,TRUE,424
52,202601,5,0,130,TRUE,425
53,200201,4,0,100,FALSE,426
54,202116,5,0,122,FALSE,427
55,202116,5,0,122,TRUE,428
56,202106,5,0,171,FALSE,429
57,201402,5,0,198,TRUE,430
58,201402,1,0,198,TRUE,431
59,202116,5,0,122,TRUE,49
60,202116,5,0,122,TRUE,50
61,200201,4,0,100,FALSE,51
62,200101,4,0,137,FALSE,52
63,140101,1,14,27,FALSE,53
64,200802,5,0,123,TRUE,54
65,140101,1,14,27,FALSE,55
66,202704,5,0,195,TRUE,56
67,202116,5,0,122,TRUE,57
68,140141,1,14,369,FALSE,58
69,202402,4,0,166,TRUE,59
70,202402,4,0,166,TRUE,60
71,202704,4,0,195,TRUE,61
72,200802,5,0,123,TRUE,62
73,200201,4,0,100,FALSE,63
74,90401,3,9,3,FALSE,64
75,202106,5,0,171,FALSE,65
76,201704,4,0,208,TRUE,66
77,201002,5,0,121,FALSE,67
78,201004,5,0,231,FALSE,68
79,30303,2,3,7,FALSE,69
80,202706,4,0,102,TRUE,70
81,200201,4,0,100,FALSE,71
82,202703,4,0,214,FALSE,72
83,201006,5,0,234,TRUE,73
84,200603,4,0,241,FALSE,74
85,200802,4,0,123,FALSE,75
86,202501,4,0,240,TRUE,76
87,201704,4,0,208,TRUE,77
88,202116,5,0,122,FALSE,78
89,202116,5,0,122,TRUE,79
90,200201,4,0,100,TRUE,80
91,202402,4,0,166,FALSE,81
92,20101,2,2,28,FALSE,82
93,200201,4,0,100,FALSE,83
94,140101,1,14,27,FALSE,84
95,140101,1,14,27,TRUE,85
96,201104,5,0,205,FALSE,86
97,200101,4,0,137,FALSE,87
98,140101,1,14,27,FALSE,88
99,200701,4,0,206,TRUE,89
100,200001,4,0,214,TRUE,90
101,140101,1,14,27,FALSE,91
102,70401,3,7,3,FALSE,92
103,70401,3,7,3,TRUE,93
104,40102,2,4,28,FALSE,94
105,10404,5,1,21,FALSE,95
106,202106,5,0,171,FALSE,96
107,140101,1,14,27,FALSE,97
108,202703,4,0,214,TRUE,98
109,140141,1,14,369,FALSE,99
110,70401,3,7,3,FALSE,100
111,202703,4,0,214,TRUE,101
112,200401,4,0,168,FALSE,102
113,100102,2,10,28,FALSE,103
114,200201,4,0,100,FALSE,104
115,202703,4,0,214,TRUE,105
116,202405,4,0,102,TRUE,106
117,70401,3,7,3,FALSE,107
118,201704,4,0,208,TRUE,108
119,201302,4,0,135,TRUE,109
120,200201,4,0,100,FALSE,110
121,202405,4,0,102,TRUE,111
122,202116,5,0,122,FALSE,112
123,202501,4,0,240,TRUE,113
124,202116,5,0,122,TRUE,114
125,200505,5,0,249,FALSE,115
126,200407,4,0,129,TRUE,116
127,200402,4,0,253,FALSE,117
128,200101,4,0,137,FALSE,118
129,200201,4,0,100,FALSE,119
130,202501,4,0,240,TRUE,120
131,140101,1,14,27,TRUE,121
132,200901,4,0,106,TRUE,122
133,200802,4,0,123,FALSE,123
134,200710,4,0,111,TRUE,124
135,200604,5,0,122,TRUE,125
136,99,6,0,24,FALSE,126
137,200401,4,0,168,FALSE,127
138,202501,4,0,240,TRUE,128
139,202116,5,0,122,FALSE,129
140,201502,4,0,237,TRUE,130
141,200901,4,0,106,TRUE,131
142,200101,4,0,137,FALSE,132
143,200502,4,0,145,TRUE,133
144,202116,5,0,122,FALSE,134
145,202110,4,0,233,TRUE,135
146,201802,5,0,143,TRUE,136
147,140101,1,14,27,FALSE,137
148,70401,3,7,3,FALSE,138
149,202402,4,0,166,TRUE,139
150,200502,4,0,145,TRUE,140
151,202601,5,0,130,FALSE,141
152,202116,5,0,122,TRUE,142
153,201009,4,0,121,TRUE,143
154,202116,5,0,122,FALSE,144
155,202116,5,0,122,TRUE,145
156,140101,1,14,27,FALSE,146
157,202106,5,0,171,FALSE,147
158,140101,1,14,27,TRUE,148
159,90102,2,9,28,TRUE,149
160,202116,5,0,122,TRUE,150
161,202116,5,0,122,TRUE,151
162,202112,5,0,120,FALSE,152
163,202106,5,0,171,FALSE,153
164,200401,4,0,168,TRUE,154
165,200401,4,0,168,FALSE,155
166,200201,4,0,100,FALSE,156
167,140141,1,14,369,FALSE,157
168,202116,5,0,122,TRUE,158
169,202104,4,0,161,FALSE,159
170,201004,5,0,231,FALSE,160
171,202116,5,0,122,FALSE,161
172,202116,5,0,122,FALSE,162
173,202116,5,0,122,FALSE,163
174,201402,5,0,198,TRUE,164
175,140141,1,14,369,FALSE,165
176,140101,1,14,27,FALSE,166
177,201006,5,0,234,TRUE,167
178,200001,4,0,214,TRUE,168
179,202116,5,0,122,TRUE,169
180,201402,5,0,198,TRUE,170
181,200604,4,0,122,TRUE,171
182,140141,1,14,369,FALSE,172
183,200502,4,0,145,FALSE,173
184,100303,2,10,7,FALSE,174
185,202703,4,0,214,TRUE,175
186,202011,5,0,216,FALSE,176
187,202702,4,0,130,TRUE,177
188,200201,4,0,100,FALSE,178
189,200201,4,0,100,FALSE,179
190,200201,4,0,100,FALSE,180
191,200402,4,0,253,TRUE,181
192,90102,2,9,7,FALSE,182
193,200401,4,0,168,TRUE,183
194,200201,4,0,100,FALSE,184
195,140101,1,14,27,FALSE,185
196,70102,2,7,28,FALSE,186
197,20401,3,2,3,FALSE,187
198,140101,1,14,27,FALSE,188
199,202112,4,0,120,TRUE,189
200,200407,4,0,129,TRUE,190
201,201601,4,0,186,TRUE,191
202,70102,2,7,28,TRUE,192
203,201704,4,0,208,TRUE,193
204,201002,5,0,121,FALSE,194
205,201003,5,0,189,TRUE,195
206,201704,4,0,208,TRUE,1
207,201002,5,0,121,FALSE,2
208,202704,4,0,195,FALSE,3
209,202403,4,0,166,TRUE,4
210,201704,4,0,208,TRUE,5
211,201009,4,0,121,TRUE,6
212,20102,2,2,28,FALSE,7
213,200201,4,0,100,FALSE,8
214,202704,4,0,195,FALSE,9
215,70401,3,7,3,TRUE,10
216,202102,5,0,141,TRUE,11
217,201302,4,0,135,FALSE,12
218,201004,5,0,231,FALSE,13
219,200506,5,0,151,TRUE,14
220,140141,1,14,369,FALSE,15
221,140101,1,14,27,FALSE,16
222,70404,3,7,21,TRUE,17
223,140101,1,14,27,FALSE,18
224,202405,4,0,102,FALSE,19
225,201306,4,0,114,FALSE,20
226,201302,4,0,135,TRUE,21
227,200101,5,0,137,FALSE,22
228,140101,1,14,27,TRUE,23
229,202701,4,0,166,TRUE,24
230,202220,4,0,115,FALSE,25
231,201704,4,0,208,TRUE,26
232,202106,5,0,171,FALSE,27
233,200101,4,0,137,FALSE,28
234,140101,1,14,27,FALSE,29
235,202102,5,0,141,TRUE,30
236,201003,5,0,189,FALSE,31
237,200001,4,0,214,TRUE,32
238,140101,1,14,27,FALSE,33
239,10401,3,1,3,FALSE,34
240,201201,4,0,170,TRUE,35
241,200201,4,0,100,FALSE,36
242,200201,4,0,100,FALSE,37
243,202501,4,0,240,TRUE,38
244,201302,5,0,135,TRUE,39
245,200802,5,0,123,FALSE,40
246,201401,5,0,187,TRUE,41
247,201006,5,0,234,FALSE,42
248,200701,4,0,206,FALSE,43
249,202405,5,0,102,FALSE,44
250,202701,4,0,166,TRUE,45
251,202402,4,0,166,TRUE,46
252,202402,4,0,166,FALSE,47
253,200406,4,0,153,TRUE,48
254,200201,4,0,100,FALSE,196
255,200201,4,0,100,FALSE,197
256,200001,4,0,214,TRUE,198
257,100401,3,10,3,FALSE,199
258,70305,2,7,4,FALSE,200
259,70208,2,7,7,FALSE,201
260,20102,2,2,28,FALSE,202
261,200201,4,0,100,FALSE,203
262,140101,1,14,27,FALSE,204
263,202106,5,0,171,FALSE,205
264,202110,4,0,233,TRUE,206
265,200701,4,0,206,FALSE,207
266,200707,4,0,152,FALSE,208
267,200201,4,0,100,FALSE,209
268,202405,4,0,102,FALSE,210
269,200201,4,0,100,FALSE,211
270,202704,4,0,195,TRUE,212
271,202404,5,0,177,FALSE,213
272,202108,5,0,238,TRUE,214
273,202101,5,0,184,TRUE,215
274,200604,4,0,122,TRUE,216
275,140101,1,14,27,FALSE,217
276,140141,1,14,369,FALSE,218
277,201503,4,0,185,FALSE,219
278,201402,4,0,198,TRUE,220
279,202704,4,0,195,FALSE,221
280,202116,5,0,122,FALSE,222
281,201502,4,0,237,FALSE,223
282,140101,1,14,27,FALSE,224
283,200201,4,0,100,FALSE,225
284,201008,4,0,214,TRUE,226
285,200406,4,0,153,TRUE,227
286,200603,4,0,241,FALSE,228
287,200405,4,0,188,FALSE,229
288,70401,3,7,3,TRUE,230
289,200101,5,0,137,FALSE,231
290,202102,5,0,141,TRUE,232
291,201704,4,0,208,TRUE,233
292,140101,1,14,27,FALSE,234
293,202405,4,0,102,FALSE,235
294,201004,5,0,231,TRUE,236
295,202403,4,0,166,TRUE,237
296,202704,4,0,195,TRUE,238
297,201401,5,0,187,FALSE,239
298,201104,5,0,205,TRUE,240
299,200504,4,0,249,FALSE,241
300,200201,5,0,100,FALSE,242
301,90401,3,9,3,FALSE,243
302,202701,4,0,166,TRUE,244
303,201404,5,0,243,TRUE,245
304,200201,4,0,100,FALSE,246
305,70401,3,7,3,FALSE,247
306,200408,4,0,202,FALSE,248
307,202704,5,0,195,TRUE,249
308,202405,4,0,102,TRUE,250
309,202110,4,0,233,TRUE,251
310,202106,5,0,171,FALSE,252
311,202101,5,0,184,TRUE,253
312,201008,4,0,214,TRUE,254
313,200802,4,0,123,TRUE,255
314,200802,4,0,123,FALSE,256
315,200802,4,0,123,TRUE,257
316,200402,4,0,253,TRUE,258
317,202108,5,0,238,TRUE,259
318,140101,1,14,27,FALSE,260
319,201304,4,0,135,TRUE,261
320,202108,5,0,238,TRUE,262
321,202108,5,0,238,TRUE,263
322,202108,5,0,238,TRUE,264
323,200802,4,0,123,TRUE,265
324,202704,4,0,195,TRUE,266
325,202402,4,0,166,TRUE,267
326,201006,5,0,234,TRUE,268
327,201006,5,0,234,TRUE,269
328,200406,4,0,153,FALSE,270
329,140401,4,14,8,TRUE,271
330,202405,4,0,102,TRUE,272
331,200101,4,0,137,FALSE,273
332,200101,3,0,137,FALSE,274
333,202403,4,0,166,FALSE,275
334,200710,4,0,111,FALSE,276
335,90401,3,9,3,TRUE,277
336,90401,3,9,3,TRUE,278
337,90401,3,9,3,TRUE,279
338,200408,4,0,202,TRUE,280
339,202112,5,0,120,FALSE,281
340,202011,5,0,216,TRUE,282
341,200408,4,0,202,FALSE,283
342,200401,4,0,168,FALSE,284
343,200101,4,0,137,FALSE,285
344,90401,3,9,3,TRUE,286
345,201803,5,0,181,TRUE,287
346,140301,4,14,335,FALSE,288
347,202501,4,0,240,TRUE,289
348,202501,4,0,240,TRUE,290
349,201406,2,0,219,TRUE,291
350,201302,5,0,135,FALSE,292
351,200401,4,0,168,FALSE,293
352,200001,4,0,214,TRUE,294
353,70401,3,7,3,TRUE,295
354,140133,1,14,1,FALSE,296
355,201402,5,0,198,TRUE,297
356,201704,4,0,208,TRUE,298
357,200505,5,0,249,FALSE,299
358,202501,4,0,240,TRUE,300
359,200001,4,0,214,TRUE,301
360,202704,4,0,195,TRUE,302
361,200707,4,0,152,TRUE,303
362,200406,4,0,153,TRUE,304
363,200405,4,0,188,TRUE,305
364,200001,4,0,214,TRUE,306
365,70401,3,7,3,TRUE,307
366,40401,3,4,3,FALSE,308
367,202112,5,0,120,TRUE,309
368,201406,5,0,219,TRUE,310
369,201402,5,0,198,TRUE,311
370,200101,4,0,137,FALSE,312
371,140101,1,14,27,FALSE,313
372,202106,5,0,171,FALSE,314
373,202220,4,0,115,FALSE,315
374,140101,1,14,27,TRUE,316
375,202402,4,0,166,FALSE,317
376,200101,5,0,137,FALSE,318
377,201401,5,0,187,TRUE,319
378,200402,4,0,253,FALSE,320
379,200201,4,0,100,FALSE,321
380,201302,5,0,135,TRUE,322
381,202501,5,0,240,TRUE,323
382,202102,5,0,141,TRUE,324
383,200505,5,0,249,FALSE,325
384,202704,4,0,195,FALSE,326
385,202403,5,0,166,TRUE,327
386,201402,5,0,198,TRUE,328
387,201006,5,0,234,TRUE,329
388,200201,4,0,100,FALSE,330
389,140101,1,14,27,FALSE,331
390,201401,4,0,187,TRUE,332
391,200506,4,0,151,FALSE,333
392,20305,2,2,4,FALSE,334
393,202116,5,0,122,TRUE,335
394,202704,4,0,195,TRUE,336
395,202402,4,0,166,TRUE,337
396,140141,1,14,369,FALSE,338
397,200707,4,0,152,TRUE,339
398,140133,1,14,1,FALSE,340
399,30102,2,3,28,TRUE,341
400,201704,4,0,208,TRUE,342
401,201009,4,0,121,FALSE,343
402,200802,5,0,123,FALSE,344
403,200001,4,0,214,TRUE,345
404,202114,5,0,228,TRUE,346
405,202402,4,0,166,TRUE,347
406,202704,4,0,195,TRUE,348
407,202110,4,0,233,FALSE,349
408,201704,4,0,208,TRUE,350
409,201406,5,0,219,FALSE,351
410,201008,4,0,214,TRUE,352
411,200506,4,0,151,FALSE,353
412,200101,4,0,137,FALSE,354
413,200001,4,0,214,TRUE,355
414,90401,3,9,3,FALSE,356
415,90401,3,9,3,TRUE,357
416,200505,5,0,249,TRUE,358
417,140811,1,14,191,TRUE,359
418,202203,4,0,218,TRUE,360
419,202114,4,0,228,TRUE,361
420,201404,5,0,243,TRUE,362
421,202401,5,0,172,TRUE,363
422,202101,5,0,184,FALSE,364
423,201402,5,0,198,TRUE,365
424,201306,5,0,114,FALSE,366
425,200401,4,0,168,TRUE,367
426,202012,5,0,216,FALSE,368
427,20203,2,2,7,FALSE,369
428,201704,4,0,208,TRUE,370
429,202704,4,0,195,TRUE,371
430,200201,4,0,100,FALSE,372
431,202704,5,0,195,FALSE,373
432,200506,5,0,151,FALSE,432
433,200506,5,0,151,FALSE,433
434,70401,3,7,3,TRUE,434
435,70102,2,7,28,FALSE,435
436,202106,5,0,171,FALSE,436
437,200802,5,0,123,TRUE,437
438,200201,4,0,100,FALSE,438
439,201307,5,0,113,FALSE,439
440,201307,5,0,113,FALSE,440
441,200201,4,0,100,FALSE,441
442,200001,4,0,214,TRUE,442
443,200001,5,0,214,TRUE,443
444,70404,3,7,21,FALSE,444
445,201006,5,0,234,FALSE,445
446,201704,4,0,208,TRUE,446
447,202112,5,0,120,TRUE,447
448,200505,5,0,249,FALSE,448
449,70401,3,7,3,FALSE,449
450,200702,5,0,102,TRUE,450
451,200201,4,0,100,FALSE,451
452,140101,1,14,27,TRUE,452
453,140101,1,14,27,TRUE,453
454,201101,5,0,190,FALSE,454
455,200707,4,0,152,FALSE,455
456,202501,4,0,240,TRUE,456
457,140141,1,14,369,FALSE,457
458,202705,4,0,163,FALSE,458
459,200201,4,0,100,FALSE,459
460,140101,1,14,27,FALSE,460
461,202116,5,0,122,FALSE,461
462,20401,3,2,3,FALSE,723
463,140141,1,14,369,FALSE,724
464,200602,4,0,195,TRUE,725
465,202116,5,0,122,FALSE,726
466,200201,4,0,100,FALSE,727
467,140101,1,14,27,TRUE,728
468,201502,4,0,237,TRUE,729
469,202701,4,0,166,TRUE,730
470,202112,5,0,120,TRUE,731
471,202112,5,0,120,TRUE,732
472,202112,5,0,120,FALSE,733
473,201704,4,0,208,TRUE,734
474,201502,4,0,237,FALSE,735
475,201402,5,0,198,TRUE,736
476,201004,5,0,231,FALSE,737
477,200701,4,0,206,TRUE,738
478,200201,4,0,100,FALSE,739
479,200101,4,0,137,FALSE,740
480,200201,4,0,100,FALSE,741
481,200505,5,0,249,TRUE,742
482,200902,4,0,106,TRUE,743
483,202702,4,0,130,FALSE,744
484,201704,4,0,208,TRUE,745
485,201502,4,0,237,TRUE,746
486,200602,4,0,195,FALSE,747
487,140101,1,14,27,FALSE,748
488,140101,1,14,27,TRUE,749
489,90401,3,9,3,FALSE,750
490,200604,4,0,122,FALSE,751
491,99,6,0,24,FALSE,1927
492,202704,4,0,195,TRUE,1928
493,202501,5,0,240,TRUE,1929
494,202703,4,0,214,TRUE,1930
495,90401,3,9,3,FALSE,1931
496,200506,5,0,151,TRUE,1932
497,90303,2,9,7,FALSE,1933
498,202401,5,0,172,TRUE,1934
499,202010,5,0,159,TRUE,1935
500,201704,4,0,208,TRUE,1936
501,70303,2,7,7,FALSE,1937
502,202703,4,0,214,FALSE,1938
503,140401,1,14,8,FALSE,1939
504,200201,4,0,100,FALSE,1940
505,201704,4,0,208,TRUE,1941
506,200503,4,0,247,FALSE,1942
507,202704,4,0,195,TRUE,1943
508,200401,4,0,168,TRUE,1944
509,201006,5,0,234,FALSE,1945
510,202501,4,0,240,TRUE,1946
511,202106,5,0,171,FALSE,1947
512,200701,4,0,206,TRUE,1948
513,200506,5,0,151,TRUE,1949
514,200503,4,0,247,FALSE,1950
515,200201,4,0,100,FALSE,1951
516,140101,1,14,27,FALSE,1952
517,200201,4,0,100,FALSE,1953
518,200201,4,0,100,FALSE,1954
519,200205,4,0,215,TRUE,1955
520,202703,4,0,214,TRUE,3131
521,200201,4,0,100,FALSE,3132
522,200407,4,4,129,TRUE,3133
523,202116,5,3,122,FALSE,3134
524,200502,4,0,145,TRUE,3135
525,140101,1,14,27,TRUE,3136
526,202703,4,0,214,TRUE,3137
527,201305,5,0,114,TRUE,3138
528,200201,4,0,100,FALSE,3139
529,200201,4,7,100,FALSE,3140
530,200201,4,0,100,FALSE,3141
531,140101,1,14,27,TRUE,3142
532,200201,4,5,100,FALSE,3143
533,202116,5,0,122,FALSE,3144
534,200201,4,0,100,FALSE,3145
535,200201,4,7,100,FALSE,3146
536,200201,4,10,100,FALSE,3147
537,200201,4,0,100,FALSE,3148
538,202116,5,0,122,FALSE,3149
539,140101,1,14,27,TRUE,3150
540,200201,4,0,100,FALSE,3151
541,140101,1,14,27,TRUE,3152
542,200201,4,0,100,FALSE,3153
543,202703,4,9,214,FALSE,3154
544,202008,5,9,192,FALSE,3155
545,200604,5,0,122,FALSE,3543
546,200201,4,0,100,FALSE,3544
547,200201,4,0,100,FALSE,3545
548,200201,4,0,100,FALSE,3546
549,202704,4,0,195,FALSE,3547
550,140150,1,14,414,TRUE,3548
551,202703,4,0,214,FALSE,3549
552,200201,4,0,100,FALSE,3550
553,200703,4,0,232,TRUE,3551
554,200602,4,0,195,FALSE,3552
555,200201,4,0,100,FALSE,3553
556,201201,5,0,170,FALSE,3554
557,140133,1,14,1,FALSE,3555
558,200201,4,0,100,FALSE,3556
559,140101,1,14,27,FALSE,3557
560,200203,4,0,126,FALSE,3558
561,201004,5,0,231,FALSE,3559
562,200201,4,0,100,FALSE,3560
563,200209,4,0,170,FALSE,3561
564,200201,4,0,100,FALSE,3562
565,200201,4,0,100,FALSE,3563
566,200201,4,0,100,FALSE,3564
567,200710,4,0,111,TRUE,3565
568,200201,4,0,100,FALSE,3566
569,202011,5,0,216,FALSE,3567
570,200201,4,0,100,FALSE,3568
571,140811,5,14,191,FALSE,3957
572,200201,4,0,100,FALSE,3958
573,140101,1,14,27,FALSE,3959
574,200201,4,0,100,FALSE,3960
575,200201,4,0,100,FALSE,3961
576,200201,4,0,100,FALSE,3962
577,200201,4,0,100,FALSE,3963
578,140101,1,14,27,TRUE,3964
579,140101,1,14,27,TRUE,3965
580,140101,1,14,27,TRUE,3966
581,140101,1,14,27,TRUE,3967
582,200901,4,0,106,TRUE,3968
583,202704,4,0,195,FALSE,3969
584,200201,4,0,100,FALSE,3970
585,200201,4,0,100,FALSE,3971
586,200201,4,0,100,FALSE,3972
587,200201,4,0,100,FALSE,3973
588,200201,4,0,100,FALSE,3974
589,200201,4,0,100,FALSE,3975
590,200201,4,0,100,FALSE,3976
591,200201,4,0,100,FALSE,3977
592,200201,4,0,100,FALSE,3978
593,200201,4,0,100,FALSE,3979
594,200201,4,0,100,FALSE,3980
595,140101,1,14,27,TRUE,3981
596,201503,4,0,185,FALSE,3982
597,200201,4,0,100,FALSE,3983
598,201307,5,0,113,FALSE,3984
599,201704,4,0,208,TRUE,3985
600,200201,4,0,100,FALSE,3986
601,200201,4,0,100,FALSE,3987
602,140101,1,14,27,FALSE,3988
603,140101,1,14,27,FALSE,3989
604,200702,4,0,102,TRUE,3990
605,202707,4,0,162,TRUE,3991
606,202403,4,0,166,TRUE,3992
607,140101,1,14,27,FALSE,3993
608,200201,4,0,100,FALSE,3994
609,140101,1,14,27,TRUE,3995
610,140101,1,14,27,FALSE,3996
611,200201,4,0,100,FALSE,3997
612,200201,4,0,100,FALSE,3998
613,200505,5,0,249,TRUE,3999
614,202402,4,0,166,FALSE,4000
615,200201,4,0,100,FALSE,4001
616,140101,1,14,27,FALSE,4002
617,20305,2,2,4,TRUE,4003
618,201104,5,0,205,FALSE,4004
619,140101,1,14,27,FALSE,4005
620,200502,4,0,145,TRUE,4006
621,40304,4,4,8,FALSE,4007
622,201704,4,0,208,TRUE,462
623,201402,5,0,198,TRUE,463
624,200201,4,0,100,FALSE,464
625,20401,3,2,3,FALSE,465
626,20307,2,2,7,FALSE,466
627,200203,4,0,126,FALSE,467
628,140101,1,14,27,FALSE,468
629,70401,3,7,3,FALSE,469
630,201804,5,0,165,FALSE,470
631,202112,5,0,120,TRUE,471
632,202112,5,0,120,FALSE,472
633,10102,2,1,7,FALSE,473
634,200505,5,0,249,TRUE,474
635,202405,4,0,102,TRUE,475
636,202116,5,0,122,FALSE,476
637,202116,5,0,122,TRUE,477
638,201307,5,0,113,FALSE,478
639,201006,5,0,234,TRUE,479
640,202112,5,0,120,TRUE,480
641,201401,5,0,187,TRUE,481
642,201502,4,0,237,FALSE,482
643,140101,1,14,27,FALSE,483
644,202116,5,0,122,TRUE,484
645,202116,5,0,122,TRUE,485
646,200604,4,0,122,FALSE,486
647,200101,4,0,137,FALSE,487
648,202112,5,0,120,TRUE,488
649,140141,1,14,369,FALSE,489
650,200201,4,0,100,FALSE,490
651,200201,4,0,100,TRUE,491
652,200201,4,0,100,FALSE,492
653,202116,5,0,122,TRUE,493
654,201502,4,0,237,TRUE,494
655,202405,4,0,102,TRUE,495
656,202403,4,0,166,TRUE,496
657,200402,4,0,253,FALSE,497
658,202116,5,0,122,TRUE,498
659,200401,4,0,168,FALSE,499
660,140101,1,14,27,TRUE,500
661,202117,5,0,139,TRUE,501
662,202116,5,0,122,FALSE,502
663,140101,1,14,27,FALSE,503
664,201306,5,0,114,FALSE,504
665,200201,4,0,100,TRUE,505
666,140101,1,14,27,TRUE,506
667,200201,4,0,100,FALSE,507
668,202402,4,0,166,FALSE,508
669,200902,4,0,106,TRUE,509
670,202701,4,0,166,TRUE,510
671,140101,1,14,27,FALSE,511
672,200502,4,0,145,TRUE,512
673,200406,4,0,153,TRUE,513
674,202116,5,0,122,FALSE,514
675,202116,5,0,122,TRUE,515
676,202112,5,0,120,TRUE,516
677,201704,4,0,208,TRUE,517
678,200201,4,0,100,FALSE,518
679,200101,4,0,137,FALSE,519
680,200001,4,0,214,TRUE,520
681,140101,1,14,27,TRUE,521
682,201004,5,0,231,TRUE,522
683,20303,2,2,7,FALSE,523
684,200402,4,0,253,FALSE,524
685,202116,5,0,122,TRUE,525
686,201802,5,0,143,TRUE,526
687,140101,1,14,27,TRUE,527
688,140101,1,14,27,FALSE,528
689,201004,5,0,231,TRUE,529
690,202116,5,0,122,FALSE,530
691,202116,5,0,122,TRUE,531
692,200201,4,0,100,FALSE,532
693,200405,4,0,188,FALSE,533
694,202116,5,0,122,TRUE,534
695,202116,5,0,122,TRUE,535
696,140101,1,14,27,FALSE,536
697,200201,4,0,100,FALSE,537
698,201801,5,0,167,FALSE,538
699,201704,4,0,208,TRUE,539
700,201307,5,0,113,FALSE,540
701,201006,5,0,234,FALSE,541
702,70401,3,7,3,TRUE,542
703,140101,1,14,27,FALSE,543
704,200902,4,0,106,TRUE,544
705,200504,4,0,249,FALSE,545
706,202011,3,0,216,FALSE,546
707,201403,5,0,148,FALSE,547
708,200604,4,0,122,TRUE,548
709,200001,4,0,214,TRUE,549
710,10401,3,1,3,FALSE,550
711,200201,4,0,100,FALSE,551
712,202116,5,0,122,TRUE,552
713,200201,4,0,100,FALSE,553
714,202112,5,0,120,FALSE,554
715,202116,5,0,122,TRUE,555
716,202701,4,0,166,TRUE,556
717,202116,5,0,122,TRUE,557
718,202106,5,0,171,FALSE,558
719,201502,4,0,237,TRUE,559
720,200001,4,0,214,TRUE,560
721,200506,5,0,151,FALSE,561
722,201704,4,0,208,TRUE,562
723,200201,4,0,100,FALSE,563
724,202116,5,0,122,FALSE,564
725,202012,5,0,216,TRUE,565
726,201502,4,0,237,TRUE,566
727,200505,5,0,249,FALSE,567
728,200406,4,0,153,TRUE,568
729,70404,5,7,21,FALSE,569
730,200602,4,0,195,TRUE,570
731,200201,4,0,100,FALSE,571
732,200201,4,0,100,FALSE,572
733,202106,5,0,171,FALSE,573
734,201307,5,0,113,FALSE,574
735,70401,3,7,3,FALSE,575
736,200001,4,0,214,TRUE,576
737,202704,4,0,195,FALSE,577
738,202701,4,0,166,TRUE,578
739,202116,5,0,122,FALSE,579
740,201704,4,0,208,TRUE,580
741,201402,5,0,198,FALSE,581
742,201301,4,0,138,FALSE,582
743,201301,4,0,138,TRUE,583
744,60401,3,6,3,TRUE,584
745,202116,5,0,122,TRUE,585
746,140133,1,14,1,FALSE,586
747,70401,3,7,3,FALSE,587
748,202116,5,0,122,TRUE,588
749,201403,5,0,148,TRUE,589
750,200201,4,0,100,FALSE,590
751,20303,2,2,7,FALSE,591
752,202501,4,0,240,TRUE,592
753,202501,4,0,240,TRUE,593
754,202116,5,0,122,TRUE,594
755,202012,5,0,216,TRUE,595
756,201402,5,0,198,FALSE,596
757,200601,4,0,241,TRUE,597
758,200402,4,0,253,FALSE,598
759,200201,4,0,100,FALSE,599
760,200201,4,0,100,FALSE,600
761,200101,4,0,137,FALSE,601
762,200101,4,0,137,FALSE,602
763,140141,1,14,369,FALSE,603
764,20101,2,2,28,FALSE,604
765,202701,4,0,166,TRUE,605
766,202405,5,0,102,TRUE,606
767,200001,4,0,214,TRUE,607
768,201502,4,0,237,TRUE,608
769,200408,4,0,202,TRUE,609
770,202405,4,0,102,FALSE,610
771,202403,4,0,166,TRUE,611
772,202106,5,0,171,FALSE,612
773,201704,4,0,208,TRUE,613
774,201307,5,0,113,FALSE,614
775,200802,4,0,123,TRUE,615
776,200604,4,0,122,TRUE,616
777,140133,1,14,1,TRUE,617
778,201004,5,0,231,FALSE,618
779,202701,4,0,166,TRUE,619
780,202402,4,0,166,TRUE,620
781,201006,5,0,234,TRUE,621
782,202402,4,0,166,FALSE,622
783,200201,4,0,100,FALSE,623
784,200201,4,0,100,FALSE,624
785,200201,4,0,100,FALSE,625
786,202116,5,0,122,TRUE,626
787,200201,4,0,100,FALSE,627
788,202405,4,0,102,TRUE,628
789,202116,5,0,122,FALSE,629
790,201601,4,0,186,FALSE,630
791,200505,5,0,249,TRUE,631
792,200201,4,0,100,FALSE,632
793,140101,1,14,27,FALSE,633
794,202116,5,0,122,TRUE,634
795,201401,5,0,187,TRUE,635
796,201307,5,0,113,FALSE,636
797,200407,4,0,129,TRUE,637
798,200401,4,0,168,TRUE,638
799,200201,4,0,100,FALSE,639
800,200101,4,0,137,FALSE,640
801,200101,4,0,137,FALSE,641
802,200101,4,0,137,FALSE,642
803,200001,4,0,214,TRUE,643
804,90401,3,9,3,FALSE,644
805,201001,5,0,104,TRUE,645
806,140141,1,14,369,TRUE,646
807,201502,4,0,237,TRUE,647
808,200505,5,0,249,FALSE,648
809,202112,5,0,120,TRUE,649
810,201801,5,0,167,TRUE,650
811,202704,4,0,195,FALSE,651
812,202403,4,0,166,TRUE,652
813,200604,4,0,122,TRUE,653
814,200603,5,0,241,TRUE,654
815,200602,4,0,195,TRUE,655
816,200001,4,0,214,TRUE,656
817,140101,1,14,27,TRUE,657
818,140101,1,14,27,FALSE,658
819,201006,5,0,234,TRUE,659
820,202220,5,0,115,TRUE,660
821,202116,5,0,122,FALSE,661
822,201306,5,0,114,TRUE,662
823,200604,4,0,122,TRUE,663
824,201403,5,0,148,TRUE,664
825,202405,4,0,102,FALSE,665
826,202117,5,0,139,TRUE,666
827,202116,5,0,122,TRUE,667
828,200502,4,0,145,TRUE,668
829,140101,1,14,27,TRUE,669
830,140101,1,14,27,TRUE,670
831,201307,5,0,113,TRUE,671
832,201004,5,0,231,FALSE,672
833,70401,3,7,3,TRUE,673
834,202402,4,0,166,FALSE,674
835,140101,1,14,27,TRUE,675
836,200001,4,0,214,TRUE,676
837,20303,2,2,7,FALSE,677
838,202106,5,0,171,FALSE,678
839,200602,4,0,195,TRUE,679
840,200101,4,0,137,FALSE,680
841,201704,4,0,208,TRUE,681
842,202116,5,0,122,TRUE,682
843,202116,5,0,122,FALSE,683
844,200201,4,0,100,FALSE,684
845,202405,4,0,102,TRUE,685
846,202106,5,0,171,FALSE,686
847,200602,5,0,195,FALSE,687
848,140101,1,14,27,TRUE,688
849,202403,4,0,166,FALSE,689
850,201704,4,0,208,TRUE,690
851,200401,4,0,168,TRUE,691
852,200101,4,0,137,FALSE,692
853,202116,5,0,122,TRUE,693
854,201402,5,0,198,TRUE,694
855,201306,5,0,114,FALSE,695
856,200201,4,0,100,FALSE,696
857,200101,4,0,137,FALSE,697
858,140141,1,14,369,FALSE,698
859,140101,1,14,27,TRUE,699
860,70401,3,7,3,FALSE,700
861,200201,4,0,100,FALSE,701
862,200201,4,0,100,FALSE,702
863,202112,5,0,120,TRUE,703
864,202112,5,0,120,FALSE,704
865,202106,5,0,171,FALSE,705
866,201301,4,0,138,FALSE,706
867,200401,4,0,168,TRUE,707
868,200101,4,0,137,FALSE,708
869,200001,4,0,214,TRUE,709
870,40401,3,4,3,TRUE,710
871,202112,5,0,120,FALSE,711
872,200201,4,0,100,FALSE,712
873,201308,5,0,119,TRUE,713
874,202116,5,0,122,FALSE,714
875,202116,5,0,122,TRUE,715
876,200710,4,0,111,TRUE,716
877,200502,4,0,145,TRUE,717
878,140101,1,14,27,TRUE,718
879,140101,1,14,27,TRUE,719
880,200101,4,0,137,FALSE,720
881,202405,4,0,102,TRUE,721
882,140101,1,14,27,FALSE,722
883,202401,4,0,172,TRUE,752
884,202116,5,0,122,TRUE,753
885,201402,5,0,198,TRUE,754
886,99,6,0,24,TRUE,755
887,202116,5,0,122,TRUE,756
888,200201,4,0,100,FALSE,757
889,200201,4,0,100,FALSE,758
890,202116,5,0,122,FALSE,759
891,202117,5,0,139,TRUE,760
892,141716,1,14,394,FALSE,761
893,200201,4,0,100,FALSE,762
894,201704,4,0,208,TRUE,763
895,201006,5,0,234,FALSE,764
896,70102,2,7,28,TRUE,765
897,200101,4,0,137,FALSE,766
898,140141,1,14,369,FALSE,767
899,202116,5,0,122,FALSE,768
900,201704,4,0,208,TRUE,769
901,201402,5,0,198,TRUE,770
902,201104,5,0,205,FALSE,771
903,200802,4,0,123,TRUE,772
904,200604,4,0,122,FALSE,773
905,200205,4,0,215,TRUE,774
906,200201,4,0,100,FALSE,775
907,200201,4,0,100,FALSE,776
908,200209,4,0,170,FALSE,777
909,200001,4,0,214,TRUE,778
910,202501,4,0,240,TRUE,779
911,200201,4,0,100,FALSE,780
912,202116,5,0,122,FALSE,781
913,202405,4,0,102,TRUE,782
914,202112,4,0,120,FALSE,783
915,202001,5,0,192,FALSE,784
916,200602,4,0,195,TRUE,785
917,200402,4,0,253,TRUE,786
918,202702,4,0,130,TRUE,787
919,10401,3,1,3,FALSE,788
920,202116,5,0,122,FALSE,789
921,200604,5,0,122,FALSE,790
922,200502,4,0,145,TRUE,791
923,200503,4,0,247,FALSE,792
924,140101,1,14,27,FALSE,793
925,90303,2,9,7,FALSE,794
926,202106,5,0,171,FALSE,795
927,202116,5,0,122,TRUE,796
928,202116,5,0,122,TRUE,797
929,202116,5,0,122,FALSE,798
930,201802,5,0,143,TRUE,799
931,200407,4,0,129,FALSE,800
932,200401,4,0,168,TRUE,801
933,200201,4,0,100,FALSE,802
934,200001,4,0,214,FALSE,803
935,200502,4,0,145,FALSE,804
936,202117,5,0,139,FALSE,805
937,201402,5,0,198,TRUE,806
938,201402,5,0,198,TRUE,807
939,201307,5,0,113,FALSE,808
940,201302,4,0,135,TRUE,809
941,200604,4,0,122,TRUE,810
942,90401,3,9,3,FALSE,811
943,70401,3,7,3,FALSE,812
944,200201,4,0,100,FALSE,813
945,140101,1,14,27,TRUE,814
946,200201,4,0,100,FALSE,815
947,140141,1,14,369,TRUE,816
948,140101,1,14,27,TRUE,817
949,70404,5,7,21,TRUE,818
950,202112,5,0,120,TRUE,819
951,200001,4,0,214,TRUE,820
952,200201,4,0,100,TRUE,821
953,200201,4,0,100,TRUE,822
954,202405,4,0,102,TRUE,823
955,200402,4,0,253,TRUE,824
956,202116,5,0,122,FALSE,825
957,201006,5,0,234,TRUE,826
958,200502,4,0,145,TRUE,827
959,200001,4,0,214,TRUE,828
960,201402,5,0,198,TRUE,829
961,200201,4,0,100,FALSE,830
962,140401,4,14,8,FALSE,831
963,202703,4,0,214,FALSE,832
964,201502,4,0,237,TRUE,833
965,201402,5,0,198,TRUE,834
966,201401,5,0,187,FALSE,835
967,201307,5,0,113,TRUE,836
968,140141,1,14,369,FALSE,837
969,201306,4,0,114,TRUE,838
970,200201,4,0,100,FALSE,839
971,200401,4,0,168,FALSE,840
972,202405,5,0,102,TRUE,841
973,140133,1,14,1,TRUE,842
974,140101,1,14,27,TRUE,843
975,202106,5,0,171,FALSE,844
976,200201,4,0,100,FALSE,845
977,201704,4,0,208,TRUE,846
978,202116,5,0,122,FALSE,847
979,200902,4,0,106,TRUE,848
980,140101,1,14,27,FALSE,849
981,202112,5,0,120,FALSE,850
982,201802,5,0,143,FALSE,851
983,200401,4,0,168,TRUE,852
984,200203,4,0,126,FALSE,853
985,202116,5,0,122,FALSE,854
986,201402,5,0,198,TRUE,855
987,200001,4,0,214,TRUE,856
988,140101,1,14,27,FALSE,857
989,200101,4,0,137,FALSE,858
990,20401,3,2,3,FALSE,859
991,202106,5,0,171,FALSE,860
992,200001,4,0,214,TRUE,861
993,140141,1,14,369,FALSE,862
994,70401,3,7,3,TRUE,863
995,200201,4,0,100,FALSE,864
996,200001,4,0,214,TRUE,865
997,70401,3,7,3,FALSE,866
998,200201,4,0,100,FALSE,867
999,140101,1,14,27,TRUE,868
1000,200201,4,0,100,FALSE,869
1001,202701,4,0,166,TRUE,870
1002,202220,5,0,115,FALSE,871
1003,202116,5,0,122,TRUE,872
1004,201307,5,0,113,TRUE,873
1005,200707,4,0,152,TRUE,874
1006,202405,4,0,102,TRUE,875
1007,20102,2,2,28,FALSE,876
1008,201704,4,0,208,TRUE,877
1009,200605,4,0,227,TRUE,878
1010,140301,4,14,335,FALSE,879
1011,202116,5,0,122,TRUE,880
1012,200402,4,0,253,FALSE,881
1013,201704,4,0,208,TRUE,882
1014,200201,4,0,100,TRUE,883
1015,202116,5,0,122,TRUE,884
1016,201306,4,0,114,TRUE,885
1017,200001,4,0,214,TRUE,886
1018,70401,3,7,3,TRUE,887
1019,202116,5,0,122,FALSE,888
1020,201004,5,0,231,TRUE,889
1021,200602,4,0,195,FALSE,890
1022,200201,4,0,100,FALSE,891
1023,200201,4,0,100,FALSE,892
1024,202002,5,0,192,FALSE,893
1025,200801,4,0,204,TRUE,894
1026,140101,1,14,27,FALSE,895
1027,202405,5,0,102,TRUE,896
1028,202701,4,0,166,TRUE,897
1029,202405,5,0,102,TRUE,898
1030,201802,5,0,143,TRUE,899
1031,201307,5,0,113,FALSE,900
1032,200201,4,0,100,FALSE,901
1033,200201,4,0,100,FALSE,902
1034,90401,3,9,3,FALSE,903
1035,90102,1,9,28,TRUE,904
1036,201704,4,0,208,TRUE,905
1037,200402,4,0,253,TRUE,906
1038,140141,1,14,369,FALSE,907
1039,202405,4,0,102,TRUE,908
1040,202116,5,0,122,TRUE,909
1041,201006,5,0,234,FALSE,910
1042,140101,1,14,27,TRUE,911
1043,202106,5,0,171,FALSE,912
1044,201307,5,0,113,TRUE,913
1045,201704,4,0,208,TRUE,914
1046,202116,5,0,122,FALSE,915
1047,202116,5,0,122,TRUE,916
1048,201802,5,0,143,TRUE,917
1049,201402,5,0,198,TRUE,918
1050,201006,5,0,234,FALSE,919
1051,200406,4,0,153,TRUE,920
1052,140141,5,14,369,FALSE,921
1053,140141,1,14,369,FALSE,922
1054,30401,3,3,3,FALSE,923
1055,200201,4,0,100,FALSE,924
1056,140141,1,14,369,FALSE,925
1057,202704,4,0,195,TRUE,926
1058,202704,5,0,195,TRUE,927
1059,202704,4,0,195,FALSE,928
1060,140101,1,14,27,TRUE,929
1061,202401,5,0,172,TRUE,930
1062,202401,5,0,172,TRUE,931
1063,202106,5,0,171,FALSE,932
1064,201006,5,0,234,TRUE,933
1065,200505,5,0,249,FALSE,934
1066,200201,4,0,100,FALSE,935
1067,200201,4,0,100,FALSE,936
1068,140101,1,14,27,FALSE,937
1069,200201,4,0,100,FALSE,938
1070,200405,4,0,188,TRUE,939
1071,202401,5,0,172,FALSE,940
1072,202705,4,0,163,FALSE,941
1073,201404,5,0,243,TRUE,942
1074,70401,3,7,3,TRUE,943
1075,202704,4,0,195,TRUE,944
1076,200707,4,0,152,TRUE,945
1077,202112,5,0,120,TRUE,946
1078,201802,5,0,143,TRUE,947
1079,200505,5,0,249,FALSE,948
1080,140141,1,14,369,FALSE,949
1081,140101,1,14,27,FALSE,950
1082,201802,5,0,172,TRUE,951
1083,202401,5,0,172,TRUE,952
1084,201502,4,0,237,FALSE,953
1085,200201,4,0,100,FALSE,954
1086,70101,2,7,28,FALSE,955
1087,202501,4,0,240,TRUE,956
1088,202203,4,0,218,TRUE,957
1089,200209,4,0,170,FALSE,958
1090,201005,5,0,245,TRUE,959
1091,200203,4,0,126,FALSE,960
1092,200201,4,0,100,FALSE,961
1093,201401,5,0,187,TRUE,962
1094,200506,5,0,151,TRUE,963
1095,200403,4,0,236,FALSE,964
1096,202110,4,0,233,TRUE,965
1097,201801,0,0,167,FALSE,966
1098,201401,5,0,187,TRUE,967
1099,201302,5,0,135,FALSE,968
1100,200802,5,0,123,FALSE,969
1101,200604,5,0,122,FALSE,970
1102,140141,1,14,369,FALSE,971
1103,40401,3,4,3,FALSE,972
1104,202704,4,0,195,TRUE,973
1105,202704,5,0,195,FALSE,974
1106,200201,4,0,100,FALSE,975
1107,90305,2,9,4,TRUE,976
1108,202401,5,0,172,TRUE,977
1109,201004,5,0,231,FALSE,978
1110,200201,4,0,100,FALSE,979
1111,70404,3,7,21,FALSE,980
1112,202701,4,0,166,TRUE,981
1113,202705,4,0,163,FALSE,982
1114,201006,5,0,234,FALSE,983
1115,140141,1,14,369,FALSE,984
1116,70403,4,7,211,FALSE,985
1117,90102,2,9,28,FALSE,986
1118,201307,5,0,113,TRUE,987
1119,202106,5,0,171,FALSE,988
1120,201301,4,0,138,FALSE,989
1121,140101,1,14,27,FALSE,990
1122,202704,5,0,195,TRUE,991
1123,202704,5,0,195,TRUE,992
1124,202704,4,0,195,TRUE,993
1125,202401,5,0,172,TRUE,994
1126,202112,5,0,120,TRUE,995
1127,202110,5,0,233,TRUE,996
1128,202106,5,0,171,FALSE,997
1129,200710,4,0,111,FALSE,998
1130,200101,4,0,137,FALSE,999
1131,140141,1,14,369,TRUE,1000
1132,140101,1,14,27,TRUE,1001
1133,202112,4,0,120,TRUE,1002
1134,202112,5,0,120,TRUE,1003
1135,202112,5,0,120,TRUE,1004
1136,201401,5,0,187,FALSE,1005
1137,201401,5,0,187,TRUE,1006
1138,202112,5,0,120,TRUE,1007
1139,140141,1,14,369,FALSE,1008
1140,90102,2,9,28,FALSE,1009
1141,200201,4,0,100,FALSE,1010
1142,201307,5,0,113,TRUE,1011
1143,140141,1,14,369,FALSE,1012
1144,202112,5,0,120,TRUE,1013
1145,140141,1,14,369,FALSE,1014
1146,200219,4,0,175,FALSE,1015
1147,200201,4,0,100,FALSE,1016
1148,202501,4,0,240,TRUE,1017
1149,140101,1,14,27,FALSE,1018
1150,140101,1,14,27,TRUE,1019
1151,140141,1,14,369,FALSE,1020
1152,200710,4,0,111,FALSE,1021
1153,200703,4,0,232,TRUE,1022
1154,202401,5,0,172,TRUE,1023
1155,202106,5,0,171,FALSE,1024
1156,201704,4,0,208,TRUE,1025
1157,201003,5,0,189,FALSE,1026
1158,200201,4,0,100,FALSE,1027
1159,201302,5,0,135,TRUE,1028
1160,202704,4,0,195,TRUE,1029
1161,200203,4,0,126,FALSE,1030
1162,200408,4,0,202,FALSE,1031
1163,200201,4,0,100,FALSE,1032
1164,202704,4,0,195,FALSE,1033
1165,202220,5,0,115,TRUE,1034
1166,202116,5,0,122,FALSE,1035
1167,202112,5,0,120,FALSE,1036
1168,202101,5,0,184,TRUE,1037
1169,200604,5,0,122,TRUE,1038
1170,200604,4,0,122,TRUE,1039
1171,200201,4,0,100,FALSE,1040
1172,200201,4,0,100,FALSE,1041
1173,200101,4,0,137,FALSE,1042
1174,140101,1,14,27,FALSE,1043
1175,202403,4,0,166,TRUE,1044
1176,202704,5,0,195,TRUE,1045
1177,202501,4,0,240,TRUE,1046
1178,202501,4,0,240,TRUE,1047
1179,202108,5,0,238,TRUE,1048
1180,201403,5,0,148,TRUE,1049
1181,201401,5,0,187,TRUE,1050
1182,200802,5,0,123,TRUE,1051
1183,200802,4,0,123,TRUE,1052
1184,200201,4,0,100,FALSE,1053
1185,140141,1,14,369,FALSE,1054
1186,90404,3,9,21,FALSE,1055
1187,200505,5,0,249,FALSE,1056
1188,200503,4,0,247,TRUE,1057
1189,20102,2,2,28,FALSE,1058
1190,202501,4,0,240,TRUE,1059
1191,201404,5,0,243,TRUE,1060
1192,202405,2,0,102,FALSE,1061
1193,202112,5,0,120,FALSE,1062
1194,200203,4,0,126,FALSE,1063
1195,140101,1,14,27,FALSE,1064
1196,70101,2,7,28,FALSE,1065
1197,201304,5,0,135,TRUE,1066
1198,201704,4,0,208,TRUE,1067
1199,200503,4,0,247,TRUE,1068
1200,202401,5,0,172,FALSE,1069
1201,201704,4,0,208,TRUE,1070
1202,200505,5,0,249,TRUE,1071
1203,200201,4,0,100,FALSE,1072
1204,202114,5,0,228,TRUE,1073
1205,202704,4,0,195,FALSE,1074
1206,200201,4,0,100,FALSE,1075
1207,202501,5,0,240,TRUE,1076
1208,202501,5,0,240,TRUE,1077
1209,202301,0,0,232,TRUE,1078
1210,30401,3,3,3,FALSE,1079
1211,20305,2,2,4,FALSE,1080
1212,200707,5,0,152,TRUE,1081
1213,200201,4,0,100,FALSE,1082
1214,202501,5,0,240,TRUE,1083
1215,201401,5,0,187,TRUE,1084
1216,201006,5,0,234,TRUE,1085
1217,200201,4,0,100,FALSE,1086
1218,202405,5,0,102,FALSE,1087
1219,200001,4,0,214,TRUE,1088
1220,200505,5,0,249,FALSE,1089
1221,202704,4,0,195,TRUE,1090
1222,200205,4,0,215,TRUE,1091
1223,200201,4,0,100,FALSE,1092
1224,202501,4,0,240,TRUE,1093
1225,201503,4,0,185,FALSE,1094
1226,200505,5,0,249,FALSE,1095
1227,201303,4,0,138,TRUE,1096
1228,202112,4,0,120,TRUE,1097
1229,202011,5,0,216,TRUE,1098
1230,201402,5,0,198,TRUE,1099
1231,201401,5,0,187,TRUE,1100
1232,201009,5,0,121,TRUE,1101
1233,140141,1,14,369,FALSE,1102
1234,201005,5,0,245,TRUE,1103
1235,200209,4,0,170,FALSE,1104
1236,140141,1,14,369,FALSE,1105
1237,202501,4,0,240,TRUE,1106
1238,201704,4,0,208,TRUE,1107
1239,201404,5,0,243,TRUE,1108
1240,201304,5,0,135,TRUE,1109
1241,200802,4,0,123,FALSE,1110
1242,200408,4,0,202,TRUE,1111
1243,200201,4,0,100,FALSE,1112
1244,140101,1,14,27,TRUE,1113
1245,70405,4,7,8,FALSE,1114
1246,202112,4,0,120,TRUE,1115
1247,140101,1,14,27,FALSE,1116
1248,202701,4,0,166,TRUE,1117
1249,202110,5,0,233,TRUE,1118
1250,200707,4,0,152,TRUE,1119
1251,200402,4,0,253,TRUE,1120
1252,142543,1,14,329,FALSE,1121
1253,201704,4,0,208,TRUE,1122
1254,201704,4,0,208,TRUE,1123
1255,200201,4,0,100,FALSE,1124
1256,200201,4,0,100,FALSE,1125
1257,201402,5,0,198,FALSE,1126
1258,201704,4,0,208,TRUE,1127
1259,200101,4,0,137,FALSE,1128
1260,202501,4,0,240,TRUE,1129
1261,202401,5,0,172,TRUE,1130
1262,200410,4,0,214,TRUE,1131
1263,202102,5,0,141,FALSE,1132
1264,200201,4,0,100,FALSE,1133
1265,200901,4,0,106,TRUE,1134
1266,200201,4,0,100,FALSE,1135
1267,202401,5,0,172,TRUE,1136
1268,201704,4,0,208,TRUE,1137
1269,201303,5,0,138,TRUE,1138
1270,200401,4,0,168,TRUE,1139
1271,200201,4,0,100,FALSE,1140
1272,200201,4,0,100,FALSE,1141
1273,200201,4,0,100,FALSE,1142
1274,140301,4,14,335,FALSE,1143
1275,201307,5,0,113,FALSE,1144
1276,201001,5,0,104,FALSE,1145
1277,200604,4,0,195,FALSE,1146
1278,201404,5,0,243,TRUE,1147
1279,201704,4,0,208,TRUE,1148
1280,200705,4,0,226,FALSE,1149
1281,202110,5,0,233,FALSE,1150
1282,201502,4,0,237,TRUE,1151
1283,200802,5,0,123,TRUE,1152
1284,200506,5,0,151,TRUE,1153
1285,200506,5,0,151,TRUE,1154
1286,200201,4,0,100,FALSE,1155
1287,142500,1,14,329,FALSE,1156
1288,140141,1,14,369,FALSE,1157
1289,140141,1,14,369,FALSE,1158
1290,10305,2,1,4,FALSE,1159
1291,201005,5,0,245,FALSE,1160
1292,200001,4,0,214,TRUE,1161
1293,202101,5,0,184,FALSE,1162
1294,202401,5,0,172,TRUE,1163
1295,200604,5,0,122,TRUE,1164
1296,202705,4,0,163,TRUE,1165
1297,201704,4,0,208,TRUE,1166
1298,200209,4,0,170,FALSE,1167
1299,20304,4,2,8,TRUE,1168
1300,201802,5,0,143,TRUE,1169
1301,140101,1,14,27,FALSE,1170
1302,100401,3,10,3,TRUE,1171
1303,202704,4,0,195,FALSE,1172
1304,202401,4,0,172,TRUE,1173
1305,201402,5,0,198,FALSE,1174
1306,202301,5,0,232,FALSE,1175
1307,200801,4,0,204,TRUE,1176
1308,202501,4,0,240,TRUE,1177
1309,202405,4,0,102,FALSE,1178
1310,201503,4,0,185,FALSE,1179
1311,201402,5,0,198,TRUE,1180
1312,200802,5,0,123,TRUE,1181
1313,200201,4,0,100,FALSE,1182
1314,140141,1,14,369,FALSE,1183
1315,202601,4,0,130,TRUE,1184
1316,200405,4,0,188,FALSE,1185
1317,200201,4,0,100,FALSE,1186
1318,200603,5,0,241,FALSE,1187
1319,201503,5,0,185,TRUE,1188
1320,200001,4,0,214,FALSE,1189
1321,140101,1,14,27,TRUE,1190
1322,200101,4,0,137,FALSE,1191
1323,201003,4,0,189,TRUE,1192
1324,140141,1,14,369,FALSE,1193
1325,202401,5,0,172,TRUE,1194
1326,201502,4,0,237,TRUE,1195
1327,200001,5,0,214,TRUE,1196
1328,70401,3,7,3,FALSE,1197
1329,200505,5,0,249,TRUE,1198
1330,202501,5,0,240,TRUE,1199
1331,202110,5,0,233,TRUE,1200
1332,140101,1,14,27,FALSE,1201
1333,201704,4,0,208,TRUE,1202
1334,142511,1,14,329,FALSE,1203
1335,201003,5,0,189,TRUE,1204
1336,202701,4,0,166,TRUE,1205
1337,202701,4,0,166,TRUE,1206
1338,201302,5,0,135,FALSE,1207
1339,200707,4,0,152,FALSE,1208
1340,140141,1,14,369,FALSE,1209
1341,200201,4,0,100,FALSE,1210
1342,201004,5,0,231,FALSE,1211
1343,202501,5,0,240,TRUE,1212
1344,202501,4,0,240,TRUE,1213
1345,200709,4,0,239,TRUE,1214
1346,200001,4,0,214,TRUE,1215
1347,70206,2,7,7,TRUE,1216
1348,201704,4,0,208,TRUE,1217
1349,200201,4,0,100,FALSE,1218
1350,200602,4,0,195,FALSE,1219
1351,201401,5,0,187,FALSE,1220
1352,200901,4,0,106,TRUE,1221
1353,70102,2,7,28,TRUE,1222
1354,202405,4,0,102,FALSE,1223
1355,202106,5,0,171,FALSE,1224
1356,200203,4,0,126,FALSE,1225
1357,201704,4,0,208,TRUE,1226
1358,140101,1,14,27,FALSE,1227
1359,90302,2,9,122,TRUE,1228
1360,202704,4,0,195,TRUE,1229
1361,202106,5,0,171,FALSE,1230
1362,202106,5,0,171,TRUE,1231
1363,201704,4,0,208,TRUE,1232
1364,201502,4,0,237,TRUE,1233
1365,201401,5,0,187,FALSE,1234
1366,200101,4,0,137,FALSE,1235
1367,202116,5,0,122,TRUE,1236
1368,202112,5,0,120,TRUE,1237
1369,200001,5,0,214,TRUE,1238
1370,90405,4,9,8,TRUE,1239
1371,202704,5,0,195,TRUE,1240
1372,200201,4,0,100,FALSE,1241
1373,202101,5,0,184,FALSE,1242
1374,201704,4,0,208,TRUE,1243
1375,140101,1,14,27,TRUE,1244
1376,200408,4,0,202,FALSE,1245
1377,140101,1,14,27,FALSE,1246
1378,140101,1,14,27,TRUE,1247
1379,202117,5,0,139,TRUE,1248
1380,200201,4,0,100,FALSE,1249
1381,70405,1,7,8,TRUE,1250
1382,202701,4,0,166,TRUE,1251
1383,201301,4,0,138,FALSE,1252
1384,200201,4,0,100,FALSE,1253
1385,201704,4,0,208,TRUE,1254
1386,90401,3,9,3,FALSE,1255
1387,201401,5,0,187,TRUE,1256
1388,200902,4,0,106,FALSE,1257
1389,200505,5,0,249,FALSE,1258
1390,200201,4,0,100,FALSE,1259
1391,202403,4,0,166,FALSE,1260
1392,202116,5,0,122,TRUE,1261
1393,202116,5,0,122,TRUE,1262
1394,202106,5,0,171,TRUE,1263
1395,201006,5,0,234,TRUE,1264
1396,200101,4,0,137,FALSE,1265
1397,200001,4,0,214,TRUE,1266
1398,141406,1,14,326,FALSE,1267
1399,90404,5,9,21,TRUE,1268
1400,90303,2,9,7,FALSE,1269
1401,201704,4,0,208,TRUE,1270
1402,200604,5,0,122,TRUE,1271
1403,200401,4,0,168,TRUE,1272
1404,202703,4,0,214,TRUE,1273
1405,200201,4,0,100,FALSE,1274
1406,202117,5,0,139,TRUE,1275
1407,202116,5,0,122,TRUE,1276
1408,200711,4,0,16,TRUE,1277
1409,200001,4,0,214,TRUE,1278
1410,200203,4,0,126,FALSE,1279
1411,90401,3,9,3,FALSE,1280
1412,200201,4,0,100,FALSE,1281
1413,202112,5,0,120,TRUE,1282
1414,201704,4,0,208,TRUE,1283
1415,202116,5,0,122,TRUE,1284
1416,99,6,0,24,TRUE,1285
1417,140101,1,14,27,FALSE,1286
1418,200201,4,0,100,FALSE,1287
1419,202405,4,0,102,TRUE,1288
1420,140101,1,14,27,FALSE,1289
1421,140101,1,14,27,TRUE,1290
1422,200201,4,0,100,FALSE,1291
1423,200201,4,0,100,FALSE,1292
1424,201301,4,0,138,TRUE,1293
1425,200505,5,0,249,FALSE,1294
1426,202116,5,0,122,FALSE,1295
1427,202116,5,0,122,TRUE,1296
1428,201803,5,0,181,TRUE,1297
1429,200902,4,0,106,FALSE,1298
1430,200801,4,0,204,TRUE,1299
1431,200710,4,0,111,FALSE,1300
1432,200602,4,0,195,FALSE,1301
1433,140141,1,14,369,FALSE,1302
1434,202116,5,0,122,TRUE,1303
1435,40303,2,4,7,TRUE,1304
1436,201402,5,0,198,TRUE,1305
1437,200001,4,0,214,TRUE,1306
1438,201403,5,0,148,TRUE,1307
1439,201403,5,0,148,TRUE,1308
1440,201006,5,0,234,FALSE,1309
1441,140101,1,14,27,FALSE,1310
1442,200201,4,0,100,FALSE,1311
1443,140101,1,14,27,FALSE,1312
1444,201704,4,0,208,TRUE,1313
1445,200201,4,0,100,FALSE,1314
1446,202220,5,0,115,TRUE,1315
1447,140101,1,14,27,TRUE,1316
1448,202116,5,0,122,TRUE,1317
1449,202116,5,0,122,TRUE,1318
1450,202112,5,0,120,TRUE,1319
1451,201402,5,0,198,FALSE,1320
1452,200101,4,0,137,FALSE,1321
1453,140101,1,14,27,FALSE,1322
1454,200201,4,0,100,FALSE,1323
1455,200401,4,0,168,TRUE,1324
1456,140141,1,14,369,FALSE,1325
1457,200101,4,0,137,FALSE,1326
1458,201006,5,0,234,FALSE,1327
1459,202116,5,0,122,TRUE,1328
1460,202116,5,0,122,FALSE,1329
1461,202116,5,0,122,FALSE,1330
1462,200802,4,0,123,TRUE,1331
1463,200203,4,0,126,FALSE,1332
1464,70401,3,7,3,TRUE,1333
1465,140101,1,14,27,FALSE,1334
1466,200201,4,0,100,FALSE,1335
1467,60401,3,6,3,FALSE,1336
1468,202116,5,0,122,TRUE,1337
1469,201401,5,0,187,TRUE,1338
1470,200703,4,0,232,TRUE,1339
1471,140101,1,14,27,TRUE,1340
1472,201402,5,0,198,TRUE,1341
1473,202116,5,0,122,FALSE,1342
1474,202116,5,0,122,TRUE,1343
1475,202116,5,0,122,TRUE,1344
1476,202106,5,0,171,FALSE,1345
1477,202116,5,0,122,TRUE,1346
1478,200602,5,0,195,TRUE,1347
1479,200201,4,0,100,FALSE,1348
1480,202116,5,0,122,TRUE,1349
1481,201704,4,0,208,TRUE,1350
1482,201104,5,0,205,FALSE,1351
1483,202405,4,0,102,FALSE,1352
1484,201006,5,0,234,FALSE,1353
1485,200601,4,0,241,TRUE,1354
1486,200201,4,0,100,FALSE,1355
1487,200101,4,0,137,FALSE,1356
1488,200201,4,0,100,FALSE,1357
1489,200602,4,0,195,FALSE,1358
1490,200201,4,0,100,FALSE,1359
1491,202116,5,0,122,TRUE,1360
1492,201704,4,0,208,TRUE,1361
1493,200604,4,0,122,FALSE,1362
1494,200604,5,0,122,TRUE,1363
1495,200602,5,0,195,TRUE,1364
1496,200203,4,0,126,FALSE,1365
1497,200001,4,0,214,TRUE,1366
1498,141406,1,14,326,FALSE,1367
1499,140101,1,14,27,TRUE,1368
1500,201502,4,0,237,FALSE,1369
1501,140101,1,14,27,FALSE,1370
1502,200707,4,0,152,FALSE,1371
1503,201307,5,0,113,TRUE,1372
1504,201104,5,0,205,TRUE,1373
1505,201104,5,0,205,TRUE,1374
1506,200201,4,0,100,TRUE,1375
1507,202116,5,0,122,FALSE,1376
1508,202116,5,0,122,TRUE,1377
1509,202112,4,0,120,FALSE,1378
1510,201009,5,0,121,FALSE,1379
1511,140141,1,14,369,FALSE,1380
1512,70303,3,7,7,TRUE,1381
1513,201308,5,0,119,TRUE,1382
1514,140101,1,14,27,TRUE,1383
1515,140101,1,14,27,FALSE,1384
1516,202116,5,0,122,TRUE,1385
1517,202116,5,0,122,FALSE,1386
1518,202116,5,0,122,TRUE,1387
1519,202116,5,0,122,FALSE,1388
1520,202116,5,0,122,TRUE,1389
1521,201704,4,0,208,TRUE,1390
1522,201502,4,0,237,FALSE,1391
1523,201307,5,0,113,TRUE,1392
1524,201307,5,0,113,TRUE,1393
1525,200801,4,0,204,TRUE,1394
1526,200505,5,0,249,TRUE,1395
1527,200001,4,0,214,TRUE,1396
1528,140101,1,14,27,FALSE,1397
1529,90401,3,9,3,TRUE,1398
1530,202116,5,0,122,TRUE,1399
1531,200101,4,0,137,FALSE,1400
1532,99,6,0,24,TRUE,1401
1533,202116,5,0,122,FALSE,1402
1534,200406,4,0,153,TRUE,1403
1535,90303,2,9,7,FALSE,1404
1536,202701,4,0,166,TRUE,1405
1537,201802,5,0,143,FALSE,1406
1538,90401,3,9,3,FALSE,1407
1539,201004,5,0,231,TRUE,1408
1540,200402,4,0,253,TRUE,1409
1541,140141,1,14,369,FALSE,1410
1542,202405,4,0,102,FALSE,1411
1543,202117,5,0,139,TRUE,1412
1544,202116,5,0,122,FALSE,1413
1545,202106,5,0,171,FALSE,1414
1546,200407,4,0,129,TRUE,1415
1547,200001,4,0,214,TRUE,1416
1548,20401,3,2,3,FALSE,1417
1549,202501,4,0,240,FALSE,1418
1550,140101,1,14,27,FALSE,1419
1551,30102,2,3,28,FALSE,1420
1552,202701,4,0,166,TRUE,1421
1553,201704,4,0,208,TRUE,1422
1554,201704,4,0,208,TRUE,1423
1555,90401,3,9,3,FALSE,1424
1556,202405,4,0,102,FALSE,1425
1557,202405,4,0,102,TRUE,1426
1558,202405,4,0,102,FALSE,1427
1559,202116,5,0,122,TRUE,1428
1560,202112,5,0,120,TRUE,1429
1561,201802,5,0,143,FALSE,1430
1562,200505,5,0,249,FALSE,1431
1563,200001,4,0,214,TRUE,1432
1564,140101,1,14,27,TRUE,1433
1565,90303,2,9,7,FALSE,1434
1566,140101,1,14,27,FALSE,1435
1567,10101,2,1,28,FALSE,1436
1568,201402,5,0,198,TRUE,1437
1569,201402,5,0,198,TRUE,1438
1570,202116,5,0,122,TRUE,1439
1571,202116,5,0,122,TRUE,1440
1572,202116,5,0,122,FALSE,1441
1573,201401,5,0,187,FALSE,1442
1574,200902,4,0,106,FALSE,1443
1575,202001,5,0,192,TRUE,1444
1576,202116,5,0,122,TRUE,1445
1577,200602,4,0,195,TRUE,1446
1578,200602,4,0,195,TRUE,1447
1579,140141,1,14,369,FALSE,1448
1580,202501,4,0,240,TRUE,1449
1581,202403,4,0,166,TRUE,1450
1582,201704,4,0,208,TRUE,1451
1583,201502,4,0,237,TRUE,1452
1584,200406,4,0,153,TRUE,1453
1585,200402,4,0,253,TRUE,1454
1586,140141,1,14,369,FALSE,1455
1587,200201,4,0,100,FALSE,1456
1588,140101,1,14,27,TRUE,1457
1589,200901,4,0,106,TRUE,1458
1590,202703,4,0,214,TRUE,1459
1591,202116,5,0,122,TRUE,1460
1592,202116,5,0,122,FALSE,1461
1593,200901,4,0,106,TRUE,1462
1594,200001,4,0,214,TRUE,1463
1595,141716,1,14,394,FALSE,1464
1596,140101,1,14,27,TRUE,1465
1597,202116,5,0,122,TRUE,1466
1598,202116,5,0,122,TRUE,1467
1599,140141,1,14,369,FALSE,1468
1600,70401,3,7,3,FALSE,1469
1601,202116,5,0,122,TRUE,1470
1602,202116,5,0,122,TRUE,1471
1603,202116,5,0,122,TRUE,1472
1604,201802,5,0,143,TRUE,1473
1605,201502,4,0,237,FALSE,1474
1606,200901,4,0,106,FALSE,1475
1607,200802,4,0,123,TRUE,1476
1608,200201,4,0,100,FALSE,1477
1609,200101,4,0,137,FALSE,1478
1610,202109,5,0,235,TRUE,1479
1611,140101,1,14,27,FALSE,1480
1612,140101,1,14,27,FALSE,1481
1613,140137,1,14,368,TRUE,1482
1614,140101,1,14,27,FALSE,1483
1615,70303,2,7,7,FALSE,1484
1616,201004,5,0,231,TRUE,1485
1617,201704,4,0,208,TRUE,1486
1618,200201,4,0,100,FALSE,1487
1619,140141,1,14,369,FALSE,1488
1620,202116,5,0,122,TRUE,1489
1621,202116,5,0,122,FALSE,1490
1622,202106,5,0,171,FALSE,1491
1623,201704,4,0,208,TRUE,1492
1624,200201,4,0,100,FALSE,1493
1625,200205,4,0,215,TRUE,1494
1626,200101,4,0,137,FALSE,1495
1627,200201,4,0,100,FALSE,1496
1628,70219,2,7,7,TRUE,1497
1629,202601,5,0,130,TRUE,1498
1630,200402,4,0,253,FALSE,1499
1631,200201,4,0,100,FALSE,1500
1632,140141,1,14,369,FALSE,1501
1633,200201,4,0,100,FALSE,1502
1634,200201,4,0,100,FALSE,1503
1635,202701,4,0,166,TRUE,1504
1636,70401,3,7,3,FALSE,1505
1637,202116,5,0,122,FALSE,1506
1638,202116,5,0,122,TRUE,1507
1639,202116,5,0,122,TRUE,1508
1640,200901,4,0,106,TRUE,1509
1641,200602,4,0,195,FALSE,1510
1642,200602,4,0,195,TRUE,1511
1643,200001,4,0,214,TRUE,1512
1644,141406,1,14,326,FALSE,1513
1645,140141,1,14,369,FALSE,1514
1646,90303,2,9,7,FALSE,1515
1647,202405,4,0,102,TRUE,1516
1648,200505,5,0,249,TRUE,1517
1649,200201,4,0,100,FALSE,1518
1650,202116,5,0,122,TRUE,1519
1651,202116,5,0,122,TRUE,1520
1652,70401,3,7,3,TRUE,1521
1653,140101,1,14,27,TRUE,1522
1654,202220,5,0,115,TRUE,1523
1655,202401,5,0,172,FALSE,1524
1656,202116,5,0,122,FALSE,1525
1657,202116,5,0,122,TRUE,1526
1658,202116,5,0,122,TRUE,1527
1659,201704,4,0,208,TRUE,1528
1660,201006,5,0,234,FALSE,1529
1661,200801,4,0,204,TRUE,1530
1662,200501,4,0,248,TRUE,1531
1663,200401,4,0,168,FALSE,1532
1664,90404,5,9,21,FALSE,1533
1665,200402,4,0,253,TRUE,1534
1666,201006,5,0,234,TRUE,1535
1667,202116,5,0,122,FALSE,1536
1668,202116,5,0,122,FALSE,1537
1669,201307,5,0,113,TRUE,1538
1670,200802,4,0,123,FALSE,1539
1671,200701,4,0,206,FALSE,1540
1672,200502,4,0,145,TRUE,1541
1673,140101,1,14,27,FALSE,1542
1674,202116,5,0,122,TRUE,1543
1675,202701,4,0,166,TRUE,1544
1676,201307,5,0,113,TRUE,1545
1677,202116,5,0,122,TRUE,1546
1678,201006,5,0,234,TRUE,1547
1679,200402,4,0,253,TRUE,1548
1680,140101,1,14,27,TRUE,1549
1681,201201,5,0,170,TRUE,1550
1682,201704,4,0,208,TRUE,1551
1683,201303,4,0,138,FALSE,1552
1684,200001,4,0,214,TRUE,1553
1685,202116,5,0,122,TRUE,1554
1686,201006,5,0,234,TRUE,1555
1687,200603,4,0,241,TRUE,1556
1688,200406,4,0,153,TRUE,1557
1689,200201,4,0,100,FALSE,1558
1690,202009,5,0,192,TRUE,1559
1691,202116,5,0,122,TRUE,1560
1692,200201,4,0,100,FALSE,1561
1693,201801,5,0,167,TRUE,1562
1694,201402,5,0,198,TRUE,1563
1695,202703,4,0,214,TRUE,1564
1696,200604,5,0,122,FALSE,1565
1697,200201,4,0,100,FALSE,1566
1698,200001,4,0,214,TRUE,1567
1699,200201,4,0,100,FALSE,1568
1700,200101,4,0,137,FALSE,1569
1701,202112,5,0,120,TRUE,1570
1702,202106,5,0,171,FALSE,1571
1703,201004,5,0,231,FALSE,1572
1704,140137,1,14,368,FALSE,1573
1705,200201,4,0,100,FALSE,1574
1706,200201,4,0,100,FALSE,1575
1707,201704,4,0,208,TRUE,1576
1708,201704,4,0,208,TRUE,1577
1709,200407,4,0,129,TRUE,1578
1710,201008,4,0,214,TRUE,1579
1711,200707,4,0,152,TRUE,1580
1712,200505,5,0,249,TRUE,1581
1713,141406,1,14,326,FALSE,1582
1714,202220,5,0,115,FALSE,1583
1715,202117,5,0,139,TRUE,1584
1716,201401,5,0,187,TRUE,1585
1717,200707,4,0,152,TRUE,1586
1718,202116,5,0,122,TRUE,1587
1719,201704,4,0,208,TRUE,1588
1720,201006,5,0,234,TRUE,1589
1721,202116,5,0,122,FALSE,1590
1722,200402,4,0,253,FALSE,1591
1723,200604,4,0,122,TRUE,1592
1724,201104,5,0,205,TRUE,1593
1725,20401,3,2,3,FALSE,1594
1726,10403,4,1,211,FALSE,1595
1727,201201,4,0,170,FALSE,1596
1728,201704,4,0,208,TRUE,1597
1729,201006,5,0,234,TRUE,1598
1730,200201,4,0,100,FALSE,1599
1731,200201,4,0,100,FALSE,1600
1732,202116,5,0,122,TRUE,1601
1733,202116,5,0,122,FALSE,1602
1734,202116,5,0,122,FALSE,1603
1735,202112,5,0,120,TRUE,1604
1736,201801,5,0,167,FALSE,1605
1737,201402,5,0,198,FALSE,1606
1738,201101,5,0,190,TRUE,1607
1739,200707,4,0,152,TRUE,1608
1740,200602,4,0,195,TRUE,1609
1741,140133,1,14,1,FALSE,1610
1742,200201,4,0,100,FALSE,1611
1743,202116,5,0,122,TRUE,1612
1744,100404,5,10,21,TRUE,1613
1745,202703,4,0,214,TRUE,1614
1746,202116,5,0,122,FALSE,1615
1747,202116,5,0,122,TRUE,1616
1748,202116,5,0,122,FALSE,1617
1749,202112,5,0,120,TRUE,1618
1750,201704,4,0,208,TRUE,1619
1751,200502,4,0,145,TRUE,1620
1752,60401,3,6,3,TRUE,1621
1753,200201,4,0,100,FALSE,1622
1754,202106,5,0,171,FALSE,1623
1755,200201,4,0,100,FALSE,1624
1756,200505,5,0,249,TRUE,1625
1757,200402,4,0,253,TRUE,1626
1758,201402,5,0,198,FALSE,1627
1759,201308,5,0,119,TRUE,1628
1760,200801,4,0,204,TRUE,1629
1761,200201,4,0,100,FALSE,1630
1762,200505,5,0,249,TRUE,1631
1763,202116,5,0,122,TRUE,1632
1764,99,6,0,24,TRUE,1633
1765,202116,5,0,122,FALSE,1634
1766,202116,5,0,122,TRUE,1635
1767,201006,5,0,234,FALSE,1636
1768,200505,5,0,249,FALSE,1637
1769,200201,4,0,100,FALSE,1638
1770,200001,4,0,214,TRUE,1639
1771,70401,3,7,3,TRUE,1640
1772,200203,4,0,126,TRUE,1641
1773,20208,2,2,7,TRUE,1642
1774,202703,4,0,214,TRUE,1643
1775,200201,4,0,100,FALSE,1644
1776,200001,4,0,214,TRUE,1645
1777,201704,4,0,208,TRUE,1646
1778,201009,5,0,121,TRUE,1647
1779,202116,5,0,122,FALSE,1648
1780,202701,4,0,166,TRUE,1649
1781,201704,4,0,208,TRUE,1650
1782,201704,4,0,208,TRUE,1651
1783,200201,4,0,100,FALSE,1652
1784,40303,4,4,7,TRUE,1653
1785,202501,4,0,240,TRUE,1654
1786,202701,4,0,166,TRUE,1655
1787,201307,5,0,113,FALSE,1656
1788,200407,4,0,129,TRUE,1657
1789,200201,5,0,100,TRUE,1658
1790,60401,3,6,3,FALSE,1659
1791,70102,2,7,28,TRUE,1660
1792,200201,4,0,100,FALSE,1661
1793,200407,4,0,129,TRUE,1662
1794,201704,4,0,208,TRUE,1663
1795,201704,4,0,208,TRUE,1664
1796,202116,5,0,122,TRUE,1665
1797,200502,4,0,145,FALSE,1666
1798,140101,1,14,27,TRUE,1667
1799,202116,5,0,122,TRUE,1668
1800,202116,5,0,122,FALSE,1669
1801,202116,5,0,122,TRUE,1670
1802,202116,5,0,122,TRUE,1671
1803,202116,5,0,122,FALSE,1672
1804,140101,1,14,27,FALSE,1673
1805,201801,5,0,167,FALSE,1674
1806,200201,4,0,100,FALSE,1675
1807,201704,4,0,208,TRUE,1676
1808,20102,2,2,28,FALSE,1677
1809,202703,4,0,214,FALSE,1678
1810,200505,5,0,249,TRUE,1679
1811,202116,5,0,122,FALSE,1680
1812,200505,5,0,249,TRUE,1681
1813,202112,5,0,120,FALSE,1682
1814,201704,4,0,208,TRUE,1683
1815,200408,4,0,202,TRUE,1684
1816,202703,4,0,214,FALSE,1685
1817,202703,4,0,214,FALSE,1686
1818,202403,4,0,166,FALSE,1687
1819,202117,5,0,139,TRUE,1688
1820,200701,4,0,206,TRUE,1689
1821,200505,5,0,249,FALSE,1690
1822,200407,4,0,129,TRUE,1691
1823,200407,4,0,129,TRUE,1692
1824,90401,3,9,3,FALSE,1693
1825,60101,2,6,28,FALSE,1694
1826,202112,5,0,120,FALSE,1695
1827,201502,4,0,237,TRUE,1696
1828,140101,1,14,27,TRUE,1697
1829,202116,5,0,122,TRUE,1698
1830,201801,5,0,167,FALSE,1699
1831,201801,5,0,167,FALSE,1700
1832,200604,4,0,122,FALSE,1701
1833,140141,1,14,369,FALSE,1702
1834,20102,2,2,28,FALSE,1703
1835,202110,4,0,233,FALSE,1704
1836,200502,4,0,145,TRUE,1705
1837,200201,4,0,100,FALSE,1706
1838,200201,4,0,100,FALSE,1707
1839,201801,5,0,167,FALSE,1708
1840,200502,4,0,145,FALSE,1709
1841,200201,4,0,100,FALSE,1710
1842,140101,1,14,27,FALSE,1711
1843,200401,4,0,168,TRUE,1712
1844,202703,4,0,214,FALSE,1713
1845,201006,5,0,234,TRUE,1714
1846,202402,4,0,166,TRUE,1715
1847,140101,1,14,27,TRUE,1716
1848,202405,4,0,102,TRUE,1717
1849,200401,4,0,168,FALSE,1718
1850,200201,4,0,100,FALSE,1719
1851,140101,1,14,27,TRUE,1720
1852,202112,5,0,120,TRUE,1721
1853,201704,4,0,208,TRUE,1722
1854,201704,4,0,208,TRUE,1723
1855,200801,4,0,204,TRUE,1724
1856,200001,4,0,214,TRUE,1725
1857,200201,4,0,100,FALSE,1726
1858,70102,2,7,28,FALSE,1727
1859,201502,4,0,237,TRUE,1728
1860,202117,5,0,139,FALSE,1729
1861,202116,5,0,122,FALSE,1730
1862,202116,5,0,122,TRUE,1731
1863,202116,5,0,122,TRUE,1732
1864,202112,5,0,120,TRUE,1733
1865,201704,4,0,208,TRUE,1734
1866,201406,5,0,219,FALSE,1735
1867,201401,5,0,187,TRUE,1736
1868,200701,4,0,206,FALSE,1737
1869,200001,4,0,214,TRUE,1738
1870,140141,1,14,369,FALSE,1739
1871,140101,1,14,27,TRUE,1740
1872,70406,3,7,3,TRUE,1741
1873,202116,5,0,122,TRUE,1742
1874,201307,5,0,113,FALSE,1743
1875,200206,4,0,217,TRUE,1744
1876,202005,5,0,111,TRUE,1745
1877,201402,5,0,198,FALSE,1746
1878,200602,4,0,195,TRUE,1747
1879,200505,5,0,249,FALSE,1748
1880,200701,4,0,206,FALSE,1749
1881,20401,3,2,3,FALSE,1750
1882,10402,3,1,5,FALSE,1751
1883,200201,4,0,100,FALSE,1752
1884,202405,4,0,102,TRUE,1753
1885,200206,4,0,217,TRUE,1754
1886,70101,4,7,28,FALSE,1755
1887,201306,4,0,114,TRUE,1756
1888,140301,4,14,335,FALSE,1757
1889,201101,5,0,190,FALSE,1758
1890,200203,4,0,126,FALSE,1759
1891,202116,5,0,122,TRUE,1760
1892,202106,5,0,171,FALSE,1761
1893,201704,4,0,208,TRUE,1762
1894,200402,4,0,253,TRUE,1763
1895,200401,4,0,168,FALSE,1764
1896,200201,4,0,100,FALSE,1765
1897,202116,5,0,122,TRUE,1766
1898,201802,5,0,143,TRUE,1767
1899,140133,1,14,1,FALSE,1768
1900,202116,5,0,122,FALSE,1769
1901,202116,5,0,122,TRUE,1770
1902,202112,5,0,120,FALSE,1771
1903,201704,4,0,208,TRUE,1772
1904,201401,5,0,187,FALSE,1773
1905,201005,5,0,245,FALSE,1774
1906,200407,4,0,129,TRUE,1775
1907,200407,4,0,129,FALSE,1776
1908,202106,5,0,171,FALSE,1777
1909,202116,5,0,122,TRUE,1778
1910,200902,4,0,106,FALSE,1779
1911,200902,4,0,106,FALSE,1780
1912,200902,4,0,106,FALSE,1781
1913,200703,4,0,232,TRUE,1782
1914,202703,4,0,214,FALSE,1783
1915,200602,4,0,195,TRUE,1784
1916,200402,4,0,253,TRUE,1785
1917,200201,4,0,100,FALSE,1786
1918,140301,4,14,335,TRUE,1787
1919,140101,1,14,27,TRUE,1788
1920,10403,4,1,211,FALSE,1789
1921,200201,4,0,100,FALSE,1790
1922,202704,5,0,195,FALSE,1791
1923,201307,5,0,113,TRUE,1792
1924,200406,4,0,153,FALSE,1793
1925,200201,4,0,100,FALSE,1794
1926,200302,4,0,254,FALSE,1795
1927,202116,5,0,122,FALSE,1796
1928,202106,5,0,171,FALSE,1797
1929,200701,4,0,206,FALSE,1798
1930,202116,5,0,122,FALSE,1799
1931,201306,4,0,114,FALSE,1800
1932,202405,4,0,102,TRUE,1801
1933,202116,5,0,122,TRUE,1802
1934,140101,1,14,27,TRUE,1803
1935,202116,5,0,122,FALSE,1804
1936,201704,4,0,208,TRUE,1805
1937,200603,5,0,241,FALSE,1806
1938,140101,1,14,27,TRUE,1807
1939,202116,5,0,122,TRUE,1808
1940,142500,1,14,329,FALSE,1809
1941,202116,5,0,122,TRUE,1810
1942,100401,3,10,3,FALSE,1811
1943,140120,1,14,408,FALSE,1812
1944,202405,4,0,102,TRUE,1813
1945,200802,4,0,123,TRUE,1814
1946,202301,5,1,232,FALSE,1815
1947,200502,4,0,145,TRUE,1816
1948,201004,5,0,231,FALSE,1817
1949,60303,2,6,7,FALSE,1818
1950,200001,4,0,214,TRUE,1819
1951,200201,4,0,100,FALSE,1820
1952,200604,4,0,122,TRUE,1821
1953,200201,4,0,100,FALSE,1822
1954,202116,5,0,122,TRUE,1823
1955,201704,4,0,208,TRUE,1824
1956,200603,5,0,241,TRUE,1825
1957,70303,2,7,7,FALSE,1826
1958,140101,1,14,27,TRUE,1827
1959,140101,1,14,27,TRUE,1828
1960,200001,4,0,214,TRUE,1829
1961,202704,4,0,195,TRUE,1830
1962,202116,5,0,122,FALSE,1831
1963,201307,5,0,113,FALSE,1832
1964,90401,3,9,3,FALSE,1833
1965,200201,4,0,100,FALSE,1834
1966,200201,4,0,100,FALSE,1835
1967,140101,1,14,27,TRUE,1836
1968,202703,4,0,214,TRUE,1837
1969,201201,4,0,170,FALSE,1838
1970,201004,5,0,231,TRUE,1839
1971,200406,4,0,153,FALSE,1840
1972,201402,5,0,198,TRUE,1841
1973,200505,5,0,249,FALSE,1842
1974,200205,4,0,215,TRUE,1843
1975,202116,5,0,122,TRUE,1844
1976,200001,4,0,214,TRUE,1845
1977,200602,4,0,195,TRUE,1846
1978,202601,5,0,130,TRUE,1847
1979,202405,4,0,102,TRUE,1848
1980,202116,5,0,122,FALSE,1849
1981,202116,5,0,122,FALSE,1850
1982,202116,5,0,122,FALSE,1851
1983,202116,5,0,122,TRUE,1852
1984,202116,5,0,122,TRUE,1853
1985,202116,5,0,122,TRUE,1854
1986,200402,4,0,253,TRUE,1855
1987,200001,4,0,214,TRUE,1856
1988,202405,4,0,102,FALSE,1857
1989,200408,4,0,202,FALSE,1858
1990,30401,3,3,3,FALSE,1859
1991,200405,4,0,188,TRUE,1860
1992,140101,1,14,27,TRUE,1861
1993,201306,4,0,114,FALSE,1862
1994,200405,4,0,188,FALSE,1863
1995,140101,1,14,27,FALSE,1864
1996,202110,4,0,233,TRUE,1865
1997,200701,4,0,206,FALSE,1866
1998,140101,1,14,27,TRUE,1867
1999,200602,5,0,195,FALSE,1868
2000,202106,5,0,171,FALSE,1869
2001,140101,1,14,27,TRUE,1870
2002,202116,5,0,122,FALSE,1871
2003,201402,5,0,198,TRUE,1872
2004,202112,5,0,120,TRUE,1873
2005,202116,5,0,122,FALSE,1874
2006,202116,5,0,122,TRUE,1875
2007,200201,4,0,100,FALSE,1876
2008,202706,4,0,102,FALSE,1877
2009,202106,5,0,171,FALSE,1878
2010,201402,5,0,198,TRUE,1879
2011,200001,4,0,214,TRUE,1880
2012,90307,5,9,7,FALSE,1881
2013,40215,2,4,7,FALSE,1882
2014,200201,4,0,100,FALSE,1883
2015,202112,5,0,120,TRUE,1884
2016,140101,1,14,27,TRUE,1885
2017,201006,5,0,234,TRUE,1886
2018,20401,3,2,3,FALSE,1887
2019,202703,4,0,214,FALSE,1888
2020,202112,5,0,120,FALSE,1889
2021,202106,2,0,171,FALSE,1890
2022,200901,4,0,106,TRUE,1891
2023,200502,4,0,145,FALSE,1892
2024,202403,5,0,166,TRUE,1893
2025,201004,5,0,231,TRUE,1894
2026,200401,4,0,168,FALSE,1895
2027,140101,1,14,27,FALSE,1896
2028,30401,3,3,3,FALSE,1897
2029,30303,2,3,7,FALSE,1898
2030,200201,4,0,100,FALSE,1899
2031,201704,4,0,208,TRUE,1900
2032,202112,5,0,120,TRUE,1901
2033,200802,5,0,123,TRUE,1902
2034,200701,4,0,206,FALSE,1903
2035,70401,2,7,3,TRUE,1904
2036,70208,2,7,7,TRUE,1905
2037,200602,5,0,195,FALSE,1906
2038,200401,4,0,168,FALSE,1907
2039,200201,4,0,100,FALSE,1908
2040,140101,1,14,27,TRUE,1909
2041,201402,5,0,198,TRUE,1910
2042,202703,4,0,214,FALSE,1911
2043,201704,4,0,208,TRUE,1912
2044,201307,5,0,113,FALSE,1913
2045,200201,4,0,100,FALSE,1914
2046,140101,1,14,27,FALSE,1915
2047,202117,5,0,139,TRUE,1916
2048,200201,4,0,100,FALSE,1917
2049,200201,4,0,100,TRUE,1918
2050,200401,4,0,168,TRUE,1919
2051,202106,5,0,171,FALSE,1920
2052,200401,4,0,168,FALSE,1921
2053,201501,4,0,173,TRUE,1922
2054,200201,4,0,100,FALSE,1923
2055,140101,1,14,27,FALSE,1924
2056,200201,4,0,100,FALSE,1925
2057,200201,4,0,100,FALSE,1926
2058,200201,4,0,100,FALSE,1956
2059,140101,1,14,27,FALSE,1957
2060,70206,2,7,7,TRUE,1958
2061,201303,4,0,138,TRUE,1959
2062,202501,5,0,240,TRUE,1960
2063,200802,5,0,123,TRUE,1961
2064,202704,4,0,195,TRUE,1962
2065,202501,5,0,240,TRUE,1963
2066,202402,4,0,166,TRUE,1964
2067,202116,5,0,122,TRUE,1965
2068,202112,5,0,120,TRUE,1966
2069,202106,5,0,171,FALSE,1967
2070,202101,5,0,184,TRUE,1968
2071,200602,5,0,195,TRUE,1969
2072,90404,3,9,21,FALSE,1970
2073,202106,5,0,171,TRUE,1971
2074,200201,4,0,100,FALSE,1972
2075,201401,5,0,187,TRUE,1973
2076,200201,4,0,100,FALSE,1974
2077,202501,4,0,240,TRUE,1975
2078,202112,5,0,120,FALSE,1976
2079,200201,4,0,100,FALSE,1977
2080,200506,5,0,151,FALSE,1978
2081,202106,5,0,171,TRUE,1979
2082,200201,4,0,100,FALSE,1980
2083,202112,5,0,120,TRUE,1981
2084,140101,1,14,27,FALSE,1982
2085,200201,4,0,100,FALSE,1983
2086,202704,5,0,195,TRUE,1984
2087,201302,5,0,135,TRUE,1985
2088,201002,5,0,121,FALSE,1986
2089,200201,4,0,100,FALSE,1987
2090,202405,4,0,102,TRUE,1988
2091,201502,4,0,237,FALSE,1989
2092,200802,5,0,123,TRUE,1990
2093,201201,5,0,170,TRUE,1991
2094,201306,4,0,114,TRUE,1992
2095,200201,4,0,100,FALSE,1993
2096,202116,5,0,122,TRUE,1994
2097,200201,4,0,100,TRUE,1995
2098,200201,4,0,100,FALSE,1996
2099,202116,5,0,122,TRUE,1997
2100,201307,5,0,113,FALSE,1998
2101,202112,5,0,120,FALSE,1999
2102,201402,5,0,198,TRUE,2000
2103,200201,4,0,100,FALSE,2001
2104,200201,4,0,100,FALSE,2002
2105,202704,5,0,195,TRUE,2003
2106,202403,5,0,166,TRUE,2004
2107,200201,4,0,100,FALSE,2005
2108,140101,1,14,27,FALSE,2006
2109,140101,1,14,27,FALSE,2007
2110,10101,1,1,28,TRUE,2008
2111,200201,4,0,100,FALSE,2009
2112,140101,1,14,27,FALSE,2010
2113,200205,4,0,215,TRUE,2011
2114,140101,1,14,27,FALSE,2012
2115,200201,4,0,100,FALSE,2013
2116,140141,1,14,369,TRUE,2014
2117,140806,1,14,347,FALSE,2015
2118,140101,1,14,27,FALSE,2016
2119,90304,2,9,8,TRUE,2017
2120,202501,5,0,240,TRUE,2018
2121,202106,5,0,171,FALSE,2019
2122,60401,3,6,3,TRUE,2020
2123,200201,4,0,100,FALSE,2021
2124,200201,4,0,100,FALSE,2022
2125,200201,4,0,100,FALSE,2023
2126,200201,4,0,100,FALSE,2024
2127,200201,4,0,100,FALSE,2025
2128,200201,4,0,100,FALSE,2026
2129,200201,4,0,100,FALSE,2027
2130,200201,4,0,100,FALSE,2028
2131,90401,3,9,3,FALSE,2029
2132,200201,4,0,100,FALSE,2030
2133,202703,4,0,214,FALSE,2031
2134,202704,4,0,195,TRUE,2032
2135,140802,1,14,338,FALSE,2033
2136,201801,5,0,167,FALSE,2034
2137,202501,5,0,240,TRUE,2035
2138,200201,4,0,100,FALSE,2036
2139,200603,5,0,241,FALSE,2037
2140,202112,5,0,120,FALSE,2038
2141,200603,5,0,241,FALSE,2039
2142,20401,3,2,3,FALSE,2040
2143,202501,5,0,240,TRUE,2041
2144,201801,5,0,167,FALSE,2042
2145,200505,5,0,249,TRUE,2043
2146,200201,4,0,100,FALSE,2044
2147,140137,1,14,368,FALSE,2045
2148,200201,4,0,100,FALSE,2046
2149,200901,4,0,106,TRUE,2047
2150,200201,4,0,100,FALSE,2048
2151,202704,5,0,195,TRUE,2049
2152,202501,4,0,240,TRUE,2050
2153,200401,4,0,168,TRUE,2051
2154,201201,4,0,170,FALSE,2052
2155,200207,4,0,170,FALSE,2053
2156,200207,4,0,170,FALSE,2054
2157,200201,4,0,100,FALSE,2055
2158,201401,5,0,187,TRUE,2056
2159,201704,4,0,208,TRUE,2057
2160,141206,1,14,355,TRUE,2058
2161,202403,4,0,166,FALSE,2059
2162,201401,5,0,187,TRUE,2060
2163,200802,5,0,123,TRUE,2061
2164,200603,5,0,241,TRUE,2062
2165,200205,4,0,215,TRUE,2063
2166,140101,1,14,27,FALSE,2064
2167,70401,3,7,3,TRUE,2065
2168,202501,4,0,240,TRUE,2066
2169,201402,5,0,198,TRUE,2067
2170,200402,4,0,253,TRUE,2068
2171,200201,4,0,100,FALSE,2069
2172,201304,5,0,135,TRUE,2070
2173,200201,4,0,100,FALSE,2071
2174,200201,4,0,100,FALSE,2072
2175,140101,1,14,27,FALSE,2073
2176,200505,5,0,249,TRUE,2074
2177,202112,4,0,120,TRUE,2075
2178,201704,4,0,208,TRUE,2076
2179,140401,4,14,8,FALSE,2077
2180,90401,3,9,3,FALSE,2078
2181,202704,4,0,195,FALSE,2079
2182,202403,4,0,166,TRUE,2080
2183,201801,5,0,167,FALSE,2081
2184,201104,5,0,205,TRUE,2082
2185,201006,5,0,234,TRUE,2083
2186,200802,4,0,123,FALSE,2084
2187,202112,4,0,120,TRUE,2085
2188,140101,1,14,27,FALSE,2086
2189,70401,3,7,3,TRUE,2087
2190,200201,4,0,100,FALSE,2088
2191,202703,4,0,214,TRUE,2089
2192,202501,4,0,240,TRUE,2090
2193,200901,4,0,106,TRUE,2091
2194,200802,4,0,123,TRUE,2092
2195,201307,5,0,113,TRUE,2093
2196,201301,5,0,138,TRUE,2094
2197,202403,4,0,166,TRUE,2095
2198,201308,5,0,119,TRUE,2096
2199,90401,3,9,3,FALSE,2097
2200,202401,5,0,172,TRUE,2098
2201,201403,2,0,148,TRUE,2099
2202,201402,5,0,198,TRUE,2100
2203,202501,5,0,240,TRUE,2101
2204,200901,4,0,106,TRUE,2102
2205,200201,4,0,100,FALSE,2103
2206,200201,4,0,100,FALSE,2104
2207,200201,4,0,100,TRUE,2105
2208,201104,5,0,205,TRUE,2106
2209,201104,5,0,205,TRUE,2107
2210,202704,4,0,195,TRUE,2108
2211,140101,1,14,27,FALSE,2109
2212,200201,4,0,100,FALSE,2110
2213,200505,5,0,249,FALSE,2111
2214,200201,4,0,100,FALSE,2112
2215,200201,4,0,100,FALSE,2113
2216,202112,5,0,120,FALSE,2114
2217,140101,1,14,27,FALSE,2115
2218,200707,5,0,152,FALSE,2116
2219,202501,5,0,240,TRUE,2117
2220,200401,4,0,168,FALSE,2118
2221,60305,2,6,4,FALSE,2119
2222,202703,4,0,214,TRUE,2120
2223,90102,2,9,28,TRUE,2121
2224,201704,4,0,208,TRUE,2122
2225,201704,4,0,208,TRUE,2123
2226,201704,4,0,208,TRUE,2124
2227,201704,4,0,208,TRUE,2125
2228,200201,4,0,100,TRUE,2126
2229,200201,4,0,100,FALSE,2127
2230,202704,4,0,195,TRUE,2128
2231,202703,4,0,214,TRUE,2129
2232,200603,5,0,241,FALSE,2130
2233,90401,3,9,3,FALSE,2131
2234,90401,3,9,3,FALSE,2132
2235,202116,5,0,122,TRUE,2133
2236,200201,4,0,100,FALSE,2134
2237,200201,4,0,100,FALSE,2135
2238,200201,4,0,100,FALSE,2136
2239,140101,1,14,27,FALSE,2137
2240,140805,1,2,7,FALSE,2138
2241,200201,4,0,100,FALSE,2139
2242,200710,5,0,111,TRUE,2140
2243,202112,4,0,120,TRUE,2141
2244,202405,4,0,102,FALSE,2142
2245,200710,5,0,111,FALSE,2143
2246,200502,4,0,145,FALSE,2144
2247,201004,5,0,231,TRUE,2145
2248,90304,2,9,8,FALSE,2146
2249,202703,4,0,214,TRUE,2147
2250,201305,5,0,114,FALSE,2148
2251,140101,1,14,27,TRUE,2149
2252,202704,4,0,195,TRUE,2150
2253,202701,4,0,166,TRUE,2151
2254,202116,5,0,122,TRUE,2152
2255,202106,5,0,171,FALSE,2153
2256,200802,5,0,123,TRUE,2154
2257,90401,3,9,3,FALSE,2155
2258,202703,4,0,214,TRUE,2156
2259,200402,4,0,253,TRUE,2157
2260,200201,4,0,100,FALSE,2158
2261,140101,1,14,27,FALSE,2159
2262,140101,1,14,27,FALSE,2160
2263,140101,1,14,27,FALSE,2161
2264,90102,2,9,28,FALSE,2162
2265,200201,4,0,100,FALSE,2163
2266,202501,4,0,240,TRUE,2164
2267,202106,5,0,171,FALSE,2165
2268,90102,2,9,28,FALSE,2166
2269,200201,4,0,100,FALSE,2167
2270,140101,1,14,27,FALSE,2168
2271,202703,4,0,214,TRUE,2169
2272,202704,5,0,195,TRUE,2170
2273,202301,4,0,232,FALSE,2171
2274,202106,5,0,171,FALSE,2172
2275,100401,3,10,3,FALSE,2173
2276,202402,4,0,166,FALSE,2174
2277,201704,4,0,208,TRUE,2175
2278,70305,2,7,4,TRUE,2176
2279,202106,5,0,171,FALSE,2177
2280,200201,4,0,100,FALSE,2178
2281,140301,4,14,335,TRUE,2179
2282,201103,5,0,221,TRUE,2180
2283,202112,4,0,120,FALSE,2181
2284,201704,4,0,208,TRUE,2182
2285,200601,4,0,241,TRUE,2183
2286,202116,5,0,122,TRUE,2184
2287,202116,5,0,122,TRUE,2185
2288,202116,5,0,122,TRUE,2186
2289,202116,5,0,122,TRUE,2187
2290,201403,5,0,148,FALSE,2188
2291,201402,5,0,198,FALSE,2189
2292,200201,5,0,100,TRUE,2190
2293,200505,5,0,249,FALSE,2191
2294,200201,4,0,100,FALSE,2192
2295,200201,4,0,100,FALSE,2193
2296,200201,4,0,100,FALSE,2194
2297,140101,1,14,27,FALSE,2195
2298,200201,4,0,100,FALSE,2196
2299,140101,1,14,27,FALSE,2197
2300,202704,5,0,195,TRUE,2198
2301,201704,4,0,208,TRUE,2199
2302,201004,5,0,231,FALSE,2200
2303,200802,4,0,123,TRUE,2201
2304,200502,4,0,145,TRUE,2202
2305,200201,4,0,100,FALSE,2203
2306,90102,2,9,28,FALSE,2204
2307,200201,4,0,100,FALSE,2205
2308,140101,1,14,27,FALSE,2206
2309,202116,5,0,122,TRUE,2207
2310,202703,4,0,214,TRUE,2208
2311,201306,4,0,114,FALSE,2209
2312,140141,1,14,369,FALSE,2210
2313,201104,1,14,205,FALSE,2211
2314,200505,5,0,249,FALSE,2212
2315,140101,1,14,27,FALSE,2213
2316,10401,3,1,3,FALSE,2214
2317,202704,4,0,195,TRUE,2215
2318,202704,4,0,195,TRUE,2216
2319,90401,3,9,3,FALSE,2217
2320,201307,5,0,113,FALSE,2218
2321,200201,4,0,100,FALSE,2219
2322,200201,4,0,100,FALSE,2220
2323,200201,4,0,100,FALSE,2221
2324,200201,4,0,100,FALSE,2222
2325,202112,5,0,120,FALSE,2223
2326,202402,4,0,166,FALSE,2224
2327,202116,5,0,122,TRUE,2225
2328,200802,5,0,123,FALSE,2226
2329,200205,4,0,215,FALSE,2227
2330,200505,5,0,249,TRUE,2228
2331,200201,4,0,100,FALSE,2229
2332,200802,5,0,123,TRUE,2230
2333,202402,4,0,166,TRUE,2231
2334,202116,5,0,122,TRUE,2232
2335,201003,5,0,189,FALSE,2233
2336,201006,5,0,234,FALSE,2234
2337,200501,4,0,248,TRUE,2235
2338,200201,4,0,100,FALSE,2236
2339,200901,4,0,106,TRUE,2237
2340,140101,1,14,27,FALSE,2238
2341,202116,5,0,122,TRUE,2239
2342,200201,4,0,100,FALSE,2240
2343,141406,5,14,326,FALSE,2241
2344,202116,5,0,122,TRUE,2242
2345,200201,4,0,100,FALSE,2243
2346,200401,4,0,168,TRUE,2244
2347,200201,4,0,100,FALSE,2245
2348,200201,4,0,100,FALSE,2246
2349,200201,4,0,100,FALSE,2247
2350,202116,5,0,122,TRUE,2248
2351,90208,2,9,369,FALSE,2249
2352,200201,4,0,100,FALSE,2250
2353,201006,5,0,234,FALSE,2251
2354,70401,3,7,3,TRUE,2252
2355,200902,4,0,106,TRUE,2253
2356,202703,4,0,214,TRUE,2254
2357,140101,1,14,27,FALSE,2255
2358,200201,4,0,100,FALSE,2256
2359,202701,4,0,166,TRUE,2257
2360,200201,4,0,100,FALSE,2258
2361,140101,1,14,27,FALSE,2259
2362,142500,1,14,329,FALSE,2260
2363,200709,4,0,239,TRUE,2261
2364,40101,2,4,28,TRUE,2262
2365,200505,5,0,249,FALSE,2263
2366,140101,1,14,27,FALSE,2264
2367,200601,4,0,241,FALSE,2265
2368,201301,5,0,138,FALSE,2266
2369,200401,4,0,168,FALSE,2267
2370,140101,1,14,27,FALSE,2268
2371,140101,1,14,27,FALSE,2269
2372,90401,3,9,3,TRUE,2270
2373,200203,4,0,126,FALSE,2271
2374,20302,5,2,122,FALSE,2272
2375,200201,4,0,100,TRUE,2273
2376,202116,5,0,122,TRUE,2274
2377,202106,5,0,171,FALSE,2275
2378,10401,3,1,3,FALSE,2276
2379,200201,4,0,100,FALSE,2277
2380,200201,4,0,100,FALSE,2278
2381,202707,5,0,162,FALSE,2279
2382,202703,4,0,214,FALSE,2280
2383,202703,4,0,214,FALSE,2281
2384,201704,4,0,208,TRUE,2282
2385,202106,5,0,171,TRUE,2283
2386,40304,4,4,8,TRUE,2284
2387,40304,4,4,8,TRUE,2285
2388,140101,1,14,27,FALSE,2286
2389,200201,4,0,100,FALSE,2287
2390,200703,4,0,232,TRUE,2288
2391,200201,4,0,100,FALSE,2289
2392,200201,4,0,100,FALSE,2290
2393,202106,5,0,171,FALSE,2291
2394,200201,4,0,100,FALSE,2292
2395,200201,4,0,100,FALSE,2293
2396,200201,4,0,100,FALSE,2294
2397,140101,1,14,27,FALSE,2295
2398,202402,4,0,166,TRUE,2296
2399,20303,2,2,7,FALSE,2297
2400,90102,2,9,28,FALSE,2298
2401,201704,4,0,208,TRUE,2299
2402,200201,4,0,100,FALSE,2300
2403,140101,1,14,27,TRUE,2301
2404,202401,5,0,172,TRUE,2302
2405,202403,4,0,166,TRUE,2303
2406,140101,1,14,27,TRUE,2304
2407,200101,4,0,137,FALSE,2305
2408,200706,5,0,225,TRUE,2306
2409,200703,0,0,230,TRUE,2307
2410,70102,2,7,28,FALSE,2308
2411,200402,4,0,253,TRUE,2309
2412,200201,4,0,100,FALSE,2310
2413,200201,4,0,100,FALSE,2311
2414,202116,5,0,122,TRUE,2312
2415,200802,4,0,123,TRUE,2313
2416,200506,5,0,151,TRUE,2314
2417,202101,5,0,184,TRUE,2315
2418,200201,4,0,100,FALSE,2316
2419,202116,5,0,122,FALSE,2317
2420,140811,5,14,191,TRUE,2318
2421,200506,5,0,151,FALSE,2319
2422,202116,5,0,122,TRUE,2320
2423,200201,4,0,100,FALSE,2321
2424,200201,4,0,100,FALSE,2322
2425,200506,4,0,151,TRUE,2323
2426,70401,3,7,3,TRUE,2324
2427,200201,4,0,100,FALSE,2325
2428,140401,4,14,8,TRUE,2326
2429,140141,1,14,369,FALSE,2327
2430,201302,5,0,135,FALSE,2328
2431,200201,4,0,100,FALSE,2329
2432,140101,1,14,27,FALSE,2330
2433,202116,5,0,122,FALSE,2331
2434,202106,5,0,171,FALSE,2332
2435,202116,5,0,122,TRUE,2333
2436,201004,5,0,231,FALSE,2334
2437,140101,1,14,27,FALSE,2335
2438,200201,4,0,100,FALSE,2336
2439,202405,4,0,102,TRUE,2337
2440,200201,4,0,100,FALSE,2338
2441,90208,2,9,7,FALSE,2339
2442,202501,5,0,240,TRUE,2340
2443,202401,5,0,172,TRUE,2341
2444,200802,4,0,123,TRUE,2342
2445,200201,4,0,100,FALSE,2343
2446,200201,4,0,100,FALSE,2344
2447,200710,4,0,111,FALSE,2345
2448,202116,5,0,122,TRUE,2346
2449,200902,4,0,106,FALSE,2347
2450,30102,2,3,28,FALSE,2348
2451,201006,5,0,234,TRUE,2349
2452,200205,4,0,215,TRUE,2350
2453,90102,1,9,28,FALSE,2351
2454,202116,5,0,122,TRUE,2352
2455,202116,5,0,122,TRUE,2353
2456,200201,4,0,100,FALSE,2354
2457,200201,4,0,100,FALSE,2355
2458,200506,5,0,151,TRUE,2356
2459,200201,4,0,100,FALSE,2357
2460,140101,1,14,27,FALSE,2358
2461,200201,4,0,100,TRUE,2359
2462,200201,4,0,100,TRUE,2360
2463,200201,4,0,100,FALSE,2361
2464,200506,5,0,151,TRUE,2362
2465,142202,1,14,19,FALSE,2363
2466,200205,4,0,215,TRUE,2364
2467,200201,4,0,100,FALSE,2365
2468,200201,4,0,100,FALSE,2366
2469,200201,4,0,100,FALSE,2367
2470,202402,4,0,166,TRUE,2368
2471,200201,4,0,100,FALSE,2369
2472,200201,4,0,100,FALSE,2370
2473,200201,4,0,100,FALSE,2371
2474,200201,4,0,100,FALSE,2372
2475,201404,5,0,243,TRUE,2373
2476,200502,4,0,145,TRUE,2374
2477,202501,4,0,240,TRUE,2375
2478,200201,4,0,100,FALSE,2376
2479,200703,4,0,232,TRUE,2377
2480,201004,5,0,231,FALSE,2378
2481,200101,5,0,137,TRUE,2379
2482,140101,1,14,27,TRUE,2380
2483,140101,1,14,27,TRUE,2381
2484,140101,1,14,27,FALSE,2382
2485,200201,4,0,100,FALSE,2383
2486,201307,5,0,113,TRUE,2384
2487,202220,5,0,115,TRUE,2385
2488,201402,6,0,198,TRUE,2386
2489,200802,5,0,123,TRUE,2387
2490,200503,4,0,247,TRUE,2388
2491,202701,4,0,166,TRUE,2389
2492,201402,5,0,198,TRUE,2390
2493,200201,4,0,100,FALSE,2391
2494,140101,1,14,27,FALSE,2392
2495,140101,1,14,27,TRUE,2393
2496,140101,1,14,27,FALSE,2394
2497,200209,4,0,170,FALSE,2395
2498,202112,5,0,120,TRUE,2396
2499,200201,4,0,100,FALSE,2397
2500,140101,1,14,27,TRUE,2398
2501,202705,4,0,163,FALSE,2399
2502,202117,4,0,139,TRUE,2400
2503,202116,5,0,122,FALSE,2401
2504,201006,5,0,234,FALSE,2402
2505,200505,5,0,249,FALSE,2403
2506,200505,5,0,249,FALSE,2404
2507,201304,5,0,135,TRUE,2405
2508,200506,5,0,151,FALSE,2406
2509,200201,4,0,100,FALSE,2407
2510,200201,4,0,100,FALSE,2408
2511,200201,4,0,100,FALSE,2409
2512,201005,5,0,245,TRUE,2410
2513,140101,1,14,27,FALSE,2411
2514,140101,1,14,27,TRUE,2412
2515,90305,2,9,4,FALSE,2413
2516,200901,4,0,106,TRUE,2414
2517,200201,4,0,100,FALSE,2415
2518,200701,4,0,206,FALSE,2416
2519,200203,4,0,126,FALSE,2417
2520,202112,5,0,120,TRUE,2418
2521,200201,4,0,100,FALSE,2419
2522,141605,1,14,332,FALSE,2420
2523,201006,5,0,234,FALSE,2421
2524,200201,4,0,100,FALSE,2422
2525,200201,4,0,100,FALSE,2423
2526,202109,5,0,235,FALSE,2424
2527,201401,5,0,187,TRUE,2425
2528,140101,1,14,27,TRUE,2426
2529,201404,5,0,243,TRUE,2427
2530,200209,4,0,170,FALSE,2428
2531,200501,4,0,248,FALSE,2429
2532,140101,1,14,27,FALSE,2430
2533,140101,1,14,27,FALSE,2431
2534,202704,5,0,195,TRUE,2432
2535,201402,5,0,198,FALSE,2433
2536,200703,4,0,232,FALSE,2434
2537,200201,4,0,100,FALSE,2435
2538,140101,1,14,27,TRUE,2436
2539,20102,2,2,28,FALSE,2437
2540,202405,4,0,102,FALSE,2438
2541,200201,4,0,100,FALSE,2439
2542,201601,4,0,186,FALSE,2440
2543,202116,5,0,122,FALSE,2441
2544,200001,4,0,214,TRUE,2442
2545,140101,1,14,27,FALSE,2443
2546,202112,5,0,120,FALSE,2444
2547,202112,5,0,120,TRUE,2445
2548,30101,1,3,28,FALSE,2446
2549,200201,4,0,100,FALSE,2447
2550,202405,2,0,102,FALSE,2448
2551,201704,4,0,208,TRUE,2449
2552,201009,5,0,121,TRUE,2450
2553,200601,4,0,241,TRUE,2451
2554,201704,4,0,208,TRUE,2452
2555,200801,4,0,204,TRUE,2453
2556,200201,4,0,100,FALSE,2454
2557,200201,4,0,100,FALSE,2455
2558,140133,1,14,1,FALSE,2456
2559,201004,5,0,231,TRUE,2457
2560,200505,5,0,249,TRUE,2458
2561,200802,4,0,123,TRUE,2459
2562,200001,4,0,214,TRUE,2460
2563,200201,4,0,100,FALSE,2461
2564,202701,4,0,166,TRUE,2462
2565,201006,5,0,234,FALSE,2463
2566,202117,5,0,139,TRUE,2464
2567,202117,5,0,139,FALSE,2465
2568,90102,2,9,28,FALSE,2466
2569,200502,4,0,145,TRUE,2467
2570,201301,4,0,138,FALSE,2468
2571,200201,4,0,100,FALSE,2469
2572,200201,4,0,100,FALSE,2470
2573,202110,5,0,233,FALSE,2471
2574,200802,5,0,123,TRUE,2472
2575,200502,4,0,145,TRUE,2473
2576,200406,4,0,153,FALSE,2474
2577,200201,4,0,100,FALSE,2475
2578,140301,4,14,335,TRUE,2476
2579,140101,1,14,27,TRUE,2477
2580,140101,1,14,27,TRUE,2478
2581,200403,4,0,236,FALSE,2479
2582,202112,5,0,120,TRUE,2480
2583,201307,5,0,113,FALSE,2481
2584,201304,5,0,135,TRUE,2482
2585,200407,4,0,129,FALSE,2483
2586,200101,4,0,137,FALSE,2484
2587,70101,2,7,28,FALSE,2485
2588,200602,4,0,195,TRUE,2486
2589,200201,4,0,100,FALSE,2487
2590,140101,1,14,27,TRUE,2488
2591,40220,2,4,7,TRUE,2489
2592,202701,4,0,166,TRUE,2490
2593,200405,4,0,188,TRUE,2491
2594,140401,4,14,8,TRUE,2492
2595,202117,5,0,139,TRUE,2493
2596,200201,4,0,100,FALSE,2494
2597,201003,5,0,189,FALSE,2495
2598,200505,5,0,249,TRUE,2496
2599,200201,4,0,100,FALSE,2497
2600,200201,4,0,100,FALSE,2498
2601,140301,4,14,335,TRUE,2499
2602,140101,1,14,27,TRUE,2500
2603,202704,4,0,195,TRUE,2501
2604,200201,4,0,100,FALSE,2502
2605,202401,5,0,172,TRUE,2503
2606,201402,5,0,198,TRUE,2504
2607,200802,4,0,123,TRUE,2505
2608,202112,5,0,120,FALSE,2506
2609,201006,5,0,234,TRUE,2507
2610,200201,4,0,100,FALSE,2508
2611,200201,4,0,100,FALSE,2509
2612,202112,5,0,120,TRUE,2510
2613,202011,5,0,216,TRUE,2511
2614,200101,4,0,137,FALSE,2512
2615,141605,1,14,332,FALSE,2513
2616,90102,2,9,28,FALSE,2514
2617,140101,1,14,27,FALSE,2515
2618,200201,4,0,100,FALSE,2516
2619,202110,4,0,233,FALSE,2517
2620,202106,5,0,171,FALSE,2518
2621,202008,5,0,192,TRUE,2519
2622,201103,5,0,221,TRUE,2520
2623,200803,4,0,134,TRUE,2521
2624,140401,4,14,8,TRUE,2522
2625,202301,0,0,232,FALSE,2523
2626,200201,4,0,100,FALSE,2524
2627,200201,4,0,100,FALSE,2525
2628,200207,4,0,170,FALSE,2526
2629,200201,4,0,100,FALSE,2527
2630,200201,4,0,100,FALSE,2528
2631,10102,2,1,28,TRUE,2529
2632,201302,5,0,135,TRUE,2530
2633,70401,3,7,3,TRUE,2531
2634,70102,2,7,28,FALSE,2532
2635,30303,2,3,7,FALSE,2533
2636,200201,4,0,100,FALSE,2534
2637,200203,4,0,126,FALSE,2535
2638,200203,4,0,126,FALSE,2536
2639,202108,5,0,238,FALSE,2537
2640,200201,4,0,100,FALSE,2538
2641,140101,1,14,27,FALSE,2539
2642,202403,5,0,166,TRUE,2540
2643,202116,5,0,122,TRUE,2541
2644,202115,5,0,156,FALSE,2542
2645,202110,5,0,233,FALSE,2543
2646,200407,4,0,129,TRUE,2544
2647,90403,4,9,211,FALSE,2545
2648,202301,0,0,232,FALSE,2546
2649,200201,4,0,100,FALSE,2547
2650,200201,4,0,100,FALSE,2548
2651,201201,0,0,170,TRUE,2549
2652,200201,4,0,100,FALSE,2550
2653,140101,1,14,27,FALSE,2551
2654,201004,5,0,231,FALSE,2552
2655,201307,5,0,113,TRUE,2553
2656,30305,2,3,4,FALSE,2554
2657,30101,2,3,28,FALSE,2555
2658,200201,4,0,100,FALSE,2556
2659,201802,5,0,143,TRUE,2557
2660,201307,5,0,113,TRUE,2558
2661,201302,5,0,135,FALSE,2559
2662,200707,5,0,152,TRUE,2560
2663,200201,4,0,100,FALSE,2561
2664,140101,1,14,27,TRUE,2562
2665,140401,4,14,8,TRUE,2563
2666,140156,1,14,27,FALSE,2564
2667,200001,4,0,214,TRUE,2565
2668,200219,4,0,175,FALSE,2566
2669,200201,4,0,100,FALSE,2567
2670,200201,4,0,100,FALSE,2568
2671,200001,4,0,214,TRUE,2569
2672,90102,2,9,28,FALSE,2570
2673,200201,4,0,100,FALSE,2571
2674,201301,4,0,138,FALSE,2572
2675,202116,5,0,122,TRUE,2573
2676,140101,1,14,27,FALSE,2574
2677,140133,1,14,1,FALSE,2575
2678,200201,4,0,100,FALSE,2576
2679,200201,4,0,100,FALSE,2577
2680,140101,1,14,27,TRUE,2578
2681,200201,4,0,100,FALSE,2579
2682,202106,5,0,171,FALSE,2580
2683,201704,4,0,208,TRUE,2581
2684,201402,5,0,198,FALSE,2582
2685,201005,5,0,245,TRUE,2583
2686,90401,3,9,3,FALSE,2584
2687,90303,2,9,7,FALSE,2585
2688,201403,5,0,148,TRUE,2586
2689,200405,4,0,188,TRUE,2587
2690,200405,4,0,188,TRUE,2588
2691,200201,4,0,100,FALSE,2589
2692,201001,5,0,104,TRUE,2590
2693,200711,4,0,16,FALSE,2591
2694,20102,2,2,28,TRUE,2592
2695,200201,4,0,100,FALSE,2593
2696,202106,5,0,171,FALSE,2594
2697,201301,4,0,138,FALSE,2595
2698,200708,4,0,157,FALSE,2596
2699,200707,4,0,152,TRUE,2597
2700,200201,4,0,100,FALSE,2598
2701,200201,4,0,100,FALSE,2599
2702,40208,2,4,7,FALSE,2600
2703,201704,4,0,208,TRUE,2601
2704,200201,4,0,100,FALSE,2602
2705,202008,5,0,192,TRUE,2603
2706,201202,5,0,170,FALSE,2604
2707,202405,4,0,102,FALSE,2605
2708,200503,4,0,247,TRUE,2606
2709,200203,4,0,126,TRUE,2607
2710,90303,2,9,7,FALSE,2608
2711,200401,4,0,168,FALSE,2609
2712,200201,4,0,100,FALSE,2610
2713,200201,4,0,100,FALSE,2611
2714,202704,0,0,195,FALSE,2612
2715,70302,5,7,122,TRUE,2613
2716,200201,4,0,100,FALSE,2614
2717,200201,4,0,100,FALSE,2615
2718,99,6,0,24,TRUE,2616
2719,200707,5,0,152,FALSE,2617
2720,200503,4,0,247,TRUE,2618
2721,200201,4,0,100,FALSE,2619
2722,200201,4,0,100,FALSE,2620
2723,99,6,0,24,TRUE,2621
2724,200505,5,0,249,FALSE,2622
2725,201704,4,0,208,TRUE,2623
2726,140101,1,14,27,FALSE,2624
2727,202405,4,0,102,TRUE,2625
2728,202101,5,0,184,TRUE,2626
2729,201201,5,0,170,FALSE,2627
2730,200201,4,0,100,FALSE,2628
2731,200201,4,0,100,FALSE,2629
2732,140802,5,14,338,FALSE,2630
2733,202116,5,0,122,FALSE,2631
2734,200702,4,0,102,FALSE,2632
2735,200201,4,0,100,FALSE,2633
2736,200201,5,0,100,TRUE,2634
2737,130307,2,13,7,FALSE,2635
2738,200502,4,0,145,TRUE,2636
2739,200505,5,0,249,TRUE,2637
2740,200407,4,0,129,TRUE,2638
2741,200201,4,0,100,FALSE,2639
2742,200203,4,0,126,FALSE,2640
2743,202104,5,0,161,TRUE,2641
2744,201307,5,0,113,TRUE,2642
2745,200402,4,0,253,FALSE,2643
2746,200201,4,0,100,FALSE,2644
2747,200201,4,0,100,FALSE,2645
2748,140101,1,14,27,FALSE,2646
2749,10104,2,1,28,TRUE,2647
2750,200505,5,0,249,TRUE,2648
2751,202705,4,0,163,TRUE,2649
2752,202112,5,0,120,FALSE,2650
2753,201306,4,0,114,FALSE,2651
2754,140101,1,14,27,TRUE,2652
2755,201801,5,0,167,FALSE,2653
2756,200901,4,0,106,TRUE,2654
2757,200710,4,0,111,TRUE,2655
2758,200201,4,0,100,FALSE,2656
2759,90305,2,9,4,FALSE,2657
2760,202112,5,0,120,TRUE,2658
2761,200201,4,0,100,FALSE,2659
2762,200707,5,0,152,TRUE,2660
2763,140101,1,14,27,FALSE,2661
2764,140101,1,14,27,TRUE,2662
2765,70401,3,7,3,TRUE,2663
2766,200201,4,0,100,FALSE,2664
2767,200201,4,0,100,FALSE,2665
2768,140101,1,14,27,TRUE,2666
2769,202116,5,0,122,TRUE,2667
2770,202106,5,0,171,FALSE,2668
2771,140101,1,14,27,FALSE,2669
2772,200505,5,0,249,FALSE,2670
2773,50101,2,5,28,FALSE,2671
2774,201403,5,0,148,TRUE,2672
2775,200201,4,0,100,FALSE,2673
2776,200203,4,0,126,TRUE,2674
2777,140133,1,14,1,FALSE,2675
2778,202112,5,0,120,FALSE,2676
2779,201308,5,0,119,TRUE,2677
2780,140101,1,14,27,TRUE,2678
2781,200201,4,0,100,FALSE,2679
2782,140128,1,14,308,FALSE,2680
2783,201002,5,0,121,FALSE,2681
2784,140101,1,14,27,FALSE,2682
2785,140101,1,14,27,FALSE,2683
2786,202116,5,0,122,TRUE,2684
2787,201403,5,0,148,FALSE,2685
2788,200505,5,0,249,FALSE,2686
2789,201402,5,0,198,FALSE,2687
2790,200201,4,0,100,FALSE,2688
2791,200201,4,0,100,FALSE,2689
2792,200901,4,0,106,TRUE,2690
2793,200502,4,0,145,FALSE,2691
2794,202704,5,0,195,TRUE,2692
2795,202112,5,0,120,TRUE,2693
2796,200408,4,0,202,TRUE,2694
2797,50103,4,5,28,TRUE,2695
2798,200505,5,0,249,TRUE,2696
2799,140101,1,14,27,TRUE,2697
2800,140101,1,14,27,TRUE,2698
2801,200201,4,0,100,FALSE,2699
2802,200402,4,0,253,TRUE,2700
2803,201307,5,0,113,TRUE,2701
2804,90102,2,9,28,TRUE,2702
2805,202106,5,0,171,FALSE,2703
2806,200201,4,0,100,FALSE,2704
2807,200901,4,0,106,TRUE,2705
2808,201005,5,0,245,FALSE,2706
2809,200201,4,0,100,FALSE,2707
2810,20402,3,2,5,FALSE,2708
2811,202704,4,0,195,TRUE,2709
2812,201201,4,0,170,TRUE,2710
2813,200503,4,0,247,TRUE,2711
2814,200502,4,0,145,TRUE,2712
2815,200201,4,0,100,FALSE,2713
2816,60102,2,6,28,FALSE,2714
2817,140101,1,14,27,TRUE,2715
2818,202116,5,0,122,FALSE,2716
2819,201006,5,0,234,TRUE,2717
2820,70303,2,7,7,FALSE,2718
2821,202116,5,0,122,FALSE,2719
2822,200603,4,0,241,TRUE,2720
2823,200201,4,0,100,FALSE,2721
2824,141602,5,14,382,FALSE,2722
2825,140609,5,14,304,FALSE,2723
2826,200201,4,0,100,FALSE,2724
2827,90401,3,9,3,FALSE,2725
2828,202106,5,0,171,FALSE,2726
2829,200201,4,0,100,FALSE,2727
2830,141602,1,14,382,FALSE,2728
2831,140101,1,14,27,FALSE,2729
2832,201201,4,0,170,TRUE,2730
2833,200505,5,0,249,FALSE,2731
2834,140133,1,14,1,FALSE,2732
2835,200201,4,0,100,FALSE,2733
2836,140811,5,14,191,TRUE,2734
2837,140101,1,14,27,FALSE,2735
2838,140101,1,14,27,FALSE,2736
2839,140101,1,14,27,TRUE,2737
2840,202501,4,0,240,TRUE,2738
2841,202116,5,0,122,FALSE,2739
2842,200505,5,0,249,TRUE,2740
2843,140101,1,14,27,TRUE,2741
2844,140101,1,14,27,FALSE,2742
2845,202402,4,0,166,FALSE,2743
2846,202112,5,0,120,TRUE,2744
2847,202106,5,0,171,FALSE,2745
2848,201307,5,0,113,TRUE,2746
2849,201307,5,0,113,TRUE,2747
2850,201306,4,0,114,TRUE,2748
2851,140101,1,14,27,FALSE,2749
2852,202704,4,0,195,FALSE,2750
2853,202102,5,0,141,TRUE,2751
2854,200502,4,0,145,TRUE,2752
2855,140133,1,14,1,TRUE,2753
2856,140101,1,14,27,FALSE,2754
2857,200201,4,0,100,FALSE,2755
2858,200401,4,0,168,TRUE,2756
2859,200503,4,0,247,TRUE,2757
2860,140101,1,14,27,FALSE,2758
2861,200710,4,0,111,FALSE,2759
2862,140101,1,14,27,FALSE,2760
2863,200602,4,0,195,TRUE,2761
2864,200505,5,0,249,FALSE,2762
2865,202116,5,0,122,FALSE,2763
2866,200201,4,0,100,FALSE,2764
2867,140121,1,14,304,TRUE,2765
2868,202106,5,0,171,TRUE,2766
2869,202106,5,0,171,TRUE,2767
2870,200101,4,0,137,FALSE,2768
2871,202011,5,0,216,FALSE,2769
2872,200203,4,0,126,FALSE,2770
2873,200201,4,0,100,FALSE,2771
2874,200201,4,0,100,FALSE,2772
2875,140101,1,14,27,FALSE,2773
2876,200201,4,0,100,FALSE,2774
2877,200505,5,0,249,TRUE,2775
2878,140101,1,14,27,TRUE,2776
2879,200201,4,0,100,FALSE,2777
2880,200201,4,0,100,FALSE,2778
2881,200001,4,0,214,TRUE,2779
2882,140301,4,14,335,TRUE,2780
2883,200201,4,0,100,FALSE,2781
2884,140301,4,14,335,TRUE,2782
2885,140133,1,14,1,TRUE,2783
2886,200201,4,0,100,FALSE,2784
2887,201601,4,0,186,TRUE,2785
2888,200401,4,0,168,TRUE,2786
2889,201802,5,0,172,TRUE,2787
2890,202001,4,0,206,FALSE,2788
2891,202108,5,0,238,FALSE,2789
2892,140101,1,14,27,FALSE,2790
2893,200201,4,0,100,FALSE,2791
2894,140101,1,14,27,FALSE,2792
2895,202704,5,0,195,FALSE,2793
2896,140101,1,14,27,TRUE,2794
2897,202106,5,0,171,FALSE,2795
2898,200401,4,0,168,FALSE,2796
2899,200201,4,0,100,FALSE,2797
2900,142103,1,14,326,FALSE,2798
2901,202701,4,0,166,FALSE,2799
2902,200101,4,0,137,FALSE,2800
2903,202703,4,0,214,TRUE,2801
2904,140101,1,14,27,TRUE,2802
2905,200505,5,0,249,TRUE,2803
2906,200201,4,0,100,FALSE,2804
2907,140101,1,14,27,FALSE,2805
2908,140101,1,14,27,FALSE,2806
2909,200407,4,0,129,TRUE,2807
2910,90305,2,9,4,FALSE,2808
2911,200201,4,0,100,FALSE,2809
2912,202116,5,0,122,TRUE,2810
2913,200402,4,0,253,TRUE,2811
2914,202011,5,0,216,FALSE,2812
2915,201307,5,0,113,FALSE,2813
2916,200201,4,0,100,FALSE,2814
2917,140101,1,14,27,FALSE,2815
2918,201403,5,0,148,FALSE,2816
2919,200201,4,0,100,FALSE,2817
2920,140133,1,14,1,FALSE,2818
2921,202116,5,0,122,FALSE,2819
2922,140805,1,14,27,FALSE,2820
2923,140101,1,14,27,FALSE,2821
2924,200505,5,0,249,FALSE,2822
2925,200201,4,0,100,FALSE,2823
2926,202116,5,0,122,FALSE,2824
2927,201308,5,0,119,TRUE,2825
2928,200201,4,0,100,FALSE,2826
2929,20401,3,2,3,FALSE,2827
2930,200201,4,0,100,FALSE,2828
2931,90102,2,9,28,FALSE,2829
2932,200203,4,0,126,TRUE,2830
2933,202106,5,0,171,FALSE,2831
2934,201307,5,0,113,TRUE,2832
2935,200201,4,0,100,FALSE,2833
2936,200201,4,0,100,FALSE,2834
2937,200402,4,0,253,TRUE,2835
2938,141800,1,14,327,FALSE,2836
2939,200201,4,0,100,FALSE,2837
2940,70302,2,7,122,FALSE,2838
2941,200402,4,0,253,TRUE,2839
2942,200201,4,0,100,FALSE,2840
2943,140101,1,14,27,FALSE,2841
2944,200201,4,0,100,FALSE,2842
2945,200201,4,0,100,FALSE,2843
2946,201201,5,0,170,TRUE,2844
2947,201706,4,0,223,TRUE,2845
2948,200502,4,0,145,FALSE,2846
2949,20302,5,2,122,TRUE,2847
2950,200505,5,0,249,TRUE,2848
2951,200201,4,0,100,FALSE,2849
2952,90102,2,9,28,FALSE,2850
2953,140101,1,14,27,FALSE,2851
2954,200201,4,0,100,FALSE,2852
2955,200201,4,0,100,FALSE,2853
2956,200201,4,0,100,FALSE,2854
2957,140116,1,14,371,FALSE,2855
2958,70102,2,7,28,TRUE,2856
2959,200201,4,0,100,FALSE,2857
2960,200201,4,0,100,FALSE,2858
2961,10102,2,1,28,TRUE,2859
2962,200703,4,0,232,TRUE,2860
2963,90102,2,9,28,FALSE,2861
2964,202116,5,0,122,FALSE,2862
2965,202116,5,0,122,TRUE,2863
2966,200201,4,0,100,FALSE,2864
2967,202405,4,0,102,FALSE,2865
2968,202703,4,0,214,FALSE,2866
2969,200405,4,0,188,TRUE,2867
2970,200201,4,0,100,FALSE,2868
2971,202009,5,0,192,FALSE,2869
2972,201104,5,0,205,FALSE,2870
2973,200201,4,0,100,FALSE,2871
2974,200901,4,0,106,FALSE,2872
2975,202116,5,0,122,TRUE,2873
2976,201306,4,0,114,TRUE,2874
2977,200408,4,0,202,TRUE,2875
2978,200201,4,0,100,FALSE,2876
2979,202116,5,0,122,FALSE,2877
2980,202116,5,0,122,FALSE,2878
2981,140101,1,14,27,TRUE,2879
2982,140101,1,14,27,TRUE,2880
2983,90401,3,9,3,FALSE,2881
2984,200201,4,0,100,FALSE,2882
2985,200505,5,0,249,TRUE,2883
2986,200604,4,0,122,FALSE,2884
2987,200201,4,0,126,FALSE,2885
2988,200201,4,0,100,FALSE,2886
2989,140301,4,14,335,FALSE,2887
2990,20101,2,2,28,FALSE,2888
2991,140101,1,14,27,FALSE,2889
2992,202116,5,0,122,FALSE,2890
2993,201704,4,0,208,TRUE,2891
2994,200505,5,0,249,TRUE,2892
2995,200201,4,0,100,FALSE,2893
2996,200201,4,0,100,FALSE,2894
2997,200201,4,0,100,FALSE,2895
2998,140101,1,14,27,FALSE,2896
2999,200201,4,0,100,FALSE,2897
3000,201306,5,0,114,FALSE,2898
3001,201306,4,0,114,TRUE,2899
3002,200505,5,0,249,TRUE,2900
3003,200201,4,0,100,FALSE,2901
3004,90102,2,9,28,TRUE,2902
3005,201001,5,0,104,TRUE,2903
3006,200401,4,0,168,FALSE,2904
3007,200201,4,0,100,FALSE,2905
3008,202116,5,0,122,TRUE,2906
3009,200505,5,0,249,FALSE,2907
3010,140101,1,14,27,FALSE,2908
3011,202405,4,0,102,FALSE,2909
3012,202116,5,0,122,TRUE,2910
3013,140101,1,14,27,TRUE,2911
3014,140101,1,14,27,TRUE,2912
3015,140101,1,14,27,TRUE,2913
3016,30404,5,3,21,FALSE,2914
3017,200201,4,0,100,FALSE,2915
3018,200201,4,0,100,FALSE,2916
3019,200201,4,0,100,FALSE,2917
3020,200201,4,0,100,FALSE,2918
3021,200201,4,0,100,FALSE,2919
3022,200201,4,0,100,FALSE,2920
3023,200302,4,0,254,FALSE,2921
3024,200201,4,0,100,FALSE,2922
3025,200201,4,0,100,FALSE,2923
3026,140101,1,14,27,FALSE,2924
3027,201201,4,0,170,FALSE,2925
3028,200207,4,0,170,FALSE,2926
3029,140101,1,14,27,FALSE,2927
3030,200201,4,0,100,FALSE,2928
3031,201201,4,0,170,FALSE,2929
3032,200501,4,0,248,TRUE,2930
3033,200201,4,0,100,FALSE,2931
3034,140101,1,14,27,FALSE,2932
3035,200502,4,0,145,FALSE,2933
3036,200201,4,0,100,FALSE,2934
3037,200201,4,0,100,FALSE,2935
3038,20102,2,2,7,FALSE,2936
3039,141802,1,14,319,FALSE,2937
3040,200201,4,0,100,FALSE,2938
3041,70308,2,7,319,FALSE,2939
3042,200201,4,0,100,FALSE,2940
3043,90304,4,9,8,FALSE,2941
3044,200205,4,0,215,TRUE,2942
3045,200205,4,0,215,TRUE,2943
3046,200201,4,0,100,FALSE,2944
3047,140101,1,14,27,FALSE,2945
3048,200701,4,0,206,FALSE,2946
3049,200201,4,0,100,FALSE,2947
3050,200201,4,0,100,FALSE,2948
3051,90401,3,9,3,FALSE,2949
3052,200201,4,0,100,FALSE,2950
3053,202116,5,0,122,FALSE,2951
3054,140101,1,14,27,TRUE,2952
3055,202116,5,0,122,TRUE,2953
3056,201104,5,0,205,TRUE,2954
3057,200201,4,0,100,FALSE,2955
3058,140101,1,14,27,FALSE,2956
3059,140101,1,14,27,FALSE,2957
3060,202116,5,0,122,FALSE,2958
3061,200201,4,0,100,FALSE,2959
3062,200201,4,0,100,FALSE,2960
3063,202501,4,0,240,FALSE,2961
3064,200402,4,0,253,TRUE,2962
3065,200402,4,0,253,TRUE,2963
3066,140101,1,14,27,TRUE,2964
3067,140101,1,14,27,FALSE,2965
3068,200201,4,0,100,FALSE,2966
3069,200502,4,0,145,TRUE,2967
3070,202405,4,0,102,TRUE,2968
3071,200201,4,0,100,FALSE,2969
3072,200201,4,0,100,FALSE,2970
3073,202001,5,0,192,TRUE,2971
3074,200201,4,0,100,FALSE,2972
3075,200201,4,0,100,FALSE,2973
3076,201008,4,0,214,TRUE,2974
3077,201004,5,0,231,TRUE,2975
3078,200201,4,0,100,FALSE,2976
3079,200201,4,0,100,FALSE,2977
3080,201303,4,0,138,TRUE,2978
3081,90102,2,9,28,TRUE,2979
3082,202116,5,0,122,TRUE,2980
3083,200201,4,0,100,FALSE,2981
3084,200201,4,0,100,FALSE,2982
3085,200201,4,0,100,FALSE,2983
3086,200201,4,0,100,FALSE,2984
3087,202116,5,0,122,FALSE,2985
3088,200502,4,0,145,TRUE,2986
3089,200201,4,0,100,FALSE,2987
3090,200201,4,0,100,FALSE,2988
3091,200201,4,0,100,FALSE,2989
3092,200402,4,0,253,TRUE,2990
3093,140101,1,14,27,FALSE,2991
3094,200802,4,0,123,TRUE,2992
3095,202703,4,0,214,TRUE,2993
3096,140101,1,14,27,FALSE,2994
3097,201201,5,0,170,TRUE,2995
3098,140301,4,14,335,FALSE,2996
3099,200406,4,0,153,FALSE,2997
3100,201307,5,0,113,FALSE,2998
3101,140101,1,14,27,TRUE,2999
3102,202112,5,0,120,TRUE,3000
3103,201307,5,0,113,TRUE,3001
3104,140101,1,14,27,FALSE,3002
3105,200503,4,0,247,TRUE,3003
3106,202405,4,0,102,FALSE,3004
3107,202116,5,0,122,TRUE,3005
3108,202116,5,0,122,FALSE,3006
3109,201308,5,0,119,TRUE,3007
3110,200206,4,0,217,TRUE,3008
3111,200201,4,0,100,FALSE,3009
3112,140101,1,14,27,TRUE,3010
3113,201307,5,0,113,TRUE,3011
3114,200802,4,0,123,TRUE,3012
3115,201001,5,0,104,TRUE,3013
3116,200201,4,0,100,FALSE,3014
3117,140101,1,14,27,FALSE,3015
3118,200001,4,0,214,TRUE,3016
3119,201502,4,0,237,TRUE,3017
3120,201004,5,0,231,TRUE,3018
3121,200505,5,0,249,TRUE,3019
3122,200201,4,0,100,FALSE,3020
3123,140120,1,14,408,FALSE,3021
3124,202116,5,0,122,FALSE,3022
3125,201006,5,0,234,FALSE,3023
3126,140101,1,14,27,FALSE,3024
3127,201307,5,0,113,TRUE,3025
3128,30102,2,3,28,FALSE,3026
3129,200708,4,0,157,FALSE,3027
3130,200302,4,0,254,TRUE,3028
3131,200502,4,0,145,FALSE,3029
3132,140101,1,14,27,TRUE,3030
3133,200505,5,0,249,FALSE,3031
3134,200505,5,14,249,TRUE,3032
3135,200201,4,0,100,FALSE,3033
3136,100107,5,10,28,FALSE,3034
3137,200201,4,0,100,FALSE,3035
3138,200201,4,0,100,FALSE,3036
3139,200201,4,0,100,FALSE,3037
3140,200201,4,0,100,FALSE,3038
3141,200201,4,0,100,FALSE,3039
3142,200201,4,0,100,FALSE,3040
3143,99,6,0,24,TRUE,3041
3144,99,6,0,24,TRUE,3042
3145,140101,1,14,27,TRUE,3043
3146,202114,5,0,228,TRUE,3044
3147,200201,4,0,100,FALSE,3045
3148,200201,4,0,100,FALSE,3046
3149,200201,4,0,100,FALSE,3047
3150,200402,4,0,253,FALSE,3048
3151,200602,4,0,195,TRUE,3049
3152,202116,5,0,122,TRUE,3050
3153,200402,4,0,253,TRUE,3051
3154,200402,4,0,253,TRUE,3052
3155,200201,4,0,100,FALSE,3053
3156,200201,4,0,100,FALSE,3054
3157,140101,1,14,27,TRUE,3055
3158,200201,4,0,100,FALSE,3056
3159,202106,5,0,171,FALSE,3057
3160,200201,4,0,100,FALSE,3058
3161,201502,4,0,237,TRUE,3059
3162,200201,4,0,100,FALSE,3060
3163,200201,4,0,100,FALSE,3061
3164,200201,4,0,100,FALSE,3062
3165,140101,1,14,27,FALSE,3063
3166,70404,5,7,21,FALSE,3064
3167,201203,5,0,192,FALSE,3065
3168,200505,5,0,249,TRUE,3066
3169,202116,5,0,122,FALSE,3067
3170,141802,1,14,319,FALSE,6302
3170,201706,4,0,223,FALSE,3068
3171,200406,4,0,153,TRUE,3069
3172,202703,4,0,214,FALSE,3070
3173,202116,5,0,122,FALSE,3071
3174,201303,4,0,138,FALSE,3072
3175,200201,4,0,100,FALSE,3073
3176,200201,4,0,100,FALSE,3074
3177,200201,4,0,100,FALSE,3075
3178,70101,2,7,27,FALSE,3076
3179,200203,4,0,126,FALSE,3077
3180,140101,1,14,27,TRUE,3078
3181,200603,4,0,241,FALSE,3079
3182,200201,4,0,100,FALSE,3080
3183,202703,4,0,214,TRUE,3081
3184,140101,1,14,27,TRUE,3082
3185,200201,4,0,100,FALSE,3083
3186,200201,4,0,100,FALSE,3084
3187,200201,4,0,100,FALSE,3085
3188,200201,4,0,100,FALSE,3086
3189,200201,4,0,100,FALSE,3087
3190,200203,4,0,126,TRUE,3088
3191,200201,4,0,100,FALSE,3089
3192,140301,4,14,335,FALSE,3090
3193,200502,4,0,145,TRUE,3091
3194,140401,4,14,8,TRUE,3092
3195,202703,4,0,214,FALSE,3093
3196,202116,5,0,122,TRUE,3094
3197,141717,1,14,19,FALSE,3095
3198,200201,4,0,100,FALSE,3096
3199,140301,4,14,335,FALSE,3097
3200,140301,4,14,335,FALSE,3098
3201,140301,4,14,335,FALSE,3099
3202,140101,1,14,27,TRUE,3100
3203,200201,4,0,100,FALSE,3101
3204,200406,4,0,153,FALSE,3102
3205,200201,4,0,100,FALSE,3103
3206,200201,4,0,100,FALSE,3104
3207,200201,4,0,100,FALSE,3105
3208,140133,1,14,1,FALSE,3106
3209,200201,4,0,100,FALSE,3107
3210,200201,4,0,100,FALSE,3108
3211,200201,4,0,100,FALSE,3109
3212,200201,4,0,100,FALSE,3110
3213,202112,5,0,120,FALSE,3111
3214,200605,4,0,227,TRUE,3112
3215,200407,4,0,129,TRUE,3113
3216,200201,4,0,100,FALSE,3114
3217,140101,1,14,27,TRUE,3115
3218,200701,4,0,206,FALSE,3116
3219,200201,4,0,100,FALSE,3117
3220,201201,4,0,170,FALSE,3118
3221,200201,4,9,100,FALSE,3119
3222,200201,4,0,100,FALSE,3120
3223,200201,4,7,100,FALSE,3121
3224,90401,3,9,3,FALSE,3122
3225,140101,1,14,27,TRUE,3123
3226,200402,4,4,253,TRUE,3124
3227,200201,4,4,100,FALSE,3125
3228,200201,4,10,100,FALSE,3126
3229,200201,4,9,100,FALSE,3127
3230,140101,1,14,27,FALSE,3128
3231,99,6,0,24,FALSE,3129
3232,200201,4,0,100,FALSE,3130
3233,200201,4,0,100,FALSE,3156
3234,40210,2,4,7,TRUE,3157
3235,202116,5,0,122,TRUE,3158
3236,201004,5,0,231,TRUE,3159
3237,200701,4,9,206,FALSE,3160
3238,200201,4,0,100,FALSE,3161
3239,90303,2,9,7,FALSE,3162
3240,200201,4,0,100,FALSE,3163
3241,141710,1,14,113,FALSE,3164
3242,200201,4,0,100,FALSE,3165
3243,200201,4,0,100,FALSE,3166
3244,202106,5,0,171,FALSE,3167
3245,202116,5,5,122,FALSE,3168
3246,50102,2,5,28,TRUE,3169
3247,201004,5,0,231,FALSE,3170
3248,200201,4,0,100,FALSE,3171
3249,200201,4,0,100,FALSE,3172
3250,200201,4,0,100,FALSE,3173
3251,140101,1,14,27,FALSE,3174
3252,200201,4,0,100,FALSE,3175
3253,202703,4,0,214,TRUE,3176
3254,202116,5,0,122,TRUE,3177
3255,201704,4,0,208,TRUE,3178
3256,200201,4,0,100,FALSE,3179
3257,200501,4,0,248,TRUE,3180
3258,200501,4,0,248,TRUE,3181
3259,90102,2,9,28,FALSE,3182
3260,200201,4,0,100,FALSE,3183
3261,140101,1,14,27,FALSE,3184
3262,200201,4,0,100,FALSE,3185
3263,200201,4,0,100,FALSE,3186
3264,140101,1,14,27,TRUE,3187
3265,201307,5,0,113,FALSE,3188
3266,200201,4,0,100,FALSE,3189
3267,200201,4,0,100,FALSE,3190
3268,202116,5,0,122,TRUE,3191
3269,202106,5,0,171,FALSE,3192
3270,200505,5,0,249,FALSE,3193
3271,200505,5,2,249,FALSE,3194
3272,141802,1,14,319,TRUE,3195
3273,90303,5,9,7,TRUE,3196
3274,200201,4,0,100,FALSE,3197
3275,200804,4,0,134,TRUE,3198
3276,140101,1,14,27,FALSE,3199
3277,200203,4,0,126,TRUE,3200
3278,200201,4,0,100,FALSE,3201
3279,200505,5,0,249,TRUE,3202
3280,140101,1,14,27,FALSE,3203
3281,200201,4,0,100,FALSE,3204
3282,200201,4,0,100,FALSE,3205
3283,202106,5,0,171,FALSE,3206
3284,200201,4,0,100,FALSE,3207
3285,200201,4,0,100,FALSE,3208
3286,200201,4,0,100,FALSE,3209
3287,202703,4,9,214,TRUE,3210
3288,201004,5,0,231,TRUE,3211
3289,90303,2,9,7,FALSE,3212
3290,90102,2,9,28,FALSE,3213
3291,201004,5,0,231,FALSE,3214
3292,200708,4,0,157,TRUE,3215
3293,200201,4,0,100,FALSE,3216
3294,200201,4,0,100,FALSE,3217
3295,200201,4,0,100,FALSE,3218
3296,200201,4,0,100,FALSE,3219
3297,200201,4,0,100,FALSE,3220
3298,90404,5,9,21,TRUE,3221
3299,200201,4,0,100,FALSE,3222
3300,200201,4,0,100,FALSE,3223
3301,140101,1,14,27,TRUE,3224
3302,140101,1,14,27,TRUE,3225
3303,200201,4,0,100,FALSE,3226
3304,200501,4,0,248,TRUE,3227
3305,202005,5,0,111,FALSE,3228
3305,20102,2,2,28,FALSE,6300
3306,70102,2,7,28,FALSE,3229
3307,200201,4,0,100,FALSE,3230
3308,200201,4,0,100,FALSE,3231
3309,202116,5,0,122,FALSE,3232
3310,202116,5,0,122,FALSE,3233
3311,202703,4,0,214,FALSE,3234
3312,60102,2,6,28,FALSE,3235
3313,200201,4,0,100,FALSE,3236
3314,201201,4,0,170,FALSE,3237
3315,200201,4,0,100,FALSE,3238
3316,202703,4,0,214,TRUE,3239
3317,202116,5,0,122,FALSE,3240
3318,90404,5,9,21,TRUE,3241
3319,200201,4,0,100,FALSE,3242
3320,200201,4,0,100,FALSE,3243
3321,200901,4,0,106,FALSE,3244
3322,202116,5,0,122,FALSE,3245
3323,200201,4,0,100,FALSE,3246
3324,200201,4,0,100,FALSE,3247
3325,202005,5,0,111,FALSE,3248
3326,200001,4,0,214,TRUE,3249
3327,200001,4,0,214,TRUE,3250
3328,200001,4,9,214,TRUE,3251
3329,90305,2,9,4,FALSE,3252
3330,202116,5,0,122,FALSE,3253
3331,202116,5,0,122,FALSE,3254
3332,202116,5,0,122,FALSE,3255
3333,200502,4,0,145,FALSE,3256
3334,200201,4,0,100,FALSE,3257
3335,90102,2,9,28,FALSE,3258
3336,202301,5,10,232,FALSE,3259
3337,202005,5,10,111,FALSE,3260
3338,200201,4,0,100,FALSE,3261
3339,200201,4,0,100,FALSE,3262
3340,200502,4,0,145,TRUE,3263
3341,202116,5,0,122,FALSE,3264
3342,201001,5,0,104,TRUE,3265
3343,201706,4,3,223,TRUE,3266
3344,200502,4,3,145,TRUE,3267
3345,200201,4,0,100,FALSE,3268
3346,201001,5,0,104,TRUE,3269
3347,200201,4,0,100,FALSE,3270
3348,200402,4,0,253,FALSE,3271
3349,140101,1,14,27,TRUE,3272
3350,140101,1,14,27,TRUE,3273
3351,200201,4,1,100,FALSE,3274
3352,202403,4,2,166,TRUE,3275
3353,200201,4,0,100,FALSE,3276
3354,202101,5,0,103,FALSE,3277
3355,200201,4,0,100,FALSE,3278
3356,200201,4,0,100,FALSE,3279
3357,140101,1,14,27,FALSE,3280
3358,200705,4,0,226,TRUE,3281
3359,200502,4,0,145,TRUE,3282
3360,140101,1,14,27,TRUE,3283
3361,140101,1,14,27,TRUE,3284
3362,201804,5,9,165,FALSE,3285
3363,200201,4,0,100,FALSE,3286
3364,200201,4,0,100,FALSE,3287
3365,200001,4,9,214,TRUE,3288
3366,202116,5,0,122,TRUE,3289
3367,200201,4,0,100,FALSE,3290
3368,200201,4,0,100,FALSE,3291
3369,202116,5,0,122,TRUE,3292
3370,140101,1,14,27,TRUE,3293
3371,140802,1,14,338,FALSE,3294
3372,202703,4,0,214,TRUE,3295
3373,200201,4,0,100,TRUE,3296
3374,200201,4,0,100,TRUE,3297
3375,140101,1,14,27,TRUE,3298
3376,200201,4,0,100,FALSE,3299
3377,201704,4,2,208,FALSE,3300
3378,200201,4,6,100,FALSE,3301
3379,90404,5,9,21,TRUE,3302
3380,140201,1,14,360,TRUE,3303
3381,201401,5,0,187,FALSE,3304
3382,200001,4,7,214,TRUE,3305
3383,10303,2,1,7,TRUE,3306
3384,10303,2,1,7,FALSE,3307
3385,200201,4,0,100,FALSE,3308
3386,200201,4,0,100,FALSE,3309
3387,201704,4,9,208,TRUE,3310
3388,200201,4,0,100,FALSE,3311
3389,200001,4,3,214,TRUE,3312
3390,200220,4,1,126,FALSE,3313
3391,200219,4,0,175,FALSE,3314
3392,202116,5,0,122,TRUE,3315
3393,202116,5,0,122,FALSE,3316
3394,202116,5,0,122,FALSE,3317
3395,201704,4,3,208,TRUE,3318
3396,201704,4,0,208,TRUE,3319
3397,200711,4,0,16,FALSE,3320
3398,200201,4,0,100,FALSE,3321
3399,202703,4,6,214,TRUE,3322
3400,202116,5,1,122,FALSE,3323
3401,200505,5,0,249,TRUE,3324
3402,200505,5,9,249,FALSE,3325
3403,200201,4,0,100,FALSE,3326
3404,140101,1,14,27,FALSE,3327
3405,202116,5,0,122,FALSE,3328
3406,202106,5,9,171,FALSE,3329
3407,200201,4,0,100,FALSE,3330
3408,202116,5,0,122,FALSE,3331
3409,201004,5,0,231,FALSE,3332
3409,140133,1,14,27,FALSE,6297
3410,201601,4,14,186,FALSE,3333
3411,200201,4,0,100,FALSE,3334
3412,200405,4,9,188,FALSE,3335
3413,200201,4,0,100,FALSE,3336
3414,200201,4,0,100,FALSE,3337
3415,140101,1,14,27,FALSE,3338
3416,200201,4,0,100,FALSE,3339
3417,20401,3,2,3,FALSE,3340
3418,201704,4,0,208,TRUE,3341
3419,200201,4,0,100,FALSE,3342
3420,200602,4,5,195,TRUE,3343
3421,200201,4,0,100,FALSE,3344
3422,200201,4,0,100,FALSE,3345
3423,201101,5,0,190,TRUE,3346
3424,200201,4,0,100,FALSE,3347
3425,200201,4,2,100,FALSE,3348
3426,100401,3,10,3,FALSE,3349
3427,100401,3,10,3,FALSE,3350
3428,200205,4,0,215,FALSE,3351
3429,200401,4,0,168,FALSE,3352
3430,200201,4,0,100,FALSE,3353
3431,201004,5,0,231,FALSE,3354
3432,200201,4,0,100,FALSE,3355
3433,200201,4,0,100,FALSE,3356
3434,200201,4,0,100,FALSE,3357
3435,200201,4,0,100,FALSE,3358
3436,201307,5,0,113,FALSE,3359
3437,200201,4,0,100,FALSE,3360
3438,140301,4,14,335,FALSE,3361
3439,201704,4,0,208,TRUE,3362
3440,202703,4,0,214,FALSE,3363
3441,200201,4,0,100,FALSE,3364
3442,200201,4,0,100,FALSE,3365
3443,200201,4,0,100,FALSE,3366
3444,90102,2,9,28,TRUE,3367
3445,202112,5,0,120,FALSE,3368
3446,200201,4,0,100,FALSE,3369
3447,201201,4,0,170,TRUE,3370
3448,200201,4,0,100,FALSE,3371
3449,202116,5,0,122,TRUE,3372
3450,200408,4,0,202,TRUE,3373
3451,200201,4,0,100,FALSE,3374
3452,201101,5,0,190,FALSE,3375
3453,202101,5,0,184,FALSE,3376
3454,201005,5,0,245,FALSE,3377
3455,201308,5,0,119,TRUE,3378
3456,140146,1,14,390,FALSE,3379
3457,100404,3,10,21,FALSE,3380
3458,202117,5,0,139,TRUE,3381
3459,200201,4,0,100,FALSE,3382
3460,200201,4,0,100,FALSE,3383
3461,200201,4,0,100,FALSE,3384
3462,200201,4,0,100,FALSE,3385
3463,202403,5,0,166,TRUE,3386
3464,202106,5,0,171,FALSE,3387
3465,200201,4,0,100,FALSE,3388
3466,200201,4,0,100,FALSE,3389
3467,90102,2,9,28,TRUE,3390
3468,200101,4,0,137,FALSE,3391
3469,200207,4,0,170,FALSE,3392
3470,202403,4,0,166,TRUE,3393
3471,200201,4,0,100,FALSE,3394
3472,200201,4,0,100,FALSE,3395
3473,202703,4,0,214,FALSE,3396
3474,200201,4,0,100,FALSE,3397
3475,140101,1,14,27,TRUE,3398
3476,202703,4,0,214,FALSE,3399
3477,90102,2,9,28,FALSE,3400
3478,200201,4,0,100,FALSE,3401
3479,140101,1,14,27,TRUE,3402
3480,30214,2,3,7,FALSE,3403
3481,200207,4,0,170,FALSE,3404
3482,200506,5,0,151,TRUE,3405
3483,200505,5,0,249,FALSE,3406
3484,200219,4,0,100,FALSE,3407
3485,200219,4,0,100,FALSE,3408
3486,200219,4,0,100,FALSE,3409
3487,200201,4,0,100,FALSE,3410
3488,200201,4,0,100,FALSE,3411
3489,200219,4,0,100,FALSE,3412
3490,200219,4,0,175,FALSE,3413
3491,200219,4,0,175,FALSE,3414
3492,200201,4,0,100,FALSE,3415
3493,202011,5,0,216,FALSE,3416
3494,200702,4,0,102,TRUE,3417
3495,202111,5,0,133,FALSE,3418
3496,200201,4,0,100,FALSE,3419
3497,140116,2,14,371,FALSE,3420
3498,200219,4,0,175,FALSE,3421
3499,200219,4,0,175,FALSE,3422
3500,200219,4,0,175,FALSE,3423
3501,200219,4,0,175,FALSE,3424
3502,140101,1,14,27,TRUE,3425
3503,202501,5,0,240,FALSE,3426
3504,200505,5,0,249,TRUE,3427
3505,202112,5,0,120,TRUE,3428
3506,201103,5,0,221,FALSE,3429
3507,201302,5,0,135,TRUE,3430
3508,200701,4,0,206,FALSE,3431
3509,200201,4,0,100,FALSE,3432
3510,200201,4,0,100,FALSE,3433
3511,140101,1,14,27,FALSE,3434
3512,140101,1,14,27,TRUE,3435
3513,140101,1,14,27,TRUE,3436
3514,202106,5,0,171,TRUE,3437
3515,200201,4,0,100,FALSE,3438
3516,202116,5,0,122,TRUE,3439
3517,140101,1,14,27,FALSE,3440
3518,10308,2,1,319,FALSE,3441
3519,200201,4,0,100,TRUE,3442
3520,200201,4,0,100,FALSE,3443
3521,202403,4,0,166,TRUE,3444
3522,200201,4,0,100,FALSE,3445
3523,202106,5,0,171,FALSE,3446
3524,200710,4,0,111,TRUE,3447
3525,202116,5,0,122,FALSE,3448
3526,200402,4,0,253,FALSE,3449
3527,200201,4,0,100,FALSE,3450
3528,140809,1,14,192,FALSE,3451
3529,200201,4,0,100,FALSE,3452
3530,200201,4,0,100,FALSE,3453
3531,200201,4,0,100,FALSE,3454
3532,202116,5,0,122,FALSE,3455
3533,200201,4,0,100,FALSE,3456
3534,200201,4,0,100,FALSE,3457
3535,200402,4,0,253,TRUE,3458
3536,202106,5,0,171,FALSE,3459
3537,200201,4,0,100,FALSE,3460
3538,202501,4,0,240,FALSE,3461
3539,200201,4,0,100,FALSE,3462
3540,202011,5,0,216,FALSE,3463
3541,20307,2,2,7,FALSE,3464
3542,200201,4,0,100,FALSE,3465
3543,200201,4,0,100,FALSE,3466
3544,200201,4,0,100,FALSE,3467
3545,200201,4,0,100,FALSE,3468
3546,200213,4,0,100,FALSE,3469
3547,201704,4,0,208,TRUE,3470
3548,201307,5,0,113,FALSE,3471
3549,200201,4,0,100,TRUE,3472
3550,140133,1,14,1,TRUE,3473
3551,90102,2,9,28,FALSE,3474
3552,201801,5,0,167,FALSE,3475
3553,202301,5,0,232,FALSE,3476
3554,200502,4,0,145,TRUE,3477
3555,202301,5,0,232,TRUE,3478
3556,140101,1,14,27,FALSE,3479
3557,200505,5,0,249,FALSE,3480
3558,140101,1,14,27,FALSE,3481
3559,200201,4,0,100,FALSE,3482
3560,200201,4,0,100,FALSE,3483
3561,202201,4,0,211,FALSE,3484
3562,200201,4,0,100,FALSE,3485
3563,140101,1,14,27,TRUE,3486
3564,140101,1,14,27,FALSE,3487
3565,202008,5,0,192,TRUE,3488
3566,140101,1,14,27,FALSE,3489
3567,200201,4,0,100,FALSE,3490
3568,201004,5,0,231,TRUE,3491
3569,201704,4,0,208,TRUE,3492
3570,201304,5,0,135,FALSE,3493
3571,202008,5,0,192,TRUE,3494
3572,201006,5,0,234,TRUE,3495
3573,141605,1,14,332,FALSE,3496
3574,201201,5,0,170,FALSE,3497
3575,201104,5,0,205,FALSE,3498
3576,200201,4,0,100,FALSE,3499
3577,200201,4,0,100,FALSE,3500
3578,200201,4,0,100,FALSE,3501
3579,140101,1,14,27,FALSE,3502
3580,140101,1,14,27,FALSE,3503
3581,200219,4,0,175,FALSE,3504
3582,200201,4,0,100,FALSE,3505
3583,201301,5,0,138,FALSE,3506
3584,202106,5,0,171,FALSE,3507
3585,200201,4,0,100,FALSE,3508
3586,202704,5,0,195,TRUE,3509
3587,200710,4,0,111,FALSE,3510
3588,200201,4,0,100,FALSE,3511
3589,200701,4,0,206,FALSE,3512
3590,200505,5,0,249,FALSE,3513
3591,200201,4,0,100,FALSE,3514
3592,200201,4,0,100,FALSE,3515
3593,200201,4,0,100,FALSE,3516
3594,200705,4,0,226,TRUE,3517
3595,200201,4,0,100,FALSE,3518
3596,200201,4,0,100,FALSE,3519
3597,200201,4,0,100,FALSE,3520
3598,200201,4,0,100,FALSE,3521
3599,140101,1,14,27,FALSE,3522
3600,202116,5,0,122,TRUE,3523
3601,200201,4,0,100,FALSE,3524
3602,99,6,0,24,TRUE,3525
3603,200201,4,0,100,FALSE,3526
3604,200201,4,0,100,FALSE,3527
3605,200204,4,0,136,FALSE,3528
3606,200201,4,0,100,FALSE,3529
3607,90208,2,9,7,FALSE,3530
3608,140101,1,14,27,FALSE,3531
3609,200201,4,0,100,FALSE,3532
3610,201307,5,0,113,TRUE,3533
3611,200201,4,0,100,FALSE,3534
3612,202704,5,0,195,TRUE,3535
3613,100102,2,10,28,FALSE,3536
3614,140805,1,14,27,FALSE,3537
3615,202106,5,0,171,FALSE,3538
3616,201704,4,0,208,TRUE,3539
3617,200707,5,0,152,TRUE,3540
3618,141605,1,14,332,FALSE,3541
3619,200505,5,0,249,TRUE,3542
3620,202106,5,0,171,FALSE,3569
3621,90102,2,9,28,FALSE,3570
3622,90401,3,9,3,FALSE,3571
3623,140101,1,14,27,FALSE,3572
3624,200201,4,0,100,FALSE,3573
3625,200201,4,0,100,FALSE,3574
3626,200201,4,0,100,FALSE,3575
3627,200201,4,0,100,FALSE,3576
3628,200201,4,0,100,FALSE,3577
3629,200604,4,0,122,TRUE,3578
3630,140101,1,14,27,FALSE,3579
3631,200201,4,0,100,FALSE,3580
3632,200201,4,0,100,FALSE,3581
3633,140101,1,14,27,FALSE,3582
3634,140811,5,14,191,TRUE,3583
3635,90102,2,9,28,FALSE,3584
3636,201302,2,0,135,TRUE,3585
3637,202501,5,0,240,TRUE,3586
3638,202117,5,0,139,TRUE,3587
3639,200201,4,0,100,FALSE,3588
3640,202106,5,0,171,FALSE,3589
3641,200201,4,0,100,FALSE,3590
3642,200220,4,0,126,FALSE,3591
3643,200220,4,0,126,FALSE,3592
3644,202011,5,0,216,TRUE,3593
3645,200201,4,0,100,FALSE,3594
3646,202106,5,0,171,TRUE,3595
3647,140101,1,14,27,FALSE,3596
3648,200201,4,0,100,FALSE,3597
3649,140101,1,14,27,FALSE,3598
3650,200201,4,0,100,FALSE,3599
3651,10221,2,1,7,FALSE,3600
3652,200402,4,0,253,FALSE,3601
3653,202011,5,0,216,TRUE,3602
3654,200201,4,0,100,FALSE,3603
3655,200201,4,0,100,FALSE,3604
3656,200402,4,0,253,TRUE,3605
3657,140601,1,14,304,FALSE,3606
3658,200201,4,0,100,FALSE,3607
3659,200201,4,0,100,FALSE,3608
3660,201804,5,0,165,FALSE,3609
3661,201801,5,0,167,FALSE,3610
3662,200701,4,0,206,FALSE,3611
3663,202011,5,0,216,TRUE,3612
3664,200201,4,0,100,FALSE,3613
3665,200201,4,0,100,FALSE,3614
3666,140101,1,14,27,TRUE,3615
3667,90102,2,9,28,FALSE,3616
3668,200201,4,0,100,FALSE,3617
3669,200201,4,0,100,TRUE,3618
3670,90102,2,9,28,TRUE,3619
3671,202703,4,0,214,TRUE,3620
3672,201104,5,0,205,TRUE,3621
3673,202106,5,0,171,TRUE,3622
3674,200201,4,0,100,FALSE,3623
3675,200201,4,0,100,FALSE,3624
3676,140101,1,14,27,FALSE,3625
3677,140116,2,14,371,FALSE,3626
3678,140101,1,14,27,TRUE,3627
3679,200201,4,0,100,FALSE,3628
3680,200201,4,0,100,FALSE,3629
3681,140101,1,14,27,TRUE,3630
3682,200201,4,0,100,FALSE,3631
3683,140101,1,14,27,FALSE,3632
3684,200505,5,0,249,FALSE,3633
3685,90305,2,9,4,FALSE,3634
3686,201201,4,0,170,TRUE,3635
3687,200201,4,0,100,FALSE,3636
3688,140101,1,14,27,FALSE,3637
3689,200201,4,0,100,FALSE,3638
3690,201006,5,0,234,FALSE,3639
3691,200201,4,0,100,FALSE,3640
3692,200502,4,0,145,TRUE,3641
3693,202704,4,0,195,TRUE,3642
3694,201302,5,0,135,FALSE,3643
3695,202011,5,0,216,FALSE,3644
3696,200201,4,0,100,FALSE,3645
3697,99,6,0,24,FALSE,3646
3698,140101,1,14,27,FALSE,3647
3699,200201,4,0,100,FALSE,3648
3700,140101,1,14,27,FALSE,3649
3701,200201,4,0,100,FALSE,3650
3702,200201,4,0,100,FALSE,3651
3703,200201,4,0,100,FALSE,3652
3704,200201,4,0,100,FALSE,3653
3705,200701,4,0,206,FALSE,3654
3706,200401,4,0,168,TRUE,3655
3707,140101,1,14,27,FALSE,3656
3708,200201,4,0,100,FALSE,3657
3709,200801,4,0,204,TRUE,3658
3710,70308,2,7,319,FALSE,3659
3711,141705,1,14,357,FALSE,3660
3712,202405,5,0,102,FALSE,3661
3713,201307,5,0,113,TRUE,3662
3714,140133,1,14,1,FALSE,3663
3715,140101,1,14,27,TRUE,3664
3716,201802,5,0,143,FALSE,3665
3717,140101,1,14,27,FALSE,3666
3718,200201,4,0,100,FALSE,3667
3719,140101,1,14,27,TRUE,3668
3720,200201,4,0,100,FALSE,3669
3721,200201,4,0,100,FALSE,3670
3722,140101,1,14,27,FALSE,3671
3723,200703,4,0,232,FALSE,3672
3724,200219,4,0,175,FALSE,3673
3725,201104,5,0,205,TRUE,3674
3726,201307,5,0,113,FALSE,3675
3727,200201,4,0,100,FALSE,3676
3728,200801,4,0,204,TRUE,3677
3729,200503,4,0,247,FALSE,3678
3730,200201,4,0,100,FALSE,3679
3731,140101,1,14,27,FALSE,3680
3732,202202,4,0,251,TRUE,3681
3733,202405,4,0,102,TRUE,3682
3734,202108,5,0,238,TRUE,3683
3735,202703,4,0,214,FALSE,3684
3736,201802,5,0,143,TRUE,3685
3737,202116,5,0,122,FALSE,3686
3738,202106,5,0,171,FALSE,3687
3739,201704,4,0,208,TRUE,3688
3740,200201,4,0,100,FALSE,3689
3741,200201,4,0,100,FALSE,3690
3742,200201,4,0,100,TRUE,3691
3743,200201,4,0,100,FALSE,3692
3744,140101,1,14,27,FALSE,3693
3745,200201,4,0,100,FALSE,3694
3746,140101,1,14,27,FALSE,3695
3747,99,6,0,24,FALSE,3696
3748,140101,1,14,27,TRUE,3697
3749,90102,2,9,28,TRUE,3698
3750,200201,4,0,100,FALSE,3699
3751,201306,4,0,114,FALSE,3700
3752,200201,4,0,100,FALSE,3701
3753,70401,3,7,3,TRUE,3702
3754,140101,1,14,27,FALSE,3703
3755,200201,4,0,100,FALSE,3704
3756,140101,1,14,27,FALSE,3705
3757,200401,4,0,168,TRUE,3706
3758,201406,5,0,219,FALSE,3707
3759,60106,4,6,211,FALSE,3708
3760,202403,4,0,166,FALSE,3709
3761,140101,1,14,27,TRUE,3710
3762,200201,4,0,100,FALSE,3711
3763,202106,5,0,171,FALSE,3712
3764,201704,4,0,208,TRUE,3713
3765,200502,4,0,145,TRUE,3714
3766,140101,1,14,27,FALSE,3715
3767,141608,5,14,345,FALSE,3716
3768,200201,4,0,100,FALSE,3717
3769,200201,4,0,100,FALSE,3718
3770,200201,4,0,100,FALSE,3719
3771,200201,4,0,100,FALSE,3720
3772,200201,4,0,100,FALSE,3721
3773,200201,4,0,100,FALSE,3722
3774,141802,1,14,319,FALSE,3723
3775,200201,4,0,100,FALSE,3724
3776,201006,5,0,234,FALSE,3725
3777,200505,5,0,249,FALSE,3726
3778,200201,4,0,100,FALSE,3727
3779,200201,4,0,100,FALSE,3728
3780,140101,1,14,27,TRUE,3729
3781,200201,4,0,100,FALSE,3730
3782,140101,1,14,27,TRUE,3731
3783,200201,4,0,100,FALSE,3732
3784,202001,5,0,192,FALSE,3733
3785,200201,4,0,100,FALSE,3734
3786,200505,5,0,249,FALSE,3735
3787,200201,4,0,100,FALSE,3736
3788,202501,5,0,240,TRUE,3737
3789,140120,1,14,408,FALSE,3738
3790,200502,4,0,145,TRUE,3739
3791,20305,2,2,393,FALSE,3740
3792,200901,4,0,106,TRUE,3741
3793,200403,4,0,236,TRUE,3742
3794,140133,1,14,1,TRUE,3743
3795,200201,4,0,100,FALSE,3744
3796,140101,1,14,27,FALSE,3745
3797,140101,1,14,27,FALSE,3746
3798,200201,4,0,100,FALSE,3747
3799,200201,4,0,100,FALSE,3748
3800,200201,4,0,100,FALSE,3749
3801,200801,4,0,204,TRUE,3750
3802,202501,4,0,240,TRUE,3751
3803,200201,4,0,100,FALSE,3752
3804,140101,1,14,27,FALSE,3753
3805,201704,4,0,208,TRUE,3754
3806,140101,1,14,27,FALSE,3755
3807,200201,4,0,100,FALSE,3756
3808,202116,5,0,122,FALSE,3757
3809,140101,1,14,27,TRUE,3758
3810,20308,2,2,319,FALSE,3759
3811,200505,5,0,249,FALSE,3760
3812,200220,4,0,126,FALSE,3761
3813,140133,1,14,1,FALSE,3762
3814,200201,4,0,100,FALSE,3763
3815,201302,5,0,135,FALSE,3764
3816,200201,4,0,100,FALSE,3765
3817,202703,4,0,214,FALSE,3766
3818,200201,4,0,100,FALSE,3767
3819,200201,4,0,100,FALSE,3768
3820,200201,4,0,100,FALSE,3769
3821,200201,4,0,100,FALSE,3770
3822,200201,4,0,100,FALSE,3771
3823,90404,5,0,21,FALSE,3772
3824,200201,4,0,100,FALSE,3773
3825,40405,4,4,8,TRUE,3774
3826,200901,4,0,106,FALSE,3775
3827,200502,4,0,145,FALSE,3776
3828,200201,4,0,100,FALSE,3777
3829,200604,5,0,122,FALSE,3778
3830,200201,4,0,100,FALSE,3779
3831,200205,4,0,215,TRUE,3780
3832,200201,4,0,100,FALSE,3781
3833,200201,4,0,100,FALSE,3782
3834,200201,4,0,100,FALSE,3783
3835,200201,4,0,100,FALSE,3784
3836,200201,4,0,100,FALSE,3785
3837,202202,4,0,251,TRUE,3786
3838,201704,4,0,208,TRUE,3787
3839,70401,3,7,3,FALSE,3788
3840,140101,1,14,27,TRUE,3789
3841,200201,4,0,100,FALSE,3790
3842,140101,1,14,27,TRUE,3791
3843,202003,5,0,150,FALSE,3792
3844,200201,4,0,100,FALSE,3793
3845,200201,4,0,100,FALSE,3794
3846,202703,4,0,214,TRUE,3795
3847,201406,5,0,219,FALSE,3796
3848,200402,4,0,253,FALSE,3797
3849,202112,5,0,120,FALSE,3798
3850,200201,4,0,100,FALSE,3799
3851,200201,4,0,100,FALSE,3800
3852,200201,4,0,100,FALSE,3801
3853,140101,1,14,27,FALSE,3802
3854,140101,1,14,27,TRUE,3803
3855,202204,5,0,211,FALSE,3804
3856,140101,1,14,27,FALSE,3805
3857,200201,4,0,100,FALSE,3806
3858,200201,4,0,100,FALSE,3807
3859,140101,1,14,27,FALSE,3808
3860,200201,4,0,100,FALSE,3809
3861,200201,4,0,100,FALSE,3810
3862,200201,4,0,100,FALSE,3811
3863,200201,4,0,100,FALSE,3812
3864,200201,4,0,100,FALSE,3813
3865,200201,4,0,100,FALSE,3814
3866,200403,4,0,236,TRUE,3815
3867,200201,4,0,100,FALSE,3816
3868,202108,5,0,238,TRUE,3817
3869,140806,1,14,347,FALSE,3818
3870,200201,4,0,100,FALSE,3819
3871,201503,4,0,185,FALSE,3820
3872,200402,4,0,253,TRUE,3821
3873,200201,4,0,100,FALSE,3822
3874,201304,5,0,135,TRUE,3823
3875,140101,1,14,27,FALSE,3824
3876,200201,4,0,100,FALSE,3825
3877,140101,1,14,27,FALSE,3826
3878,140101,1,14,27,FALSE,3827
3879,202703,4,0,214,TRUE,3828
3880,140101,1,14,27,FALSE,3829
3881,202112,5,0,120,TRUE,3830
3882,200201,4,0,100,FALSE,3831
3883,140101,1,14,27,TRUE,3832
3884,200201,4,0,100,FALSE,3833
3885,99,6,0,24,FALSE,3834
3886,200201,4,0,100,FALSE,3835
3887,140101,1,14,27,FALSE,3836
3888,200201,4,0,100,FALSE,3837
3889,202501,4,0,240,TRUE,3838
3890,200201,4,0,100,FALSE,3839
3891,200220,4,0,126,FALSE,3840
3892,140101,1,14,27,TRUE,3841
3893,140101,1,14,27,TRUE,3842
3894,200201,4,0,100,FALSE,3843
3895,201406,5,0,219,FALSE,3844
3896,200201,4,0,100,FALSE,3845
3897,200407,4,0,129,FALSE,3846
3898,200201,4,0,100,FALSE,3847
3899,200503,4,0,247,TRUE,3848
3900,200201,4,0,100,FALSE,3849
3901,200201,4,0,100,FALSE,3850
3902,200101,4,0,137,FALSE,3851
3903,201402,5,0,198,FALSE,3852
3904,99,6,0,24,TRUE,3853
3905,201402,5,0,198,FALSE,3854
3906,201202,5,0,170,FALSE,3855
3907,202101,5,0,184,FALSE,3856
3908,200201,4,0,100,FALSE,3857
3909,200201,4,0,100,FALSE,3858
3910,200101,4,0,137,FALSE,3859
3911,200201,4,0,100,FALSE,3860
3912,201704,4,0,208,FALSE,3861
3913,201704,4,0,208,FALSE,3862
3914,201301,5,0,138,FALSE,3863
3915,140101,1,14,27,FALSE,3864
3916,140101,1,14,27,TRUE,3865
3917,140101,1,14,27,TRUE,3866
3918,200407,4,0,129,FALSE,3867
3919,140101,1,14,27,FALSE,3868
3920,90102,2,9,28,FALSE,3869
3921,200201,4,0,100,FALSE,3870
3922,200401,4,0,168,FALSE,3871
3923,140101,1,14,27,TRUE,3872
3924,202102,5,0,141,FALSE,3873
3925,200201,4,0,100,FALSE,3874
3926,202704,4,0,195,FALSE,3875
3927,140133,1,14,1,FALSE,3876
3928,202501,5,0,240,FALSE,3877
3929,200405,4,0,188,FALSE,3878
3930,140101,1,14,27,FALSE,3879
3931,200201,4,0,100,FALSE,3880
3932,200209,4,0,170,FALSE,3881
3933,200201,4,0,100,FALSE,3882
3934,90208,1,9,7,FALSE,3883
3935,202501,4,0,240,FALSE,3884
3936,200201,4,0,100,FALSE,3885
3937,200506,5,0,151,FALSE,3886
3938,140101,1,14,27,FALSE,3887
3939,200201,4,0,100,FALSE,3888
3940,200201,4,0,100,FALSE,3889
3941,200201,4,0,100,FALSE,3890
3942,140101,1,14,27,FALSE,3891
3943,200201,4,0,100,FALSE,3892
3944,200201,4,0,100,FALSE,3893
3945,140101,1,14,27,FALSE,3894
3946,202106,5,0,171,FALSE,3895
3947,200201,4,0,100,FALSE,3896
3948,20303,2,2,7,FALSE,3897
3949,200505,5,0,249,FALSE,3898
3950,140101,1,14,27,TRUE,3899
3951,90303,2,9,7,FALSE,3900
3952,200201,4,0,100,FALSE,3901
3953,202402,4,0,166,FALSE,3902
3954,201306,4,0,114,FALSE,3903
3955,200201,4,0,100,FALSE,3904
3956,140101,1,14,27,TRUE,3905
3957,200215,4,0,126,FALSE,3906
3958,200201,4,0,100,FALSE,3907
3959,140101,1,14,27,TRUE,3908
3960,140101,1,14,27,FALSE,3909
3961,200201,4,0,100,FALSE,3910
3962,200201,4,0,100,FALSE,3911
3963,200201,4,0,100,FALSE,3912
3964,200201,4,0,100,FALSE,3913
3965,140101,1,14,27,TRUE,3914
3966,200201,4,0,100,FALSE,3915
3967,200205,4,0,215,FALSE,3916
3968,200805,4,0,134,FALSE,3917
3969,200201,4,0,100,FALSE,3918
3970,200201,4,0,100,FALSE,3919
3971,202001,5,0,192,FALSE,3920
3972,202001,5,0,192,FALSE,3921
3973,202001,5,0,192,FALSE,3922
3974,140101,1,14,27,TRUE,3923
3975,200205,4,0,215,TRUE,3924
3976,200201,4,0,100,FALSE,3925
3977,200201,4,0,100,FALSE,3926
3978,200201,4,0,100,FALSE,3927
3979,200201,4,0,100,FALSE,3928
3980,200502,4,0,145,FALSE,3929
3981,200405,4,0,188,FALSE,3930
3982,140101,1,14,27,FALSE,3931
3983,140101,1,14,27,TRUE,3932
3984,200502,4,0,145,FALSE,3933
3985,140101,1,14,27,TRUE,3934
3986,140101,1,14,27,TRUE,3935
3987,140101,1,14,27,TRUE,3936
3988,200201,4,0,100,FALSE,3937
3989,200201,4,0,100,FALSE,3938
3990,200201,4,0,100,FALSE,3939
3991,90401,3,9,3,FALSE,3940
3992,140811,5,14,191,FALSE,3941
3993,140811,5,14,191,FALSE,3942
3994,140101,1,14,27,TRUE,3943
3995,200201,4,0,100,FALSE,3944
3996,200201,4,0,100,FALSE,3945
3997,200101,4,0,137,FALSE,3946
3998,202106,5,0,171,FALSE,3947
3999,201802,5,0,143,FALSE,3948
4000,200201,4,0,100,FALSE,3949
4001,201004,5,0,231,FALSE,3950
4002,201201,5,0,170,FALSE,3951
4003,202114,5,0,228,FALSE,3952
4004,201704,4,0,174,TRUE,3953
4005,200201,4,0,100,FALSE,3954
4006,200408,4,0,202,TRUE,3955
4007,200201,4,0,100,FALSE,3956
4008,200201,4,0,100,FALSE,4008
4009,201401,5,0,187,TRUE,4009
4010,200710,4,0,111,FALSE,4010
4011,200201,4,0,100,FALSE,4011
4012,201004,5,0,231,FALSE,4012
4013,200201,4,0,100,FALSE,4013
4014,140101,1,14,27,TRUE,4014
4015,200402,4,0,253,FALSE,4015
4016,202501,4,0,240,TRUE,4016
4017,200201,4,0,100,FALSE,4017
4018,202703,4,0,214,FALSE,4018
4019,201704,4,0,208,TRUE,4019
4020,202101,5,0,184,TRUE,4020
4021,200201,4,0,100,FALSE,4021
4022,200703,4,0,232,TRUE,4022
4023,202106,2,0,171,TRUE,4023
4024,200901,4,0,106,TRUE,4024
4025,201704,4,0,208,TRUE,4025
4026,202704,4,0,195,FALSE,4026
4027,202116,5,0,122,TRUE,4027
4028,200201,4,0,100,FALSE,4028
4029,200201,4,0,100,FALSE,4029
4030,70401,3,7,3,TRUE,4030
4031,200201,4,0,100,FALSE,4031
4032,140101,1,14,27,FALSE,4032
4033,140101,1,14,27,TRUE,4033
4034,140101,1,14,27,TRUE,4034
4035,200201,4,0,100,FALSE,4035
4036,200201,4,0,100,FALSE,4036
4037,200201,4,0,100,FALSE,4037
4038,200201,4,0,100,FALSE,4038
4039,200201,4,0,100,FALSE,4039
4040,200302,4,0,254,FALSE,4040
4041,140101,1,14,27,TRUE,4041
4042,200201,4,0,100,FALSE,4042
4043,202108,5,0,238,FALSE,4043
4044,200708,4,0,157,FALSE,4044
4045,140101,1,14,27,TRUE,4045
4046,200201,4,0,100,FALSE,4046
4047,200201,4,0,100,FALSE,4047
4048,200201,4,0,100,FALSE,4048
4049,200711,4,0,16,TRUE,4049
4050,201704,4,0,208,TRUE,4050
4051,201201,5,0,170,TRUE,4051
4052,200405,4,0,188,FALSE,4052
4053,140101,1,14,27,FALSE,4053
4054,201803,5,0,181,FALSE,4054
4055,201306,5,0,114,TRUE,4055
4056,202703,4,0,214,TRUE,4056
4057,200201,4,0,100,FALSE,4057
4058,200201,4,0,100,FALSE,4058
4059,200201,4,0,100,FALSE,4059
4060,200201,4,0,100,FALSE,4060
4061,140101,1,14,27,TRUE,4061
4062,202501,4,0,240,TRUE,4062
4063,142304,1,14,351,FALSE,4063
4064,202402,4,0,166,TRUE,4064
4065,200201,4,0,100,FALSE,4065
4066,201301,5,0,138,TRUE,4066
4067,200201,4,0,100,FALSE,4067
4068,201401,5,0,187,TRUE,4068
4069,202501,4,0,240,TRUE,4069
4070,202501,4,0,240,TRUE,4070
4071,201302,5,0,135,TRUE,4071
4072,60102,2,6,28,FALSE,4072
4073,140101,1,14,27,TRUE,4073
4074,200201,4,0,100,FALSE,4074
4075,200201,4,0,100,FALSE,4075
4076,99,6,0,24,TRUE,4076
4077,200201,4,0,100,FALSE,4077
4078,200201,4,0,100,FALSE,4078
4079,140133,1,14,1,FALSE,4079
4080,130308,2,13,319,TRUE,4080
4081,140101,1,14,27,FALSE,4081
4082,140101,1,14,27,TRUE,4082
4083,140101,1,14,27,TRUE,4083
4084,200201,4,0,100,FALSE,4084
4085,200201,4,0,100,FALSE,4085
4086,200201,4,0,100,FALSE,4086
4087,200201,4,0,100,FALSE,4087
4088,140101,1,14,27,TRUE,4088
4089,202703,4,0,214,TRUE,4089
4090,140101,1,14,27,FALSE,4090
4091,200201,4,0,100,FALSE,4091
4092,201201,4,0,170,FALSE,4092
4093,201704,4,0,174,TRUE,4093
4094,200205,4,0,215,TRUE,4094
4095,140101,1,14,27,FALSE,4095
4096,202704,4,0,195,FALSE,4096
4097,200207,4,0,100,FALSE,4097
4098,140101,1,14,27,TRUE,4098
4099,200201,4,0,100,FALSE,4099
4100,200406,4,0,153,TRUE,4100
4101,200505,5,0,249,TRUE,4101
4102,200406,4,0,153,TRUE,4102
4103,202117,5,0,139,TRUE,4103
4104,200201,4,0,100,FALSE,4104
4105,200201,4,0,100,FALSE,4105
4106,200201,4,0,100,FALSE,4106
4107,200201,4,0,100,FALSE,4107
4108,140101,1,14,27,TRUE,4108
4109,200201,4,0,100,FALSE,4109
4110,200201,4,0,100,FALSE,4110
4111,200201,4,0,100,FALSE,4111
4112,200203,4,0,126,TRUE,4112
4113,200201,4,0,100,FALSE,4113
4114,200201,4,0,100,FALSE,4114
4115,200201,4,0,100,FALSE,4115
4116,200201,4,0,100,FALSE,4116
4117,200201,4,0,100,FALSE,4117
4118,201704,4,0,208,TRUE,4118
4119,202110,4,0,233,FALSE,4119
4120,201006,5,0,234,FALSE,4120
4121,140101,1,14,27,TRUE,4121
4122,200201,4,0,100,FALSE,4122
4123,200201,4,0,100,FALSE,4123
4124,140101,1,14,27,TRUE,4124
4125,201004,5,0,231,FALSE,4125
4126,200207,4,0,170,FALSE,4126
4127,200201,5,0,100,FALSE,4127
4128,200207,4,0,170,FALSE,4128
4129,200402,4,0,253,FALSE,4129
4130,202117,5,0,139,TRUE,4130
4131,202003,5,0,150,FALSE,4131
4132,201704,4,0,208,TRUE,4132
4133,200207,4,0,170,FALSE,4133
4134,200203,4,0,126,TRUE,4134
4135,202005,5,0,111,TRUE,4135
4136,200201,4,0,100,TRUE,4136
4137,200801,4,0,204,TRUE,4137
4138,200201,4,0,100,FALSE,4138
4139,200201,4,0,100,FALSE,4139
4140,200201,4,0,100,FALSE,4140
4141,201704,4,0,174,TRUE,4141
4142,200505,5,0,249,FALSE,4142
4143,200207,4,0,170,FALSE,4143
4144,200207,4,0,170,FALSE,4144
4145,200201,4,0,100,FALSE,4145
4146,90102,2,9,28,FALSE,4146
4147,200201,4,0,100,FALSE,4147
4148,200201,4,0,100,FALSE,4148
4149,200201,4,0,100,FALSE,4149
4150,200201,4,0,100,FALSE,4150
4151,201302,5,0,135,TRUE,4151
4152,200201,4,0,100,FALSE,4152
4153,201704,4,0,208,FALSE,4153
4154,201502,4,0,237,TRUE,4154
4155,200506,5,0,151,FALSE,4155
4156,200201,4,0,100,FALSE,4156
4157,140811,5,14,191,TRUE,4157
4158,140101,1,14,27,TRUE,4158
4159,200201,4,0,100,FALSE,4159
4160,140101,1,14,27,FALSE,4160
4161,200201,4,0,100,FALSE,4161
4162,40401,3,4,3,FALSE,4162
4163,200502,4,0,145,FALSE,4163
4164,200201,4,0,100,FALSE,4164
4165,201704,5,0,174,TRUE,4165
4166,200408,4,0,202,TRUE,4166
4167,200201,4,0,100,FALSE,4167
4168,90102,2,9,28,FALSE,4168
4169,200201,4,0,100,FALSE,4169
4170,200201,4,0,100,FALSE,4170
4171,200201,4,0,100,FALSE,4171
4172,140101,1,14,27,TRUE,4172
4173,200201,4,0,100,FALSE,4173
4174,201004,5,0,231,TRUE,4174
4175,200201,4,0,100,FALSE,4175
4176,200201,4,0,100,FALSE,4176
4177,200201,4,0,100,FALSE,4177
4178,202117,5,0,139,FALSE,4178
4179,200201,4,0,100,FALSE,4179
4180,202704,4,0,195,TRUE,4180
4181,200708,5,0,157,FALSE,4181
4182,200201,4,0,100,FALSE,4182
4183,200201,4,0,100,FALSE,4183
4184,200201,4,0,100,FALSE,4184
4185,200201,4,0,100,FALSE,4185
4186,70404,2,7,21,FALSE,4186
4187,140101,1,14,27,TRUE,4187
4188,200201,4,0,100,FALSE,4188
4189,200201,4,0,100,FALSE,4189
4190,201201,4,0,170,TRUE,4190
4191,200201,4,0,100,FALSE,4191
4192,200201,4,0,100,FALSE,4192
4193,200201,4,0,100,FALSE,4193
4194,200201,4,0,100,FALSE,4194
4195,140101,1,14,27,FALSE,4195
4196,70404,2,7,21,TRUE,4196
4197,200901,4,0,106,TRUE,4197
4198,200201,4,0,100,FALSE,4198
4199,200201,4,0,100,FALSE,4199
4200,140101,1,14,27,TRUE,4200
4201,200201,4,0,100,FALSE,4201
4202,200201,4,0,100,FALSE,4202
4203,200201,4,0,100,FALSE,4203
4204,201101,5,0,190,FALSE,4204
4205,200502,4,0,145,TRUE,4205
4206,90401,3,9,3,FALSE,4206
4207,202501,4,0,240,TRUE,4207
4208,200201,4,0,100,FALSE,4208
4209,140101,1,14,27,TRUE,4209
4210,90401,3,9,3,TRUE,4210
4211,202012,5,0,216,FALSE,4211
4212,140101,1,14,27,TRUE,4212
4213,200201,4,0,100,FALSE,4213
4214,202106,5,0,171,FALSE,4214
4215,200201,4,0,100,FALSE,4215
4216,200201,4,0,100,FALSE,4216
4217,200706,5,0,225,FALSE,4217
4218,201201,5,0,170,TRUE,4218
4219,201502,5,0,237,TRUE,4219
4220,140101,1,14,27,FALSE,4220
4221,200201,4,0,100,FALSE,4221
4222,201501,4,0,173,TRUE,4222
4223,200201,4,0,100,FALSE,4223
4224,202112,5,0,120,TRUE,4224
4225,200505,5,0,249,FALSE,4225
4226,200201,4,0,100,TRUE,4226
4227,20101,2,2,28,FALSE,4227
4228,200201,4,0,100,FALSE,4228
4229,200201,4,0,100,FALSE,4229
4230,200713,4,0,122,TRUE,4230
4231,201003,5,0,189,TRUE,4231
4232,200701,4,0,206,FALSE,4232
4233,201006,5,0,234,FALSE,4233
4234,201001,5,0,104,TRUE,4234
4235,200201,4,0,100,FALSE,4235
4236,201201,5,0,170,TRUE,4236
4237,200201,4,0,100,FALSE,4237
4238,99,6,0,24,TRUE,4238
4239,200710,4,0,111,TRUE,4239
4240,140101,1,14,27,FALSE,4240
4241,200201,4,0,100,FALSE,4241
4242,140101,1,14,27,TRUE,4242
4243,90401,3,9,3,TRUE,4243
4244,200201,4,0,100,FALSE,4244
4245,140101,1,14,27,TRUE,4245
4246,100107,2,10,28,FALSE,4246
4247,140133,1,14,1,FALSE,4247
4248,200711,4,0,16,TRUE,4248
4249,140101,1,14,27,TRUE,4249
4250,201201,3,0,170,TRUE,4250
4251,200901,4,0,106,TRUE,4251
4252,200201,4,0,100,FALSE,4252
4253,200901,4,0,106,TRUE,4253
4254,200201,4,0,100,FALSE,4254
4255,202703,4,0,214,FALSE,4255
4256,202002,5,0,192,TRUE,4256
4257,202201,4,0,211,TRUE,4257
4258,201701,4,0,140,TRUE,4258
4259,200201,4,0,100,FALSE,4259
4260,200201,4,0,100,FALSE,4260
4261,200201,4,0,100,FALSE,4261
4262,200201,4,0,100,FALSE,4262
4263,200502,4,0,145,TRUE,4263
4264,202405,4,0,102,TRUE,4264
4265,202106,5,0,171,TRUE,4265
4266,30211,2,3,7,TRUE,4266
4267,90401,3,9,3,FALSE,4267
4268,200201,4,0,100,FALSE,4268
4269,200408,4,0,202,FALSE,4269
4270,200201,4,0,100,FALSE,4270
4271,200201,4,0,100,FALSE,4271
4272,140101,1,14,27,FALSE,4272
4273,200201,4,0,100,FALSE,4273
4274,200201,4,0,100,FALSE,4274
4275,201704,4,0,208,TRUE,4275
4276,20101,2,2,28,FALSE,4276
4277,201201,4,0,170,TRUE,4277
4278,201402,5,0,198,TRUE,4278
4279,140101,1,14,27,TRUE,4279
4280,202106,5,0,171,TRUE,4280
4281,60405,4,6,8,TRUE,4281
4282,200201,4,0,100,FALSE,4282
4283,200502,4,0,145,FALSE,4283
4284,200201,4,0,100,FALSE,4284
4285,140101,1,14,27,TRUE,4285
4286,200201,4,0,100,FALSE,4286
4287,200201,4,0,100,FALSE,4287
4288,200201,4,0,100,FALSE,4288
4289,200201,4,0,100,FALSE,4289
4290,200201,4,0,100,FALSE,4290
4291,200711,4,0,16,TRUE,4291
4292,202402,4,0,166,TRUE,4292
4293,202117,5,0,139,TRUE,4293
4294,202117,5,0,139,TRUE,4294
4295,202116,5,0,122,TRUE,4295
4296,201306,5,0,114,TRUE,4296
4297,200201,4,0,100,FALSE,4297
4298,200201,4,0,100,FALSE,4298
4299,200201,4,0,100,FALSE,4299
4300,200201,4,0,100,FALSE,4300
4301,200201,4,0,100,FALSE,4301
4302,200201,4,0,100,FALSE,4302
4303,200201,4,0,100,FALSE,4303
4304,202701,4,0,166,TRUE,4304
4305,200201,4,0,100,FALSE,4305
4306,140101,1,14,27,TRUE,4306
4307,201406,5,0,219,FALSE,4307
4308,202403,4,0,166,TRUE,4308
4309,200201,4,0,100,FALSE,4309
4310,202707,4,0,162,TRUE,4310
4311,200201,4,0,100,FALSE,4311
4312,141802,1,14,319,TRUE,4312
4313,201102,5,0,220,FALSE,4313
4314,200201,4,0,100,FALSE,4314
4315,200201,4,0,100,FALSE,4315
4316,201401,5,0,187,FALSE,4316
4317,140101,1,14,27,TRUE,4317
4318,201201,3,0,170,TRUE,4318
4319,200201,4,0,100,FALSE,4319
4320,202501,4,0,240,TRUE,4320
4321,200201,4,0,100,FALSE,4321
4322,200201,4,0,100,FALSE,4322
4323,140101,1,14,27,TRUE,4323
4324,140133,1,14,1,TRUE,4324
4325,202501,5,0,240,FALSE,4325
4326,201101,5,0,190,TRUE,4326
4327,200201,4,0,100,FALSE,4327
4328,200901,4,0,106,TRUE,4328
4329,200505,5,0,249,FALSE,4329
4330,200505,5,0,249,FALSE,4330
4331,200207,4,0,170,FALSE,4331
4332,40208,2,4,7,FALSE,4332
4333,140101,1,14,27,FALSE,4333
4334,200201,4,0,100,FALSE,4334
4335,200201,4,0,100,FALSE,4335
4336,200202,4,0,110,TRUE,4336
4337,201802,5,0,143,FALSE,4337
4338,201802,5,0,143,FALSE,4338
4339,200201,4,0,100,FALSE,4339
4340,200201,4,0,100,FALSE,4340
4341,140101,1,14,27,FALSE,4341
4342,202116,5,0,122,TRUE,4342
4343,140101,1,14,27,FALSE,4343
4344,140101,1,14,27,TRUE,4344
4345,140101,1,14,27,FALSE,4345
4346,200901,4,0,106,FALSE,4346
4347,140101,1,14,27,TRUE,4347
4348,200201,4,0,100,FALSE,4348
4349,200201,4,0,100,FALSE,4349
4350,40210,2,4,7,TRUE,4350
4351,200201,4,0,100,FALSE,4351
4352,200201,4,0,100,FALSE,4352
4353,202405,4,0,102,TRUE,4353
4354,202117,5,0,139,TRUE,4354
4355,140101,1,14,27,TRUE,4355
4356,140101,1,14,27,TRUE,4356
4357,200803,4,0,134,TRUE,4357
4358,202117,5,0,139,TRUE,4358
4359,140700,1,14,316,FALSE,4359
4360,201704,4,0,208,TRUE,4360
4361,200201,4,0,100,FALSE,4361
4362,200201,4,0,100,FALSE,4362
4363,200101,4,0,137,FALSE,4363
4364,200201,4,0,100,FALSE,4364
4365,200201,4,0,100,FALSE,4365
4366,140101,1,14,27,TRUE,4366
4367,200201,4,0,100,FALSE,4367
4368,200201,4,0,100,FALSE,4368
4369,140101,1,14,27,FALSE,4369
4370,140101,1,14,27,FALSE,4370
4371,201502,4,0,237,TRUE,4371
4372,140101,1,14,27,FALSE,4372
4373,90401,3,9,3,FALSE,4373
4374,202002,5,0,192,TRUE,4374
4375,200301,4,0,208,FALSE,4375
4376,202101,5,0,184,FALSE,4376
4377,201704,4,0,208,TRUE,4377
4378,200603,5,0,241,TRUE,4378
4379,200201,4,0,100,FALSE,4379
4380,140101,1,14,27,TRUE,4380
4381,140101,1,14,27,TRUE,4381
4382,200203,4,0,126,FALSE,4382
4383,140101,1,14,27,TRUE,4383
4384,200402,4,0,253,TRUE,4384
4385,200402,4,0,253,TRUE,4385
4386,202112,5,0,120,TRUE,4386
4387,200201,4,0,100,FALSE,4387
4388,200210,4,0,170,FALSE,4388
4389,140133,1,14,1,TRUE,4389
4390,140101,1,14,27,TRUE,4390
4391,140101,1,14,27,TRUE,4391
4392,201306,5,0,114,FALSE,4392
4393,200410,4,0,214,FALSE,4393
4394,200410,4,0,214,TRUE,4394
4395,200701,4,0,206,FALSE,4395
4396,70102,4,7,28,FALSE,4396
4397,200201,4,0,100,FALSE,4397
4398,140128,4,14,308,FALSE,4398
4399,200201,4,0,100,FALSE,4399
4400,140101,1,14,27,FALSE,4400
4401,140101,1,14,27,TRUE,4401
4402,200402,4,0,253,FALSE,4402
4403,201704,4,0,174,TRUE,4403
4404,202009,5,0,192,FALSE,4404
4405,200204,4,0,136,FALSE,4405
4406,200204,4,0,136,TRUE,4406
4407,200204,4,0,136,TRUE,4407
4408,200204,4,0,136,TRUE,4408
4409,200405,4,0,188,FALSE,4409
4410,200401,4,0,168,FALSE,4410
4411,200901,4,0,106,TRUE,4411
4412,140301,4,14,335,TRUE,4412
4413,200707,5,0,152,FALSE,4413
4414,200505,5,0,249,TRUE,4414
4415,200505,5,0,249,FALSE,4415
4416,200505,5,0,249,TRUE,4416
4417,201201,5,0,170,TRUE,4417
4418,201006,5,0,234,TRUE,4418
4419,200405,4,0,188,TRUE,4419
4420,200205,4,0,215,TRUE,4420
4421,50101,1,5,28,FALSE,4421
4422,200201,4,0,100,FALSE,4422
4423,200401,4,0,168,FALSE,4423
4424,200209,4,0,170,FALSE,4424
4425,200502,4,0,145,TRUE,4425
4426,200502,4,0,145,TRUE,4426
4427,201306,5,0,114,FALSE,4427
4428,201305,4,0,114,TRUE,4428
4429,200201,4,0,100,FALSE,4429
4430,140101,1,14,27,TRUE,4430
4431,140101,1,14,27,FALSE,4431
4432,202106,5,0,171,TRUE,4432
4433,201601,4,0,186,FALSE,4433
4434,201307,5,0,113,TRUE,4434
4435,201402,5,0,198,TRUE,4435
4436,140101,1,14,27,TRUE,4436
4437,200201,4,0,100,FALSE,4437
4438,200201,4,0,100,FALSE,4438
4439,200207,4,0,170,FALSE,4439
4440,200301,4,0,208,FALSE,4440
4441,200201,4,0,100,FALSE,4441
4442,202116,5,0,122,TRUE,4442
4443,200402,4,0,253,TRUE,4443
4444,200201,4,0,100,FALSE,4444
4445,202701,4,0,166,TRUE,4445
4446,200201,4,0,100,FALSE,4446
4447,200408,4,0,202,TRUE,4447
4448,201704,4,0,208,TRUE,4448
4449,20305,2,2,4,FALSE,4449
4450,140101,1,14,27,FALSE,4450
4451,140101,1,14,27,FALSE,4451
4452,140101,1,14,27,FALSE,4452
4453,140101,1,14,27,FALSE,4453
4454,140101,1,14,27,FALSE,4454
4455,140101,1,14,27,FALSE,4455
4456,200201,4,0,100,FALSE,4456
4457,200602,4,0,195,TRUE,4457
4458,100305,3,10,4,FALSE,4458
4459,20401,3,2,3,TRUE,4459
4460,200201,4,0,100,FALSE,4460
4461,200201,4,0,100,FALSE,4461
4462,200201,4,0,100,FALSE,4462
4463,200201,4,0,100,FALSE,4463
4464,200201,4,0,100,FALSE,4464
4465,140101,1,14,27,FALSE,4465
4466,20303,2,2,7,FALSE,4466
4467,70401,3,7,3,TRUE,4467
4468,200201,4,0,100,FALSE,4468
4469,202403,4,0,166,FALSE,4469
4470,202403,4,0,166,TRUE,4470
4471,202116,5,0,122,TRUE,4471
4472,90401,3,9,3,FALSE,4472
4473,140101,1,14,27,TRUE,4473
4474,201704,4,0,208,TRUE,4474
4475,200201,4,0,100,FALSE,4475
4476,200209,4,0,170,FALSE,4476
4477,200201,4,0,100,FALSE,4477
4478,10101,2,1,28,TRUE,4478
4479,202112,5,0,120,TRUE,4479
4480,201304,5,0,135,FALSE,4480
4481,201201,4,0,170,TRUE,4481
4482,200219,4,0,175,FALSE,4482
4483,200203,4,0,126,FALSE,4483
4484,140101,1,14,27,TRUE,4484
4485,200201,4,0,100,FALSE,4485
4486,140101,1,14,27,FALSE,4486
4487,140101,1,14,27,FALSE,4487
4488,20308,2,2,319,FALSE,4488
4489,140101,1,14,27,FALSE,4489
4490,202001,5,0,192,TRUE,4490
4491,140101,1,14,27,FALSE,4491
4492,200201,4,0,100,FALSE,4492
4493,200405,4,0,188,FALSE,4493
4494,140101,1,14,27,FALSE,4494
4495,200602,4,0,195,FALSE,4495
4496,140101,1,14,27,FALSE,4496
4497,200201,4,0,100,FALSE,4497
4498,200201,4,0,100,FALSE,4498
4499,200201,4,0,100,FALSE,4499
4500,140133,1,14,1,FALSE,4500
4501,200201,4,0,100,FALSE,4501
4502,200201,4,0,100,FALSE,4502
4503,200201,4,0,100,FALSE,4503
4504,140101,1,14,27,FALSE,4504
4505,200201,4,0,100,FALSE,4505
4506,90404,3,9,21,FALSE,4506
4507,202117,5,0,139,TRUE,4507
4508,200201,4,0,100,FALSE,4508
4509,202108,5,0,238,TRUE,4509
4510,202401,5,0,172,TRUE,4510
4511,202116,5,0,122,FALSE,4511
4512,202116,5,0,122,FALSE,4512
4513,200201,4,0,100,FALSE,4513
4514,140101,1,14,27,FALSE,4514
4515,202112,5,0,120,TRUE,4515
4516,140101,1,14,27,FALSE,4516
4517,200201,4,0,100,FALSE,4517
4518,140101,1,14,27,FALSE,4518
4519,140133,1,14,1,FALSE,4519
4520,200201,4,0,100,FALSE,4520
4521,200201,4,0,100,FALSE,4521
4522,201501,5,0,173,TRUE,4522
4523,201501,4,0,173,TRUE,4523
4524,201704,4,0,208,TRUE,4524
4525,200604,5,0,122,FALSE,4525
4526,201704,4,0,208,FALSE,4526
4527,200505,5,0,249,TRUE,4527
4528,200201,4,0,100,FALSE,4528
4529,140101,1,14,27,FALSE,4529
4530,200201,4,0,100,TRUE,4530
4531,200201,4,0,100,TRUE,4531
4532,200201,4,0,100,TRUE,4532
4533,200201,4,0,100,TRUE,4533
4534,202101,5,0,184,TRUE,4534
4535,202001,5,0,192,FALSE,4535
4536,140101,1,14,27,FALSE,4536
4537,140101,1,14,27,TRUE,4537
4538,200201,4,0,100,FALSE,4538
4539,140101,1,14,27,FALSE,4539
4540,200201,4,0,100,FALSE,4540
4541,202011,5,0,216,FALSE,4541
4542,140101,1,14,27,FALSE,4542
4543,140141,1,14,369,FALSE,4543
4544,140101,1,14,27,FALSE,4544
4545,200201,4,0,100,FALSE,4545
4546,201502,5,0,237,TRUE,4546
4547,200711,4,0,16,TRUE,4547
4548,202102,5,0,141,TRUE,4548
4549,202116,5,0,122,TRUE,4549
4550,200503,4,0,247,TRUE,4550
4551,200502,4,0,145,TRUE,4551
4552,90210,2,9,7,FALSE,4552
4553,200201,4,0,100,FALSE,4553
4554,200401,4,0,168,TRUE,4554
4555,200502,4,0,145,FALSE,4555
4556,200710,5,0,111,FALSE,4556
4557,202116,5,0,122,TRUE,4557
4558,90401,3,9,3,TRUE,4558
4559,200702,5,0,102,FALSE,4559
4560,200801,4,0,204,TRUE,4560
4561,201402,5,0,198,TRUE,4561
4562,202116,5,0,122,FALSE,4562
4563,200201,4,0,100,FALSE,4563
4564,200201,4,0,100,FALSE,4564
4565,20305,2,2,4,FALSE,4565
4566,90401,3,9,3,TRUE,4566
4567,202112,5,0,120,FALSE,4567
4568,200707,4,0,152,TRUE,4568
4569,140101,1,14,27,TRUE,4569
4570,140101,1,14,27,FALSE,4570
4571,201501,4,0,173,TRUE,4571
4572,201003,5,0,189,FALSE,4572
4573,200405,4,0,188,TRUE,4573
4574,200213,4,0,100,FALSE,4574
4575,202116,5,0,122,TRUE,4575
4576,200201,4,0,100,FALSE,4576
4577,200201,4,0,100,TRUE,4577
4578,200605,4,0,227,TRUE,4578
4579,20101,2,2,28,FALSE,4579
4580,200710,5,0,111,TRUE,4580
4581,200505,5,0,249,TRUE,4581
4582,200201,4,0,100,FALSE,4582
4583,202112,5,0,120,FALSE,4583
4584,200201,4,0,100,FALSE,4584
4585,200201,4,0,100,FALSE,4585
4586,201101,5,0,190,TRUE,4586
4587,200201,4,0,100,FALSE,4587
4588,140101,1,14,27,TRUE,4588
4589,202703,4,0,214,TRUE,4589
4590,201501,4,0,173,TRUE,4590
4591,202112,5,0,120,TRUE,4591
4592,200201,4,0,100,FALSE,4592
4593,200201,4,0,100,FALSE,4593
4594,70101,2,7,28,TRUE,4594
4595,201201,5,0,170,TRUE,4595
4596,200702,4,0,102,FALSE,4596
4597,200201,4,0,100,FALSE,4597
4598,200501,4,0,248,TRUE,4598
4599,140203,1,14,27,FALSE,4599
4600,200505,5,0,249,TRUE,4600
4601,202116,5,0,122,TRUE,4601
4602,140101,1,14,27,FALSE,4602
4603,202405,4,0,102,TRUE,4603
4604,202405,4,0,102,TRUE,4604
4605,200901,4,0,106,TRUE,4605
4606,200901,4,0,106,TRUE,4606
4607,200901,4,0,106,TRUE,4607
4608,200901,4,0,106,TRUE,4608
4609,140101,1,14,27,TRUE,4609
4610,200201,4,0,100,FALSE,4610
4611,201307,5,0,113,TRUE,4611
4612,202101,5,0,184,TRUE,4612
4613,200701,4,0,206,FALSE,4613
4614,200201,4,0,100,FALSE,4614
4615,40105,2,4,28,FALSE,4615
4616,40208,2,4,7,FALSE,4616
4617,200201,4,0,100,FALSE,4617
4618,201704,4,0,208,TRUE,4618
4619,200201,4,0,100,FALSE,4619
4620,200801,4,0,204,TRUE,4620
4621,200201,4,0,100,FALSE,4621
4622,202403,4,0,166,TRUE,4622
4623,202116,5,0,122,FALSE,4623
4624,140101,1,14,27,TRUE,4624
4625,140401,4,14,8,TRUE,4625
4626,202106,5,0,171,FALSE,4626
4627,202106,5,0,171,FALSE,4627
4628,140101,1,14,27,TRUE,4628
4629,140101,1,14,27,TRUE,4629
4630,201704,4,0,208,TRUE,4630
4631,140101,1,14,27,FALSE,4631
4632,140101,1,14,27,FALSE,4632
4633,140101,1,14,27,FALSE,4633
4634,201704,4,0,208,TRUE,4634
4635,202012,5,0,216,FALSE,4635
4636,202403,4,0,166,TRUE,4636
4637,201201,5,0,170,TRUE,4637
4638,202703,4,0,214,FALSE,4638
4639,200201,4,0,100,FALSE,4639
4640,140101,1,14,27,FALSE,4640
4641,200201,4,0,100,FALSE,4641
4642,202703,4,0,214,TRUE,4642
4643,200201,4,0,100,FALSE,4643
4644,200503,4,0,247,TRUE,4644
4645,201104,5,0,205,TRUE,4645
4646,142105,5,14,302,FALSE,4646
4647,201307,5,0,113,TRUE,4647
4648,200503,4,0,247,TRUE,4648
4649,200201,4,0,100,FALSE,4649
4650,202106,5,0,171,TRUE,4650
4651,201002,4,0,121,FALSE,4651
4652,140141,1,14,369,FALSE,4652
4653,202501,4,0,240,TRUE,4653
4654,140101,1,14,27,FALSE,4654
4655,140101,1,14,27,FALSE,4655
4656,201201,4,0,170,TRUE,4656
4657,140202,1,14,27,FALSE,4657
4658,90102,2,9,28,FALSE,4658
4659,200201,4,0,100,FALSE,4659
4660,140101,1,14,27,TRUE,4660
4661,140133,1,14,1,FALSE,4661
4662,200201,4,0,100,FALSE,4662
4663,202106,5,0,171,FALSE,4663
4664,201304,5,0,135,TRUE,4664
4665,140101,1,14,27,FALSE,4665
4666,200201,4,0,100,TRUE,4666
4667,200710,4,0,111,FALSE,4667
4668,200201,4,0,100,FALSE,4668
4669,202011,5,0,216,FALSE,4669
4670,200203,4,0,126,TRUE,4670
4671,200201,4,0,100,FALSE,4671
4672,200201,4,0,100,FALSE,4672
4673,202703,4,0,214,TRUE,4673
4674,200705,4,0,226,TRUE,4674
4675,200201,4,0,100,FALSE,4675
4676,90102,2,9,28,FALSE,4676
4677,202703,4,0,214,TRUE,4677
4678,202501,4,0,240,FALSE,4678
4679,202501,4,0,240,FALSE,4679
4680,141716,1,14,394,FALSE,4680
4681,201802,5,0,143,TRUE,4681
4682,202101,5,0,184,FALSE,4682
4683,201201,4,0,170,TRUE,4683
4684,140101,1,14,27,FALSE,4684
4685,200201,4,0,100,FALSE,4685
4686,201307,5,0,113,FALSE,4686
4687,200501,4,0,248,TRUE,4687
4688,60102,2,6,28,FALSE,4688
4689,200408,4,0,202,TRUE,4689
4690,90403,4,9,211,TRUE,4690
4691,200201,4,0,100,FALSE,4691
4692,140101,1,14,27,TRUE,4692
4693,202703,4,0,214,TRUE,4693
4694,200201,4,0,100,FALSE,4694
4695,200201,4,0,100,FALSE,4695
4696,200201,4,0,100,FALSE,4696
4697,200201,4,0,100,FALSE,4697
4698,140205,1,14,370,TRUE,4698
4699,140101,1,14,27,FALSE,4699
4700,80102,2,8,28,FALSE,4700
4701,140101,1,14,27,FALSE,4701
4702,200201,4,0,100,FALSE,4702
4703,140101,1,14,27,FALSE,4703
4704,70401,3,7,3,FALSE,4704
4705,10101,2,1,28,FALSE,4705
4706,200201,4,0,100,FALSE,4706
4707,201102,4,0,220,TRUE,4707
4708,202106,5,0,171,FALSE,4708
4709,202011,5,0,216,FALSE,4709
4710,202011,5,0,216,FALSE,4710
4711,140101,1,14,27,FALSE,4711
4712,200201,4,0,100,FALSE,4712
4713,200401,4,0,168,FALSE,4713
4714,200201,4,0,100,FALSE,4714
4715,201006,5,0,234,FALSE,4715
4716,202116,5,0,122,TRUE,4716
4717,202106,5,0,171,FALSE,4717
4718,70211,2,7,7,FALSE,4718
4719,202011,5,0,216,FALSE,4719
4720,201302,5,0,135,TRUE,4720
4721,200201,4,0,100,FALSE,4721
4722,200701,4,0,206,FALSE,4722
4723,140101,1,14,27,FALSE,4723
4724,200406,4,0,153,TRUE,4724
4725,200506,5,0,151,TRUE,4725
4726,10101,2,1,28,FALSE,4726
4727,202201,4,0,211,TRUE,4727
4728,200201,4,0,100,FALSE,4728
4729,202106,5,0,171,FALSE,4729
4730,140133,1,14,1,FALSE,4730
4731,70406,3,7,3,TRUE,4731
4732,140101,1,14,27,FALSE,4732
4733,200207,4,0,170,FALSE,4733
4734,140101,1,14,27,FALSE,4734
4735,201201,5,0,170,TRUE,4735
4736,140101,1,14,27,FALSE,4736
4737,140101,1,14,27,FALSE,4737
4738,140101,1,14,27,FALSE,4738
4739,140101,1,14,27,FALSE,4739
4740,140101,1,14,27,FALSE,4740
4741,201704,4,0,208,TRUE,4741
4742,20101,2,2,28,FALSE,4742
4743,202703,4,0,214,TRUE,4743
4744,201704,4,0,208,FALSE,4744
4745,20102,2,2,28,FALSE,4745
4746,140101,1,14,27,FALSE,4746
4747,200201,4,0,100,FALSE,4747
4748,202703,4,0,214,FALSE,4748
4749,201402,5,0,198,TRUE,4749
4750,200702,5,0,102,TRUE,4750
4751,200201,4,0,100,FALSE,4751
4752,200408,4,0,202,TRUE,4752
4753,200505,5,0,249,FALSE,4753
4754,200505,5,0,249,FALSE,4754
4755,201308,5,0,119,FALSE,4755
4756,90305,2,9,4,FALSE,4756
4757,200710,4,0,111,TRUE,4757
4758,202701,4,0,166,TRUE,4758
4759,20209,2,2,7,FALSE,4759
4760,200201,4,0,100,FALSE,4760
4761,202704,4,0,195,FALSE,4761
4762,140101,1,14,27,FALSE,4762
4763,200201,4,0,100,FALSE,4763
4764,200201,4,0,100,FALSE,4764
4765,70401,3,0,3,FALSE,4765
4766,202402,4,0,166,TRUE,4766
4767,202115,5,0,156,FALSE,4767
4768,200603,5,0,241,FALSE,4768
4769,202009,5,0,192,TRUE,4769
4770,201302,5,0,135,FALSE,4770
4771,200201,4,0,100,FALSE,4771
4772,140101,1,14,27,FALSE,4772
4773,202403,5,0,166,TRUE,4773
4774,202703,4,0,214,FALSE,4774
4775,202104,4,0,161,TRUE,4775
4776,200201,4,0,100,FALSE,4776
4777,200101,4,0,137,FALSE,4777
4778,202501,4,0,240,TRUE,4778
4779,200201,4,0,100,FALSE,4779
4780,202011,5,0,216,FALSE,4780
4781,200201,4,0,100,FALSE,4781
4782,90401,3,9,3,FALSE,4782
4783,202601,5,0,130,FALSE,4783
4784,10401,3,1,3,FALSE,4784
4785,200401,4,0,168,FALSE,4785
4786,200204,4,0,136,FALSE,4786
4787,200204,4,0,136,TRUE,4787
4788,200505,5,0,249,FALSE,4788
4789,140101,1,14,27,FALSE,4789
4790,200803,4,0,134,TRUE,4790
4791,140101,1,14,27,FALSE,4791
4792,20303,2,2,7,FALSE,4792
4793,202301,5,0,232,FALSE,4793
4794,202405,5,0,102,FALSE,4794
4795,201706,4,0,223,TRUE,4795
4796,90305,5,9,4,FALSE,4796
4797,90102,2,9,28,FALSE,4797
4798,140133,4,14,1,FALSE,4798
4799,200707,4,0,152,FALSE,4799
4800,201301,4,0,138,FALSE,4800
4801,202011,5,0,216,FALSE,4801
4802,200402,4,0,253,TRUE,4802
4803,90308,4,9,319,TRUE,4803
4804,201404,5,0,243,FALSE,4804
4805,90308,2,9,7,TRUE,4805
4806,200201,4,0,100,FALSE,4806
4807,200302,4,0,254,TRUE,4807
4808,201101,4,0,190,TRUE,4808
4809,200201,4,0,100,FALSE,4809
4810,200602,4,0,214,FALSE,4810
4811,202601,5,0,130,FALSE,4811
4812,200204,4,0,136,FALSE,4812
4813,201104,5,0,205,FALSE,4813
4814,202704,4,0,195,TRUE,4814
4815,201406,5,6,219,TRUE,4815
4816,200201,4,0,100,FALSE,4816
4817,200201,4,0,100,FALSE,4817
4818,140811,5,14,191,FALSE,4818
4819,202116,5,0,122,FALSE,4819
4820,202106,5,0,171,FALSE,4820
4821,200804,5,9,134,TRUE,4821
4822,200201,4,0,100,FALSE,4822
4823,200201,4,0,100,FALSE,4823
4824,201406,5,0,219,FALSE,4824
4825,201503,4,0,185,FALSE,4825
4826,202117,5,0,139,TRUE,4826
4827,201007,4,0,214,FALSE,4827
4828,201302,5,0,135,FALSE,4828
4829,141206,5,14,355,TRUE,4829
4830,200505,5,0,249,FALSE,4830
4831,140126,1,14,371,FALSE,4831
4832,201306,5,0,114,TRUE,4832
4833,140101,1,14,27,TRUE,4833
4834,140101,1,14,27,FALSE,4834
4835,200201,4,0,100,FALSE,4835
4836,200201,4,0,100,FALSE,4836
4837,200201,4,0,100,FALSE,4837
4838,201401,5,0,187,FALSE,4838
4839,20209,2,2,7,FALSE,4839
4840,140101,1,14,27,TRUE,4840
4841,140101,1,14,27,FALSE,4841
4842,202117,5,0,139,TRUE,4842
4843,20102,2,2,28,FALSE,4843
4844,140101,1,14,27,FALSE,4844
4845,200201,4,0,100,FALSE,4845
4846,142553,2,14,329,FALSE,4846
4847,200201,4,0,100,FALSE,4847
4848,200201,4,0,100,FALSE,4848
4849,200201,4,0,100,FALSE,4849
4850,200201,4,0,100,FALSE,4850
4851,202403,4,0,166,TRUE,4851
4852,140101,1,14,27,TRUE,4852
4853,202501,4,0,240,TRUE,4853
4854,200201,4,0,100,FALSE,4854
4855,202116,5,0,122,FALSE,4855
4856,140401,4,14,8,TRUE,4856
4857,201705,4,0,136,FALSE,4857
4858,100107,2,10,28,FALSE,4858
4859,202117,5,0,139,TRUE,4859
4860,200408,4,0,202,TRUE,4860
4861,200408,4,0,202,TRUE,4861
4862,200408,4,0,202,TRUE,4862
4863,140101,1,14,27,FALSE,4863
4864,200201,4,0,100,FALSE,4864
4865,200707,4,0,152,TRUE,4865
4866,140133,1,14,1,FALSE,4866
4867,200201,4,0,100,FALSE,4867
4868,200201,4,0,100,FALSE,4868
4869,200201,4,0,100,FALSE,4869
4870,201704,4,0,208,TRUE,4870
4871,201802,5,0,143,FALSE,4871
4872,200803,4,0,134,TRUE,4872
4873,200201,4,0,100,FALSE,4873
4874,200201,4,0,100,FALSE,4874
4875,140101,1,14,27,FALSE,4875
4876,201803,5,0,181,FALSE,4876
4877,140165,1,14,27,FALSE,4877
4878,200801,4,0,204,TRUE,4878
4879,201304,5,0,135,TRUE,4879
4880,200201,4,0,100,FALSE,4880
4881,202106,4,0,171,FALSE,4881
4882,200201,4,0,100,FALSE,4882
4883,200901,4,0,106,FALSE,4883
4884,140108,1,14,368,FALSE,4884
4885,140101,1,14,27,FALSE,4885
4886,140101,1,14,27,FALSE,4886
4887,140101,1,14,27,FALSE,4887
4888,140101,1,14,27,FALSE,4888
4889,202101,5,0,184,FALSE,4889
4890,200711,5,0,16,TRUE,4890
4891,140101,1,14,27,TRUE,4891
4892,200201,4,0,100,FALSE,4892
4893,202101,5,0,184,FALSE,4893
4894,200901,4,0,106,FALSE,4894
4895,140101,1,14,27,FALSE,4895
4896,90102,2,9,28,FALSE,4896
4897,90221,2,9,7,FALSE,4897
4898,202501,4,0,240,TRUE,4898
4899,140101,1,14,27,FALSE,4899
4900,140133,1,14,1,FALSE,4900
4901,200901,4,0,106,FALSE,4901
4902,201201,4,0,170,TRUE,4902
4903,90102,2,9,28,FALSE,4903
4904,200219,4,0,175,FALSE,4904
4905,201704,4,0,208,TRUE,4905
4906,90401,3,9,3,FALSE,4906
4907,200405,4,0,188,FALSE,4907
4908,200502,4,0,145,TRUE,4908
4909,200201,4,0,100,FALSE,4909
4910,200201,4,0,100,FALSE,4910
4911,202101,5,0,184,TRUE,4911
4912,200201,4,0,100,FALSE,4912
4913,200502,4,0,145,TRUE,4913
4914,201202,5,0,170,TRUE,4914
4915,140101,1,14,27,TRUE,4915
4916,201301,4,0,138,TRUE,4916
4917,140101,1,14,27,TRUE,4917
4918,200201,4,0,100,FALSE,4918
4919,200001,4,0,214,TRUE,4919
4920,200201,4,0,100,FALSE,4920
4921,200201,4,0,100,FALSE,4921
4922,200701,4,0,206,TRUE,4922
4923,200219,4,0,100,FALSE,4923
4924,202006,5,0,211,FALSE,4924
4925,200201,4,0,100,FALSE,4925
4926,140101,1,14,27,FALSE,4926
4927,200205,4,0,215,TRUE,4927
4928,200402,4,0,253,TRUE,4928
4929,200201,4,0,100,FALSE,4929
4930,201001,5,0,104,TRUE,4930
4931,200506,5,0,151,FALSE,4931
4932,200709,4,0,239,TRUE,4932
4933,10401,3,1,3,TRUE,4933
4934,201004,5,0,231,TRUE,4934
4935,200408,4,0,202,TRUE,4935
4936,200210,4,0,170,FALSE,4936
4937,200201,4,0,100,FALSE,4937
4938,200201,4,0,100,FALSE,4938
4939,200201,4,0,100,FALSE,4939
4940,140101,1,14,27,FALSE,4940
4941,90401,3,9,3,FALSE,4941
4942,201701,4,0,140,FALSE,4942
4943,140133,1,14,1,FALSE,4943
4944,140101,1,14,27,FALSE,4944
4945,200201,4,0,100,FALSE,4945
4946,140101,1,14,27,TRUE,4946
4947,201704,4,0,208,FALSE,4947
4948,202301,5,0,232,FALSE,4948
4949,70208,2,7,7,FALSE,4949
4950,202601,5,0,130,FALSE,4950
4951,202101,5,0,184,FALSE,4951
4952,202101,5,0,184,FALSE,4952
4953,142527,5,0,135,FALSE,4953
4954,200201,4,0,100,FALSE,4954
4955,200401,4,0,168,FALSE,4955
4956,201104,5,0,205,FALSE,4956
4957,200201,4,0,100,FALSE,4957
4958,140101,1,14,27,FALSE,4958
4959,202106,5,0,171,FALSE,4959
4960,70221,2,7,7,FALSE,4960
4961,90405,3,9,8,FALSE,4961
4962,200201,4,0,100,FALSE,4962
4963,200201,4,0,100,FALSE,4963
4964,200505,5,0,249,FALSE,4964
4965,202102,5,0,141,FALSE,4965
4966,200406,4,0,153,FALSE,4966
4967,200201,4,0,100,FALSE,4967
4968,140133,1,14,1,FALSE,4968
4969,200201,4,0,100,FALSE,4969
4970,201704,4,0,208,FALSE,4970
4971,200705,4,0,226,FALSE,4971
4972,140101,1,14,27,FALSE,4972
4973,200101,4,0,137,FALSE,4973
4974,140101,1,14,27,FALSE,4974
4975,202011,4,0,216,FALSE,4975
4976,200201,4,0,100,FALSE,4976
4977,201802,5,0,143,FALSE,4977
4978,202101,5,0,184,FALSE,4978
4979,200201,4,0,100,FALSE,4979
4980,202101,5,0,184,FALSE,4980
4981,200201,4,0,100,FALSE,4981
4982,140101,1,14,27,FALSE,4982
4983,140101,1,14,27,FALSE,4983
4984,140101,1,14,27,TRUE,4984
4985,140101,1,14,27,TRUE,4985
4986,201201,5,0,170,FALSE,4986
4987,201201,4,0,170,FALSE,4987
4988,202114,5,0,228,FALSE,4988
4989,202108,5,0,238,FALSE,4989
4990,202112,5,0,120,FALSE,4990
4991,201801,5,0,167,FALSE,4991
4992,200201,4,0,100,FALSE,4992
4993,200201,4,0,100,FALSE,4993
4994,202101,5,0,184,FALSE,4994
4995,200402,4,0,253,FALSE,4995
4996,200901,4,0,106,FALSE,4996
4997,140133,1,14,1,FALSE,4997
4998,140101,1,14,27,TRUE,4998
4999,200201,4,0,100,FALSE,4999
5000,201006,5,0,234,FALSE,5000
5001,90401,3,9,3,FALSE,5001
5002,202004,5,0,207,FALSE,5002
5003,200201,4,0,100,FALSE,5003
5004,202405,4,0,102,FALSE,5004
5005,200401,4,0,168,FALSE,5005
5006,202501,4,0,240,FALSE,5006
5007,202220,5,0,115,FALSE,5007
5008,20102,2,2,28,FALSE,5008
5009,201307,5,0,113,FALSE,5009
5010,20102,2,2,28,FALSE,5010
5011,200710,4,0,111,FALSE,5011
5012,200201,4,0,100,FALSE,5012
5013,200201,4,0,100,FALSE,5013
5014,200503,4,0,247,FALSE,5014
5015,140101,1,14,27,TRUE,5015
5016,70401,3,7,3,FALSE,5016
5017,140133,1,14,1,FALSE,5017
5018,200502,4,0,145,FALSE,5018
5019,140101,1,14,27,TRUE,5019
5020,140101,1,14,27,FALSE,5020
5021,202108,5,0,238,FALSE,5021
5022,201104,5,0,205,FALSE,5022
5023,200201,4,0,100,FALSE,5023
5024,202102,5,0,141,FALSE,5024
5025,200201,4,0,100,FALSE,5025
5026,201801,5,0,167,FALSE,5026
5027,201704,4,0,208,FALSE,5027
5028,202009,5,0,192,FALSE,5028
5029,200901,4,0,106,FALSE,5029
5030,201502,4,0,237,FALSE,5030
5031,202106,5,0,171,FALSE,5031
5032,202106,5,0,171,FALSE,5032
5033,200201,4,0,100,FALSE,5033
5034,200408,4,0,202,FALSE,5034
5035,140101,1,14,27,FALSE,5035
5036,202106,5,0,171,FALSE,5036
5037,200201,4,0,100,FALSE,5037
5038,200201,4,0,100,FALSE,5038
5039,200402,4,0,253,FALSE,5039
5040,200802,4,0,123,FALSE,5040
5041,200201,4,0,100,FALSE,5041
5042,200219,4,0,175,FALSE,5042
5043,20102,2,2,28,FALSE,5043
5044,20101,2,2,28,FALSE,5044
5045,200201,4,0,100,FALSE,5045
5046,202114,5,0,228,TRUE,5046
5047,200201,4,0,100,FALSE,5047
5048,202703,4,0,214,TRUE,5048
5049,40304,4,4,8,FALSE,5049
5050,200201,4,0,100,FALSE,5050
5051,140101,1,14,27,FALSE,5051
5052,90302,5,9,122,FALSE,5052
5053,201104,5,0,205,FALSE,5053
5054,140133,1,14,1,FALSE,5054
5055,202008,5,0,192,TRUE,5055
5056,200201,4,0,100,FALSE,5056
5057,200201,4,0,100,FALSE,5057
5058,200201,4,0,100,FALSE,5058
5059,140101,1,14,27,FALSE,5059
5060,200502,4,0,145,TRUE,5060
5061,200201,4,0,100,FALSE,5061
5062,202112,5,0,120,TRUE,5062
5063,200203,4,0,126,TRUE,5063
5064,200201,4,0,100,FALSE,5064
5065,140101,1,14,27,FALSE,5065
5066,140101,1,14,27,FALSE,5066
5067,201704,4,0,208,TRUE,5067
5068,140133,1,14,1,FALSE,5068
5069,140133,1,14,1,FALSE,5069
5070,140101,1,14,27,FALSE,5070
5071,140101,1,14,27,FALSE,5071
5072,202011,5,0,216,FALSE,5072
5073,200201,4,0,100,FALSE,5073
5074,200201,4,0,100,FALSE,5074
5075,200401,4,0,168,TRUE,5075
5076,200201,4,0,100,FALSE,5076
5077,202116,5,0,122,FALSE,5077
5078,200901,4,0,106,TRUE,5078
5079,200201,4,0,100,FALSE,5079
5080,200506,5,0,151,FALSE,5080
5081,201103,5,0,221,FALSE,5081
5082,200201,4,0,100,FALSE,5082
5083,200707,4,0,152,TRUE,5083
5084,140203,2,14,27,FALSE,5084
5085,201406,5,0,219,FALSE,5085
5086,40308,2,4,319,FALSE,5086
5087,202002,5,0,192,FALSE,5087
5088,200219,4,0,175,FALSE,5088
5089,90401,3,9,3,TRUE,5089
5090,200201,4,0,100,FALSE,5090
5091,200402,4,0,253,TRUE,5091
5092,201201,4,0,170,TRUE,5092
5093,140101,1,14,27,TRUE,5093
5094,140101,1,14,27,TRUE,5094
5095,201308,5,0,119,TRUE,5095
5096,200201,4,0,100,FALSE,5096
5097,200201,4,0,100,FALSE,5097
5098,200201,4,0,100,FALSE,5098
5099,200708,4,0,157,FALSE,5099
5100,200201,4,0,100,FALSE,5100
5101,140101,1,14,27,FALSE,5101
5102,201802,5,0,143,FALSE,5102
5103,140101,1,14,27,FALSE,5103
5104,200201,4,0,100,FALSE,5104
5105,202101,5,0,184,FALSE,5105
5106,200201,4,0,100,FALSE,5106
5107,201004,5,0,231,TRUE,5107
5108,200201,4,0,100,FALSE,5108
5109,200505,5,0,249,TRUE,5109
5110,202501,4,0,240,TRUE,5110
5111,200201,4,0,100,FALSE,5111
5112,70102,2,7,28,FALSE,5112
5113,200201,4,0,100,FALSE,5113
5114,200201,4,0,100,FALSE,5114
5115,200502,4,0,145,FALSE,5115
5116,202402,4,0,166,TRUE,5116
5117,202008,5,0,192,TRUE,5117
5118,201201,4,0,170,TRUE,5118
5119,200402,4,0,253,TRUE,5119
5120,201401,5,0,187,TRUE,5120
5121,140108,1,14,368,FALSE,5121
5122,200201,4,0,100,FALSE,5122
5123,140101,1,14,27,TRUE,5123
5124,202102,5,0,141,TRUE,5124
5125,142507,5,14,412,FALSE,5125
5126,200201,4,0,100,FALSE,5126
5127,140101,1,14,27,FALSE,5127
5128,200202,4,0,110,TRUE,5128
5129,201006,5,0,234,TRUE,5129
5130,200201,4,0,100,FALSE,5130
5131,140101,1,14,27,FALSE,5131
5132,140101,1,14,27,FALSE,5132
5133,200201,4,0,100,FALSE,5133
5134,200201,4,0,100,FALSE,5134
5135,200201,4,0,100,FALSE,5135
5136,140101,1,14,27,TRUE,5136
5137,140101,1,14,27,FALSE,5137
5138,201307,5,0,113,TRUE,5138
5139,200407,4,0,129,FALSE,5139
5140,20215,3,2,7,FALSE,5140
5141,200201,4,0,100,FALSE,5141
5142,200203,4,0,126,FALSE,5142
5143,200201,4,0,100,FALSE,5143
5144,200201,4,0,100,FALSE,5144
5145,140101,1,14,27,TRUE,5145
5146,10101,1,1,28,FALSE,5146
5147,200201,4,0,100,FALSE,5147
5148,200502,5,0,145,TRUE,5148
5149,202001,5,0,192,FALSE,5149
5150,99,6,0,24,TRUE,5150
5151,200201,4,0,100,FALSE,5151
5152,202501,5,0,240,TRUE,5152
5153,202501,4,0,240,TRUE,5153
5154,200201,4,0,100,FALSE,5154
5155,140133,1,14,1,FALSE,5155
5156,90205,2,9,7,FALSE,5156
5157,202105,5,0,111,FALSE,5157
5158,90208,2,9,7,FALSE,5158
5159,202116,5,0,122,FALSE,5159
5160,200710,4,0,111,FALSE,5160
5161,140101,1,14,27,TRUE,5161
5162,201006,5,0,234,TRUE,5162
5163,200503,4,0,247,TRUE,5163
5164,200503,4,0,247,TRUE,5164
5165,200201,4,0,100,FALSE,5165
5166,140101,1,14,27,TRUE,5166
5167,200201,4,0,100,FALSE,5167
5168,202106,5,0,171,FALSE,5168
5169,140101,1,14,27,FALSE,5169
5170,202703,4,0,214,TRUE,5170
5171,201101,5,0,190,FALSE,5171
5172,200201,4,0,126,FALSE,5172
5173,202003,5,0,150,TRUE,5173
5174,140102,1,14,27,FALSE,5174
5175,202112,5,0,120,TRUE,5175
5176,202402,4,0,166,TRUE,5176
5177,10101,2,1,28,FALSE,5177
5178,140101,1,14,27,TRUE,5178
5179,200201,4,0,100,FALSE,5179
5180,200201,4,0,100,FALSE,5180
5181,140101,1,14,27,FALSE,5181
5182,200407,4,0,129,FALSE,5182
5183,140101,1,14,27,TRUE,5183
5184,140101,1,14,27,TRUE,5184
5185,90401,3,9,3,FALSE,5185
5186,200201,4,0,100,FALSE,5186
5187,201101,5,0,190,FALSE,5187
5188,90102,2,9,28,FALSE,5188
5189,140101,1,14,27,TRUE,5189
5190,202010,5,0,159,TRUE,5190
5191,140101,1,14,27,TRUE,5191
5192,201101,5,0,190,FALSE,5192
5193,200204,4,0,136,FALSE,5193
5194,70102,2,7,28,FALSE,5194
5195,200201,4,0,100,FALSE,5195
5196,140101,1,14,27,FALSE,5196
5197,200201,4,0,100,FALSE,5197
5198,20101,2,2,28,FALSE,5198
5199,200505,5,0,249,FALSE,5199
5200,200505,5,0,249,TRUE,5200
5201,200505,5,0,249,TRUE,5201
5202,200201,4,0,100,FALSE,5202
5203,200201,4,0,100,FALSE,5203
5204,202112,5,0,120,FALSE,5204
5205,200502,4,0,145,TRUE,5205
5206,200201,4,0,100,FALSE,5206
5207,200201,4,0,100,FALSE,5207
5208,200201,4,0,100,FALSE,5208
5209,90102,2,9,28,FALSE,5209
5210,90102,2,9,28,TRUE,5210
5211,201001,5,0,104,TRUE,5211
5212,201101,5,0,190,FALSE,5212
5213,200201,4,0,100,FALSE,5213
5214,201401,5,0,187,FALSE,5214
5215,201704,4,0,208,TRUE,5215
5216,202008,5,0,192,TRUE,5216
5217,200505,5,0,249,TRUE,5217
5218,200201,4,0,100,FALSE,5218
5219,201307,5,0,113,FALSE,5219
5220,201307,5,0,113,FALSE,5220
5221,200201,4,0,100,FALSE,5221
5222,202402,4,0,166,TRUE,5222
5223,200201,4,0,100,FALSE,5223
5224,200201,4,0,100,FALSE,5224
5225,200201,4,0,100,FALSE,5225
5226,130206,2,13,7,FALSE,5226
5227,140101,1,14,27,FALSE,5227
5228,200901,4,0,106,TRUE,5228
5229,200901,4,0,106,TRUE,5229
5230,200201,4,0,100,FALSE,5230
5231,201302,5,0,135,FALSE,5231
5232,140133,1,14,1,FALSE,5232
5233,202404,5,0,177,TRUE,5233
5234,201802,5,0,143,TRUE,5234
5235,201601,4,0,186,TRUE,5235
5236,140604,1,14,340,TRUE,5236
5237,140133,1,14,1,TRUE,5237
5238,140133,1,14,1,FALSE,5238
5239,201802,5,0,143,TRUE,5239
5240,140811,5,14,191,TRUE,5240
5241,140811,5,14,191,TRUE,5241
5242,200201,4,0,100,FALSE,5242
5243,10101,2,1,28,FALSE,5243
5244,140101,1,14,27,FALSE,5244
5245,202704,4,0,195,FALSE,5245
5246,140101,1,14,27,FALSE,5246
5247,201706,4,0,223,TRUE,5247
5248,200402,4,0,253,TRUE,5248
5249,90102,2,9,28,TRUE,5249
5250,202403,4,0,166,TRUE,5250
5251,200201,4,0,100,FALSE,5251
5252,140101,1,14,27,TRUE,5252
5253,200803,4,0,134,TRUE,5253
5254,140101,1,14,27,FALSE,5254
5255,200201,4,0,100,FALSE,5255
5256,20102,2,2,28,TRUE,5256
5257,140101,1,14,27,FALSE,5257
5258,70102,2,7,28,FALSE,5258
5259,200201,4,0,100,FALSE,5259
5260,140101,1,14,27,FALSE,5260
5261,201501,5,0,173,TRUE,5261
5262,10101,2,1,28,FALSE,5262
5263,140205,1,14,370,TRUE,5263
5264,201307,5,0,113,TRUE,5264
5265,202116,5,0,122,TRUE,5265
5266,140101,1,14,27,TRUE,5266
5267,140101,1,14,27,TRUE,5267
5268,140133,1,14,1,FALSE,5268
5269,140101,1,14,27,TRUE,5269
5270,202112,5,0,120,TRUE,5270
5271,200201,4,0,100,FALSE,5271
5272,200201,4,0,100,FALSE,5272
5273,200402,4,0,253,TRUE,5273
5274,202116,5,0,122,TRUE,5274
5275,10101,2,1,28,FALSE,5275
5276,201201,4,0,170,TRUE,5276
5277,202701,4,0,166,TRUE,5277
5278,140101,1,14,27,TRUE,5278
5279,140101,1,14,27,FALSE,5279
5280,140101,1,14,27,FALSE,5280
5281,140133,1,14,1,FALSE,5281
5282,200201,4,0,100,FALSE,5282
5283,200201,4,0,100,FALSE,5283
5284,202703,4,0,214,TRUE,5284
5285,200201,4,0,100,FALSE,5285
5286,200201,4,0,100,FALSE,5286
5287,200201,4,0,100,FALSE,5287
5288,200201,4,0,100,FALSE,5288
5289,20303,2,2,7,FALSE,5289
5290,141802,1,14,319,FALSE,5290
5291,140101,1,14,27,TRUE,5291
5292,140101,1,14,27,FALSE,5292
5293,201201,5,0,170,TRUE,5293
5294,200505,5,0,249,FALSE,5294
5295,200201,4,0,100,FALSE,5295
5296,202116,5,0,122,FALSE,5296
5297,90102,2,9,28,FALSE,5297
5298,10105,2,1,28,FALSE,5298
5299,200505,5,0,249,TRUE,5299
5300,202116,5,0,122,TRUE,5300
5301,200402,4,0,253,FALSE,5301
5302,200402,4,0,253,FALSE,5302
5303,140101,1,14,27,FALSE,5303
5304,201307,5,0,113,TRUE,5304
5305,202116,5,0,122,TRUE,5305
5306,201802,5,0,143,FALSE,5306
5307,202011,5,0,216,FALSE,5307
5308,140101,1,14,27,FALSE,5308
5309,140101,1,14,27,FALSE,5309
5310,200408,4,0,202,TRUE,5310
5311,200803,4,0,134,TRUE,5311
5312,202116,5,0,122,FALSE,5312
5313,60401,3,6,3,FALSE,5313
5314,200201,4,0,100,FALSE,5314
5315,200710,4,0,111,TRUE,5315
5316,140101,1,14,27,FALSE,5316
5317,202405,5,0,102,FALSE,5317
5318,200201,4,0,100,FALSE,5318
5319,140101,1,14,27,FALSE,5319
5320,202220,5,0,115,FALSE,5320
5321,201503,4,0,185,FALSE,5321
5322,201102,5,0,220,FALSE,5322
5323,10401,3,1,3,TRUE,5323
5324,200201,4,0,100,FALSE,5324
5325,140101,1,14,27,FALSE,5325
5326,202116,5,0,122,TRUE,5326
5327,200201,4,0,100,FALSE,5327
5328,200201,4,0,100,FALSE,5328
5329,60404,3,6,21,FALSE,5329
5330,202203,4,0,218,FALSE,5330
5331,60401,3,6,3,TRUE,5331
5332,90401,3,9,3,FALSE,5332
5333,140101,1,14,27,FALSE,5333
5334,200402,4,0,253,TRUE,5334
5335,140101,1,14,27,FALSE,5335
5336,202012,5,0,216,FALSE,5336
5337,10205,2,1,7,FALSE,5337
5338,202116,5,0,122,TRUE,5338
5339,201104,5,0,205,FALSE,5339
5340,200201,4,0,100,FALSE,5340
5341,200201,4,0,100,FALSE,5341
5342,200201,4,0,100,FALSE,5342
5343,200201,4,0,100,FALSE,5343
5344,140141,1,14,369,FALSE,5344
5345,200201,4,0,100,FALSE,5345
5346,140133,1,14,1,FALSE,5346
5347,200407,4,0,129,TRUE,5347
5348,140101,1,14,27,FALSE,5348
5349,140101,1,14,27,TRUE,5349
5350,200201,4,0,100,FALSE,5350
5351,140101,1,14,27,FALSE,5351
5352,202117,5,0,139,TRUE,5352
5353,140141,1,14,369,FALSE,5353
5354,140101,1,14,27,FALSE,5354
5355,200201,4,0,100,FALSE,5355
5356,202201,4,0,211,FALSE,5356
5357,200201,4,0,100,FALSE,5357
5358,200201,4,0,100,FALSE,5358
5359,140101,1,14,27,FALSE,5359
5360,140101,1,14,27,FALSE,5360
5361,201802,5,0,143,TRUE,5361
5362,200408,4,0,202,TRUE,5362
5363,200201,4,0,100,FALSE,5363
5364,200201,4,0,100,FALSE,5364
5365,140133,1,14,1,FALSE,5365
5366,202012,5,0,216,TRUE,5366
5367,200201,4,0,100,FALSE,5367
5368,50101,2,5,28,FALSE,5368
5369,201104,5,0,205,TRUE,5369
5370,200201,4,0,100,FALSE,5370
5371,200201,4,0,100,FALSE,5371
5372,202011,5,0,216,TRUE,5372
5373,200302,4,0,254,FALSE,5373
5374,200201,4,0,100,FALSE,5374
5375,200201,4,0,100,FALSE,5375
5376,200201,4,0,100,FALSE,5376
5377,140101,1,14,27,FALSE,5377
5378,140101,1,14,27,FALSE,5378
5379,140101,1,14,27,TRUE,5379
5380,140101,1,14,27,FALSE,5380
5381,90102,2,9,28,FALSE,5381
5382,200702,5,0,102,FALSE,5382
5383,140101,1,14,27,FALSE,5383
5384,140101,1,14,27,TRUE,5384
5385,140101,1,14,27,FALSE,5385
5386,200302,4,0,254,FALSE,5386
5387,100308,2,10,319,FALSE,5387
5388,200201,4,0,100,FALSE,5388
5389,201005,5,0,245,TRUE,5389
5390,201201,5,0,170,TRUE,5390
5391,200201,4,0,100,FALSE,5391
5392,201104,5,0,205,FALSE,5392
5393,200201,4,0,100,FALSE,5393
5394,200407,4,0,129,TRUE,5394
5395,202703,4,0,214,FALSE,5395
5396,200201,4,0,100,FALSE,5396
5397,200201,4,0,100,FALSE,5397
5398,140101,1,14,27,FALSE,5398
5399,140101,1,14,27,FALSE,5399
5400,140101,1,14,27,FALSE,5400
5401,200201,4,0,100,FALSE,5401
5402,201201,4,0,170,FALSE,5402
5403,200201,4,0,100,FALSE,5403
5404,140101,1,14,27,FALSE,5404
5405,202116,5,0,122,TRUE,5405
5406,200407,4,0,129,TRUE,5406
5407,200201,4,0,100,FALSE,5407
5408,200201,4,0,100,FALSE,5408
5409,200802,4,0,123,FALSE,5409
5410,200505,5,0,249,FALSE,5410
5411,140101,1,14,27,FALSE,5411
5412,200902,4,0,106,FALSE,5412
5413,202116,5,0,122,TRUE,5413
5414,200201,4,0,100,FALSE,5414
5415,201004,5,0,231,FALSE,5415
5416,200901,4,0,106,FALSE,5416
5417,200201,4,0,100,FALSE,5417
5418,20404,5,2,21,TRUE,5418
5460,140101,1,14,27,TRUE,5441
5461,200708,5,0,157,FALSE,5442
5461,200708,4,0,157,FALSE,5443
5462,200502,4,0,145,FALSE,5960
5463,90303,2,9,4,FALSE,5961
5464,200203,4,0,126,TRUE,5962
5469,202501,5,0,240,TRUE,5444
5470,200207,4,0,100,FALSE,5445
5471,200201,4,0,100,FALSE,5446
5472,20209,2,2,7,FALSE,5447
5473,202112,5,0,120,FALSE,5448
5474,200201,4,0,100,FALSE,5449
5475,200701,4,0,165,FALSE,5450
5476,200201,4,0,100,FALSE,5451
5477,200201,4,0,100,FALSE,5452
5478,200802,5,0,134,TRUE,5453
5478,200803,4,0,134,TRUE,5454
5479,200803,5,0,134,TRUE,5455
5480,202101,5,0,184,FALSE,5456
5481,200201,4,0,100,FALSE,5457
5482,200201,4,0,100,FALSE,5458
5483,200201,4,0,100,FALSE,5459
5484,140101,1,14,27,FALSE,5460
5485,201301,5,0,138,FALSE,5461
5485,201301,6,0,24,FALSE,5462
5486,10102,2,1,327,FALSE,5464
5486,10305,2,1,4,FALSE,5463
5487,200201,4,0,100,FALSE,5465
5488,200201,4,0,100,FALSE,5466
5489,200201,4,0,100,FALSE,5467
5490,201301,4,0,138,FALSE,5468
5491,140101,1,14,27,TRUE,5469
5492,140401,1,14,8,FALSE,5470
5493,202106,5,0,171,FALSE,5471
5494,201802,5,0,144,FALSE,5472
5495,90208,2,9,369,FALSE,5473
5496,200502,4,0,145,TRUE,5474
5497,200702,4,0,216,FALSE,5475
5498,140101,1,14,27,FALSE,5476
5499,140101,1,14,27,FALSE,5478
5500,200707,5,0,152,TRUE,5479
5501,200707,5,0,152,TRUE,5480
5502,140101,1,14,27,FALSE,5481
5503,201201,5,0,170,TRUE,5482
5504,202116,5,0,122,FALSE,5483
5505,200506,5,0,151,FALSE,5484
5506,200502,4,0,145,FALSE,5485
5507,202112,5,0,120,TRUE,5486
5508,142309,1,14,321,FALSE,5487
5509,200201,4,0,100,FALSE,5488
5510,200001,5,0,122,TRUE,5489
5511,202105,5,0,111,FALSE,5491
5511,200101,4,0,111,FALSE,5490
5512,202117,5,0,122,TRUE,5492
5513,140101,1,14,27,FALSE,5493
5514,140133,1,14,1,FALSE,5494
5515,201102,5,0,220,FALSE,5505
5516,200502,4,0,145,TRUE,5495
5517,201301,5,0,138,FALSE,5496
5517,201501,5,0,173,FALSE,5497
5518,200101,5,0,137,FALSE,5498
5519,200201,4,0,100,FALSE,5499
5520,140101,1,14,27,FALSE,5500
5521,200201,4,0,100,FALSE,5501
5522,200708,4,0,157,FALSE,5502
5523,200502,4,0,145,FALSE,5503
5524,70307,2,7,4,FALSE,5504
5525,200506,5,0,151,FALSE,5506
5526,200201,4,0,100,FALSE,5507
5527,200201,4,0,100,FALSE,5508
5528,200201,4,0,100,FALSE,5509
5529,200201,4,0,100,FALSE,5510
5530,140101,1,14,27,TRUE,5511
5531,140108,1,14,368,FALSE,5512
5532,70221,2,7,7,TRUE,5513
5533,200201,4,0,100,FALSE,5515
5534,200506,5,0,151,FALSE,5516
5535,140133,1,14,1,FALSE,5517
5536,200101,4,0,137,FALSE,5518
5537,200101,5,0,137,FALSE,5519
5538,200201,4,0,100,FALSE,5520
5539,200201,4,0,100,FALSE,5521
5540,200505,5,0,249,TRUE,5522
5541,200201,4,0,100,FALSE,5523
5542,200710,4,0,111,FALSE,5526
5543,140101,1,14,27,FALSE,5528
5544,200201,4,0,100,FALSE,5529
5545,140101,1,14,27,FALSE,5530
5546,200201,4,0,100,FALSE,5532
5547,200502,4,0,145,FALSE,5531
5548,202116,5,0,216,TRUE,5533
5549,200201,4,0,100,FALSE,5534
5550,200201,4,0,100,FALSE,5535
5551,200201,4,0,100,FALSE,5536
5552,202116,5,0,216,FALSE,5537
5553,100102,2,10,28,FALSE,5538
5554,10102,2,1,28,FALSE,5539
5555,201301,5,0,138,FALSE,5540
5556,200710,4,0,111,FALSE,5541
5557,140108,1,14,368,FALSE,5543
5558,202703,4,0,214,FALSE,5544
5559,202011,5,0,216,FALSE,5545
5560,140101,1,14,1,FALSE,5546
5561,200710,4,0,111,TRUE,5547
5562,200201,4,0,100,FALSE,5548
5563,201004,5,0,122,FALSE,5549
5564,201601,4,0,186,FALSE,5550
5565,200201,4,0,100,FALSE,5552
5566,201104,5,0,205,FALSE,5551
5567,202105,5,0,111,FALSE,5554
5567,201201,4,0,170,FALSE,5553
5568,200201,4,0,100,FALSE,5555
5570,201704,4,0,208,TRUE,5557
5571,201704,4,0,174,TRUE,5558
5572,202105,5,0,373,TRUE,5559
5573,201103,5,0,191,FALSE,5560
5574,202112,5,0,120,FALSE,5562
5575,200902,4,0,106,FALSE,5561
5576,201701,4,0,140,FALSE,5563
5577,200201,4,0,100,FALSE,5564
5578,201404,5,0,243,TRUE,5565
5579,50101,2,5,28,FALSE,5566
5580,200902,4,0,106,FALSE,5567
5581,201307,5,0,113,FALSE,5568
5581,202116,5,0,122,FALSE,5569
5582,200101,4,0,137,FALSE,5573
5582,200101,5,0,137,FALSE,5572
5583,200803,4,0,134,TRUE,5570
5584,200505,5,0,249,FALSE,5571
5585,202111,5,0,205,FALSE,5574
5586,200502,4,0,247,TRUE,5575
5587,200201,4,0,100,FALSE,5576
5588,200201,4,0,100,FALSE,5577
5589,200201,4,0,100,FALSE,5578
5590,201201,4,0,170,TRUE,5579
5591,200505,5,0,249,FALSE,5580
5592,200901,4,0,193,FALSE,5581
5593,200201,4,0,100,FALSE,5582
5594,200405,4,0,188,FALSE,5584
5595,200201,4,0,100,FALSE,5583
5596,140101,1,14,27,FALSE,5585
5597,140101,1,14,27,FALSE,5586
5598,140101,1,14,27,FALSE,5587
5599,200201,4,0,100,FALSE,5588
5600,200201,4,0,100,FALSE,5590
5601,140133,1,14,1,FALSE,5589
5602,200201,4,0,100,FALSE,5591
5603,140101,1,14,27,FALSE,6016
5604,200201,4,0,100,FALSE,5592
5605,200201,4,0,100,FALSE,5593
5606,90102,2,9,17,FALSE,5594
5607,202701,4,0,102,TRUE,5596
5608,200201,4,0,100,FALSE,5597
5609,140133,1,14,1,FALSE,5598
5610,140101,1,14,27,FALSE,5599
5611,200201,4,0,100,FALSE,5600
5612,202012,5,0,122,FALSE,5602
5612,201103,5,0,124,FALSE,5601
5613,140101,1,14,27,FALSE,6015
5614,70101,2,7,28,FALSE,5603
5615,140133,1,14,1,FALSE,5604
5615,20102,2,2,28,FALSE,5605
5617,200505,5,0,249,TRUE,5606
5618,70101,2,7,28,FALSE,5607
5619,200203,4,0,126,FALSE,5608
5620,201201,4,0,170,TRUE,5609
5621,140133,1,14,1,FALSE,5610
5622,200709,4,0,239,FALSE,5611
5623,201104,5,0,205,FALSE,5612
5625,200201,4,0,100,FALSE,5613
5626,142507,1,14,412,FALSE,5614
5627,20102,2,2,28,FALSE,5615
5628,10401,3,1,3,FALSE,5616
5629,200505,5,0,249,FALSE,5617
5630,200701,4,0,206,FALSE,5618
5631,200201,4,0,100,FALSE,5619
5632,200201,4,0,100,FALSE,5620
5633,140101,1,14,27,FALSE,5621
5634,201307,5,0,113,TRUE,5622
5635,201502,4,0,173,FALSE,5623
5636,90303,2,9,7,FALSE,5625
5636,202001,5,0,192,FALSE,5624
5637,140101,1,14,27,FALSE,5626
5638,200201,4,0,100,FALSE,5627
5639,200201,4,0,100,FALSE,5628
5640,10303,2,1,4,FALSE,5629
5641,201404,5,0,243,TRUE,5630
5642,140101,1,14,27,FALSE,5631
5643,201802,5,0,143,TRUE,5632
5644,200201,4,0,100,FALSE,5633
5645,200201,4,0,100,FALSE,5634
5646,201503,4,0,237,FALSE,5635
5647,200405,4,0,188,TRUE,5636
5648,201004,5,0,231,FALSE,5637
5649,200201,4,0,100,FALSE,5639
5650,202106,5,0,140,FALSE,5640
5651,140101,1,14,27,FALSE,5641
5652,202104,5,0,161,TRUE,5642
5653,201201,5,0,170,FALSE,5643
5654,201201,5,0,170,FALSE,5644
5655,90102,2,9,28,FALSE,5645
5656,201802,5,0,143,FALSE,5646
5657,99,6,0,24,FALSE,5647
5658,200201,4,0,100,FALSE,5649
5658,202008,5,7,192,FALSE,5648
5659,140133,1,14,27,FALSE,5650
5660,140101,1,14,27,FALSE,5651
5661,90401,3,9,3,FALSE,5652
5662,200201,4,0,100,FALSE,5653
5663,200201,4,0,100,FALSE,5654
5664,200201,4,0,100,FALSE,5655
5665,200201,4,0,100,FALSE,5656
5666,200506,5,0,151,FALSE,5657
5667,140145,1,14,327,FALSE,5658
5668,200203,4,0,106,FALSE,5659
5669,201802,5,0,143,TRUE,5660
5670,200201,4,0,100,FALSE,5661
5671,202116,5,0,125,FALSE,5662
5672,200201,4,0,100,FALSE,5663
5673,200201,4,0,100,FALSE,5664
5674,201404,5,2,243,FALSE,5762
5676,90302,2,9,148,TRUE,5666
5677,202012,5,0,21,FALSE,5667
5678,200201,4,0,100,FALSE,5669
5679,140101,1,14,27,FALSE,5670
5680,201202,5,0,192,TRUE,5672
5680,201201,4,0,170,TRUE,5671
5681,140101,1,14,27,FALSE,5673
5682,202116,5,0,122,FALSE,5674
5683,200201,4,0,100,FALSE,5675
5684,201201,5,0,170,FALSE,5676
5685,202011,5,0,8,FALSE,5677
5686,202005,5,0,4,FALSE,5678
5687,200201,4,0,100,FALSE,5679
5688,202003,5,0,150,FALSE,5681
5688,201201,5,0,170,FALSE,5680
5689,200201,4,0,100,FALSE,5682
5690,200201,4,0,100,FALSE,5683
5691,140101,1,14,27,FALSE,5684
5692,200801,4,0,204,TRUE,5685
5693,200201,4,0,100,FALSE,5686
5694,140101,1,14,27,FALSE,5687
5695,200201,4,0,100,FALSE,5688
5696,200201,4,0,100,FALSE,5689
5697,202402,4,0,166,TRUE,5690
5698,20308,2,2,4,FALSE,5691
5699,200702,5,0,122,FALSE,5692
5700,200203,4,0,126,FALSE,5693
5701,200201,4,0,100,FALSE,5694
5702,140101,1,14,27,FALSE,5695
5703,200201,4,0,100,FALSE,5696
5704,200001,5,0,176,FALSE,5697
5705,200201,4,0,100,FALSE,5698
5706,140101,1,14,27,FALSE,5699
5707,140101,1,14,27,FALSE,5700
5708,100102,2,10,7,FALSE,5701
5709,200502,4,0,154,TRUE,5704
5710,200201,4,0,100,FALSE,5705
5711,140101,1,14,27,FALSE,5706
5712,140101,1,14,27,FALSE,5707
5713,200201,4,0,100,FALSE,5708
5714,201001,5,0,104,FALSE,5709
5715,200213,4,0,100,FALSE,5710
5716,90107,2,9,28,FALSE,5711
5717,202010,5,0,600,FALSE,5712
5718,200201,4,0,100,FALSE,5713
5719,200201,4,0,100,FALSE,5714
5720,201201,5,0,170,FALSE,5715
5721,201103,5,0,191,FALSE,5716
5722,200201,4,0,100,FALSE,5717
5723,200201,4,0,100,FALSE,5719
5724,202112,5,0,120,TRUE,5720
5725,200201,4,0,100,FALSE,5721
5726,200201,4,0,100,FALSE,5722
5727,200505,5,0,249,FALSE,5723
5728,200201,4,0,100,FALSE,5724
5729,90303,2,9,4,TRUE,5726
5730,200201,4,0,100,FALSE,5725
5731,200201,4,0,100,FALSE,5727
5732,50101,2,5,28,FALSE,5729
5733,140101,1,14,27,FALSE,5730
5734,202116,5,0,122,TRUE,5732
5735,200201,4,0,100,FALSE,5731
5736,201304,5,0,138,FALSE,5735
5736,201304,4,0,138,FALSE,5734
5737,200201,4,0,100,FALSE,5733
5738,200201,4,0,100,FALSE,5736
5739,200803,4,0,134,TRUE,5737
5740,201302,5,0,135,FALSE,5738
5741,200803,4,0,134,TRUE,5739
5742,140141,1,14,369,FALSE,5740
5743,200201,4,0,100,FALSE,5741
5744,200201,4,0,100,FALSE,5742
5745,140101,1,14,27,FALSE,5743
5746,142306,1,0,249,TRUE,5744
5747,200201,4,0,100,FALSE,5745
5748,200502,4,0,145,TRUE,5746
5749,202116,5,0,122,TRUE,5747
5750,200505,5,0,249,TRUE,5748
5751,201307,5,0,113,FALSE,5749
5752,202007,5,0,207,TRUE,5752
5752,200801,4,0,204,TRUE,5751
5752,202701,4,0,129,TRUE,5750
5753,200201,4,0,100,FALSE,5753
5754,200201,4,0,100,FALSE,5754
5755,202011,5,0,111,FALSE,5755
5756,200204,4,0,136,FALSE,5756
5757,140133,1,14,1,FALSE,5757
5758,140101,1,14,27,FALSE,5758
5759,200201,4,0,100,FALSE,5759
5760,140101,1,14,27,FALSE,5760
5761,200502,4,0,145,TRUE,5761
5763,140101,1,14,27,FALSE,5763
5764,200201,4,0,100,FALSE,5764
5765,200408,4,0,202,TRUE,5765
5765,202601,5,0,232,TRUE,5766
5766,200201,4,0,100,FALSE,5767
5768,200201,4,0,100,FALSE,5768
5769,202702,4,0,130,FALSE,5769
5770,200710,4,0,111,FALSE,5770
5771,200705,4,0,226,FALSE,5771
5771,201101,5,0,190,FALSE,5772
5772,90401,3,9,3,TRUE,5773
5773,200211,4,0,215,TRUE,5774
5774,200201,4,0,100,FALSE,5775
5775,200201,4,0,100,FALSE,5777
5776,200001,4,0,174,TRUE,5779
5776,202701,4,0,25,TRUE,5776
5777,90102,2,9,327,TRUE,5778
5778,140101,1,14,27,FALSE,5780
5779,200201,4,0,100,FALSE,5781
5780,70101,2,7,28,FALSE,5782
5781,201402,5,0,198,FALSE,5783
5782,200605,4,0,227,TRUE,5785
5782,202007,5,0,192,TRUE,5784
5783,200710,4,0,111,FALSE,5786
5784,201802,5,0,181,FALSE,5787
5785,202106,5,0,171,TRUE,5788
5786,201802,5,0,181,FALSE,5789
5787,202007,5,0,192,FALSE,5791
5787,90102,2,9,327,TRUE,5790
5789,141802,1,14,319,FALSE,5792
5790,200709,4,0,111,FALSE,5958
5790,202301,5,0,232,FALSE,5793
5791,70303,2,7,216,FALSE,5794
5792,200201,4,0,100,FALSE,5795
5793,90401,3,9,3,FALSE,5796
5794,70401,3,7,3,FALSE,5797
5795,202116,5,0,122,FALSE,5798
5796,200408,4,0,202,TRUE,5799
5797,142001,1,14,369,FALSE,5801
5797,140133,1,14,1,FALSE,5800
5798,200702,5,0,216,FALSE,5802
5799,200203,4,0,126,TRUE,5811
5800,140101,1,14,27,FALSE,5803
5801,201104,5,0,205,FALSE,5804
5802,200213,4,0,100,FALSE,5805
5803,200201,4,0,100,FALSE,5806
5804,20101,2,2,4,TRUE,5954
5804,20101,2,2,28,TRUE,5807
5805,140101,1,14,27,FALSE,5808
5806,201104,5,0,205,FALSE,5809
5807,90106,2,9,17,FALSE,5810
5808,130404,3,13,21,TRUE,5812
5809,140133,1,14,1,FALSE,5814
5809,142300,1,14,336,FALSE,5813
5809,10101,2,1,28,FALSE,5815
5810,140101,1,14,27,TRUE,5816
5811,140101,1,14,27,FALSE,5817
5812,200201,4,0,100,FALSE,5818
5813,201201,5,0,170,FALSE,5819
5814,200201,4,0,100,FALSE,5820
5815,20305,2,2,4,FALSE,5821
5816,140101,1,14,28,FALSE,5822
5817,200201,4,0,100,FALSE,5823
5818,140133,1,14,327,FALSE,5824
5819,140101,1,14,27,TRUE,5825
5820,140101,1,14,27,FALSE,5826
5821,200201,4,0,100,TRUE,5830
5822,201201,4,0,170,FALSE,5827
5823,200201,4,0,100,FALSE,5828
5824,142001,1,14,369,FALSE,5829
5825,200604,5,0,195,FALSE,5831
5826,200408,4,0,202,TRUE,5832
5827,200201,4,0,100,FALSE,5833
5828,201706,4,0,222,TRUE,5835
5828,90308,2,9,4,TRUE,5834
5829,140101,1,14,27,TRUE,5836
5830,200710,4,0,111,TRUE,5837
5831,70102,2,7,28,FALSE,5838
5832,201402,5,0,198,FALSE,5846
5833,140101,1,14,27,FALSE,5839
5834,202220,5,0,122,FALSE,5840
5835,200201,4,0,100,FALSE,5842
5836,140101,1,14,27,FALSE,5844
5838,50206,2,5,325,TRUE,5854
5839,200201,4,0,100,FALSE,5847
5840,202501,4,0,240,FALSE,5848
5841,202112,5,0,120,TRUE,5849
5842,70206,2,7,4,FALSE,5851
5843,201406,5,0,219,TRUE,5852
5844,202703,4,0,501,FALSE,5853
5845,202116,5,0,122,FALSE,5855
5846,20102,2,2,28,FALSE,5959
5847,200201,4,0,100,FALSE,5856
5848,50102,2,5,28,FALSE,5857
5849,200201,4,0,100,FALSE,5858
5850,200201,4,0,100,FALSE,5859
5851,202501,4,0,240,FALSE,5860
5852,202402,4,0,166,TRUE,5861
5854,200705,5,0,190,FALSE,5862
5855,140101,1,14,27,FALSE,5863
5856,140101,1,14,27,FALSE,5864
5858,140101,1,14,27,FALSE,5865
5859,202405,4,0,102,TRUE,5866
5860,200201,4,0,100,FALSE,5867
5861,200201,4,0,100,FALSE,5868
5862,200201,4,0,100,FALSE,5869
5863,200201,4,0,100,FALSE,5870
5864,202202,4,0,251,FALSE,5871
5865,140101,1,14,27,FALSE,5872
5866,200201,4,0,100,FALSE,5873
5867,200601,4,0,241,FALSE,5874
5868,10206,2,1,325,FALSE,5883
5869,201307,5,0,113,TRUE,5875
5870,200604,5,0,195,TRUE,5876
5871,200502,4,0,145,FALSE,5877
5872,202105,5,0,111,FALSE,5878
5873,200201,4,0,100,FALSE,5879
5874,200803,4,0,134,TRUE,5880
5875,200201,4,0,100,FALSE,5881
5876,200902,4,0,106,FALSE,5882
5877,140101,1,14,27,FALSE,5884
5878,200201,4,0,100,FALSE,5885
5879,140101,1,14,27,FALSE,5886
5880,202007,5,0,164,FALSE,5887
5881,200201,4,0,100,FALSE,5888
5882,202117,5,0,139,FALSE,5889
5883,200201,4,0,100,FALSE,5890
5884,70101,2,7,28,FALSE,5891
5885,200201,4,0,100,FALSE,5892
5886,200201,4,0,100,FALSE,5893
5887,202601,5,0,130,FALSE,5894
5888,140101,1,14,27,FALSE,5895
5889,202106,5,0,171,FALSE,5896
5890,70102,2,7,28,FALSE,6014
5891,202405,5,0,102,FALSE,5897
5892,200201,4,0,100,FALSE,5898
5893,140101,1,14,27,FALSE,5899
5894,200201,4,0,100,FALSE,5900
5895,140101,1,14,27,FALSE,5901
5896,202111,5,0,133,FALSE,5902
5897,202401,5,0,112,TRUE,5903
5898,20102,2,2,28,FALSE,5904
5899,60102,2,6,28,FALSE,5905
5900,200705,4,0,226,FALSE,5906
5901,200202,4,0,110,TRUE,5907
5902,140101,1,14,27,FALSE,5908
5903,140101,1,14,27,FALSE,5909
5904,200201,4,0,100,FALSE,5910
5905,200402,4,0,253,FALSE,5911
5906,200410,4,0,102,FALSE,5912
5907,200203,4,0,126,FALSE,5913
5908,70101,2,7,28,FALSE,5914
5909,201003,5,0,189,FALSE,5915
5910,201307,5,0,113,FALSE,5916
5911,90102,2,9,28,FALSE,5917
5912,200201,4,0,100,FALSE,5918
5913,200219,4,0,175,FALSE,5919
5914,200201,4,0,100,FALSE,5920
5915,200713,5,0,122,TRUE,5921
5916,201006,5,0,234,TRUE,5922
5917,200202,4,0,110,TRUE,5923
5918,202101,5,0,184,TRUE,5924
5919,202009,5,0,192,TRUE,5926
5919,200001,4,0,202,TRUE,5925
5920,200505,5,0,249,TRUE,5927
5921,202116,5,0,122,TRUE,5928
5922,200201,4,0,100,FALSE,5929
5923,202703,4,0,214,FALSE,5930
5924,200201,4,0,100,FALSE,5931
5925,200201,4,0,100,FALSE,5932
5926,200201,4,0,100,FALSE,5933
5927,200201,4,0,100,FALSE,5934
5928,202001,5,0,192,FALSE,5935
5929,202403,4,0,214,FALSE,5936
5930,20401,3,2,3,FALSE,5937
5931,200201,4,0,27,FALSE,6307
5932,140101,1,14,27,FALSE,5938
5933,200201,4,0,100,FALSE,5939
5934,200201,4,0,100,FALSE,5940
5935,200201,4,0,100,FALSE,5941
5936,200201,4,0,100,FALSE,5942
5937,200201,4,0,100,FALSE,5943
5938,140101,1,14,27,FALSE,5944
5939,200201,4,0,100,FALSE,5945
5940,201704,4,0,174,TRUE,5946
5941,200710,4,0,111,FALSE,5947
5942,202106,5,0,171,FALSE,5948
5943,200201,4,0,100,FALSE,5949
5944,200001,4,0,195,FALSE,5950
5945,200001,4,0,214,TRUE,5951
5946,200710,4,0,111,FALSE,5952
5946,202005,5,0,111,FALSE,5953
5947,140101,1,14,1,FALSE,5955
5948,90214,2,9,1,FALSE,5956
5949,140101,1,14,1,FALSE,5957
5950,200201,4,0,100,FALSE,5963
5951,200201,4,0,100,FALSE,5964
5952,200201,4,0,100,FALSE,5965
5953,140101,1,14,27,FALSE,5966
5954,70101,2,7,28,FALSE,5967
5955,200201,4,0,100,FALSE,5968
5956,90102,2,9,28,FALSE,5969
5957,90102,2,9,28,FALSE,5970
5958,202111,5,0,133,FALSE,5971
5959,200201,4,0,100,FALSE,5972
5960,200201,4,0,126,FALSE,5973
5961,140101,1,14,27,FALSE,5974
5962,200201,4,0,100,FALSE,5975
5964,200201,4,0,100,FALSE,5976
5965,140101,1,14,27,FALSE,5977
5966,140101,1,14,27,FALSE,5978
5967,70101,2,7,28,FALSE,5979
5968,200201,4,0,100,FALSE,5980
5969,140101,1,14,27,FALSE,5981
5970,200201,4,14,27,FALSE,5982
5971,202601,5,0,130,FALSE,5983
5972,201101,5,0,190,TRUE,5984
5973,200401,4,0,168,FALSE,5985
5974,202701,4,0,214,FALSE,5986
5977,140101,1,14,27,FALSE,5987
5978,201201,4,0,170,TRUE,5988
5979,50401,3,5,3,FALSE,5989
5980,140101,1,14,27,FALSE,5990
5981,200702,5,0,216,FALSE,5991
5982,202301,5,0,26,FALSE,5992
5983,201103,5,0,191,FALSE,5993
5984,70401,3,7,3,TRUE,5994
5985,200201,4,0,100,FALSE,5995
5986,200402,4,0,253,FALSE,5996
5987,140101,1,14,27,FALSE,5997
5988,200201,4,0,100,FALSE,5998
5989,200201,4,0,100,FALSE,5999
5990,200713,5,0,122,FALSE,6000
5991,20401,3,2,3,FALSE,6001
5992,30307,2,3,3,FALSE,6002
5993,202703,4,0,214,FALSE,6003
5994,202704,5,0,195,TRUE,6004
5995,200201,4,0,100,FALSE,6005
5996,140101,1,14,27,FALSE,6006
5997,200201,4,0,100,FALSE,6007
5998,202005,5,0,111,FALSE,6008
5999,200201,4,0,100,FALSE,6009
6000,140101,1,14,27,FALSE,6010
6001,200402,4,0,253,FALSE,6011
6002,140101,1,14,27,FALSE,6012
6003,202703,4,0,214,FALSE,6013
6195,200201,4,0,100,FALSE,6017
6196,90102,2,9,28,FALSE,6018
6197,70102,2,7,7,FALSE,6019
6198,99,6,0,24,FALSE,6022
6199,70401,3,7,3,TRUE,6023
6200,200201,4,0,100,FALSE,6024
6201,202108,5,0,238,TRUE,6025
6202,200201,4,0,100,FALSE,6026
6203,201704,4,0,208,TRUE,6027
6204,200201,4,0,100,FALSE,6028
6205,200101,4,0,137,FALSE,6029
6206,200201,4,0,100,FALSE,6030
6207,200201,4,0,100,FALSE,6031
6208,200711,4,0,16,TRUE,6032
6209,200711,4,0,16,TRUE,6033
6210,140101,1,14,27,FALSE,6034
6211,140101,1,14,27,FALSE,6035
6212,200201,4,0,100,FALSE,6036
6213,90102,2,9,28,FALSE,6037
6214,200710,5,0,111,FALSE,6038
6215,140101,1,14,27,FALSE,6039
6216,201704,4,0,208,FALSE,6040
6217,200201,4,0,100,FALSE,6041
6218,200201,4,0,100,FALSE,6042
6219,201302,5,0,135,FALSE,6043
6220,140101,1,14,27,FALSE,6044
6221,140101,1,14,27,FALSE,6045
6222,200711,5,0,16,TRUE,6046
6223,200901,4,0,106,FALSE,6047
6224,200901,4,0,106,FALSE,6048
6225,200201,4,0,100,FALSE,6049
6226,200219,4,0,100,FALSE,6050
6227,200506,5,0,151,FALSE,6051
6228,90401,3,9,3,FALSE,6052
6229,142517,5,0,135,FALSE,6053
6230,140101,1,14,27,FALSE,6054
6231,200201,4,0,100,FALSE,6055
6232,200406,4,0,153,FALSE,6057
6233,140101,1,14,27,FALSE,6058
6234,140101,1,14,27,FALSE,6059
6235,200201,4,0,100,FALSE,6060
6236,202012,5,0,122,FALSE,6061
6237,90401,3,9,3,FALSE,6062
6238,202111,5,0,133,FALSE,6063
6239,140101,1,14,27,FALSE,6064
6240,200201,4,0,100,FALSE,6065
6241,200201,4,0,100,FALSE,6066
6242,202403,5,0,122,TRUE,6068
6242,202106,5,0,171,TRUE,6069
6243,200201,4,0,100,FALSE,6070
6244,200201,4,0,100,FALSE,6072
6245,201704,4,0,174,TRUE,6074
6246,201704,4,0,208,TRUE,6075
6247,140101,1,14,27,FALSE,6076
6248,200201,4,0,100,FALSE,6078
6249,201307,5,0,113,FALSE,6079
6249,202116,5,0,122,FALSE,6080
6250,200902,4,0,106,FALSE,6081
6251,201601,4,0,186,FALSE,6082
6252,200201,4,0,100,FALSE,6083
6253,140101,1,14,27,FALSE,6084
6254,201402,5,0,198,FALSE,6085
6255,201102,5,0,220,FALSE,6086
6256,90208,2,9,369,FALSE,6087
6257,201802,5,0,144,FALSE,6088
6258,200201,4,0,100,FALSE,6089
6259,200201,4,0,100,FALSE,6090
6260,200408,4,0,202,TRUE,6091
6261,200201,4,0,100,FALSE,6092
6262,202220,5,0,115,FALSE,6093
6263,202405,5,0,102,FALSE,6094
6264,200207,4,0,100,FALSE,6095
6265,201802,5,0,143,FALSE,6096
6266,141802,5,14,319,FALSE,6097
6267,140101,1,14,27,FALSE,6098
6268,200402,4,0,253,TRUE,6099
6269,201101,5,0,190,FALSE,6100
6270,200505,5,0,249,FALSE,6101
6271,200201,4,0,100,FALSE,6296
6271,201101,5,0,190,FALSE,6102
6272,90401,3,9,3,FALSE,6103
6273,90208,2,9,7,FALSE,6104
6274,90205,2,9,7,FALSE,6105
6275,202501,5,0,240,TRUE,6106
6276,201104,5,0,205,FALSE,6107
6277,140101,1,14,27,FALSE,6108
6278,201201,4,0,170,TRUE,6109
6279,200201,4,0,100,FALSE,6110
6280,200201,4,0,100,FALSE,6111
6281,200505,5,0,249,TRUE,6112
6282,200201,4,0,100,FALSE,6113
6283,140101,1,14,27,FALSE,6114
6284,200201,4,0,100,FALSE,6115
6285,202101,5,0,184,FALSE,6116
6286,200201,4,0,100,FALSE,6117
6287,201304,5,0,135,TRUE,6118
6288,202004,4,0,214,FALSE,6119
6289,20209,2,2,7,FALSE,6120
6290,202001,5,0,192,FALSE,6121
6291,200201,4,0,100,FALSE,6122
6292,140101,1,14,27,FALSE,6123
6293,201802,5,0,143,FALSE,6124
6294,200201,4,0,100,FALSE,6125
6295,140101,1,14,27,FALSE,6126
6296,200201,4,0,100,FALSE,6127
6297,201201,4,0,170,TRUE,6128
6298,200502,4,0,145,FALSE,6129
6299,200205,4,0,215,FALSE,6130
6300,200201,4,0,100,FALSE,6131
6301,202703,4,0,214,FALSE,6132
6302,202101,5,0,184,TRUE,6133
6303,200201,4,0,100,FALSE,6134
6304,20303,2,2,7,FALSE,6135
6305,200502,4,0,145,FALSE,6136
6306,202501,4,0,240,FALSE,6137
6307,140101,1,14,27,FALSE,6138
6308,200201,4,0,100,FALSE,6139
6309,202101,5,0,184,FALSE,6140
6310,200505,5,0,249,FALSE,6141
6311,140101,1,14,27,FALSE,6142
6312,200201,4,0,100,FALSE,6143
6313,90404,5,0,21,FALSE,6144
6314,140133,1,14,1,FALSE,6145
6315,200709,4,0,239,FALSE,6146
6316,200201,4,0,100,FALSE,6147
6317,201006,5,0,234,FALSE,6148
6318,202116,5,0,122,TRUE,6149
6319,200201,4,0,100,FALSE,6150
6320,200201,4,0,100,FALSE,6151
6321,201802,5,0,143,TRUE,6152
6322,201306,5,0,114,TRUE,6153
6323,141717,1,14,357,FALSE,6154
6324,10102,2,1,28,FALSE,6155
6325,200201,4,0,100,FALSE,6156
6326,140101,1,14,27,FALSE,6157
6327,202106,5,0,171,FALSE,6158
6328,140805,1,14,27,FALSE,6159
6329,202101,5,0,184,FALSE,6160
6330,140101,1,14,27,FALSE,6161
6331,201006,5,0,234,FALSE,6162
6332,200201,4,0,100,FALSE,6163
6333,202101,5,0,184,FALSE,6164
6334,202116,5,0,122,FALSE,6165
6335,200219,4,0,175,FALSE,6166
6336,200219,4,0,175,FALSE,6167
6337,201704,4,0,208,TRUE,6168
6338,20101,2,2,28,FALSE,6169
6338,140133,1,14,27,FALSE,6298
6339,200201,4,0,100,FALSE,6170
6340,200505,3,10,249,FALSE,6171
6341,20101,2,2,28,FALSE,6172
6341,140133,1,14,27,FALSE,6299
6342,200201,4,0,100,FALSE,6173
6343,200203,4,0,126,FALSE,6174
6344,200201,4,0,100,FALSE,6175
6345,200201,4,0,100,FALSE,6176
6346,202101,5,0,103,FALSE,6177
6347,201001,5,0,104,TRUE,6178
6348,200201,4,0,100,FALSE,6179
6349,202116,5,0,122,FALSE,6180
6350,202116,5,0,122,FALSE,6181
6351,140101,1,14,27,FALSE,6182
6352,202005,5,0,111,FALSE,6183
6352,20102,2,2,28,FALSE,6301
6353,200201,4,0,100,FALSE,6184
6354,201004,5,0,231,FALSE,6185
6355,200201,4,0,100,FALSE,6186
6356,200201,4,0,100,FALSE,6187
6357,201706,4,0,223,FALSE,6188
6357,141802,1,14,319,FALSE,6303
6358,201203,5,0,192,TRUE,6189
6359,201502,4,0,237,TRUE,6190
6360,200201,4,0,100,FALSE,6191
6361,202108,5,0,238,FALSE,6192
6362,202101,5,0,184,TRUE,6193
6363,140101,1,14,27,FALSE,6194
6364,200201,4,0,100,FALSE,6195
6365,200201,4,0,100,FALSE,6196
6366,200201,4,0,100,FALSE,6197
6367,202116,5,0,122,FALSE,6198
6368,200901,4,0,106,FALSE,6199
6369,201307,5,0,113,FALSE,6200
6370,201104,5,0,205,FALSE,6201
6371,200201,4,0,100,FALSE,6202
6372,90102,2,9,28,FALSE,6203
6373,202112,5,0,120,FALSE,6204
6374,201308,5,0,119,TRUE,6205
6375,90305,2,9,4,FALSE,6206
6376,90102,2,9,28,FALSE,6207
6377,202001,5,0,206,FALSE,6208
6378,200201,4,0,100,FALSE,6209
6379,140101,1,14,27,FALSE,6210
6380,200201,4,0,100,FALSE,6211
6381,202116,5,0,122,TRUE,6212
6382,200201,4,0,100,FALSE,6213
6383,70101,2,7,28,FALSE,6214
6384,200201,4,0,100,FALSE,6215
6385,201403,5,0,148,FALSE,6216
6386,200710,4,14,111,FALSE,6217
6387,90302,5,9,122,FALSE,6218
6388,200201,4,0,100,FALSE,6219
6389,99,6,0,24,TRUE,6220
6780,140133,1,14,1,FALSE,6221
6781,140133,1,14,1,FALSE,6222
6782,201704,4,0,208,TRUE,6225
6783,140101,1,14,27,FALSE,6226
6784,10101,2,1,16,FALSE,6227
6785,90102,2,9,7,FALSE,6228
6786,142533,5,0,135,FALSE,6229
6787,142535,5,0,135,FALSE,6230
6788,142533,5,0,135,FALSE,6231
6789,142517,5,0,135,FALSE,6232
6790,142527,5,0,135,FALSE,6233
6791,142533,5,0,135,FALSE,6234
6792,142521,5,0,135,FALSE,6235
6793,142533,5,0,135,FALSE,6236
6794,142546,5,0,135,FALSE,6237
6795,142533,5,0,135,FALSE,6238
6796,142517,5,0,135,FALSE,6239
6797,200406,4,0,153,FALSE,6240
6798,200406,4,0,153,FALSE,6241
6799,200201,4,0,100,FALSE,6242
6800,200201,4,0,100,FALSE,6243
6801,202111,5,0,147,FALSE,6244
6801,202116,5,0,122,FALSE,6245
6802,200902,4,0,106,FALSE,6246
6803,201601,4,0,186,FALSE,6247
6804,200902,4,0,106,FALSE,6248
6805,201102,5,0,220,FALSE,6249
6806,202401,4,0,177,TRUE,6250
6807,200201,4,0,100,FALSE,6251
6808,200505,5,0,249,FALSE,6252
6809,201101,5,0,190,FALSE,6253
6810,200505,5,0,249,TRUE,6254
6811,90208,2,9,7,FALSE,6255
6812,200201,4,0,100,FALSE,6256
6813,140101,1,14,27,FALSE,6257
6814,202101,5,0,184,FALSE,6258
6815,200201,4,0,100,FALSE,6259
6816,90404,5,0,21,FALSE,6260
6817,90404,5,0,21,FALSE,6261
6818,90404,5,0,21,FALSE,6262
6819,200201,4,0,100,FALSE,6263
6820,200201,4,0,100,FALSE,6264
6821,200201,4,0,100,FALSE,6265
6822,200201,4,0,100,FALSE,6266
6823,200201,4,0,100,FALSE,6267
6824,200201,4,0,100,FALSE,6268
6825,140805,1,14,27,FALSE,6269
6826,200219,4,0,175,FALSE,6270
6827,200219,4,0,175,FALSE,6271
6828,201704,4,0,208,TRUE,6272
6829,200201,4,0,100,FALSE,6273
6830,200201,4,0,100,FALSE,6274
6831,201001,5,0,104,TRUE,6275
6832,201001,5,0,104,TRUE,6276
6833,200201,4,0,100,FALSE,6277
6834,200201,4,0,100,FALSE,6278
6835,200201,4,0,100,FALSE,6279
6836,202108,5,0,238,FALSE,6280
6837,202108,5,0,238,FALSE,6281
6838,140101,1,14,27,FALSE,6282
6839,140101,1,14,27,FALSE,6283
6840,140101,1,14,27,FALSE,6284
6841,202116,5,0,122,FALSE,6285
6842,200901,4,0,106,FALSE,6286
6843,200901,4,0,106,FALSE,6287
6844,200901,4,0,106,FALSE,6288
6845,200901,4,0,106,FALSE,6289
6846,200901,4,0,106,FALSE,6290
6847,200901,4,0,106,FALSE,6291
6848,200201,4,0,100,FALSE,6292
6849,201308,5,0,119,TRUE,6293
6850,90305,2,9,4,FALSE,6294
6851,70401,3,7,3,FALSE,6295
6852,200201,4,0,100,FALSE,6304
6853,90401,3,9,3,FALSE,6305
6854,202001,5,0,192,FALSE,6306
6855,90102,2,9,28,FALSE,6308
6856,200201,4,0,100,FALSE,6321
6857,200201,4,0,100,FALSE,6309
6858,202501,4,0,240,FALSE,6310
6859,200201,4,0,100,FALSE,6311
6860,140101,1,14,27,FALSE,6312
6861,200711,4,0,16,TRUE,6313
6862,140101,1,14,27,FALSE,6314
6863,140101,1,14,27,FALSE,6315
6864,200711,4,0,16,TRUE,6316
6865,140101,1,14,27,FALSE,6317
6866,200201,4,0,100,FALSE,6318
6867,200201,4,0,100,FALSE,6319
6868,200201,4,0,100,FALSE,6320
6869,200201,4,0,100,FALSE,6322
6870,140101,1,14,27,FALSE,6323
6871,140101,1,14,27,FALSE,6324
6872,200201,4,0,100,FALSE,6325
6873,200201,4,0,100,FALSE,6326
6874,140101,1,14,27,FALSE,6327
6875,201201,4,0,170,TRUE,6328
6876,140101,1,14,27,FALSE,6329
6877,140101,1,14,27,FALSE,6330
6878,200201,4,0,100,FALSE,6331
6879,140101,1,14,27,FALSE,6332
6880,200201,4,0,100,FALSE,6333
6881,200201,4,0,100,FALSE,6334
6882,200201,4,0,100,FALSE,6335
6883,140101,1,14,27,FALSE,6336
6885,140101,1,14,27,FALSE,6337
6886,140101,1,14,27,FALSE,6338
6887,200201,4,0,100,FALSE,6339
6888,140101,1,14,27,FALSE,6340
6889,200201,4,0,100,FALSE,6341
6890,200201,4,0,100,FALSE,6342
6891,200402,4,0,253,FALSE,6343
6892,140101,1,14,27,FALSE,6344
6893,140101,1,14,0,FALSE,6345
6894,140133,1,14,1,FALSE,6346
6895,20102,2,2,7,FALSE,6347
6896,140101,1,14,27,FALSE,6348
6897,200301,4,0,214,FALSE,6349
6898,202011,5,10,216,FALSE,6350
6899,202401,5,0,220,FALSE,6351
6900,200201,4,0,100,FALSE,6352
6901,140101,1,14,27,FALSE,6353
6902,200201,4,0,100,FALSE,6354
6903,140101,1,14,27,FALSE,6355
6904,140101,1,14,27,FALSE,6356
6905,202117,5,0,139,FALSE,6357
6906,200201,4,0,100,FALSE,6358
6907,200201,4,0,100,FALSE,6359
6908,140101,1,14,27,FALSE,6360
6909,140101,1,14,27,FALSE,6361
6910,202112,5,0,120,FALSE,6362
6912,202501,4,0,240,FALSE,6363
6913,202101,5,0,184,FALSE,6364
6914,200201,4,0,100,FALSE,6365
6915,200201,4,0,100,FALSE,6366
6916,200201,4,0,100,FALSE,6367
6917,200201,4,0,100,FALSE,6368
6918,142206,1,14,334,FALSE,6369
6919,200201,4,0,100,FALSE,6370
6920,200201,4,0,100,FALSE,6371
6921,140101,1,14,27,FALSE,6372
6922,200402,4,0,253,FALSE,6373
6923,200201,4,0,100,FALSE,6374
6924,200201,4,0,163,FALSE,6375
6925,200201,4,0,100,FALSE,6376
6929,140101,1,14,27,FALSE,6377
6931,200201,4,0,100,FALSE,6378
6932,200201,4,0,100,FALSE,6379
6933,70102,2,7,7,FALSE,6380
6934,140101,1,14,27,FALSE,6381
6935,200201,4,0,100,FALSE,6382
6936,140101,1,14,27,FALSE,6383
6937,200201,4,0,100,FALSE,6384
6938,200201,4,0,100,FALSE,6385
6939,140101,1,14,27,FALSE,6386
6940,200201,4,0,100,FALSE,6387
6941,140101,1,14,27,FALSE,6426
6942,140101,1,14,27,FALSE,6427
6943,200201,4,0,100,FALSE,6388
6944,201706,4,0,214,TRUE,6428
6945,140101,1,14,27,FALSE,6389
6946,140101,1,14,27,FALSE,6399
6947,140101,1,14,27,FALSE,6400
6948,202703,4,9,214,FALSE,6401
6949,140101,1,14,27,FALSE,6402
6950,200201,4,0,126,FALSE,6403
6951,200401,4,10,168,FALSE,6404
6952,200201,4,0,100,FALSE,6405
6953,200101,4,0,162,FALSE,6406
6954,201802,5,0,143,FALSE,6407
6955,202004,5,0,192,FALSE,6415
6955,202601,5,0,130,FALSE,6414
6955,202007,5,0,192,FALSE,6413
6955,200901,4,0,106,FALSE,6416
6956,200201,4,0,100,FALSE,6410
6957,200201,4,0,100,FALSE,6408
6958,200201,4,0,100,FALSE,6409
6959,200201,4,0,100,FALSE,6412
6960,140811,5,0,246,FALSE,6424
6960,201103,5,0,246,FALSE,6425
6961,140133,1,14,1,FALSE,6421
6962,200201,4,0,100,FALSE,6411
6963,201503,4,0,185,FALSE,6420
6964,90102,2,9,4,FALSE,6419
6964,140101,1,14,27,FALSE,6418
6965,140811,5,0,246,FALSE,6417
6966,70401,3,7,3,FALSE,6396
6967,200201,4,9,100,FALSE,6395
6968,200201,4,0,100,FALSE,6394
6969,200201,4,0,100,FALSE,6393
6970,110404,3,11,21,FALSE,6392
6971,200201,4,0,100,FALSE,6391
6972,200201,4,0,100,FALSE,6390
6975,90102,2,9,327,FALSE,6429
6975,140133,1,14,1,FALSE,6430
6976,201704,4,0,174,FALSE,6431
6977,140101,1,14,27,FALSE,6432
6978,200201,4,0,100,FALSE,6469
6979,200201,4,0,100,FALSE,6433
6980,200201,4,0,100,FALSE,6436
6981,200201,4,0,100,FALSE,6434
6982,200201,4,0,100,FALSE,6435
6984,200201,4,0,100,FALSE,6437
6986,140101,1,14,27,FALSE,6438
6987,200201,4,0,100,FALSE,6439
6988,140101,1,14,27,FALSE,6440
6989,200201,4,0,100,FALSE,6441
6990,200201,4,0,100,FALSE,6442
6991,140101,1,14,27,FALSE,6443
6992,140101,1,14,27,FALSE,6444
6993,200201,4,0,100,FALSE,6445
6994,200408,4,0,202,FALSE,6473
6995,200201,4,0,100,FALSE,6470
6996,200201,4,0,100,FALSE,6446
6997,200201,4,0,100,FALSE,6471
6998,200201,4,0,100,FALSE,6472
6999,202010,5,0,159,FALSE,6447
7000,201202,5,0,170,TRUE,6448
7001,90102,2,9,4,FALSE,6449
7001,90302,5,9,122,FALSE,6450
7002,50401,3,5,3,FALSE,6451
7003,201802,5,0,143,FALSE,6452
7004,90102,2,9,28,FALSE,6453
7005,200408,4,0,202,FALSE,6454
7006,201403,5,0,148,FALSE,6455
7007,202112,5,0,120,FALSE,6456
7008,201308,5,0,113,FALSE,6457
7009,201001,5,0,104,FALSE,6458
7010,201305,4,0,114,FALSE,6459
7011,70102,2,7,327,FALSE,6461
7011,70101,2,7,28,FALSE,6460
7012,140133,1,14,1,FALSE,6462
7013,201802,5,0,128,FALSE,6463
7014,202111,5,0,122,FALSE,6464
7015,70404,5,7,21,FALSE,6465
7016,90102,2,9,28,FALSE,6467
7016,140811,5,0,246,FALSE,6466
7017,202110,5,0,233,FALSE,6468
7018,90308,5,9,4,FALSE,6474
7019,140101,1,14,27,FALSE,6475
7020,200901,4,0,106,FALSE,6476
7021,200201,4,0,100,FALSE,6477
7022,140101,1,14,27,FALSE,6478
7023,140101,1,14,27,FALSE,6479
7024,200201,4,0,100,FALSE,6480
7026,200201,4,0,100,FALSE,6482
7027,200201,4,0,100,FALSE,6483
7028,200201,4,0,100,FALSE,6484
7029,200201,4,0,100,FALSE,6485
7030,200201,4,0,100,FALSE,6486
7031,200201,4,0,100,FALSE,6487
7033,100207,2,10,28,FALSE,6489
7034,70102,2,7,28,FALSE,6490
7035,202001,5,0,192,TRUE,6491
7036,200220,4,0,100,FALSE,6492
7037,200220,4,0,100,FALSE,6493
7038,200201,4,0,100,FALSE,6494
7038,200201,4,0,100,FALSE,6495
7039,200204,4,0,136,FALSE,6496
7040,201704,4,0,214,TRUE,6497
7040,200402,4,0,214,TRUE,6498
7041,200602,4,0,227,FALSE,6499
7041,200602,4,0,227,FALSE,6500
7042,140101,1,14,27,FALSE,6501
7043,201202,3,9,18,TRUE,6502
7044,200406,4,0,153,FALSE,6503
7045,201305,4,0,114,TRUE,6504
7046,200201,4,0,100,FALSE,6505
7047,201104,5,0,205,FALSE,6506
7047,201104,5,0,205,FALSE,6509
7047,201104,5,0,205,FALSE,6508
7047,201104,5,0,205,FALSE,6507
7048,200201,4,0,100,FALSE,6510
7049,202113,5,0,122,FALSE,6511
7050,142539,5,0,4,FALSE,6513
7050,200201,4,0,214,FALSE,6514
7051,200201,4,0,100,FALSE,6515
7052,140101,1,14,27,FALSE,6516
7053,140101,1,14,27,FALSE,6517
7054,140101,1,14,27,FALSE,6519
7054,90102,2,9,4,FALSE,6518
7055,200201,4,0,100,FALSE,6520
7056,200201,4,0,100,FALSE,6521
7058,200201,4,0,100,FALSE,6522
7059,200201,4,0,100,FALSE,6523
7060,200203,4,0,126,TRUE,6524
7061,201401,5,0,187,FALSE,6525
7062,200201,4,0,100,FALSE,6526
7063,140101,1,14,27,FALSE,6527
7064,140101,1,14,27,FALSE,6528
7065,140101,1,14,27,FALSE,6529
7066,90406,3,9,3,FALSE,6530
7067,200201,4,0,100,FALSE,6531