primaryCaseID,respondentType,respondentCategory,respondentProvince,respondentUS,RespondentWasPlaintiff,respondentID
1,202112,5,0,120,TRUE,374
2,202116,5,0,122,TRUE,375
3,140101,1,14,27,FALSE,376
4,202112,5,0,120,FALSE,377
5,140101,1,14,27,FALSE,378
6,202701,4,0,166,TRUE,379
7,90401,3,9,3,FALSE,380
8,202404,5,0,177,TRUE,381
9,202116,5,0,122,FALSE,382
10,70404,3,7,21,FALSE,383
11,201704,4,0,208,TRUE,384
12,200802,4,0,123,FALSE,385
13,90401,3,9,3,FALSE,386
14,140101,1,14,27,FALSE,387
15,202704,4,0,195,TRUE,388
16,202405,4,0,102,FALSE,389
17,140141,1,14,369,FALSE,390
18,90401,3,9,3,FALSE,391
19,202405,4,0,102,FALSE,392
20,201402,5,0,198,FALSE,393
21,200802,4,0,123,TRUE,394
22,140141,1,14,369,FALSE,395
23,140141,1,14,369,FALSE,396
24,202106,5,0,171,FALSE,397
25,140101,1,14,27,TRUE,398
26,202501,5,0,240,TRUE,399
27,20102,2,2,28,FALSE,400
28,90401,3,9,3,FALSE,401
29,140811,5,14,191,FALSE,402
30,201306,4,0,114,TRUE,403
31,201301,4,0,138,FALSE,404
32,201401,5,0,187,TRUE,405
33,140141,1,14,369,FALSE,406
34,201704,4,0,208,TRUE,407
35,140141,1,14,369,FALSE,408
36,202704,4,0,195,FALSE,409
37,200401,4,0,168,TRUE,410
38,200402,4,0,253,FALSE,411
39,140101,1,14,27,FALSE,412
40,140101,1,14,27,FALSE,413
41,201801,0,0,167,FALSE,414
42,202108,5,0,238,FALSE,415
43,200802,5,0,123,FALSE,416
44,202108,4,0,238,FALSE,417
45,140141,1,14,369,FALSE,418
46,140141,1,14,369,FALSE,419
47,90401,3,9,3,TRUE,420
48,100401,3,10,3,FALSE,421
49,140141,1,14,369,FALSE,422
50,201306,4,0,114,TRUE,423
51,200502,4,0,145,FALSE,424
52,70401,3,7,3,FALSE,425
53,140101,1,14,27,FALSE,426
54,202706,4,0,102,TRUE,427
55,70303,2,7,7,FALSE,428
56,201009,5,0,121,TRUE,429
57,140141,1,14,369,FALSE,430
58,140141,1,14,369,FALSE,431
59,140141,1,14,369,FALSE,1
60,201402,5,0,198,FALSE,2
61,140101,1,14,27,FALSE,3
62,200001,4,0,214,TRUE,4
63,200201,4,0,100,FALSE,5
64,202110,4,0,233,FALSE,6
65,200901,4,0,106,TRUE,7
66,202703,4,0,214,FALSE,8
67,70401,3,7,3,FALSE,9
68,202501,5,0,240,FALSE,10
69,202405,5,0,102,FALSE,11
70,202116,5,0,122,FALSE,12
71,10102,2,1,28,FALSE,13
72,202110,5,0,233,FALSE,14
73,140101,1,14,27,TRUE,15
74,202116,5,0,122,TRUE,16
75,202403,5,0,166,TRUE,17
76,202703,4,0,214,FALSE,18
77,201704,4,0,208,TRUE,19
78,200604,4,0,122,TRUE,20
79,201402,5,0,198,TRUE,21
80,201401,5,0,187,FALSE,22
81,200711,4,0,16,FALSE,23
82,202703,4,0,214,TRUE,24
83,202116,5,0,122,FALSE,25
84,200604,4,0,122,TRUE,26
85,202116,5,0,122,TRUE,27
86,70401,3,7,3,FALSE,28
87,140101,1,14,27,FALSE,29
88,201006,5,0,234,FALSE,30
89,201006,5,0,234,FALSE,31
90,90401,3,9,3,FALSE,32
91,202405,5,0,102,FALSE,33
92,0,0,0,0,FALSE,34
93,140101,1,14,27,FALSE,35
94,200602,4,0,195,TRUE,36
95,202110,4,0,233,FALSE,37
96,202116,5,0,122,TRUE,38
97,200001,4,0,214,TRUE,39
98,200201,4,0,100,FALSE,40
99,202011,5,10,216,FALSE,41
100,201004,5,0,231,FALSE,42
101,200402,4,0,253,TRUE,43
102,141608,1,14,345,TRUE,44
103,202009,5,0,192,FALSE,45
104,202402,4,0,166,FALSE,46
105,202116,5,0,122,TRUE,47
106,202116,5,0,122,TRUE,48
107,200201,4,0,100,FALSE,49
108,201403,5,0,148,FALSE,50
109,202116,5,0,122,TRUE,51
110,201704,4,0,208,TRUE,52
111,202703,4,0,214,FALSE,53
112,200402,4,0,253,TRUE,54
113,202116,5,0,122,TRUE,55
114,140101,1,14,27,FALSE,56
115,100303,2,10,7,FALSE,57
116,202405,4,0,102,FALSE,58
117,202116,5,0,122,TRUE,59
118,200101,4,0,137,FALSE,60
119,201301,4,0,138,FALSE,61
120,140101,1,14,27,FALSE,62
121,202402,4,0,166,FALSE,63
122,140101,1,14,27,TRUE,64
123,140101,1,14,27,FALSE,65
124,140141,1,14,369,FALSE,66
125,202011,5,0,216,TRUE,67
126,200101,4,0,137,FALSE,68
127,200401,4,0,168,FALSE,69
128,200001,4,0,214,TRUE,70
129,140101,1,14,27,FALSE,71
130,70401,3,7,3,FALSE,72
131,200201,4,0,100,FALSE,73
132,200101,4,0,137,FALSE,74
133,202110,4,0,233,TRUE,75
134,202005,5,0,111,FALSE,76
135,200604,4,0,122,FALSE,77
136,200201,4,0,100,FALSE,78
137,200402,4,0,253,TRUE,79
138,140141,1,14,369,FALSE,80
139,201308,5,0,119,TRUE,81
140,202116,5,0,122,FALSE,82
141,140133,1,14,1,FALSE,83
142,201704,4,0,208,TRUE,84
143,200502,4,0,145,FALSE,85
144,202116,5,0,122,TRUE,86
145,90404,5,9,21,FALSE,87
146,141716,1,14,394,FALSE,88
147,200201,4,0,100,FALSE,89
148,202107,5,0,131,TRUE,90
149,202402,4,0,166,FALSE,91
150,20303,2,2,7,FALSE,92
151,202405,4,0,102,TRUE,93
152,202116,5,0,122,FALSE,94
153,140101,1,14,27,FALSE,95
154,201502,4,0,237,TRUE,96
155,70401,3,7,3,FALSE,97
156,0,0,0,0,FALSE,98
157,202403,4,0,166,TRUE,99
158,200201,4,0,100,FALSE,100
159,200201,4,0,100,FALSE,101
160,140141,1,14,369,FALSE,102
161,202101,5,0,184,FALSE,103
162,202116,5,0,122,TRUE,104
163,202403,4,0,166,TRUE,105
164,200402,4,0,253,FALSE,106
165,200402,4,0,253,TRUE,107
166,140101,1,14,27,FALSE,108
167,202116,5,0,122,TRUE,109
168,140141,1,14,369,FALSE,110
169,202103,5,0,160,TRUE,111
170,201704,4,0,208,TRUE,112
171,140101,1,14,27,TRUE,113
172,200502,4,0,145,TRUE,114
173,20401,3,2,3,TRUE,115
174,140141,1,14,369,FALSE,116
175,202301,5,0,232,TRUE,117
176,200201,4,0,100,FALSE,118
177,201006,5,0,234,FALSE,119
178,202116,5,0,122,FALSE,120
179,90401,3,9,3,FALSE,121
180,140141,1,14,369,FALSE,122
181,202116,5,0,122,FALSE,123
182,201308,5,0,119,TRUE,124
183,201704,4,0,208,TRUE,125
184,140101,1,14,27,TRUE,126
185,70401,3,7,3,FALSE,127
186,100102,2,10,28,FALSE,128
187,140301,4,14,335,FALSE,129
188,140101,1,14,27,FALSE,130
189,140101,1,14,27,FALSE,131
190,140101,1,14,27,FALSE,132
191,200101,4,0,137,FALSE,133
192,140101,1,14,27,FALSE,134
193,200101,4,0,137,FALSE,135
194,140101,1,14,27,FALSE,136
195,140301,4,14,335,TRUE,137
196,200401,4,0,168,FALSE,138
197,20302,5,2,122,TRUE,139
198,0,0,0,0,FALSE,140
199,202704,4,0,195,FALSE,141
200,202405,4,0,102,FALSE,142
201,140101,1,14,27,FALSE,143
202,200901,4,0,106,FALSE,144
203,200502,4,0,145,FALSE,145
204,201008,4,0,214,TRUE,146
205,140101,1,14,27,FALSE,147
206,200101,4,0,137,FALSE,148
207,202405,4,0,102,TRUE,149
208,202704,4,0,195,TRUE,150
209,202106,5,0,171,FALSE,151
210,200101,4,0,137,FALSE,152
211,70403,4,7,211,FALSE,153
212,200603,5,0,241,TRUE,154
213,140101,1,14,27,FALSE,155
214,140101,1,14,27,TRUE,156
215,70401,3,7,3,FALSE,157
216,140141,1,14,369,FALSE,158
217,200402,4,0,253,TRUE,159
218,202701,4,0,166,TRUE,160
219,200505,5,0,249,FALSE,161
220,202501,4,0,240,TRUE,162
221,200201,4,0,100,FALSE,163
222,202117,5,0,139,FALSE,164
223,200201,4,0,100,FALSE,165
224,202701,4,0,166,TRUE,166
225,200710,4,0,111,TRUE,167
226,201301,4,0,138,FALSE,168
227,200001,4,0,214,TRUE,169
228,200201,5,0,100,FALSE,170
229,202405,4,0,102,FALSE,171
230,201704,4,0,208,TRUE,172
231,200502,4,0,145,FALSE,173
232,201704,4,0,208,TRUE,174
233,140101,1,14,27,FALSE,175
234,200201,4,0,100,FALSE,176
235,140101,1,14,27,FALSE,177
236,202108,5,0,238,FALSE,178
237,200506,5,0,151,FALSE,179
238,200201,4,0,100,FALSE,180
239,201704,4,0,208,TRUE,181
240,140101,1,14,27,FALSE,182
241,140101,1,14,27,FALSE,183
242,140101,1,14,27,FALSE,184
243,140141,1,14,369,FALSE,185
244,200802,4,0,123,FALSE,186
245,202110,5,0,233,TRUE,187
246,201401,5,0,187,FALSE,188
247,201008,4,0,214,TRUE,189
248,200801,4,0,204,TRUE,190
249,202704,4,0,195,FALSE,191
250,202405,4,0,102,FALSE,192
251,202405,4,0,102,FALSE,193
252,202405,5,0,102,TRUE,194
253,200101,4,0,137,FALSE,195
254,140101,1,14,27,FALSE,196
255,140101,1,14,27,FALSE,197
256,201101,5,0,190,FALSE,198
257,200707,4,0,152,TRUE,199
258,202704,4,0,195,FALSE,200
259,202402,4,0,166,TRUE,201
260,202704,4,0,195,TRUE,202
261,140101,1,14,27,FALSE,203
262,200201,4,0,100,FALSE,204
263,201005,5,0,245,TRUE,205
264,202706,5,0,102,FALSE,206
265,200801,4,0,204,TRUE,207
266,201704,4,0,208,TRUE,208
267,140101,1,14,27,FALSE,209
268,202402,4,0,166,TRUE,210
269,140101,1,14,27,FALSE,211
270,140101,1,14,27,FALSE,212
271,140101,1,14,27,TRUE,213
272,90401,3,9,3,FALSE,214
273,202401,4,0,172,FALSE,215
274,200603,4,0,241,FALSE,216
275,0,0,0,0,FALSE,217
276,202501,5,0,240,TRUE,218
277,201503,4,0,185,TRUE,219
278,202404,5,0,177,FALSE,220
279,202704,4,0,195,TRUE,221
280,202706,5,0,102,TRUE,222
281,202405,4,0,102,TRUE,223
282,200201,4,0,100,FALSE,224
283,140101,1,14,27,FALSE,225
284,200101,4,0,137,FALSE,226
285,200405,4,0,188,FALSE,227
286,200604,4,0,122,TRUE,228
287,200408,4,0,202,FALSE,229
288,202117,5,0,139,FALSE,230
289,202112,5,0,120,TRUE,231
290,140141,1,14,369,FALSE,232
291,200101,4,0,137,FALSE,233
292,200201,4,0,100,FALSE,234
293,202402,4,0,166,TRUE,235
294,100401,3,10,3,FALSE,236
295,202106,5,0,171,FALSE,237
296,90102,2,9,28,FALSE,238
297,202704,4,0,195,TRUE,239
298,90401,3,9,3,FALSE,240
299,200503,4,0,247,TRUE,241
300,140101,1,14,27,FALSE,242
301,90404,3,9,21,TRUE,243
302,202403,4,0,166,FALSE,244
303,200802,5,0,123,FALSE,245
304,140101,1,14,27,FALSE,246
305,70401,3,7,3,TRUE,247
306,200406,4,0,153,TRUE,248
307,100303,2,10,7,FALSE,249
308,202402,4,0,166,FALSE,250
309,200802,4,0,123,FALSE,251
310,201704,4,0,208,TRUE,252
311,140101,1,14,27,FALSE,253
312,200506,4,0,151,FALSE,254
313,202110,5,0,233,FALSE,255
314,202110,4,0,233,TRUE,256
315,202110,5,0,233,FALSE,257
316,200401,4,0,168,FALSE,258
317,20101,2,2,28,FALSE,259
318,200201,4,0,100,FALSE,260
319,201303,4,0,138,FALSE,261
320,201006,5,0,234,FALSE,262
321,140141,1,14,369,FALSE,263
322,140141,1,14,369,FALSE,264
323,202110,4,0,233,FALSE,265
324,140101,1,14,27,FALSE,266
325,90401,3,9,3,FALSE,267
326,202112,5,0,120,FALSE,268
327,140101,1,14,27,FALSE,269
328,201704,4,0,208,TRUE,270
329,140101,1,14,27,FALSE,271
330,200101,4,0,137,FALSE,272
331,202701,4,0,166,TRUE,273
332,201704,4,0,208,TRUE,274
333,200402,4,0,253,TRUE,275
334,0,0,0,0,FALSE,276
335,201002,5,0,121,FALSE,277
336,201002,5,0,121,FALSE,278
337,201002,5,0,121,FALSE,279
338,201009,4,0,121,FALSE,280
339,201006,5,0,234,TRUE,281
340,202102,5,0,141,FALSE,282
341,200405,4,0,188,TRUE,283
342,200402,4,0,253,TRUE,284
343,200001,4,0,214,TRUE,285
344,202704,4,0,195,FALSE,286
345,200502,4,0,145,FALSE,287
346,201705,4,0,136,TRUE,288
347,140141,1,14,369,FALSE,289
348,140141,1,14,369,FALSE,290
349,140141,1,14,369,FALSE,291
350,201302,4,0,135,TRUE,292
351,200802,4,0,123,FALSE,293
352,70301,2,7,7,FALSE,294
353,202117,5,0,139,FALSE,295
354,201004,5,0,231,FALSE,296
355,201402,5,0,198,FALSE,297
356,200502,4,0,145,FALSE,298
357,200503,4,0,247,TRUE,299
358,140101,1,14,27,FALSE,300
359,202405,4,0,102,FALSE,301
360,200101,5,0,137,FALSE,302
361,90102,2,9,28,FALSE,303
362,90401,3,9,3,FALSE,304
363,201002,3,0,121,FALSE,305
364,200101,4,0,137,FALSE,306
365,70401,3,7,3,FALSE,307
366,202112,5,0,120,TRUE,308
367,201402,5,0,198,FALSE,309
368,201406,5,0,219,FALSE,310
369,10404,3,1,21,FALSE,311
370,202701,4,0,166,TRUE,312
371,202701,4,0,166,TRUE,313
372,202403,4,0,166,TRUE,314
373,202701,4,0,166,TRUE,315
374,202101,5,0,184,FALSE,316
375,202402,4,0,166,FALSE,317
376,201704,4,0,208,TRUE,318
377,140141,1,14,369,FALSE,319
378,200401,4,0,168,TRUE,320
379,140101,1,14,27,FALSE,321
380,201306,4,0,114,FALSE,322
381,140141,1,14,369,FALSE,323
382,140101,1,14,27,FALSE,324
383,201004,5,0,231,FALSE,325
384,200802,4,0,123,TRUE,326
385,202106,5,0,171,FALSE,327
386,140141,1,14,369,FALSE,328
387,201006,5,0,234,FALSE,329
388,140101,1,14,27,FALSE,330
389,200201,4,0,100,FALSE,331
390,201401,4,0,187,FALSE,332
391,201008,4,0,214,TRUE,333
392,202116,5,0,122,FALSE,334
393,140141,1,14,369,FALSE,335
394,202112,4,0,120,FALSE,336
395,202405,4,0,102,FALSE,337
396,202116,5,0,122,TRUE,338
397,201004,5,0,231,FALSE,339
398,100102,2,10,28,TRUE,340
399,201004,5,0,231,FALSE,341
400,200502,4,0,145,FALSE,342
401,201008,4,0,214,TRUE,343
402,202110,4,0,233,TRUE,344
403,200101,4,0,137,FALSE,345
404,90401,5,9,3,FALSE,346
405,202405,4,0,102,FALSE,347
406,200101,4,0,137,FALSE,348
407,200802,4,0,123,TRUE,349
408,200101,4,0,137,FALSE,350
409,202704,4,0,195,TRUE,351
410,200506,5,0,151,FALSE,352
411,201704,4,0,208,TRUE,353
412,200502,4,0,145,TRUE,354
413,200101,4,0,137,FALSE,355
414,202404,4,0,177,TRUE,356
415,202106,5,0,171,FALSE,357
416,200506,5,0,151,FALSE,358
417,70102,2,7,28,FALSE,359
418,140301,4,14,335,FALSE,360
419,90103,2,9,28,FALSE,361
420,201004,5,0,231,FALSE,362
421,202404,5,0,177,FALSE,363
422,202401,5,0,172,TRUE,364
423,201401,5,0,187,FALSE,365
424,201302,5,0,135,TRUE,366
425,200101,4,0,137,FALSE,367
426,201004,5,0,231,TRUE,368
427,201004,5,0,231,FALSE,369
428,200101,4,0,137,FALSE,370
429,70401,3,7,3,FALSE,371
430,140101,1,14,27,FALSE,372
431,201704,4,0,208,TRUE,373
432,200502,4,0,145,TRUE,432
433,202701,4,0,166,TRUE,433
434,202112,5,0,120,FALSE,434
435,201301,5,0,138,FALSE,435
436,202403,4,0,166,TRUE,436
437,200802,5,0,123,FALSE,437
438,140101,1,14,27,FALSE,438
439,202704,4,0,195,TRUE,439
440,202704,4,0,195,TRUE,440
441,140101,1,14,27,FALSE,441
442,200101,4,0,137,FALSE,442
443,200101,5,0,137,FALSE,443
444,200407,4,0,129,FALSE,444
445,140101,1,14,27,TRUE,445
446,70303,2,7,7,FALSE,446
447,201401,5,0,187,FALSE,447
448,202112,4,0,120,TRUE,448
449,202116,5,0,122,TRUE,449
450,200802,4,0,123,FALSE,450
451,140101,1,14,27,FALSE,451
452,200201,4,0,100,FALSE,452
453,200201,4,0,100,FALSE,453
454,202201,4,0,211,TRUE,454
455,20102,2,2,28,FALSE,455
456,140141,1,14,369,FALSE,456
457,202501,4,0,240,TRUE,457
458,201306,5,0,114,TRUE,458
459,140101,1,14,27,FALSE,459
460,202116,5,0,122,TRUE,460
461,140101,1,14,27,TRUE,461
462,20303,2,2,7,FALSE,723
463,202501,4,0,240,TRUE,724
464,70401,3,7,3,FALSE,725
465,200707,4,0,152,TRUE,726
466,140101,1,14,27,FALSE,727
467,200201,4,0,100,FALSE,728
468,201308,5,0,119,FALSE,729
469,200410,4,0,214,FALSE,730
470,140141,1,14,369,FALSE,731
471,202116,5,0,122,FALSE,732
472,60401,3,6,3,TRUE,733
473,200101,4,0,137,FALSE,734
474,201306,5,0,114,TRUE,735
475,201402,5,0,198,FALSE,736
476,202116,5,0,122,TRUE,737
477,200701,4,0,206,FALSE,738
478,140101,1,14,27,FALSE,739
479,202116,5,0,122,TRUE,740
480,140101,1,14,27,FALSE,741
481,201402,5,0,198,FALSE,742
482,140101,1,14,27,FALSE,743
483,200001,4,0,214,TRUE,744
484,200101,4,0,137,FALSE,745
485,201308,5,0,119,FALSE,746
486,200602,4,0,195,TRUE,747
487,202116,5,0,122,TRUE,748
488,200201,4,0,100,FALSE,749
489,200502,4,0,145,TRUE,750
490,140101,1,14,27,TRUE,751
491,200201,4,0,100,FALSE,1927
492,201402,5,0,198,FALSE,1928
493,140141,1,14,369,FALSE,1929
494,202112,5,0,120,FALSE,1930
495,201704,4,0,208,TRUE,1931
496,140141,1,14,369,FALSE,1932
497,200710,4,0,111,FALSE,1933
498,202116,5,0,122,FALSE,1934
499,202116,5,0,122,FALSE,1935
500,201403,2,0,148,FALSE,1936
501,200701,4,0,206,TRUE,1937
502,201704,4,0,208,TRUE,1938
503,200505,5,0,249,TRUE,1939
504,140101,1,14,27,FALSE,1940
505,40101,2,4,28,FALSE,1941
506,202116,5,0,122,TRUE,1942
507,90401,3,9,3,FALSE,1943
508,200402,4,0,253,FALSE,1944
509,201006,5,0,234,TRUE,1945
510,140141,1,14,369,FALSE,1946
511,202403,5,0,166,TRUE,1947
512,10303,2,1,7,FALSE,1948
513,200505,5,0,249,FALSE,1949
514,202301,5,0,232,TRUE,1950
515,140101,1,14,27,FALSE,1951
516,0,0,0,0,FALSE,1952
517,140101,1,14,27,FALSE,1953
518,140101,1,14,27,FALSE,1954
519,140133,1,14,1,FALSE,1955
520,202116,5,0,122,FALSE,3131
521,140101,1,14,27,FALSE,3132
522,201004,5,0,231,FALSE,3133
523,201502,4,3,237,TRUE,3134
524,140133,1,14,1,FALSE,3135
525,202116,5,0,122,FALSE,3136
526,201101,5,9,190,FALSE,3137
527,202703,4,0,214,FALSE,3138
528,140101,1,14,27,FALSE,3139
529,140101,1,14,27,TRUE,3140
530,140101,1,14,27,FALSE,3141
531,200201,4,3,100,FALSE,3142
532,140101,1,14,27,FALSE,3143
533,140101,1,14,27,FALSE,3144
534,140101,1,14,27,FALSE,3145
535,140101,1,14,27,FALSE,3146
536,140101,1,14,27,TRUE,3147
537,140101,1,14,27,TRUE,3148
538,140101,1,14,27,TRUE,3149
539,200201,4,0,100,FALSE,3150
540,140101,1,14,27,TRUE,3151
541,200201,4,0,100,FALSE,3152
542,140101,1,14,27,FALSE,3153
543,202703,4,9,214,TRUE,3154
544,202116,5,0,122,TRUE,3155
545,90401,3,9,3,TRUE,3543
546,140101,1,14,27,FALSE,3544
547,140101,1,14,27,TRUE,3545
548,140101,1,14,27,TRUE,3546
549,90401,4,9,3,TRUE,3547
550,202405,4,0,102,FALSE,3548
551,202405,4,0,102,TRUE,3549
552,140101,1,14,27,FALSE,3550
553,200505,5,0,249,FALSE,3551
554,201704,4,0,208,TRUE,3552
555,140101,1,14,27,FALSE,3553
556,70102,2,7,28,TRUE,3554
557,20102,2,2,28,TRUE,3555
558,140101,1,14,27,TRUE,3556
559,0,0,0,0,FALSE,3557
560,140133,1,14,1,FALSE,3558
561,202114,5,0,228,TRUE,3559
562,140101,1,14,27,FALSE,3560
563,140101,1,14,27,TRUE,3561
564,140101,1,14,27,FALSE,3562
565,140101,1,14,27,FALSE,3563
566,140101,1,14,27,TRUE,3564
567,202011,5,0,216,FALSE,3565
568,140101,1,14,27,TRUE,3566
569,70305,2,7,4,FALSE,3567
570,140101,1,14,27,FALSE,3568
571,200505,5,0,249,FALSE,3957
572,140101,1,14,27,FALSE,3958
573,200201,4,0,100,FALSE,3959
574,140101,1,14,27,FALSE,3960
575,140101,1,14,27,FALSE,3961
576,140101,1,14,27,FALSE,3962
577,140101,1,14,27,FALSE,3963
578,200201,4,0,100,FALSE,3964
579,200201,4,0,100,FALSE,3965
580,200201,4,0,100,FALSE,3966
581,200201,4,0,100,FALSE,3967
582,140116,1,14,371,FALSE,3968
583,202704,5,0,195,TRUE,3969
584,140101,1,14,27,FALSE,3970
585,140101,1,14,27,FALSE,3971
586,140101,1,14,27,TRUE,3972
587,140101,1,14,27,FALSE,3973
588,140101,1,14,27,FALSE,3974
589,140101,1,14,27,FALSE,3975
590,140101,1,14,27,FALSE,3976
591,140101,1,14,27,FALSE,3977
592,140101,1,14,27,FALSE,3978
593,140101,1,14,27,FALSE,3979
594,140101,1,14,27,FALSE,3980
595,200201,4,0,100,FALSE,3981
596,20303,2,2,7,TRUE,3982
597,140101,1,14,27,FALSE,3983
598,202110,5,0,233,TRUE,3984
599,60102,2,6,28,FALSE,3985
600,140101,1,14,27,FALSE,3986
601,140101,1,14,27,FALSE,3987
602,200201,4,0,100,FALSE,3988
603,200201,4,0,100,FALSE,3989
604,80107,2,8,28,FALSE,3990
605,140101,1,14,27,FALSE,3991
606,202106,5,0,171,FALSE,3992
607,200402,4,0,253,FALSE,3993
608,140101,1,14,27,FALSE,3994
609,200201,4,0,100,FALSE,3995
610,200201,4,0,100,FALSE,3996
611,140101,1,14,27,FALSE,3997
612,140101,1,14,27,FALSE,3998
613,140802,1,14,338,FALSE,3999
614,202402,4,0,166,TRUE,4000
615,140101,1,14,27,FALSE,4001
616,202501,5,0,240,TRUE,4002
617,200707,4,0,152,FALSE,4003
618,201104,5,0,205,TRUE,4004
619,200201,4,0,100,FALSE,4005
620,201406,5,0,219,FALSE,4006
621,40101,2,4,28,TRUE,4007
622,200101,4,0,137,FALSE,462
623,200604,4,0,122,FALSE,463
624,140101,1,14,27,FALSE,464
625,200604,5,0,122,TRUE,465
626,202117,5,0,139,TRUE,466
627,140101,1,14,27,FALSE,467
628,200602,4,0,195,TRUE,468
629,202501,4,0,240,TRUE,469
630,201307,5,0,113,TRUE,470
631,202112,4,0,120,FALSE,471
632,202112,5,0,120,TRUE,472
633,0,0,0,0,FALSE,473
634,80401,3,8,3,FALSE,474
635,200101,4,0,137,FALSE,475
636,200001,4,0,214,TRUE,476
637,140141,1,14,369,FALSE,477
638,202402,4,0,166,TRUE,478
639,202116,5,0,122,FALSE,479
640,100107,2,10,28,FALSE,480
641,20102,2,2,28,FALSE,481
642,201502,4,0,237,TRUE,482
643,202116,5,0,122,TRUE,483
644,202106,5,0,171,FALSE,484
645,201102,5,0,220,FALSE,485
646,202405,4,0,102,TRUE,486
647,200001,4,0,214,TRUE,487
648,201403,5,0,148,FALSE,488
649,201402,5,0,198,TRUE,489
650,140101,1,14,27,FALSE,490
651,202703,4,0,214,FALSE,491
652,140101,1,14,27,FALSE,492
653,20303,2,2,7,FALSE,493
654,201502,4,0,237,FALSE,494
655,201402,5,0,198,FALSE,495
656,202106,5,0,171,FALSE,496
657,200401,4,0,168,TRUE,497
658,201006,5,0,234,FALSE,498
659,200402,4,0,253,TRUE,499
660,200201,4,0,100,FALSE,500
661,140141,1,14,369,FALSE,501
662,200604,4,0,122,TRUE,502
663,200201,4,0,100,FALSE,503
664,201302,4,0,135,TRUE,504
665,140101,1,14,27,FALSE,505
666,202116,5,0,122,FALSE,506
667,140101,1,14,27,FALSE,507
668,202402,4,0,166,TRUE,508
669,140101,1,14,27,FALSE,509
670,202112,4,0,120,FALSE,510
671,200201,4,0,100,FALSE,511
672,200506,5,0,151,FALSE,512
673,202116,5,0,122,FALSE,513
674,202116,5,0,122,TRUE,514
675,202116,5,0,122,FALSE,515
676,202112,5,0,120,FALSE,516
677,90102,2,9,28,FALSE,517
678,140101,1,14,27,FALSE,518
679,200001,4,0,214,TRUE,519
680,200101,4,0,137,FALSE,520
681,202116,5,0,122,FALSE,521
682,70401,3,7,3,FALSE,522
683,202116,5,0,122,TRUE,523
684,200401,4,0,168,TRUE,524
685,201006,5,0,234,FALSE,525
686,140141,1,14,369,FALSE,526
687,200201,4,0,100,FALSE,527
688,202116,5,0,122,TRUE,528
689,201104,5,0,205,FALSE,529
690,201704,4,0,208,TRUE,530
691,202116,5,0,122,FALSE,531
692,140101,1,14,27,FALSE,532
693,200406,4,0,153,TRUE,533
694,20304,4,2,8,FALSE,534
695,70401,3,7,3,FALSE,535
696,202116,5,0,122,TRUE,536
697,140101,1,14,27,FALSE,537
698,200701,4,0,206,TRUE,538
699,90401,3,9,3,FALSE,539
700,202116,5,0,122,TRUE,540
701,200502,4,0,145,TRUE,541
702,70215,2,7,7,FALSE,542
703,50107,2,5,28,TRUE,543
704,140108,1,14,368,FALSE,544
705,202116,5,0,122,TRUE,545
706,202117,5,0,139,TRUE,546
707,200405,4,0,188,TRUE,547
708,70401,3,7,3,FALSE,548
709,201101,5,0,190,FALSE,549
710,201403,5,0,148,FALSE,550
711,140101,1,14,27,FALSE,551
712,201403,5,0,148,FALSE,552
713,140101,1,14,27,FALSE,553
714,202110,5,0,233,TRUE,554
715,202106,5,0,171,FALSE,555
716,202116,5,0,122,FALSE,556
717,90303,5,9,7,FALSE,557
718,202701,4,0,166,TRUE,558
719,201502,4,0,237,FALSE,559
720,202116,5,0,122,FALSE,560
721,200502,4,0,145,TRUE,561
722,200101,4,0,137,FALSE,562
723,140101,1,14,27,FALSE,563
724,200001,4,0,214,TRUE,564
725,140141,1,14,369,FALSE,565
726,202107,5,0,131,FALSE,566
727,200503,4,0,247,TRUE,567
728,90401,3,9,3,FALSE,568
729,200602,4,0,195,TRUE,569
730,140101,1,14,27,FALSE,570
731,140101,1,14,27,FALSE,571
732,140101,1,14,27,FALSE,572
733,202403,4,0,166,TRUE,573
734,200805,4,0,134,TRUE,574
735,202405,4,0,102,TRUE,575
736,200101,4,0,137,FALSE,576
737,200802,4,0,123,TRUE,577
738,90401,3,9,3,FALSE,578
739,202116,5,0,122,TRUE,579
740,90401,3,9,3,FALSE,580
741,200604,4,0,122,TRUE,581
742,201302,5,0,135,TRUE,582
743,201302,4,0,135,FALSE,583
744,202112,5,0,120,FALSE,584
745,140101,1,14,27,FALSE,585
746,201101,5,0,190,TRUE,586
747,202116,5,0,122,TRUE,587
748,202112,5,0,120,FALSE,588
749,140141,1,14,369,FALSE,589
750,140101,1,14,27,FALSE,590
751,202701,4,0,166,TRUE,591
752,140141,1,14,369,FALSE,592
753,70401,3,7,3,FALSE,593
754,201307,5,0,113,FALSE,594
755,140141,1,14,369,FALSE,595
756,202116,5,0,122,TRUE,596
757,20102,2,2,28,FALSE,597
758,202405,4,0,102,TRUE,598
759,140101,1,14,27,FALSE,599
760,140101,1,14,27,FALSE,600
761,202116,5,0,122,TRUE,601
762,201704,4,0,208,TRUE,602
763,200706,5,0,225,TRUE,603
764,202116,5,0,122,TRUE,604
765,20303,2,2,7,FALSE,605
766,202701,4,0,166,FALSE,606
767,202116,5,0,122,FALSE,607
768,140141,1,14,369,FALSE,608
769,202009,5,0,192,FALSE,609
770,200001,4,0,214,TRUE,610
771,202106,5,0,171,FALSE,611
772,100401,3,10,3,TRUE,612
773,200101,4,0,137,FALSE,613
774,202112,5,0,120,TRUE,614
775,200604,5,0,122,FALSE,615
776,201402,5,0,198,FALSE,616
777,200101,5,0,137,FALSE,617
778,200602,4,0,195,TRUE,618
779,202405,4,0,102,FALSE,619
780,202405,4,0,102,FALSE,620
781,202106,5,0,171,FALSE,621
782,200402,4,0,253,TRUE,622
783,140101,1,14,27,FALSE,623
784,140101,1,14,27,FALSE,624
785,140101,1,14,27,TRUE,625
786,140141,1,14,369,FALSE,626
787,140101,1,14,27,FALSE,627
788,140141,1,14,369,FALSE,628
789,200505,5,0,249,TRUE,629
790,140133,1,14,1,TRUE,630
791,202116,5,0,122,FALSE,631
792,140101,1,14,27,FALSE,632
793,200201,4,0,100,FALSE,633
794,20401,3,2,3,FALSE,634
795,140141,1,14,369,FALSE,635
796,202402,4,0,166,TRUE,636
797,202405,4,0,102,FALSE,637
798,200101,4,0,137,FALSE,638
799,202703,4,0,214,FALSE,639
800,201704,4,0,208,TRUE,640
801,200406,4,0,153,TRUE,641
802,200001,4,0,214,TRUE,642
803,200101,4,0,137,FALSE,643
804,200602,4,0,195,TRUE,644
805,202106,4,0,171,FALSE,645
806,202501,4,0,240,FALSE,646
807,201308,5,0,119,FALSE,647
808,201801,5,0,167,TRUE,648
809,70102,2,7,28,FALSE,649
810,201307,5,0,113,FALSE,650
811,202704,4,0,195,TRUE,651
812,202106,5,0,171,FALSE,652
813,200802,4,0,123,FALSE,653
814,200604,4,0,122,FALSE,654
815,201306,4,0,114,FALSE,655
816,200702,4,0,102,FALSE,656
817,201006,5,0,234,FALSE,657
818,200604,4,0,122,TRUE,658
819,201006,5,0,234,FALSE,659
820,140101,1,14,27,FALSE,660
821,202405,4,0,102,TRUE,661
822,140141,1,14,369,FALSE,662
823,140141,1,14,369,FALSE,663
824,201403,5,0,148,FALSE,664
825,200502,4,0,145,TRUE,665
826,200502,4,0,145,FALSE,666
827,202116,5,0,122,FALSE,667
828,202116,5,0,122,FALSE,668
829,200201,4,0,100,FALSE,669
830,200201,4,0,100,FALSE,670
831,140133,1,14,1,FALSE,671
832,200503,4,0,247,TRUE,672
833,202116,5,0,122,FALSE,673
834,202402,4,0,166,FALSE,674
835,200201,4,0,100,FALSE,675
836,200101,4,0,137,FALSE,676
837,202116,5,0,122,FALSE,677
838,202116,5,0,122,TRUE,678
839,200602,4,0,195,FALSE,679
840,201704,4,0,208,TRUE,680
841,200101,4,0,137,FALSE,681
842,140141,1,14,369,FALSE,682
843,200505,5,0,249,TRUE,683
844,140101,1,14,27,FALSE,684
845,200101,4,0,137,FALSE,685
846,202116,5,0,122,TRUE,686
847,200603,4,0,241,TRUE,687
848,200201,4,0,100,FALSE,688
849,202106,5,0,171,TRUE,689
850,202108,5,0,238,FALSE,690
851,90102,2,9,28,FALSE,691
852,200402,4,0,253,TRUE,692
853,202116,5,0,122,FALSE,693
854,202116,5,0,122,FALSE,694
855,202116,5,0,122,TRUE,695
856,140101,1,14,27,FALSE,696
857,201704,4,0,208,TRUE,697
858,202116,5,0,122,TRUE,698
859,202116,5,0,122,FALSE,699
860,200604,5,0,122,TRUE,700
861,140101,1,14,27,FALSE,701
862,140101,1,14,27,FALSE,702
863,201801,5,0,167,FALSE,703
864,202112,5,0,120,TRUE,704
865,202403,4,0,166,TRUE,705
866,201302,4,0,135,TRUE,706
867,200402,4,0,253,FALSE,707
868,200001,4,0,214,TRUE,708
869,200604,4,0,122,FALSE,709
870,202116,5,0,122,FALSE,710
871,202108,5,0,238,TRUE,711
872,140101,1,14,27,FALSE,712
873,140141,1,14,369,FALSE,713
874,201402,5,0,198,TRUE,714
875,201004,5,0,231,FALSE,715
876,140141,1,14,369,FALSE,716
877,20303,2,2,7,FALSE,717
878,200201,4,0,100,FALSE,718
879,200201,4,0,100,FALSE,719
880,201308,5,0,119,TRUE,720
881,200101,4,0,137,FALSE,721
882,200201,4,0,100,FALSE,722
883,201802,5,0,143,FALSE,752
884,202106,5,0,171,FALSE,753
885,201402,5,0,198,FALSE,754
886,200101,4,0,137,FALSE,755
887,140141,1,14,369,FALSE,756
888,140101,1,14,27,FALSE,757
889,140101,1,14,27,FALSE,758
890,201502,4,0,237,TRUE,759
891,90401,3,9,3,FALSE,760
892,201802,5,0,143,TRUE,761
893,0,0,0,0,FALSE,762
894,201307,5,0,113,FALSE,763
895,202116,5,0,122,TRUE,764
896,202116,5,0,122,FALSE,765
897,201704,4,0,208,TRUE,766
898,201301,4,0,138,TRUE,767
899,200604,4,0,122,TRUE,768
900,202112,5,0,120,FALSE,769
901,200602,4,0,195,FALSE,770
902,201104,5,0,205,FALSE,771
903,200602,4,0,195,FALSE,772
904,200603,5,0,241,TRUE,773
905,140101,1,14,27,FALSE,774
906,140101,1,14,27,FALSE,775
907,140101,1,14,27,FALSE,776
908,140101,1,14,27,TRUE,777
909,200101,4,0,137,FALSE,778
910,140141,1,14,369,FALSE,779
911,140101,1,14,27,FALSE,780
912,202116,5,0,122,TRUE,781
913,200101,4,0,137,FALSE,782
914,201704,4,0,208,TRUE,783
915,202703,4,0,214,TRUE,784
916,70401,3,7,3,FALSE,785
917,90303,3,9,7,FALSE,786
918,90102,2,9,28,FALSE,787
919,202116,5,0,122,TRUE,788
920,140101,1,14,27,TRUE,789
921,70401,3,7,3,TRUE,790
922,201403,5,0,148,FALSE,791
923,201804,5,0,165,TRUE,792
924,200201,4,0,100,FALSE,793
925,202116,5,0,122,TRUE,794
926,200407,4,0,129,TRUE,795
927,201307,5,0,113,FALSE,796
928,100401,3,10,3,FALSE,797
929,202112,5,0,120,TRUE,798
930,201802,5,0,143,FALSE,799
931,202405,4,0,102,TRUE,800
932,202402,4,0,166,FALSE,801
933,140101,1,14,27,TRUE,802
934,202405,2,0,102,FALSE,803
935,90303,2,9,7,TRUE,804
936,201308,5,0,119,TRUE,805
937,201006,5,0,234,FALSE,806
938,201307,5,0,113,FALSE,807
939,200001,4,0,214,TRUE,808
940,202116,5,0,122,FALSE,809
941,200604,4,0,122,FALSE,810
942,201402,5,0,198,TRUE,811
943,201307,5,0,113,TRUE,812
944,140101,1,14,27,FALSE,813
945,200201,4,0,100,FALSE,814
946,140101,1,14,27,FALSE,815
947,200101,4,0,137,FALSE,816
948,200201,4,0,100,FALSE,817
949,70401,3,7,3,FALSE,818
950,202116,5,0,122,FALSE,819
951,200101,4,0,137,FALSE,820
952,70102,2,7,28,FALSE,821
953,140101,1,14,27,FALSE,822
954,202405,4,0,102,FALSE,823
955,200101,4,0,137,FALSE,824
956,202601,5,0,130,TRUE,825
957,201402,5,0,198,FALSE,826
958,140101,1,14,27,FALSE,827
959,202405,4,0,102,FALSE,828
960,201502,4,0,237,FALSE,829
961,140101,1,14,27,TRUE,830
962,202501,4,0,240,TRUE,831
963,30401,3,3,3,TRUE,832
964,140141,1,14,369,FALSE,833
965,201402,5,0,198,FALSE,834
966,201401,5,0,187,TRUE,835
967,140141,1,14,369,FALSE,836
968,200502,4,0,145,TRUE,837
969,201307,5,0,113,FALSE,838
970,140101,1,14,27,FALSE,839
971,200402,4,0,253,TRUE,840
972,200101,4,0,137,FALSE,841
973,202501,4,0,240,FALSE,842
974,200201,4,0,100,FALSE,843
975,201704,4,0,208,TRUE,844
976,140101,1,14,27,FALSE,845
977,200101,4,0,137,FALSE,846
978,140101,1,14,27,TRUE,847
979,140108,1,14,368,FALSE,848
980,200201,4,0,100,FALSE,849
981,202112,5,0,120,TRUE,850
982,201802,5,0,143,TRUE,851
983,200402,4,0,253,FALSE,852
984,140101,1,14,27,FALSE,853
985,20303,2,2,7,FALSE,854
986,140141,1,14,369,FALSE,855
987,200101,4,0,137,FALSE,856
988,202116,5,0,122,FALSE,857
989,201307,5,0,113,TRUE,858
990,202116,5,0,122,TRUE,859
991,200502,4,0,145,TRUE,860
992,202116,5,0,122,FALSE,861
993,202116,5,0,122,TRUE,862
994,70401,3,7,3,FALSE,863
995,140101,1,14,27,FALSE,864
996,201307,5,0,113,FALSE,865
997,202112,5,0,120,TRUE,866
998,140101,1,14,27,FALSE,867
999,200601,4,0,241,FALSE,868
1000,140101,1,14,27,TRUE,869
1001,202106,5,0,171,FALSE,870
1002,201302,5,0,135,TRUE,871
1003,200101,4,0,137,FALSE,872
1004,201306,5,0,114,FALSE,873
1005,70303,4,7,7,FALSE,874
1006,201004,5,0,231,FALSE,875
1007,200710,4,0,111,TRUE,876
1008,200101,4,0,137,FALSE,877
1009,30401,3,3,3,FALSE,878
1010,201704,4,0,208,TRUE,879
1011,201802,5,0,143,FALSE,880
1012,200407,4,0,129,FALSE,881
1013,140301,4,14,335,FALSE,882
1014,202116,5,0,122,FALSE,883
1015,202112,5,0,120,FALSE,884
1016,201307,5,0,113,FALSE,885
1017,201402,5,0,198,FALSE,886
1018,70401,3,7,3,FALSE,887
1019,202116,5,0,122,TRUE,888
1020,90102,2,9,28,FALSE,889
1021,200602,4,0,195,TRUE,890
1022,140101,1,14,27,FALSE,891
1023,140101,1,14,27,FALSE,892
1024,202405,5,0,102,TRUE,893
1025,200701,4,0,206,FALSE,894
1026,200203,4,0,126,FALSE,895
1027,202405,4,0,102,FALSE,896
1028,202405,4,0,102,FALSE,897
1029,140141,1,14,369,FALSE,898
1030,201802,5,0,143,FALSE,899
1031,201502,4,0,237,TRUE,900
1032,140101,1,14,27,FALSE,901
1033,140101,1,14,27,FALSE,902
1034,202116,5,0,122,TRUE,903
1035,201004,5,0,231,FALSE,904
1036,202116,5,0,122,FALSE,905
1037,202402,4,0,166,FALSE,906
1038,201401,5,0,187,TRUE,907
1039,202116,5,0,122,FALSE,908
1040,200407,4,0,129,FALSE,909
1041,200001,4,0,214,TRUE,910
1042,200201,4,0,100,FALSE,911
1043,202116,5,0,122,TRUE,912
1044,201307,5,0,113,FALSE,913
1045,202116,5,0,122,FALSE,914
1046,202401,4,0,172,TRUE,915
1047,200101,4,0,137,FALSE,916
1048,201802,5,0,143,FALSE,917
1049,140141,1,14,369,FALSE,918
1050,202116,5,0,122,TRUE,919
1051,200101,4,0,137,FALSE,920
1052,201401,1,0,187,TRUE,921
1053,200502,4,0,145,TRUE,922
1054,202116,5,0,122,TRUE,923
1055,140101,1,14,27,FALSE,924
1056,202112,5,0,120,TRUE,925
1057,30302,2,3,122,FALSE,926
1058,30401,3,3,3,FALSE,927
1059,202704,4,0,195,TRUE,928
1060,200207,4,0,170,FALSE,929
1061,202401,5,0,172,FALSE,930
1062,202404,5,0,177,FALSE,931
1063,202403,4,0,166,TRUE,932
1064,200101,5,0,137,FALSE,933
1065,200506,5,0,151,TRUE,934
1066,140101,1,14,27,FALSE,935
1067,140101,1,14,27,FALSE,936
1068,202116,5,0,122,TRUE,937
1069,140101,1,14,27,FALSE,938
1070,90102,2,9,28,FALSE,939
1071,202101,4,0,184,TRUE,940
1072,201307,5,0,113,TRUE,941
1073,140141,1,14,369,FALSE,942
1074,200604,5,0,122,FALSE,943
1075,20212,2,2,7,FALSE,944
1076,140141,1,14,369,FALSE,945
1077,201307,5,0,113,FALSE,946
1078,140101,1,14,27,FALSE,947
1079,200505,5,0,249,TRUE,948
1080,202501,4,0,240,FALSE,949
1081,201802,5,0,143,TRUE,950
1082,141716,1,14,394,FALSE,951
1083,202404,5,0,177,FALSE,952
1084,201502,4,0,237,TRUE,953
1085,140101,1,14,27,FALSE,954
1086,201704,4,0,208,TRUE,955
1087,140141,1,14,369,FALSE,956
1088,200506,5,0,151,FALSE,957
1089,140101,1,14,27,TRUE,958
1090,100302,2,10,122,FALSE,959
1091,140101,1,14,27,FALSE,960
1092,140101,1,14,27,FALSE,961
1093,201503,4,0,185,FALSE,962
1094,200502,4,0,145,FALSE,963
1095,202701,4,0,166,TRUE,964
1096,200802,5,0,123,FALSE,965
1097,200801,4,0,204,TRUE,966
1098,140141,1,14,369,FALSE,967
1099,201302,5,0,135,TRUE,968
1100,202110,5,0,233,TRUE,969
1101,200603,4,0,241,TRUE,970
1102,202704,4,0,195,TRUE,971
1103,201402,,0,198,FALSE,972
1104,141406,1,14,326,FALSE,973
1105,202112,5,0,120,TRUE,974
1106,140101,1,14,27,FALSE,975
1107,201104,5,0,205,FALSE,976
1108,202102,5,0,141,FALSE,977
1109,200503,4,0,247,TRUE,978
1110,140101,1,14,27,FALSE,979
1111,70404,3,7,21,TRUE,980
1112,202402,4,0,166,FALSE,981
1113,201308,5,0,119,FALSE,982
1114,200708,4,0,157,TRUE,983
1115,202501,4,0,240,TRUE,984
1116,202704,4,0,195,TRUE,985
1117,201103,5,0,221,TRUE,986
1118,140141,1,14,369,FALSE,987
1119,202405,4,0,102,TRUE,988
1120,201302,4,0,135,TRUE,989
1121,200201,4,0,100,FALSE,990
1122,30401,3,3,3,FALSE,991
1123,100401,3,10,3,FALSE,992
1124,30101,2,3,28,FALSE,993
1125,202116,5,0,122,FALSE,994
1126,20406,3,2,3,FALSE,995
1127,200802,5,0,123,FALSE,996
1128,202403,4,0,166,TRUE,997
1129,201304,5,0,135,TRUE,998
1130,201704,4,0,208,TRUE,999
1131,202501,5,0,240,FALSE,1000
1132,200502,4,0,145,FALSE,1001
1133,70401,3,7,3,FALSE,1002
1134,70401,3,7,3,FALSE,1003
1135,70401,3,7,3,FALSE,1004
1136,30102,2,3,28,TRUE,1005
1137,70102,2,7,28,FALSE,1006
1138,202112,5,0,120,FALSE,1007
1139,201304,4,0,135,TRUE,1008
1140,202704,4,0,195,TRUE,1009
1141,140101,1,14,27,FALSE,1010
1142,201301,4,0,138,FALSE,1011
1143,202501,4,0,240,TRUE,1012
1144,140141,1,14,369,FALSE,1013
1145,201403,5,0,148,TRUE,1014
1146,140101,1,14,27,FALSE,1015
1147,140101,1,14,27,FALSE,1016
1148,140141,1,14,369,FALSE,1017
1149,0,0,0,0,FALSE,1018
1150,200201,4,0,100,FALSE,1019
1151,202101,5,0,184,TRUE,1020
1152,200001,4,0,214,TRUE,1021
1153,30404,3,3,21,FALSE,1022
1154,202101,5,0,184,FALSE,1023
1155,202403,4,0,166,TRUE,1024
1156,202101,5,0,184,FALSE,1025
1157,200802,4,0,123,TRUE,1026
1158,140101,1,14,27,FALSE,1027
1159,201302,5,0,135,FALSE,1028
1160,70401,3,7,3,FALSE,1029
1161,140101,1,14,27,FALSE,1030
1162,201002,3,0,121,FALSE,1031
1163,140101,1,14,27,FALSE,1032
1164,200802,4,0,123,TRUE,1033
1165,90401,3,9,3,FALSE,1034
1166,201006,5,0,234,TRUE,1035
1167,201302,4,0,135,FALSE,1036
1168,202101,5,0,184,FALSE,1037
1169,200603,5,0,241,FALSE,1038
1170,200603,5,0,241,FALSE,1039
1171,140101,1,14,27,FALSE,1040
1172,140101,1,14,27,FALSE,1041
1173,201704,4,0,208,TRUE,1042
1174,202112,5,0,120,TRUE,1043
1175,202106,5,0,171,FALSE,1044
1176,140101,1,14,27,FALSE,1045
1177,140141,1,14,369,FALSE,1046
1178,140141,1,14,369,FALSE,1047
1179,202109,4,0,235,FALSE,1048
1180,140141,1,14,369,FALSE,1049
1181,140141,1,14,369,FALSE,1050
1182,140101,1,14,27,FALSE,1051
1183,202704,4,0,195,FALSE,1052
1184,140101,1,14,27,FALSE,1053
1185,202704,5,0,195,TRUE,1054
1186,202501,5,0,240,TRUE,1055
1187,202112,5,0,120,TRUE,1056
1188,200505,5,0,249,FALSE,1057
1189,200220,4,0,126,TRUE,1058
1190,140141,1,14,369,FALSE,1059
1191,202404,5,0,177,FALSE,1060
1192,201704,4,0,208,TRUE,1061
1193,202108,5,0,238,FALSE,1062
1194,140101,1,14,27,FALSE,1063
1195,0,0,0,0,FALSE,1064
1196,142502,1,14,329,FALSE,1065
1197,201303,4,0,138,FALSE,1066
1198,200101,4,0,137,FALSE,1067
1199,200506,5,0,151,FALSE,1068
1200,202116,5,0,122,TRUE,1069
1201,200101,4,0,137,FALSE,1070
1202,200506,5,0,151,FALSE,1071
1203,140101,1,14,27,FALSE,1072
1204,90305,2,9,4,FALSE,1073
1205,202112,5,0,120,TRUE,1074
1206,140101,1,14,27,FALSE,1075
1207,140141,1,14,369,FALSE,1076
1208,140141,1,14,369,FALSE,1077
1209,70401,3,7,3,FALSE,1078
1210,201704,4,0,208,TRUE,1079
1211,201307,5,0,113,TRUE,1080
1212,90305,2,9,4,FALSE,1081
1213,140101,1,14,27,TRUE,1082
1214,140141,1,14,369,FALSE,1083
1215,140141,1,14,369,FALSE,1084
1216,140141,5,14,369,FALSE,1085
1217,140101,1,14,27,FALSE,1086
1218,201502,4,0,237,TRUE,1087
1219,200101,4,0,137,FALSE,1088
1220,140101,1,14,27,FALSE,1089
1221,70401,3,7,3,FALSE,1090
1222,140101,1,14,27,FALSE,1091
1223,140101,1,14,27,FALSE,1092
1224,140101,1,14,27,FALSE,1093
1225,201308,5,0,119,FALSE,1094
1226,202112,5,0,120,TRUE,1095
1227,201304,4,0,135,FALSE,1096
1228,202704,4,0,195,FALSE,1097
1229,201103,5,0,221,FALSE,1098
1230,140141,1,14,369,FALSE,1099
1231,201401,5,0,187,FALSE,1100
1232,140141,1,14,369,FALSE,1101
1233,201004,5,0,231,TRUE,1102
1234,70305,2,7,4,FALSE,1103
1235,140101,1,14,27,TRUE,1104
1236,202101,5,0,184,TRUE,1105
1237,140141,1,14,369,FALSE,1106
1238,202405,4,0,102,FALSE,1107
1239,70401,3,7,3,FALSE,1108
1240,201303,5,0,138,FALSE,1109
1241,202110,4,0,233,TRUE,1110
1242,100404,3,10,21,FALSE,1111
1243,140101,1,14,27,FALSE,1112
1244,200201,4,0,100,FALSE,1113
1245,202501,4,0,240,TRUE,1114
1246,202112,5,0,120,FALSE,1115
1247,200201,4,0,100,FALSE,1116
1248,200101,4,0,137,FALSE,1117
1249,200802,5,0,123,FALSE,1118
1250,202101,5,0,184,FALSE,1119
1251,200401,4,0,168,FALSE,1120
1252,202704,5,0,195,FALSE,1121
1253,201403,5,0,148,FALSE,1122
1254,200101,4,0,137,FALSE,1123
1255,140101,1,14,27,FALSE,1124
1256,20304,4,2,8,FALSE,1125
1257,201402,5,0,198,TRUE,1126
1258,200101,4,0,137,FALSE,1127
1259,200101,4,0,137,TRUE,1128
1260,140141,1,14,369,FALSE,1129
1261,70302,5,7,122,FALSE,1130
1262,202405,4,0,102,FALSE,1131
1263,202401,5,0,172,TRUE,1132
1264,140101,1,14,27,FALSE,1133
1265,140137,1,14,368,FALSE,1134
1266,140101,1,14,27,FALSE,1135
1267,201803,5,0,181,FALSE,1136
1268,200407,4,0,129,FALSE,1137
1269,201304,5,0,135,FALSE,1138
1270,202405,4,0,102,FALSE,1139
1271,140101,1,14,27,FALSE,1140
1272,140101,1,14,27,FALSE,1141
1273,140101,1,14,27,FALSE,1142
1274,201704,4,0,208,TRUE,1143
1275,201402,5,0,198,TRUE,1144
1276,142502,1,14,329,FALSE,1145
1277,70401,3,7,3,TRUE,1146
1278,201006,5,0,234,FALSE,1147
1279,201002,5,0,121,FALSE,1148
1280,200001,4,0,214,TRUE,1149
1281,200802,5,0,123,TRUE,1150
1282,201503,4,0,185,FALSE,1151
1283,202110,4,0,233,FALSE,1152
1284,200503,4,0,247,FALSE,1153
1285,200504,4,0,249,FALSE,1154
1286,140101,1,14,27,FALSE,1155
1287,202704,4,0,195,TRUE,1156
1288,201401,5,0,187,TRUE,1157
1289,202501,4,0,240,TRUE,1158
1290,200506,5,0,151,TRUE,1159
1291,140101,1,14,27,TRUE,1160
1292,201104,5,0,205,FALSE,1161
1293,140101,1,14,27,TRUE,1162
1294,202116,5,0,122,FALSE,1163
1295,200603,4,0,241,FALSE,1164
1296,201307,5,0,113,FALSE,1165
1297,200101,4,0,137,FALSE,1166
1298,140101,1,14,27,TRUE,1167
1299,20103,2,2,28,FALSE,1168
1300,202401,5,0,172,FALSE,1169
1301,202112,5,0,120,TRUE,1170
1302,202112,5,0,120,FALSE,1171
1303,200802,4,0,123,TRUE,1172
1304,202101,5,0,184,FALSE,1173
1305,201802,4,0,143,TRUE,1174
1306,202012,5,0,216,TRUE,1175
1307,201801,5,0,167,FALSE,1176
1308,140141,1,14,369,FALSE,1177
1309,202704,4,0,195,TRUE,1178
1310,201307,5,0,113,TRUE,1179
1311,201402,5,0,198,FALSE,1180
1312,202110,5,0,233,FALSE,1181
1313,140101,1,14,27,FALSE,1182
1314,202501,4,0,240,TRUE,1183
1315,10102,2,1,28,FALSE,1184
1316,202009,2,0,192,FALSE,1185
1317,140101,1,14,27,TRUE,1186
1318,200603,5,0,241,TRUE,1187
1319,140141,1,14,369,FALSE,1188
1320,70102,2,7,28,FALSE,1189
1321,200201,4,0,100,FALSE,1190
1322,200001,4,0,214,TRUE,1191
1323,140141,1,14,369,FALSE,1192
1324,202501,4,0,240,TRUE,1193
1325,140101,1,14,27,FALSE,1194
1326,140141,1,14,369,FALSE,1195
1327,202401,5,0,172,FALSE,1196
1328,202704,5,0,195,TRUE,1197
1329,201005,5,0,245,FALSE,1198
1330,140101,1,14,27,FALSE,1199
1331,200802,5,0,123,FALSE,1200
1332,200201,4,0,100,FALSE,1201
1333,200101,4,0,137,FALSE,1202
1334,200502,4,0,145,TRUE,1203
1335,202106,5,0,171,FALSE,1204
1336,200101,4,0,137,FALSE,1205
1337,10303,2,1,7,FALSE,1206
1338,201301,4,0,138,FALSE,1207
1339,202112,5,0,120,TRUE,1208
1340,202704,5,0,195,TRUE,1209
1341,140101,1,14,27,FALSE,1210
1342,202701,4,0,166,TRUE,1211
1343,140141,1,14,369,FALSE,1212
1344,140141,1,14,369,FALSE,1213
1345,202301,0,0,232,FALSE,1214
1346,202405,4,0,102,FALSE,1215
1347,201401,5,0,187,FALSE,1216
1348,200101,4,0,137,FALSE,1217
1349,140101,1,14,27,FALSE,1218
1350,201302,5,0,135,TRUE,1219
1351,200505,5,0,249,TRUE,1220
1352,140137,1,14,368,FALSE,1221
1353,202403,4,0,166,FALSE,1222
1354,200802,5,0,123,TRUE,1223
1355,200803,4,0,134,TRUE,1224
1356,140101,1,14,27,FALSE,1225
1357,200101,4,0,100,FALSE,1226
1358,200201,4,0,100,FALSE,1227
1359,140141,1,14,369,FALSE,1228
1360,141406,1,14,326,FALSE,1229
1361,202112,5,0,120,TRUE,1230
1362,202113,5,0,122,FALSE,1231
1363,200101,4,0,137,FALSE,1232
1364,140141,1,14,369,FALSE,1233
1365,202704,5,0,195,TRUE,1234
1366,200001,4,0,214,TRUE,1235
1367,10101,2,1,28,FALSE,1236
1368,201002,3,0,121,FALSE,1237
1369,200101,5,0,137,FALSE,1238
1370,90401,3,9,3,FALSE,1239
1371,90404,2,9,21,FALSE,1240
1372,140101,1,14,27,FALSE,1241
1373,202101,5,0,184,TRUE,1242
1374,140101,1,14,27,FALSE,1243
1375,200201,4,0,100,FALSE,1244
1376,200405,4,0,188,TRUE,1245
1377,202501,5,0,240,TRUE,1246
1378,200209,4,0,170,FALSE,1247
1379,90208,2,9,7,FALSE,1248
1380,140101,1,14,27,FALSE,1249
1381,202501,5,0,240,FALSE,1250
1382,202701,4,0,166,FALSE,1251
1383,201307,5,0,113,TRUE,1252
1384,140101,1,14,27,FALSE,1253
1385,201801,5,0,167,FALSE,1254
1386,90102,2,9,28,FALSE,1255
1387,140141,1,14,369,FALSE,1256
1388,140137,1,14,368,TRUE,1257
1389,201401,5,0,187,TRUE,1258
1390,140101,1,14,27,TRUE,1259
1391,202106,5,0,171,TRUE,1260
1392,90221,2,9,7,FALSE,1261
1393,90401,3,9,3,FALSE,1262
1394,200505,5,0,249,FALSE,1263
1395,201006,5,0,234,FALSE,1264
1396,200602,4,0,195,TRUE,1265
1397,201307,5,0,113,FALSE,1266
1398,200602,4,0,195,TRUE,1267
1399,90401,3,9,3,FALSE,1268
1400,201704,4,0,208,TRUE,1269
1401,70101,2,7,28,FALSE,1270
1402,30101,2,3,28,FALSE,1271
1403,200402,4,0,253,FALSE,1272
1404,140101,1,14,27,FALSE,1273
1405,140101,1,14,27,FALSE,1274
1406,10401,3,1,3,FALSE,1275
1407,201307,5,0,113,FALSE,1276
1408,90403,4,9,211,FALSE,1277
1409,200101,4,0,137,FALSE,1278
1410,140101,1,14,27,FALSE,1279
1411,201402,5,0,198,TRUE,1280
1412,140101,1,14,27,FALSE,1281
1413,70401,3,7,3,FALSE,1282
1414,70101,2,7,28,FALSE,1283
1415,70401,3,7,3,FALSE,1284
1416,70401,3,7,3,FALSE,1285
1417,200603,4,0,241,TRUE,1286
1418,140101,1,14,27,FALSE,1287
1419,140141,1,14,369,FALSE,1288
1420,200201,4,0,100,FALSE,1289
1421,200201,4,0,100,FALSE,1290
1422,140101,1,14,27,FALSE,1291
1423,140101,1,14,27,FALSE,1292
1424,201307,5,0,113,FALSE,1293
1425,90102,2,9,28,TRUE,1294
1426,200502,4,0,145,TRUE,1295
1427,202116,5,0,122,FALSE,1296
1428,202116,5,0,122,FALSE,1297
1429,140137,1,14,368,TRUE,1298
1430,200701,4,0,206,FALSE,1299
1431,200804,4,0,134,TRUE,1300
1432,201402,5,0,198,TRUE,1301
1433,201401,5,0,187,TRUE,1302
1434,200101,4,0,137,FALSE,1303
1435,202116,5,0,122,FALSE,1304
1436,202117,5,0,139,FALSE,1305
1437,202601,5,0,130,FALSE,1306
1438,140141,1,14,369,FALSE,1307
1439,201006,5,0,234,FALSE,1308
1440,140101,1,14,27,TRUE,1309
1441,0,0,0,0,FALSE,1310
1442,140101,1,14,27,FALSE,1311
1443,200201,4,0,100,FALSE,1312
1444,200101,4,0,137,FALSE,1313
1445,140101,1,14,27,TRUE,1314
1446,202106,5,0,171,FALSE,1315
1447,202116,5,0,122,FALSE,1316
1448,140141,1,14,369,FALSE,1317
1449,201307,5,0,113,FALSE,1318
1450,140141,1,14,369,FALSE,1319
1451,202113,5,0,122,TRUE,1320
1452,200101,4,0,137,FALSE,1321
1453,200201,4,0,100,FALSE,1322
1454,140101,1,14,27,TRUE,1323
1455,200402,4,0,253,FALSE,1324
1456,202012,5,0,216,TRUE,1325
1457,202116,5,0,122,TRUE,1326
1458,201006,5,0,234,TRUE,1327
1459,201006,5,0,234,FALSE,1328
1460,202116,5,0,122,FALSE,1329
1461,140101,1,14,27,TRUE,1330
1462,202117,5,0,139,FALSE,1331
1463,140101,1,14,27,FALSE,1332
1464,201402,5,0,198,FALSE,1333
1465,200201,4,0,100,FALSE,1334
1466,140101,1,14,27,FALSE,1335
1467,200602,5,0,195,TRUE,1336
1468,202116,5,0,122,FALSE,1337
1469,140141,1,14,369,FALSE,1338
1470,90404,2,9,21,FALSE,1339
1471,200201,4,0,100,FALSE,1340
1472,140133,1,14,1,FALSE,1341
1473,202112,5,0,120,TRUE,1342
1474,202116,5,0,122,FALSE,1343
1475,202116,5,0,122,FALSE,1344
1476,202011,5,0,216,TRUE,1345
1477,202116,5,0,122,FALSE,1346
1478,30401,3,3,3,FALSE,1347
1479,140101,1,14,27,FALSE,1348
1480,60401,3,6,3,FALSE,1349
1481,200101,4,0,137,FALSE,1350
1482,202116,5,0,122,TRUE,1351
1483,200001,4,0,214,TRUE,1352
1484,201006,5,0,234,TRUE,1353
1485,200602,4,0,195,FALSE,1354
1486,140101,1,14,27,FALSE,1355
1487,201704,4,0,208,TRUE,1356
1488,140101,1,14,27,FALSE,1357
1489,70308,2,7,319,FALSE,1358
1490,140101,1,14,27,FALSE,1359
1491,202116,5,0,122,FALSE,1360
1492,200101,4,0,137,FALSE,1361
1493,202112,5,0,120,TRUE,1362
1494,200603,5,0,241,FALSE,1363
1495,200603,5,0,241,FALSE,1364
1496,140101,1,14,27,FALSE,1365
1497,30401,3,3,3,FALSE,1366
1498,200604,4,0,122,TRUE,1367
1499,200201,4,0,100,FALSE,1368
1500,201306,4,0,114,TRUE,1369
1501,201004,5,0,231,TRUE,1370
1502,140133,1,14,1,TRUE,1371
1503,202116,5,0,122,FALSE,1372
1504,140802,1,14,338,FALSE,1373
1505,201104,5,0,205,FALSE,1374
1506,140101,1,14,27,FALSE,1375
1507,202116,5,0,122,TRUE,1376
1508,202116,5,0,122,FALSE,1377
1509,201004,5,0,231,TRUE,1378
1510,202106,5,0,171,FALSE,1379
1511,202405,4,0,102,TRUE,1380
1512,70401,3,7,3,FALSE,1381
1513,20102,2,2,28,FALSE,1382
1514,200201,4,0,100,FALSE,1383
1515,201006,5,0,234,TRUE,1384
1516,200101,4,0,137,FALSE,1385
1517,201402,5,0,198,TRUE,1386
1518,140141,1,14,369,FALSE,1387
1519,200802,4,0,123,TRUE,1388
1520,201006,5,0,234,FALSE,1389
1521,200101,4,0,137,FALSE,1390
1522,202116,5,0,122,TRUE,1391
1523,202601,5,0,130,FALSE,1392
1524,202116,5,0,122,FALSE,1393
1525,200701,4,0,206,FALSE,1394
1526,90303,2,9,7,FALSE,1395
1527,202106,5,0,171,FALSE,1396
1528,200201,4,0,100,FALSE,1397
1529,202116,5,0,122,FALSE,1398
1530,140141,1,14,369,FALSE,1399
1531,200001,4,0,214,TRUE,1400
1532,202703,4,0,214,FALSE,1401
1533,201307,5,0,113,FALSE,1402
1534,90401,3,9,3,FALSE,1403
1535,202116,5,0,122,FALSE,1404
1536,200101,4,0,137,FALSE,1405
1537,200001,4,0,214,TRUE,1406
1538,200602,4,0,195,TRUE,1407
1539,201004,5,0,231,FALSE,1408
1540,200401,4,0,168,FALSE,1409
1541,202501,4,0,240,TRUE,1410
1542,202405,4,0,102,TRUE,1411
1543,90404,5,9,21,FALSE,1412
1544,200001,4,0,214,TRUE,1413
1545,202112,5,0,120,TRUE,1414
1546,202405,4,0,102,FALSE,1415
1547,200101,4,0,137,FALSE,1416
1548,202301,5,2,232,TRUE,1417
1549,140101,1,14,27,TRUE,1418
1550,200201,4,0,100,FALSE,1419
1551,202012,5,0,216,FALSE,1420
1552,200101,4,0,137,FALSE,1421
1553,10101,2,1,28,FALSE,1422
1554,200101,4,0,137,FALSE,1423
1555,202116,5,0,122,TRUE,1424
1556,200101,4,0,137,FALSE,1425
1557,200101,4,0,137,FALSE,1426
1558,200701,4,0,206,FALSE,1427
1559,202112,5,0,120,FALSE,1428
1560,30401,3,3,3,FALSE,1429
1561,201802,5,0,143,FALSE,1430
1562,200505,5,0,249,TRUE,1431
1563,202405,4,0,102,FALSE,1432
1564,200201,4,0,100,FALSE,1433
1565,202701,4,0,166,TRUE,1434
1566,200201,4,0,100,FALSE,1435
1567,201502,4,0,237,TRUE,1436
1568,140141,1,14,369,FALSE,1437
1569,140141,1,14,369,FALSE,1438
1570,40215,2,4,7,FALSE,1439
1571,202116,5,0,122,FALSE,1440
1572,200505,5,0,249,TRUE,1441
1573,200001,4,0,214,TRUE,1442
1574,140137,1,14,368,TRUE,1443
1575,202117,5,0,139,FALSE,1444
1576,202701,4,0,166,FALSE,1445
1577,202301,5,0,232,FALSE,1446
1578,70401,3,7,3,FALSE,1447
1579,202116,5,0,122,TRUE,1448
1580,140141,1,14,369,FALSE,1449
1581,202106,5,0,171,FALSE,1450
1582,201802,5,0,143,FALSE,1451
1583,201502,4,0,237,FALSE,1452
1584,90401,3,9,3,FALSE,1453
1585,200401,4,0,168,FALSE,1454
1586,202116,5,0,122,TRUE,1455
1587,140101,1,14,27,FALSE,1456
1588,200201,4,0,100,FALSE,1457
1589,140137,1,14,368,FALSE,1458
1590,140159,1,14,329,FALSE,1459
1591,90401,3,9,3,FALSE,1460
1592,140141,1,14,369,TRUE,1461
1593,140137,1,14,368,FALSE,1462
1594,202117,5,0,139,FALSE,1463
1595,202401,5,0,172,TRUE,1464
1596,202116,5,0,122,FALSE,1465
1597,202116,5,0,122,FALSE,1466
1598,40401,3,4,3,FALSE,1467
1599,202117,5,0,139,TRUE,1468
1600,200001,4,0,214,TRUE,1469
1601,202112,5,0,120,FALSE,1470
1602,201307,5,0,113,FALSE,1471
1603,202220,5,0,115,FALSE,1472
1604,201802,5,0,143,FALSE,1473
1605,140141,1,14,369,TRUE,1474
1606,140137,1,14,368,TRUE,1475
1607,202116,5,0,122,FALSE,1476
1608,140101,1,14,27,FALSE,1477
1609,201307,5,0,113,TRUE,1478
1610,70401,3,7,3,FALSE,1479
1611,200201,4,0,100,FALSE,1480
1612,200201,4,0,100,FALSE,1481
1613,200901,4,0,106,FALSE,1482
1614,202116,5,0,122,TRUE,1483
1615,202116,5,0,122,FALSE,1484
1616,201004,5,0,231,FALSE,1485
1617,200506,5,0,151,FALSE,1486
1618,140101,1,14,27,FALSE,1487
1619,202116,5,0,122,TRUE,1488
1620,140141,1,14,369,FALSE,1489
1621,201704,4,0,208,TRUE,1490
1622,202405,4,0,102,TRUE,1491
1623,200101,4,0,137,FALSE,1492
1624,140101,1,14,27,FALSE,1493
1625,140101,1,14,27,FALSE,1494
1626,202701,4,0,166,TRUE,1495
1627,140101,1,14,27,FALSE,1496
1628,202106,5,0,171,FALSE,1497
1629,90401,2,9,3,FALSE,1498
1630,202405,5,0,102,TRUE,1499
1631,140101,1,14,27,FALSE,1500
1632,202116,5,0,122,TRUE,1501
1633,140101,1,14,27,FALSE,1502
1634,140101,1,14,27,FALSE,1503
1635,200701,4,0,206,FALSE,1504
1636,202116,5,0,122,TRUE,1505
1637,200001,4,0,214,TRUE,1506
1638,200101,4,0,137,FALSE,1507
1639,202116,5,0,122,FALSE,1508
1640,140137,1,14,368,FALSE,1509
1641,70401,3,7,3,FALSE,1510
1642,200602,4,0,195,FALSE,1511
1643,201308,5,0,119,FALSE,1512
1644,202112,5,0,120,TRUE,1513
1645,200502,4,0,145,TRUE,1514
1646,202116,5,0,122,TRUE,1515
1647,140120,1,14,408,FALSE,1516
1648,90102,2,9,28,FALSE,1517
1649,140101,1,14,27,TRUE,1518
1650,70303,2,7,7,FALSE,1519
1651,202106,5,0,171,FALSE,1520
1652,70401,3,7,3,FALSE,1521
1653,200201,4,0,100,FALSE,1522
1654,140141,1,14,369,FALSE,1523
1655,202116,5,0,122,TRUE,1524
1656,90401,3,9,3,TRUE,1525
1657,202106,5,0,171,FALSE,1526
1658,70401,3,7,3,FALSE,1527
1659,200506,4,0,151,FALSE,1528
1660,200001,4,0,214,TRUE,1529
1661,200701,4,0,206,FALSE,1530
1662,20211,2,2,7,FALSE,1531
1663,201004,5,0,231,FALSE,1532
1664,202112,5,0,120,TRUE,1533
1665,200401,4,0,168,FALSE,1534
1666,140101,1,14,27,FALSE,1535
1667,20102,2,2,28,FALSE,1536
1668,202116,5,0,122,TRUE,1537
1669,140141,1,14,369,FALSE,1538
1670,202116,5,0,122,TRUE,1539
1671,200801,4,0,204,TRUE,1540
1672,202116,5,0,122,FALSE,1541
1673,200201,4,0,100,FALSE,1542
1674,201006,5,0,234,FALSE,1543
1675,200101,4,0,137,FALSE,1544
1676,200702,4,0,102,FALSE,1545
1677,141716,1,14,394,FALSE,1546
1678,201006,5,0,234,FALSE,1547
1679,202701,4,0,166,FALSE,1548
1680,200201,4,0,100,FALSE,1549
1681,20102,2,2,28,FALSE,1550
1682,200101,4,0,137,FALSE,1551
1683,201307,5,0,113,FALSE,1552
1684,202106,5,0,171,FALSE,1553
1685,202117,5,0,139,FALSE,1554
1686,202116,5,0,122,FALSE,1555
1687,200604,5,0,122,FALSE,1556
1688,202116,5,0,122,FALSE,1557
1689,140101,1,14,27,TRUE,1558
1690,200406,4,0,153,FALSE,1559
1691,201006,5,0,234,FALSE,1560
1692,140101,1,14,27,TRUE,1561
1693,70401,3,7,3,FALSE,1562
1694,140101,1,14,27,FALSE,1563
1695,202701,4,0,166,FALSE,1564
1696,202116,5,0,122,TRUE,1565
1697,140101,1,14,27,FALSE,1566
1698,202704,4,0,195,FALSE,1567
1699,140101,1,14,27,FALSE,1568
1700,201307,5,0,113,TRUE,1569
1701,200602,4,0,195,FALSE,1570
1702,202116,5,0,122,TRUE,1571
1703,202701,4,0,166,TRUE,1572
1704,200901,4,0,106,TRUE,1573
1705,140101,1,14,27,TRUE,1574
1706,140101,1,14,27,TRUE,1575
1707,200101,4,0,137,FALSE,1576
1708,40401,3,4,3,FALSE,1577
1709,200101,4,0,137,FALSE,1578
1710,200101,4,0,137,FALSE,1579
1711,202106,5,0,171,FALSE,1580
1712,200505,5,0,249,FALSE,1581
1713,200604,4,0,122,TRUE,1582
1714,201704,4,0,208,TRUE,1583
1715,202116,5,0,122,FALSE,1584
1716,201006,5,0,234,FALSE,1585
1717,30101,2,3,28,FALSE,1586
1718,201402,5,0,198,FALSE,1587
1719,140301,4,14,335,FALSE,1588
1720,140101,1,14,27,FALSE,1589
1721,140101,1,14,27,TRUE,1590
1722,200401,4,0,168,TRUE,1591
1723,90303,2,9,7,FALSE,1592
1724,200505,5,0,249,FALSE,1593
1725,202116,5,0,122,TRUE,1594
1726,200710,4,0,111,TRUE,1595
1727,10102,2,1,28,TRUE,1596
1728,202114,5,0,228,FALSE,1597
1729,201006,5,0,234,FALSE,1598
1730,140101,1,14,27,TRUE,1599
1731,140101,1,14,27,TRUE,1600
1732,201503,4,0,185,FALSE,1601
1733,202110,4,0,233,TRUE,1602
1734,202116,5,0,122,TRUE,1603
1735,200505,5,0,249,FALSE,1604
1736,200801,4,0,204,TRUE,1605
1737,201704,4,0,208,TRUE,1606
1738,201101,5,0,190,FALSE,1607
1739,70404,5,7,21,FALSE,1608
1740,90401,3,9,3,FALSE,1609
1741,201201,4,0,170,TRUE,1610
1742,140101,1,14,27,FALSE,1611
1743,202116,5,0,122,FALSE,1612
1744,100404,5,10,21,FALSE,1613
1745,30401,3,3,3,FALSE,1614
1746,201704,4,0,208,TRUE,1615
1747,201004,5,0,231,FALSE,1616
1748,202116,5,0,122,TRUE,1617
1749,140101,1,14,27,FALSE,1618
1750,200101,4,0,137,FALSE,1619
1751,202701,4,0,166,FALSE,1620
1752,202106,5,0,171,FALSE,1621
1753,140101,1,14,27,FALSE,1622
1754,201704,4,0,208,TRUE,1623
1755,140101,1,14,27,FALSE,1624
1756,140811,5,14,191,FALSE,1625
1757,200401,4,0,168,FALSE,1626
1758,201402,5,0,198,TRUE,1627
1759,201307,5,0,113,FALSE,1628
1760,200701,4,0,206,FALSE,1629
1761,140101,1,14,27,FALSE,1630
1762,202116,5,0,122,FALSE,1631
1763,202116,5,0,122,FALSE,1632
1764,200201,4,0,100,FALSE,1633
1765,200505,5,0,249,FALSE,1634
1766,202116,5,0,122,FALSE,1635
1767,202116,5,0,122,TRUE,1636
1768,200505,5,0,249,TRUE,1637
1769,140101,1,14,27,FALSE,1638
1770,202116,5,0,122,FALSE,1639
1771,70401,3,7,3,FALSE,1640
1772,80102,2,8,28,FALSE,1641
1773,202405,5,0,102,FALSE,1642
1774,202116,5,0,122,FALSE,1643
1775,140101,1,14,27,FALSE,1644
1776,140101,1,14,27,FALSE,1645
1777,140101,1,14,27,FALSE,1646
1778,202106,5,0,171,FALSE,1647
1779,30102,2,3,28,TRUE,1648
1780,202116,5,0,122,FALSE,1649
1781,200101,4,0,137,FALSE,1650
1782,200101,4,0,137,FALSE,1651
1783,140101,1,14,27,TRUE,1652
1784,200101,4,0,137,FALSE,1653
1785,140133,1,14,1,FALSE,1654
1786,200603,4,0,241,FALSE,1655
1787,202116,5,0,122,TRUE,1656
1788,202703,4,0,214,FALSE,1657
1789,200711,4,0,16,FALSE,1658
1790,202116,5,0,122,TRUE,1659
1791,200602,4,0,195,FALSE,1660
1792,140101,1,14,27,FALSE,1661
1793,201004,5,0,231,FALSE,1662
1794,202116,5,0,122,FALSE,1663
1795,202703,4,0,214,FALSE,1664
1796,70401,3,7,3,FALSE,1665
1797,140133,1,14,1,FALSE,1666
1798,202116,5,0,122,FALSE,1667
1799,200802,4,0,123,FALSE,1668
1800,201502,4,0,237,TRUE,1669
1801,202116,5,0,122,FALSE,1670
1802,202116,5,0,122,FALSE,1671
1803,202116,5,0,122,TRUE,1672
1804,200201,4,0,100,FALSE,1673
1805,200801,4,0,204,TRUE,1674
1806,140101,1,14,27,TRUE,1675
1807,70219,2,7,7,FALSE,1676
1808,200602,4,0,195,TRUE,1677
1809,40102,2,4,28,FALSE,1678
1810,201004,5,0,231,FALSE,1679
1811,202112,5,0,120,TRUE,1680
1812,140301,5,14,335,FALSE,1681
1813,200602,4,0,195,TRUE,1682
1814,202405,4,0,102,FALSE,1683
1815,202703,4,0,214,FALSE,1684
1816,200001,4,0,214,TRUE,1685
1817,201704,4,0,208,TRUE,1686
1818,202106,5,0,171,TRUE,1687
1819,70401,3,7,3,FALSE,1688
1820,201801,5,0,167,FALSE,1689
1821,200504,4,0,249,TRUE,1690
1822,201001,5,0,104,FALSE,1691
1823,202701,4,0,166,FALSE,1692
1824,202107,5,0,131,TRUE,1693
1825,201308,5,0,119,TRUE,1694
1826,202116,5,0,122,TRUE,1695
1827,140141,1,14,369,FALSE,1696
1828,200201,4,0,100,FALSE,1697
1829,70401,3,7,3,FALSE,1698
1830,200701,4,0,206,TRUE,1699
1831,200801,4,0,204,TRUE,1700
1832,202706,4,0,102,TRUE,1701
1833,202501,4,0,240,TRUE,1702
1834,201801,5,0,167,TRUE,1703
1835,202101,5,0,184,TRUE,1704
1836,202116,5,0,122,FALSE,1705
1837,140101,1,14,27,TRUE,1706
1838,140101,1,14,27,FALSE,1707
1839,202701,4,0,166,TRUE,1708
1840,202112,5,0,120,TRUE,1709
1841,140101,1,14,27,FALSE,1710
1842,200201,4,0,100,FALSE,1711
1843,200402,4,0,253,FALSE,1712
1844,202701,4,0,166,TRUE,1713
1845,202106,5,0,171,FALSE,1714
1846,202402,4,0,166,FALSE,1715
1847,200201,4,0,100,FALSE,1716
1848,202116,5,0,122,FALSE,1717
1849,200402,4,0,253,TRUE,1718
1850,140101,1,14,27,FALSE,1719
1851,200201,4,0,100,FALSE,1720
1852,201004,5,0,231,FALSE,1721
1853,202116,5,0,122,FALSE,1722
1854,202405,4,0,102,FALSE,1723
1855,200701,4,0,206,FALSE,1724
1856,201704,4,0,208,FALSE,1725
1857,140101,1,14,27,FALSE,1726
1858,200201,4,0,100,FALSE,1727
1859,140141,1,14,369,FALSE,1728
1860,202116,5,0,122,TRUE,1729
1861,200505,5,0,249,TRUE,1730
1862,202116,5,0,122,FALSE,1731
1863,90404,5,9,21,FALSE,1732
1864,202116,5,0,122,FALSE,1733
1865,202405,4,0,102,FALSE,1734
1866,10401,3,1,3,TRUE,1735
1867,140141,1,14,369,FALSE,1736
1868,201704,4,0,208,TRUE,1737
1869,202116,5,0,122,FALSE,1738
1870,202116,5,0,122,TRUE,1739
1871,200201,4,0,100,FALSE,1740
1872,202116,5,0,122,FALSE,1741
1873,202405,4,0,102,FALSE,1742
1874,202113,5,0,122,TRUE,1743
1875,142304,1,14,351,FALSE,1744
1876,200710,4,0,111,FALSE,1745
1877,202116,5,0,122,TRUE,1746
1878,140301,4,14,335,FALSE,1747
1879,202116,5,0,122,TRUE,1748
1880,202011,5,0,216,TRUE,1749
1881,201704,4,0,208,TRUE,1750
1882,201704,4,0,208,TRUE,1751
1883,140133,1,14,1,TRUE,1752
1884,201001,5,0,104,FALSE,1753
1885,140133,1,14,1,FALSE,1754
1886,200101,4,0,137,FALSE,1755
1887,201003,5,0,189,FALSE,1756
1888,201704,4,0,208,TRUE,1757
1889,140101,1,14,27,FALSE,1758
1890,140101,1,14,27,FALSE,1759
1891,202112,5,0,120,FALSE,1760
1892,201006,5,0,234,TRUE,1761
1893,200602,4,0,195,FALSE,1762
1894,200401,4,0,168,FALSE,1763
1895,200402,4,0,253,FALSE,1764
1896,140101,1,14,27,FALSE,1765
1897,202116,5,0,122,FALSE,1766
1898,202116,5,0,122,FALSE,1767
1899,201201,4,0,170,TRUE,1768
1900,202117,5,0,139,TRUE,1769
1901,202116,5,0,122,FALSE,1770
1902,202112,5,0,120,TRUE,1771
1903,200502,4,0,145,FALSE,1772
1904,202112,4,0,120,TRUE,1773
1905,201403,5,0,148,TRUE,1774
1906,200407,4,0,129,FALSE,1775
1907,200407,4,0,129,TRUE,1776
1908,202116,5,0,122,FALSE,1777
1909,202116,5,0,122,FALSE,1778
1910,140137,1,14,368,TRUE,1779
1911,140137,1,14,368,TRUE,1780
1912,140137,1,14,368,TRUE,1781
1913,202301,5,0,232,FALSE,1782
1914,202116,5,0,122,TRUE,1783
1915,202117,5,0,139,FALSE,1784
1916,202405,4,0,102,FALSE,1785
1917,140101,1,14,27,FALSE,1786
1918,90105,2,9,28,FALSE,1787
1919,200201,4,0,100,FALSE,1788
1920,10401,3,1,3,TRUE,1789
1921,140101,1,14,27,FALSE,1790
1922,90102,2,9,28,FALSE,1791
1923,201306,4,0,114,FALSE,1792
1924,200402,4,0,253,TRUE,1793
1925,140101,1,14,27,FALSE,1794
1926,140101,1,14,27,TRUE,1795
1927,30101,2,3,28,TRUE,1796
1928,201704,4,0,208,TRUE,1797
1929,140101,1,14,27,TRUE,1798
1930,202106,5,0,171,TRUE,1799
1931,202110,4,0,233,TRUE,1800
1932,202116,5,0,122,FALSE,1801
1933,90102,2,9,28,FALSE,1802
1934,200201,4,0,100,FALSE,1803
1935,200502,4,0,145,TRUE,1804
1936,201004,5,0,231,FALSE,1805
1937,200604,5,0,122,TRUE,1806
1938,200201,4,0,100,FALSE,1807
1939,202116,5,0,122,FALSE,1808
1940,201001,5,0,104,TRUE,1809
1941,90307,2,9,7,FALSE,1810
1942,201402,5,0,198,TRUE,1811
1943,202116,5,0,122,TRUE,1812
1944,202405,4,0,102,FALSE,1813
1945,202110,4,0,233,FALSE,1814
1946,200502,4,0,145,TRUE,1815
1947,30303,2,3,7,FALSE,1816
1948,10107,2,1,28,TRUE,1817
1949,202501,4,0,240,TRUE,1818
1950,100403,3,10,211,FALSE,1819
1951,140101,1,14,27,FALSE,1820
1952,200502,4,0,145,FALSE,1821
1953,140101,1,14,27,FALSE,1822
1954,202116,5,0,122,FALSE,1823
1955,202703,4,0,214,FALSE,1824
1956,200604,5,0,122,FALSE,1825
1957,202116,5,0,122,FALSE,1826
1958,200201,4,0,100,FALSE,1827
1959,200201,4,0,100,FALSE,1828
1960,200101,4,0,137,FALSE,1829
1961,90401,3,9,3,FALSE,1830
1962,202116,5,0,122,FALSE,1831
1963,200802,4,0,123,TRUE,1832
1964,201704,4,0,208,TRUE,1833
1965,140101,1,14,27,FALSE,1834
1966,140101,1,14,27,FALSE,1835
1967,200201,4,0,100,FALSE,1836
1968,80102,2,8,28,FALSE,1837
1969,140101,1,14,27,TRUE,1838
1970,50303,2,5,7,FALSE,1839
1971,140101,1,14,27,TRUE,1840
1972,142000,1,14,369,FALSE,1841
1973,30404,5,3,21,TRUE,1842
1974,140101,1,14,27,FALSE,1843
1975,70401,4,7,3,FALSE,1844
1976,202703,4,0,214,FALSE,1845
1977,70401,3,7,3,FALSE,1846
1978,90404,5,9,21,FALSE,1847
1979,201006,5,0,234,FALSE,1848
1980,200706,4,0,225,TRUE,1849
1981,201307,5,0,113,TRUE,1850
1982,200502,4,0,145,TRUE,1851
1983,90401,3,9,3,FALSE,1852
1984,202116,5,0,122,FALSE,1853
1985,142000,1,14,369,FALSE,1854
1986,202703,4,0,214,FALSE,1855
1987,202703,4,0,214,FALSE,1856
1988,200802,4,0,123,TRUE,1857
1989,20307,2,2,7,FALSE,1858
1990,200602,4,0,195,TRUE,1859
1991,200406,4,0,153,FALSE,1860
1992,200201,4,0,100,FALSE,1861
1993,200001,4,0,214,TRUE,1862
1994,200406,4,0,153,TRUE,1863
1995,202116,5,0,122,FALSE,1864
1996,200802,4,0,123,FALSE,1865
1997,200801,4,0,204,TRUE,1866
1998,202116,5,0,122,FALSE,1867
1999,200601,4,0,241,TRUE,1868
2000,202403,4,0,166,TRUE,1869
2001,200201,4,0,100,FALSE,1870
2002,140133,1,14,1,TRUE,1871
2003,140141,1,14,369,FALSE,1872
2004,202703,4,0,214,FALSE,1873
2005,202116,5,0,122,TRUE,1874
2006,202116,5,0,122,FALSE,1875
2007,140101,1,14,27,FALSE,1876
2008,60303,2,6,7,FALSE,1877
2009,200001,4,0,214,TRUE,1878
2010,40215,2,4,7,FALSE,1879
2011,201307,5,0,113,FALSE,1880
2012,201704,4,0,208,TRUE,1881
2013,200604,5,0,122,TRUE,1882
2014,140101,1,14,27,TRUE,1883
2015,202116,5,0,122,FALSE,1884
2016,200201,4,0,100,FALSE,1885
2017,201006,5,0,234,FALSE,1886
2018,202704,4,0,195,TRUE,1887
2019,202703,4,0,214,TRUE,1888
2020,202112,5,0,120,TRUE,1889
2021,201704,4,0,208,TRUE,1890
2022,140101,1,14,27,FALSE,1891
2023,202116,5,0,122,TRUE,1892
2024,202106,5,0,171,FALSE,1893
2025,202112,5,0,120,FALSE,1894
2026,200402,4,0,253,TRUE,1895
2027,200201,4,0,100,FALSE,1896
2028,202116,5,0,122,TRUE,1897
2029,202101,4,0,184,TRUE,1898
2030,140101,1,14,27,FALSE,1899
2031,202703,4,0,214,FALSE,1900
2032,202704,4,0,195,FALSE,1901
2033,202704,5,0,195,FALSE,1902
2034,201704,4,0,208,TRUE,1903
2035,202112,5,0,120,FALSE,1904
2036,202402,4,0,166,FALSE,1905
2037,202112,5,0,120,TRUE,1906
2038,200402,4,0,253,TRUE,1907
2039,140101,1,14,27,FALSE,1908
2040,200201,4,0,100,FALSE,1909
2041,142102,1,14,342,FALSE,1910
2042,201704,4,0,208,TRUE,1911
2043,202704,4,0,195,FALSE,1912
2044,202112,5,0,120,TRUE,1913
2045,140101,1,14,27,FALSE,1914
2046,200201,4,0,100,FALSE,1915
2047,60401,3,6,3,FALSE,1916
2048,140101,1,14,27,FALSE,1917
2049,90102,2,9,28,FALSE,1918
2050,200402,4,0,253,FALSE,1919
2051,202403,4,0,166,TRUE,1920
2052,200402,4,0,253,TRUE,1921
2053,200702,5,0,102,FALSE,1922
2054,140101,1,14,27,FALSE,1923
2055,200201,4,0,100,FALSE,1924
2056,140101,1,14,27,FALSE,1925
2057,140101,1,14,27,FALSE,1926
2058,140101,1,14,27,FALSE,1956
2059,200201,4,0,100,FALSE,1957
2060,201401,5,0,187,FALSE,1958
2061,201304,4,0,135,FALSE,1959
2062,140141,1,14,369,FALSE,1960
2063,200603,5,0,241,FALSE,1961
2064,90401,3,9,3,FALSE,1962
2065,90401,3,9,3,FALSE,1963
2066,202405,5,0,102,FALSE,1964
2067,202116,5,0,122,FALSE,1965
2068,201801,5,0,167,FALSE,1966
2069,202403,5,0,166,TRUE,1967
2070,140101,1,14,27,FALSE,1968
2071,90221,2,9,7,FALSE,1969
2072,202704,4,0,195,TRUE,1970
2073,20102,2,2,28,FALSE,1971
2074,140101,1,14,27,FALSE,1972
2075,100101,2,10,28,FALSE,1973
2076,140101,1,14,27,FALSE,1974
2077,10404,2,1,21,FALSE,1975
2078,202403,5,0,166,TRUE,1976
2079,140101,1,14,27,FALSE,1977
2080,200503,4,0,247,TRUE,1978
2081,202403,4,0,166,FALSE,1979
2082,140101,1,14,27,FALSE,1980
2083,202704,5,0,195,FALSE,1981
2084,200201,4,0,100,FALSE,1982
2085,140101,1,14,27,FALSE,1983
2086,20401,3,2,3,FALSE,1984
2087,201302,5,0,135,FALSE,1985
2088,201704,4,0,208,TRUE,1986
2089,140101,1,14,27,FALSE,1987
2090,201001,5,0,104,FALSE,1988
2091,200802,5,0,123,TRUE,1989
2092,202704,5,0,195,FALSE,1990
2093,140101,1,14,27,FALSE,1991
2094,201302,5,0,135,FALSE,1992
2095,140101,1,14,27,FALSE,1993
2096,202116,5,0,122,FALSE,1994
2097,140101,1,14,27,FALSE,1995
2098,140101,1,14,27,FALSE,1996
2099,202116,5,0,122,FALSE,1997
2100,202703,4,0,214,TRUE,1998
2101,140101,1,14,27,TRUE,1999
2102,10305,2,1,4,FALSE,2000
2103,140101,1,14,27,FALSE,2001
2104,140101,1,14,27,FALSE,2002
2105,90102,2,9,28,FALSE,2003
2106,202106,5,0,171,FALSE,2004
2107,140101,1,14,27,FALSE,2005
2108,200201,4,0,100,FALSE,2006
2109,200201,4,0,100,FALSE,2007
2110,142500,1,14,329,FALSE,2008
2111,140101,1,14,27,FALSE,2009
2112,200201,4,0,100,FALSE,2010
2113,140401,1,14,8,FALSE,2011
2114,200201,4,0,100,FALSE,2012
2115,140101,1,14,27,FALSE,2013
2116,202402,4,0,166,FALSE,2014
2117,110401,3,11,3,TRUE,2015
2118,202116,5,0,122,TRUE,2016
2119,200201,4,0,100,FALSE,2017
2120,140141,1,14,369,FALSE,2018
2121,202403,5,0,166,TRUE,2019
2122,60102,2,6,28,FALSE,2020
2123,140101,1,14,27,FALSE,2021
2124,140101,1,14,27,FALSE,2022
2125,140101,1,14,27,FALSE,2023
2126,140101,1,14,27,FALSE,2024
2127,140101,1,14,27,FALSE,2025
2128,140101,1,14,27,FALSE,2026
2129,140101,1,14,27,FALSE,2027
2130,140101,1,14,27,FALSE,2028
2131,200802,5,0,123,FALSE,2029
2132,140101,1,14,27,FALSE,2030
2133,201704,4,0,208,TRUE,2031
2134,202112,4,0,120,FALSE,2032
2135,200803,5,0,134,TRUE,2033
2136,200801,4,0,204,TRUE,2034
2137,20208,2,2,7,FALSE,2035
2138,100102,2,10,28,FALSE,2036
2139,200604,5,0,122,TRUE,2037
2140,202704,4,0,195,TRUE,2038
2141,200604,4,0,122,TRUE,2039
2142,202703,4,0,214,TRUE,2040
2143,20208,2,2,7,FALSE,2041
2144,201704,4,0,208,TRUE,2042
2145,50102,2,5,28,FALSE,2043
2146,140101,1,14,27,FALSE,2044
2147,200901,4,0,106,TRUE,2045
2148,140101,1,14,27,FALSE,2046
2149,140137,1,14,368,FALSE,2047
2150,140101,1,14,27,FALSE,2048
2151,202112,5,0,120,FALSE,2049
2152,140101,1,14,27,FALSE,2050
2153,200402,4,0,253,FALSE,2051
2154,201201,5,0,170,TRUE,2052
2155,140101,1,14,27,FALSE,2053
2156,140101,1,14,27,FALSE,2054
2157,140101,1,14,27,FALSE,2055
2158,201401,5,0,187,FALSE,2056
2159,202703,4,0,214,FALSE,2057
2160,201307,5,0,113,FALSE,2058
2161,202701,4,0,166,TRUE,2059
2162,40302,2,4,122,FALSE,2060
2163,202704,5,0,195,FALSE,2061
2164,200604,5,0,122,FALSE,2062
2165,90304,2,9,8,FALSE,2063
2166,200201,4,0,100,FALSE,2064
2167,200602,4,0,195,FALSE,2065
2168,90208,2,9,7,FALSE,2066
2169,201403,2,0,148,FALSE,2067
2170,200401,4,0,168,FALSE,2068
2171,140101,1,14,27,FALSE,2069
2172,201303,5,0,138,FALSE,2070
2173,140101,1,14,27,FALSE,2071
2174,140101,1,14,27,FALSE,2072
2175,200201,4,0,100,FALSE,2073
2176,30107,2,3,28,FALSE,2074
2177,90401,3,9,3,FALSE,2075
2178,201004,5,0,231,FALSE,2076
2179,140133,1,14,1,FALSE,2077
2180,202704,5,0,195,TRUE,2078
2181,200802,4,0,123,TRUE,2079
2182,202106,4,0,171,FALSE,2080
2183,200801,4,0,204,TRUE,2081
2184,90208,2,9,7,FALSE,2082
2185,202112,5,0,120,FALSE,2083
2186,202704,4,0,195,TRUE,2084
2187,90401,3,9,3,FALSE,2085
2188,200201,4,0,100,FALSE,2086
2189,142502,1,14,329,FALSE,2087
2190,140101,1,14,27,FALSE,2088
2191,90404,2,9,21,FALSE,2089
2192,140141,1,14,369,FALSE,2090
2193,140137,1,14,368,FALSE,2091
2194,202704,4,0,195,FALSE,2092
2195,201301,5,0,138,FALSE,2093
2196,201302,5,0,135,FALSE,2094
2197,202106,5,0,171,FALSE,2095
2198,70303,2,7,7,FALSE,2096
2199,202704,5,0,195,TRUE,2097
2200,202116,5,0,122,FALSE,2098
2201,20102,2,2,28,FALSE,2099
2202,140133,1,14,1,FALSE,2100
2203,20208,2,2,7,FALSE,2101
2204,140137,1,14,368,FALSE,2102
2205,140101,1,14,27,TRUE,2103
2206,140101,1,14,27,TRUE,2104
2207,90214,2,9,7,FALSE,2105
2208,90305,2,9,4,FALSE,2106
2209,140802,1,14,338,FALSE,2107
2210,10401,3,1,3,FALSE,2108
2211,200219,4,0,175,FALSE,2109
2212,140101,1,14,27,TRUE,2110
2213,200708,5,0,157,TRUE,2111
2214,140101,1,14,27,FALSE,2112
2215,140101,1,14,27,FALSE,2113
2216,90401,3,9,3,TRUE,2114
2217,200201,4,0,100,FALSE,2115
2218,70102,2,7,28,FALSE,2116
2219,40102,2,4,28,FALSE,2117
2220,200402,4,0,253,TRUE,2118
2221,202703,4,0,214,FALSE,2119
2222,90401,3,9,3,FALSE,2120
2223,202116,5,0,122,FALSE,2121
2224,202703,4,0,214,FALSE,2122
2225,202703,4,0,214,FALSE,2123
2226,202116,5,0,122,FALSE,2124
2227,20404,2,2,21,FALSE,2125
2228,140101,1,14,27,FALSE,2126
2229,140101,1,14,27,FALSE,2127
2230,90401,3,9,3,FALSE,2128
2231,70401,3,7,3,FALSE,2129
2232,200604,5,0,122,TRUE,2130
2233,201403,2,9,148,TRUE,2131
2234,202116,5,0,122,TRUE,2132
2235,202112,5,0,120,FALSE,2133
2236,140101,1,14,27,FALSE,2134
2237,140101,1,14,27,FALSE,2135
2238,140101,1,14,27,FALSE,2136
2239,200201,4,0,100,FALSE,2137
2240,200505,5,0,249,TRUE,2138
2241,140101,1,14,27,FALSE,2139
2242,200710,5,0,111,FALSE,2140
2243,201801,5,0,167,FALSE,2141
2244,202402,4,0,166,TRUE,2142
2245,202116,5,0,122,FALSE,2143
2246,202106,5,0,171,TRUE,2144
2247,90401,3,9,3,FALSE,2145
2248,90102,2,9,28,TRUE,2146
2249,202703,4,0,214,FALSE,2147
2250,201302,5,0,135,TRUE,2148
2251,200201,4,0,100,FALSE,2149
2252,70401,3,7,3,FALSE,2150
2253,90305,2,9,4,TRUE,2151
2254,140101,1,14,27,FALSE,2152
2255,202403,4,0,166,TRUE,2153
2256,202704,5,0,195,FALSE,2154
2257,202704,4,0,195,TRUE,2155
2258,20401,3,2,3,FALSE,2156
2259,200401,4,0,168,FALSE,2157
2260,140101,1,14,27,FALSE,2158
2261,200201,4,0,100,FALSE,2159
2262,200201,3,0,100,FALSE,2160
2263,200201,4,0,100,FALSE,2161
2264,202703,4,0,214,TRUE,2162
2265,140101,1,14,27,FALSE,2163
2266,140141,1,14,369,FALSE,2164
2267,202116,5,0,122,TRUE,2165
2268,202403,2,0,166,TRUE,2166
2269,140101,1,14,27,FALSE,2167
2270,200201,4,0,100,FALSE,2168
2271,202405,4,0,102,FALSE,2169
2272,20101,2,2,28,FALSE,2170
2273,200505,5,0,249,FALSE,2171
2274,202403,4,0,166,FALSE,2172
2275,202704,4,0,195,TRUE,2173
2276,202402,4,0,166,FALSE,2174
2277,202703,4,0,214,FALSE,2175
2278,202501,5,0,240,FALSE,2176
2279,202403,4,0,166,TRUE,2177
2280,140101,1,14,27,FALSE,2178
2281,70306,2,7,7,FALSE,2179
2282,140101,1,14,27,FALSE,2180
2283,202112,5,0,120,TRUE,2181
2284,70302,2,7,122,FALSE,2182
2285,200602,4,0,195,FALSE,2183
2286,140101,1,14,27,FALSE,2184
2287,10401,3,1,3,FALSE,2185
2288,100102,2,10,28,FALSE,2186
2289,202116,5,0,122,FALSE,2187
2290,201402,5,0,198,TRUE,2188
2291,100102,2,10,28,TRUE,2189
2292,140133,1,14,1,FALSE,2190
2293,200506,5,0,151,TRUE,2191
2294,140101,1,14,27,FALSE,2192
2295,140101,1,14,27,FALSE,2193
2296,140101,1,14,27,FALSE,2194
2297,200201,4,0,100,FALSE,2195
2298,140101,1,14,27,FALSE,2196
2299,200201,4,0,100,FALSE,2197
2300,200802,5,0,123,FALSE,2198
2301,200502,4,0,145,FALSE,2199
2302,201704,4,0,208,TRUE,2200
2303,202704,4,0,195,FALSE,2201
2304,140133,1,14,1,FALSE,2202
2305,140101,1,14,27,FALSE,2203
2306,140133,1,14,1,TRUE,2204
2307,140101,1,14,27,FALSE,2205
2308,202501,5,0,240,TRUE,2206
2309,141400,1,14,328,FALSE,2207
2310,201101,5,0,190,FALSE,2208
2311,201305,4,0,114,TRUE,2209
2312,202116,5,0,122,TRUE,2210
2313,201104,5,0,205,TRUE,2211
2314,202116,5,0,122,TRUE,2212
2315,200201,4,0,100,FALSE,2213
2316,202117,5,0,139,TRUE,2214
2317,90401,2,9,3,FALSE,2215
2318,90401,3,9,3,FALSE,2216
2319,200505,5,0,249,TRUE,2217
2320,90102,2,9,28,TRUE,2218
2321,140101,1,14,27,FALSE,2219
2322,140101,1,14,27,FALSE,2220
2323,140101,1,14,27,FALSE,2221
2324,140101,1,14,27,FALSE,2222
2325,200505,5,0,249,TRUE,2223
2326,202402,4,0,166,TRUE,2224
2327,202116,5,0,122,FALSE,2225
2328,202704,4,0,195,TRUE,2226
2329,140101,1,14,27,FALSE,2227
2330,202116,5,0,122,FALSE,2228
2331,140101,1,14,27,TRUE,2229
2332,202704,5,0,195,FALSE,2230
2333,202402,4,0,166,FALSE,2231
2334,70401,3,7,3,FALSE,2232
2335,200802,4,0,123,TRUE,2233
2336,200502,4,0,145,TRUE,2234
2337,90102,2,9,28,FALSE,2235
2338,140101,1,14,27,FALSE,2236
2339,140116,1,14,368,FALSE,2237
2340,202116,5,0,122,TRUE,2238
2341,201503,4,0,185,FALSE,2239
2342,140101,1,14,27,FALSE,2240
2343,202704,4,0,195,TRUE,2241
2344,90401,3,9,3,FALSE,2242
2345,140101,1,14,27,TRUE,2243
2346,200402,4,0,253,FALSE,2244
2347,140101,1,14,27,FALSE,2245
2348,140101,1,14,27,FALSE,2246
2349,140101,1,14,27,FALSE,2247
2350,90404,2,9,21,FALSE,2248
2351,202501,4,9,240,TRUE,2249
2352,140101,1,14,27,FALSE,2250
2353,202704,4,0,195,TRUE,2251
2354,70401,3,7,3,FALSE,2252
2355,140116,1,14,371,FALSE,2253
2356,200701,4,0,206,FALSE,2254
2357,202704,4,0,195,FALSE,2255
2358,140101,1,14,27,TRUE,2256
2359,202116,5,0,122,FALSE,2257
2360,140101,1,14,27,FALSE,2258
2361,200201,4,0,100,FALSE,2259
2362,202116,5,0,122,FALSE,2260
2363,202301,5,0,232,FALSE,2261
2364,40403,4,4,211,FALSE,2262
2365,40302,5,4,122,TRUE,2263
2366,200201,4,0,100,FALSE,2264
2367,140101,1,14,27,TRUE,2265
2368,201302,5,0,135,TRUE,2266
2369,200402,4,0,253,TRUE,2267
2370,202101,5,0,184,FALSE,2268
2371,200201,4,0,100,FALSE,2269
2372,202402,4,0,166,FALSE,2270
2373,140101,1,14,27,TRUE,2271
2374,202112,5,0,120,TRUE,2272
2375,90102,2,9,28,FALSE,2273
2376,202116,5,0,122,FALSE,2274
2377,202106,5,0,171,TRUE,2275
2378,202112,5,0,120,TRUE,2276
2379,140101,1,14,27,FALSE,2277
2380,140101,1,14,27,FALSE,2278
2381,201101,5,0,190,TRUE,2279
2382,201704,4,0,208,TRUE,2280
2383,202116,5,0,122,TRUE,2281
2384,202106,5,0,171,FALSE,2282
2385,201307,5,0,113,FALSE,2283
2386,40302,5,4,122,FALSE,2284
2387,40302,5,4,122,FALSE,2285
2388,200201,4,0,100,FALSE,2286
2389,140101,1,14,27,FALSE,2287
2390,40101,2,4,28,FALSE,2288
2391,140101,1,14,27,FALSE,2289
2392,140101,1,14,27,FALSE,2290
2393,202403,4,0,166,TRUE,2291
2394,140101,1,14,27,FALSE,2292
2395,140101,1,14,27,FALSE,2293
2396,140101,1,14,27,FALSE,2294
2397,200201,4,0,100,FALSE,2295
2398,202405,4,0,102,FALSE,2296
2399,201302,5,0,135,FALSE,2297
2400,200201,4,0,100,TRUE,2298
2401,202112,5,0,120,FALSE,2299
2402,140101,1,14,27,FALSE,2300
2403,200201,4,0,100,FALSE,2301
2404,202116,5,0,122,FALSE,2302
2405,202106,5,0,171,FALSE,2303
2406,200201,4,0,100,FALSE,2304
2407,201704,4,0,208,TRUE,2305
2408,202116,5,0,122,FALSE,2306
2409,90404,2,9,21,FALSE,2307
2410,70401,3,7,3,TRUE,2308
2411,200401,4,0,168,FALSE,2309
2412,140101,1,14,27,FALSE,2310
2413,140101,1,14,27,TRUE,2311
2414,141716,1,14,394,FALSE,2312
2415,202704,4,0,195,FALSE,2313
2416,200504,4,0,249,FALSE,2314
2417,140133,1,14,1,FALSE,2315
2418,140101,1,14,27,TRUE,2316
2419,200505,5,0,249,TRUE,2317
2420,90306,5,9,7,FALSE,2318
2421,200505,5,0,249,FALSE,2319
2422,202116,5,0,122,FALSE,2320
2423,140101,1,14,27,FALSE,2321
2424,140101,1,14,27,FALSE,2322
2425,200503,4,0,247,FALSE,2323
2426,70401,3,7,3,FALSE,2324
2427,202704,4,0,195,TRUE,2325
2428,140128,1,14,308,FALSE,2326
2429,202116,5,0,122,TRUE,2327
2430,140133,1,14,1,FALSE,2328
2431,140101,1,14,27,FALSE,2329
2432,200201,4,0,100,FALSE,2330
2433,202401,5,0,172,TRUE,2331
2434,202116,5,0,122,TRUE,2332
2435,202116,5,0,122,FALSE,2333
2436,201004,5,0,231,TRUE,2334
2437,202704,4,0,195,FALSE,2335
2438,140101,1,14,27,FALSE,2336
2439,10101,2,1,28,FALSE,2337
2440,140101,1,14,27,FALSE,2338
2441,201302,4,0,135,TRUE,2339
2442,140101,1,14,27,FALSE,2340
2443,202116,5,0,122,FALSE,2341
2444,202101,5,0,184,FALSE,2342
2445,140101,1,14,27,FALSE,2343
2446,140101,1,14,27,FALSE,2344
2447,200804,5,0,134,TRUE,2345
2448,140101,1,14,27,FALSE,2346
2449,140116,1,14,371,FALSE,2347
2450,202703,4,0,214,TRUE,2348
2451,201006,5,0,234,FALSE,2349
2452,142300,1,14,327,FALSE,2350
2453,202703,4,0,214,TRUE,2351
2454,202106,5,0,171,FALSE,2352
2455,140133,1,14,1,FALSE,2353
2456,140101,1,14,27,FALSE,2354
2457,140101,1,14,27,FALSE,2355
2458,201201,4,0,170,FALSE,2356
2459,140101,1,14,27,FALSE,2357
2460,202112,5,0,120,FALSE,2358
2461,140101,1,14,27,FALSE,2359
2462,140101,1,14,27,FALSE,2360
2463,140101,1,14,27,FALSE,2361
2464,200505,5,0,249,FALSE,2362
2465,0,0,0,0,FALSE,2363
2466,140101,1,14,27,FALSE,2364
2467,140101,1,14,27,FALSE,2365
2468,140101,1,14,27,FALSE,2366
2469,140101,1,14,27,FALSE,2367
2470,202405,4,0,102,FALSE,2368
2471,140101,1,14,27,FALSE,2369
2472,140101,1,14,27,TRUE,2370
2473,140101,1,14,27,FALSE,2371
2474,140101,1,14,27,FALSE,2372
2475,202106,5,0,171,FALSE,2373
2476,140805,1,14,27,FALSE,2374
2477,140101,1,14,27,FALSE,2375
2478,140101,1,14,27,FALSE,2376
2479,20305,0,2,4,FALSE,2377
2480,142502,1,14,329,FALSE,2378
2481,200101,4,0,137,FALSE,2379
2482,200201,4,0,100,FALSE,2380
2483,200201,4,0,100,FALSE,2381
2484,200201,4,0,100,FALSE,2382
2485,140101,1,14,27,FALSE,2383
2486,140101,1,14,27,FALSE,2384
2487,90304,4,9,8,FALSE,2385
2488,201402,5,0,198,FALSE,2386
2489,202110,5,0,233,FALSE,2387
2490,200506,5,0,151,FALSE,2388
2491,200101,4,0,137,FALSE,2389
2492,40208,2,4,7,FALSE,2390
2493,140101,1,14,27,FALSE,2391
2494,200201,4,0,100,FALSE,2392
2495,200201,4,0,100,FALSE,2393
2496,200201,4,0,100,FALSE,2394
2497,140101,1,14,27,FALSE,2395
2498,202102,5,0,141,FALSE,2396
2499,140101,1,14,27,FALSE,2397
2500,201003,4,0,189,FALSE,2398
2501,201307,5,0,113,TRUE,2399
2502,70401,4,7,3,FALSE,2400
2503,90208,2,9,7,FALSE,2401
2504,202116,5,0,122,TRUE,2402
2505,90401,3,9,3,TRUE,2403
2506,200506,5,0,151,FALSE,2404
2507,201302,5,0,135,FALSE,2405
2508,200502,4,0,145,TRUE,2406
2509,140101,1,14,27,FALSE,2407
2510,140101,1,14,27,FALSE,2408
2511,140101,1,14,27,FALSE,2409
2512,10219,2,1,7,FALSE,2410
2513,200201,4,0,100,FALSE,2411
2514,200209,4,0,170,FALSE,2412
2515,202704,4,0,195,TRUE,2413
2516,140108,1,14,368,FALSE,2414
2517,140101,1,14,27,FALSE,2415
2518,200801,4,0,204,TRUE,2416
2519,142303,1,14,336,FALSE,2417
2520,202112,5,0,120,FALSE,2418
2521,140101,1,14,27,FALSE,2419
2522,200501,4,0,248,TRUE,2420
2523,202112,5,0,120,TRUE,2421
2524,140101,1,14,27,FALSE,2422
2525,140101,1,14,27,FALSE,2423
2526,200502,4,0,145,FALSE,2424
2527,201401,5,0,187,FALSE,2425
2528,200701,4,0,206,FALSE,2426
2529,140101,1,14,27,FALSE,2427
2530,140101,1,14,27,TRUE,2428
2531,141605,1,14,332,FALSE,2429
2532,200201,4,0,100,FALSE,2430
2533,200201,4,0,100,FALSE,2431
2534,20212,2,2,7,FALSE,2432
2535,200505,5,0,249,TRUE,2433
2536,141605,1,14,332,FALSE,2434
2537,140101,1,14,27,TRUE,2435
2538,200209,4,0,170,FALSE,2436
2539,202405,5,0,102,TRUE,2437
2540,60221,2,6,7,FALSE,2438
2541,140101,1,14,27,FALSE,2439
2542,140101,1,14,27,TRUE,2440
2543,140101,1,14,27,TRUE,2441
2544,202011,2,0,216,FALSE,2442
2545,200201,4,0,100,FALSE,2443
2546,140101,1,14,27,TRUE,2444
2547,201307,5,0,113,FALSE,2445
2548,201001,5,0,104,TRUE,2446
2549,140101,1,14,27,FALSE,2447
2550,201307,5,0,113,TRUE,2448
2551,200101,4,0,137,FALSE,2449
2552,10305,2,1,4,FALSE,2450
2553,90305,2,9,4,FALSE,2451
2554,20401,3,2,3,FALSE,2452
2555,200701,4,0,206,FALSE,2453
2556,140101,1,14,27,FALSE,2454
2557,140101,1,14,27,FALSE,2455
2558,201202,5,0,170,FALSE,2456
2559,10401,3,1,3,FALSE,2457
2560,30404,3,3,21,FALSE,2458
2561,202110,4,0,233,FALSE,2459
2562,201003,5,0,189,FALSE,2460
2563,140101,1,14,27,FALSE,2461
2564,200101,4,0,137,FALSE,2462
2565,201006,5,0,234,TRUE,2463
2566,70401,3,7,3,FALSE,2464
2567,202112,5,0,120,FALSE,2465
2568,90304,4,9,8,TRUE,2466
2569,200506,4,0,151,FALSE,2467
2570,140101,1,14,27,TRUE,2468
2571,140101,1,14,27,FALSE,2469
2572,140101,1,14,27,FALSE,2470
2573,200802,5,0,123,TRUE,2471
2574,202102,4,0,141,FALSE,2472
2575,140128,1,14,308,FALSE,2473
2576,200405,4,0,188,TRUE,2474
2577,140101,1,14,27,FALSE,2475
2578,70306,2,7,7,FALSE,2476
2579,202116,5,0,122,FALSE,2477
2580,200201,4,0,100,FALSE,2478
2581,200403,4,0,236,TRUE,2479
2582,200604,5,0,122,FALSE,2480
2583,201301,4,0,138,FALSE,2481
2584,201303,5,0,138,FALSE,2482
2585,140101,1,14,27,TRUE,2483
2586,201704,4,0,208,TRUE,2484
2587,202112,5,0,120,TRUE,2485
2588,10305,2,1,4,FALSE,2486
2589,140101,1,14,27,TRUE,2487
2590,200201,4,0,100,FALSE,2488
2591,40405,4,4,8,FALSE,2489
2592,202106,5,0,171,FALSE,2490
2593,202703,4,0,214,FALSE,2491
2594,140101,1,14,27,FALSE,2492
2595,90303,2,9,7,FALSE,2493
2596,140101,1,14,27,FALSE,2494
2597,200001,4,0,214,TRUE,2495
2598,60305,2,6,4,FALSE,2496
2599,140101,1,14,27,FALSE,2497
2600,140101,1,14,27,FALSE,2498
2601,70305,2,7,4,FALSE,2499
2602,200201,4,0,100,FALSE,2500
2603,90401,3,9,3,FALSE,2501
2604,140101,1,14,27,FALSE,2502
2605,202116,5,0,122,FALSE,2503
2606,70401,3,7,3,FALSE,2504
2607,201003,5,0,189,FALSE,2505
2608,201006,5,0,234,TRUE,2506
2609,142513,1,14,329,FALSE,2507
2610,140101,1,14,27,FALSE,2508
2611,140101,1,14,27,FALSE,2509
2612,90401,3,9,3,FALSE,2510
2613,200702,4,0,102,FALSE,2511
2614,200001,4,0,214,TRUE,2512
2615,200506,5,0,151,TRUE,2513
2616,200001,4,0,214,TRUE,2514
2617,200201,4,0,100,FALSE,2515
2618,140101,1,14,27,FALSE,2516
2619,202704,4,0,195,FALSE,2517
2620,202116,5,0,122,TRUE,2518
2621,201002,5,0,121,FALSE,2519
2622,140806,1,14,347,FALSE,2520
2623,202116,5,0,122,FALSE,2521
2624,140101,1,14,27,FALSE,2522
2625,200505,5,0,249,TRUE,2523
2626,140101,1,14,27,FALSE,2524
2627,140101,1,14,27,FALSE,2525
2628,140101,1,14,27,TRUE,2526
2629,140101,1,14,27,TRUE,2527
2630,140101,1,14,27,FALSE,2528
2631,140301,4,14,335,FALSE,2529
2632,201307,5,0,113,FALSE,2530
2633,70401,3,7,3,FALSE,2531
2634,0,0,0,0,FALSE,2532
2635,200405,4,0,188,TRUE,2533
2636,140101,1,14,27,FALSE,2534
2637,140101,1,14,27,FALSE,2535
2638,140141,1,14,369,FALSE,2536
2639,200505,5,0,249,TRUE,2537
2640,140101,1,14,27,FALSE,2538
2641,200201,4,0,100,FALSE,2539
2642,202106,5,0,171,FALSE,2540
2643,202101,5,0,184,FALSE,2541
2644,200407,4,0,129,TRUE,2542
2645,200802,5,0,123,TRUE,2543
2646,70404,3,7,21,FALSE,2544
2647,90305,2,9,4,FALSE,2545
2648,200502,4,0,145,TRUE,2546
2649,140101,1,14,27,FALSE,2547
2650,140101,1,14,27,TRUE,2548
2651,201402,5,0,198,FALSE,2549
2652,140101,1,14,27,FALSE,2550
2653,200201,4,0,100,FALSE,2551
2654,202116,5,0,122,TRUE,2552
2655,202106,4,0,171,FALSE,2553
2656,201005,5,0,245,TRUE,2554
2657,140133,1,14,1,FALSE,2555
2658,140101,1,14,27,FALSE,2556
2659,201402,5,0,198,FALSE,2557
2660,140141,1,14,369,FALSE,2558
2661,201306,5,0,114,TRUE,2559
2662,100107,2,10,28,FALSE,2560
2663,140101,1,14,27,FALSE,2561
2664,200201,4,0,100,FALSE,2562
2665,140133,1,14,1,FALSE,2563
2666,202007,5,0,207,TRUE,2564
2667,90302,2,9,122,FALSE,2565
2668,140101,1,14,27,TRUE,2566
2669,140101,1,14,27,FALSE,2567
2670,140101,1,14,27,TRUE,2568
2671,90102,2,9,28,FALSE,2569
2672,200711,4,0,16,FALSE,2570
2673,140101,1,14,27,FALSE,2571
2674,201302,4,0,135,TRUE,2572
2675,70301,2,7,7,FALSE,2573
2676,202101,4,0,184,FALSE,2574
2677,202203,4,0,218,TRUE,2575
2678,140101,1,14,27,FALSE,2576
2679,140101,1,14,27,FALSE,2577
2680,200201,4,0,100,FALSE,2578
2681,140101,1,14,27,FALSE,2579
2682,202403,4,0,166,TRUE,2580
2683,200410,4,0,214,FALSE,2581
2684,70401,3,7,3,FALSE,2582
2685,70221,2,7,7,FALSE,2583
2686,202116,5,0,122,FALSE,2584
2687,201704,4,0,208,TRUE,2585
2688,201402,5,0,198,FALSE,2586
2689,201104,5,0,205,FALSE,2587
2690,140141,1,14,369,FALSE,2588
2691,140101,1,14,27,FALSE,2589
2692,140101,1,14,27,FALSE,2590
2693,200705,4,0,226,FALSE,2591
2694,140133,1,14,1,FALSE,2592
2695,140101,1,14,27,FALSE,2593
2696,202116,5,0,122,TRUE,2594
2697,201307,5,0,113,TRUE,2595
2698,50102,2,5,28,TRUE,2596
2699,140600,1,14,304,FALSE,2597
2700,140101,1,14,27,FALSE,2598
2701,140101,1,14,27,FALSE,2599
2702,202116,5,0,122,TRUE,2600
2703,202701,4,0,166,FALSE,2601
2704,140101,1,14,27,TRUE,2602
2705,90102,2,9,28,FALSE,2603
2706,90102,2,9,28,FALSE,2604
2707,202704,4,0,195,FALSE,2605
2708,70401,3,7,3,FALSE,2606
2709,140141,1,14,369,FALSE,2607
2710,140133,1,14,1,FALSE,2608
2711,200402,4,0,253,TRUE,2609
2712,140101,1,14,27,FALSE,2610
2713,140101,1,14,27,FALSE,2611
2714,202704,0,0,195,TRUE,2612
2715,70302,5,7,122,FALSE,2613
2716,140101,1,14,27,FALSE,2614
2717,140101,1,14,27,FALSE,2615
2718,200711,4,0,16,FALSE,2616
2718,200201,4,0,100,FALSE,6618
2719,200505,5,0,249,TRUE,2617
2720,141605,1,14,332,FALSE,2618
2721,140101,1,14,27,FALSE,2619
2722,140101,1,14,27,FALSE,2620
2723,202115,5,0,156,FALSE,2621
2724,202008,3,0,192,TRUE,2622
2725,202220,5,0,115,FALSE,2623
2726,200201,4,0,100,FALSE,2624
2727,201306,4,0,114,FALSE,2625
2728,202116,5,0,122,FALSE,2626
2729,140101,1,14,27,FALSE,2627
2730,140101,1,14,27,FALSE,2628
2731,140101,1,14,27,FALSE,2629
2732,201103,5,0,221,FALSE,2630
2733,140141,1,14,369,TRUE,2631
2734,140133,1,14,1,TRUE,2632
2735,90102,4,9,28,TRUE,2633
2736,140141,1,14,369,FALSE,2634
2737,201201,4,0,170,TRUE,2635
2738,202115,5,0,156,FALSE,2636
2739,141602,1,14,382,FALSE,2637
2740,200405,4,0,188,FALSE,2638
2741,140101,1,14,27,FALSE,2639
2742,140101,1,14,27,FALSE,2640
2743,202103,4,0,160,FALSE,2641
2744,142601,1,14,316,TRUE,2642
2745,200401,4,0,168,TRUE,2643
2746,140101,1,14,27,FALSE,2644
2747,140101,1,14,27,FALSE,2645
2748,200201,4,0,100,FALSE,2646
2749,140133,1,14,1,FALSE,2647
2750,140806,1,14,347,FALSE,2648
2751,202705,4,0,163,FALSE,2649
2752,202112,5,0,120,TRUE,2650
2753,201302,4,0,135,FALSE,2651
2754,200201,4,0,100,FALSE,2652
2755,200701,4,0,206,FALSE,2653
2756,141400,1,14,328,FALSE,2654
2757,200711,4,0,16,FALSE,2655
2758,140101,1,14,27,FALSE,2656
2759,201704,4,0,208,TRUE,2657
2760,201004,5,0,231,FALSE,2658
2761,140101,1,14,27,TRUE,2659
2762,140115,1,14,19,FALSE,2660
2763,200203,4,0,126,FALSE,2661
2764,200201,4,0,100,FALSE,2662
2765,202009,5,0,192,FALSE,2663
2766,140101,1,14,27,FALSE,2664
2767,140101,1,14,27,FALSE,2665
2768,200201,4,0,100,FALSE,2666
2769,201503,4,0,185,FALSE,2667
2770,202403,4,0,166,TRUE,2668
2771,200201,4,0,100,FALSE,2669
2772,201201,5,0,170,FALSE,2670
2773,90302,5,9,122,FALSE,2671
2774,50102,2,5,28,FALSE,2672
2775,140101,1,14,27,FALSE,2673
2776,20101,2,2,28,FALSE,2674
2777,202011,5,0,216,FALSE,2675
2778,201306,4,0,114,TRUE,2676
2779,201307,5,0,113,FALSE,2677
2780,202116,5,0,122,FALSE,2678
2781,140101,1,14,27,TRUE,2679
2782,201201,4,0,170,FALSE,2680
2783,140101,1,14,27,FALSE,2681
2784,200201,4,0,100,FALSE,2682
2785,140101,1,14,27,TRUE,2683
2786,202112,5,0,120,FALSE,2684
2787,10401,3,1,3,FALSE,2685
2788,40101,2,4,28,FALSE,2686
2789,141716,1,14,394,FALSE,6696
2790,140101,1,14,27,FALSE,2688
2791,140101,1,14,27,FALSE,2689
2792,140116,1,14,371,FALSE,2690
2793,140101,1,14,27,FALSE,2691
2794,70401,3,7,3,FALSE,2692
2795,140101,1,14,27,FALSE,2693
2796,202009,2,0,192,FALSE,2694
2797,140401,4,14,8,FALSE,2695
2798,70306,0,7,7,FALSE,2696
2799,200201,4,0,100,FALSE,2697
2800,200201,4,0,100,FALSE,2698
2801,140101,1,14,27,FALSE,2699
2802,200401,4,0,168,FALSE,2700
2803,202705,4,0,163,FALSE,2701
2804,140133,1,14,1,FALSE,2702
2805,202405,4,0,102,TRUE,2703
2806,140101,1,14,27,FALSE,2704
2807,140116,1,14,371,FALSE,2705
2808,200503,4,0,247,FALSE,2706
2809,140101,1,14,27,FALSE,2707
2810,202008,5,0,192,TRUE,2708
2811,10401,3,1,3,FALSE,2709
2812,140101,1,14,27,FALSE,2710
2813,140133,1,14,1,FALSE,2711
2814,140133,1,14,1,FALSE,2712
2815,140101,1,14,27,TRUE,2713
2816,200602,4,0,195,TRUE,2714
2817,200201,4,0,100,FALSE,2715
2818,200803,4,0,134,TRUE,2716
2819,140101,1,14,27,FALSE,2717
2820,201307,5,0,113,TRUE,2718
2821,70101,2,7,28,FALSE,2719
2822,200603,5,0,241,FALSE,2720
2823,140101,1,14,27,FALSE,2721
2824,201104,5,0,205,TRUE,2722
2825,100302,5,10,122,FALSE,2723
2826,140101,1,14,27,FALSE,2724
2827,202704,4,0,195,TRUE,2725
2828,202116,5,0,122,TRUE,2726
2829,140101,1,14,27,FALSE,2727
2830,200505,5,0,249,TRUE,2728
2831,200201,4,0,100,FALSE,2729
2832,201202,4,0,170,FALSE,2730
2833,201801,5,0,167,FALSE,2731
2834,200501,4,0,248,TRUE,2732
2835,140101,1,14,27,TRUE,2733
2836,140101,1,14,27,FALSE,2734
2837,200201,4,0,100,FALSE,2735
2838,200201,4,0,100,FALSE,2736
2839,200201,4,0,100,FALSE,2737
2840,90401,3,9,3,FALSE,2738
2841,202116,5,0,122,TRUE,2739
2842,201307,5,0,113,FALSE,2740
2843,200101,4,0,137,FALSE,2741
2844,200201,4,0,100,FALSE,2742
2845,200401,4,0,168,TRUE,2743
2846,201306,4,0,114,FALSE,2744
2847,202116,5,0,122,TRUE,2745
2848,202116,5,0,122,FALSE,2746
2849,202706,4,0,102,FALSE,2747
2850,201307,5,0,113,FALSE,2748
2851,202116,5,0,122,FALSE,2749
2852,140101,1,14,27,TRUE,2750
2853,99,6,0,24,FALSE,2751
2854,142300,1,14,327,FALSE,2752
2855,200505,5,0,249,FALSE,2753
2856,200201,4,0,100,FALSE,2754
2857,140101,1,14,27,TRUE,2755
2858,200402,4,0,253,FALSE,2756
2859,202116,5,0,122,FALSE,2757
2860,200201,4,0,100,FALSE,2758
2861,40102,2,4,28,FALSE,2759
2862,200201,4,0,100,FALSE,2760
2863,70403,4,7,211,FALSE,2761
2864,200505,5,0,249,FALSE,2762
2865,202116,5,0,122,TRUE,2763
2866,140101,1,14,27,FALSE,2764
2867,202116,5,0,122,FALSE,2765
2868,202403,5,0,166,TRUE,2766
2869,202403,4,0,166,FALSE,2767
2870,202405,4,0,102,TRUE,2768
2871,201801,0,0,167,FALSE,2769
2872,140101,1,14,27,FALSE,2770
2873,140101,1,14,27,FALSE,2771
2874,140101,1,14,27,TRUE,2772
2875,200201,4,0,100,FALSE,2773
2876,140101,1,14,27,FALSE,2774
2877,60305,2,6,4,FALSE,2775
2878,200711,4,0,16,FALSE,2776
2879,140101,1,14,27,FALSE,2777
2880,140101,1,14,27,FALSE,2778
2881,200405,4,0,188,TRUE,2779
2882,142300,4,14,327,FALSE,2780
2883,140101,1,14,27,TRUE,2781
2884,90305,2,9,4,FALSE,2782
2885,202116,5,0,122,FALSE,2783
2886,140101,1,14,27,FALSE,2784
2887,140101,1,14,27,FALSE,2785
2888,200402,4,0,253,FALSE,2786
2889,200101,5,0,137,FALSE,2787
2890,140101,1,14,27,FALSE,2788
2891,90102,2,9,28,FALSE,2789
2892,200201,4,0,100,FALSE,2790
2893,140101,1,14,27,TRUE,2791
2894,202501,4,0,240,TRUE,2792
2895,30401,3,3,3,FALSE,2793
2896,201405,5,0,194,FALSE,2794
2897,202403,4,0,166,TRUE,2795
2898,200402,4,0,253,TRUE,2796
2899,140101,1,14,27,FALSE,2797
2900,200502,4,0,145,TRUE,2798
2901,202601,4,0,130,TRUE,2799
2902,200001,4,0,214,TRUE,2800
2903,202703,4,0,214,FALSE,2801
2904,200201,4,0,100,FALSE,2802
2905,201006,5,0,234,TRUE,2803
2906,140101,1,14,27,FALSE,2804
2907,0,0,0,0,FALSE,2805
2908,200201,4,0,100,FALSE,2806
2909,140301,4,14,335,FALSE,2807
2910,200502,4,0,145,FALSE,2808
2911,140101,1,14,27,FALSE,2809
2912,10401,3,1,3,FALSE,2810
2913,200401,4,0,168,FALSE,2811
2914,200710,4,0,111,TRUE,2812
2915,200505,5,0,249,TRUE,2813
2916,140101,1,14,27,TRUE,2814
2917,200201,4,0,100,FALSE,2815
2918,50102,2,5,28,TRUE,2816
2919,140101,1,14,27,FALSE,2817
2920,20102,2,2,28,TRUE,2818
2921,140101,1,14,27,FALSE,2819
2922,140401,4,14,8,TRUE,2820
2923,200201,4,0,100,FALSE,2821
2924,200503,4,0,247,TRUE,2822
2925,140101,1,14,27,FALSE,2823
2926,202102,5,0,141,TRUE,2824
2927,140141,1,14,369,FALSE,2825
2928,140101,1,14,27,TRUE,2826
2929,200605,4,0,227,TRUE,2827
2930,140101,1,14,27,FALSE,2828
2931,90404,3,9,21,FALSE,2829
2932,140133,1,14,1,FALSE,2830
2933,202112,5,0,120,TRUE,2831
2934,202116,5,0,122,FALSE,2832
2935,140101,1,14,27,TRUE,2833
2936,140101,1,14,27,FALSE,2834
2937,200401,4,0,168,FALSE,2835
2938,201101,5,0,190,TRUE,2836
2939,140101,1,14,27,FALSE,2837
2940,202112,5,0,120,FALSE,2838
2941,200401,4,0,168,FALSE,2839
2942,140101,1,14,27,FALSE,2840
2943,200201,4,0,100,FALSE,2841
2944,140101,1,14,27,FALSE,2842
2945,140101,1,14,27,FALSE,2843
2946,140101,1,14,27,FALSE,2844
2947,141802,5,14,319,FALSE,2845
2948,202116,5,0,122,FALSE,2846
2949,20105,2,2,28,FALSE,2847
2950,141602,1,14,382,FALSE,2848
2951,140101,1,14,27,FALSE,2849
2952,202116,5,0,122,FALSE,2850
2953,200201,4,0,100,FALSE,2851
2954,90401,3,9,3,FALSE,2852
2955,140101,1,14,27,TRUE,2853
2956,140101,1,14,27,TRUE,2854
2957,200901,4,0,106,TRUE,2855
2958,200101,4,0,137,FALSE,2856
2959,140101,1,14,27,FALSE,2857
2960,140101,1,14,27,FALSE,2858
2961,200710,4,0,111,FALSE,2859
2962,200703,4,0,232,FALSE,2860
2963,90404,3,9,21,TRUE,2861
2964,202116,5,0,122,TRUE,2862
2965,202116,5,0,122,FALSE,2863
2966,140101,1,14,27,FALSE,2864
2967,140101,1,14,27,TRUE,2865
2968,201701,4,0,140,TRUE,2866
2969,200408,4,0,202,FALSE,2867
2970,140101,1,14,27,FALSE,2868
2971,200505,5,0,249,TRUE,2869
2972,140802,4,14,338,FALSE,2870
2973,140101,1,14,27,TRUE,2871
2974,140116,1,14,371,FALSE,2872
2975,201307,5,0,113,FALSE,2873
2976,202116,5,0,122,FALSE,2874
2977,90102,2,9,28,FALSE,2875
2978,140101,1,14,27,TRUE,2876
2979,202703,4,0,214,TRUE,2877
2980,10102,2,1,28,TRUE,2878
2981,202116,5,0,122,FALSE,2879
2982,202116,5,0,122,FALSE,2880
2983,202116,5,0,122,TRUE,2881
2984,140101,1,14,27,TRUE,2882
2985,140101,1,14,27,FALSE,2883
2986,202116,5,0,122,TRUE,2884
2987,140101,1,14,27,FALSE,2885
2988,140101,1,14,27,TRUE,2886
2989,70306,2,7,7,TRUE,2887
2990,200604,4,0,122,TRUE,2888
2991,200201,4,0,100,FALSE,2889
2992,140101,1,14,27,FALSE,2890
2993,202116,5,0,122,FALSE,2891
2994,202301,5,0,232,FALSE,2892
2995,140101,1,14,27,FALSE,2893
2996,140101,1,14,27,FALSE,2894
2997,140101,1,14,27,FALSE,2895
2998,0,0,0,0,FALSE,2896
2999,140101,1,14,27,TRUE,2897
3000,142000,1,14,369,FALSE,2898
3001,140141,1,14,369,FALSE,2899
3002,201104,5,0,205,FALSE,2900
3003,140101,1,14,27,TRUE,2901
3004,202116,5,0,122,FALSE,2902
3005,90401,3,9,3,FALSE,2903
3006,200402,4,0,253,TRUE,2904
3007,140101,1,14,27,TRUE,2905
3008,140101,1,14,27,FALSE,2906
3009,90402,3,9,5,FALSE,2907
3010,200201,4,0,100,FALSE,2908
3011,200401,4,0,168,TRUE,2909
3012,30401,3,3,3,FALSE,2910
3013,200201,4,0,100,FALSE,2911
3014,200201,4,0,100,FALSE,2912
3015,200201,4,0,100,FALSE,2913
3016,200703,4,0,232,TRUE,2914
3017,140101,1,14,27,FALSE,2915
3018,140101,1,14,27,FALSE,2916
3019,140101,1,14,27,FALSE,2917
3020,140101,1,14,27,FALSE,2918
3021,140101,1,14,27,TRUE,2919
3022,140101,1,14,27,TRUE,2920
3023,140101,1,14,27,TRUE,2921
3024,140101,1,14,27,FALSE,2922
3025,140101,1,14,27,TRUE,2923
3026,202116,5,0,122,TRUE,2924
3027,140101,1,14,27,TRUE,2925
3028,140101,1,14,27,FALSE,2926
3029,0,0,0,0,FALSE,2927
3030,140101,1,14,27,FALSE,2928
3031,140101,1,14,27,TRUE,2929
3032,141605,1,14,332,FALSE,2930
3033,140101,1,14,27,FALSE,2931
3034,200201,4,0,100,FALSE,2932
3035,140806,1,14,347,TRUE,2933
3036,140101,1,14,27,TRUE,2934
3037,140101,1,14,27,TRUE,2935
3038,0,0,0,0,FALSE,2936
3039,201004,5,0,231,FALSE,2937
3040,140101,1,14,27,TRUE,2938
3041,202116,5,0,122,FALSE,2939
3042,140101,1,14,27,FALSE,2940
3043,200001,4,0,214,TRUE,2941
3044,140401,4,14,8,FALSE,2942
3045,140401,4,14,8,FALSE,2943
3046,140101,1,14,27,TRUE,2944
3047,200205,4,0,215,TRUE,2945
3048,200801,4,0,204,TRUE,2946
3049,140101,1,14,27,FALSE,2947
3050,140101,1,14,27,FALSE,2948
3051,202703,4,0,214,TRUE,2949
3052,140101,1,14,27,FALSE,2950
3053,202116,5,0,122,TRUE,2951
3054,200201,4,0,100,FALSE,2952
3055,202116,5,0,122,FALSE,2953
3056,140802,5,14,338,FALSE,2954
3057,140101,1,14,27,TRUE,2955
3058,202501,4,0,240,FALSE,2956
3059,200201,4,0,100,FALSE,2957
3060,202116,5,0,122,TRUE,2958
3061,140101,1,14,27,FALSE,2959
3062,140101,1,14,27,FALSE,2960
3063,140101,1,14,27,TRUE,2961
3064,200401,4,0,168,FALSE,2962
3065,200401,4,0,168,FALSE,2963
3066,200201,4,0,100,FALSE,2964
3067,200201,4,0,100,FALSE,2965
3068,140101,1,14,27,FALSE,2966
3069,90401,3,9,3,FALSE,2967
3070,140101,1,14,27,FALSE,2968
3071,140101,1,14,27,TRUE,2969
3072,140101,1,14,27,TRUE,2970
3073,202001,5,0,192,FALSE,2971
3074,90401,3,9,3,FALSE,2972
3075,140101,1,14,27,FALSE,2973
3076,202703,4,0,214,FALSE,2974
3077,140133,1,14,1,FALSE,2975
3078,140101,1,14,27,FALSE,2976
3079,140101,1,14,27,FALSE,2977
3080,201304,5,0,135,FALSE,2978
3081,90305,2,9,4,FALSE,2979
3082,200505,4,0,208,FALSE,2980
3083,140101,1,14,27,FALSE,2981
3084,140101,1,14,27,FALSE,2982
3085,140101,1,14,27,TRUE,2983
3086,140101,1,14,27,FALSE,2984
3087,202101,5,0,184,TRUE,2985
3088,202405,4,0,102,FALSE,2986
3089,140101,1,14,27,FALSE,2987
3090,140101,1,14,27,TRUE,2988
3091,140101,1,14,27,TRUE,2989
3092,200401,4,0,168,FALSE,2990
3093,200711,4,0,16,TRUE,2991
3094,202110,4,0,233,FALSE,2992
3095,20401,3,2,3,FALSE,2993
3096,200201,4,0,100,FALSE,2994
3097,140101,1,14,27,FALSE,2995
3098,100308,2,10,319,TRUE,2996
3099,140101,1,14,27,TRUE,2997
3100,201303,4,0,138,TRUE,2998
3101,202116,5,0,122,FALSE,2999
3102,90401,3,9,3,FALSE,3000
3103,200710,4,0,111,FALSE,3001
3104,200201,4,0,100,FALSE,3002
3105,140133,1,14,1,FALSE,3003
3106,200405,4,0,188,TRUE,3004
3107,140101,1,14,27,FALSE,3005
3108,201503,4,0,185,TRUE,3006
3109,140101,1,14,27,FALSE,3007
3110,142304,1,14,351,FALSE,3008
3111,140101,1,14,27,FALSE,3009
3112,200201,4,0,100,FALSE,3010
3113,202116,5,0,122,FALSE,3011
3114,90401,3,9,3,FALSE,3012
3115,20102,2,2,28,FALSE,3013
3116,140101,1,14,27,FALSE,3014
3117,202108,5,0,238,FALSE,3015
3118,200604,5,0,122,FALSE,3016
3119,70101,2,7,28,FALSE,3017
3120,140133,1,14,1,FALSE,3018
3121,202116,5,0,122,FALSE,3019
3122,140101,1,14,27,TRUE,3020
3123,202703,4,0,214,TRUE,3021
3124,202116,5,0,122,TRUE,3022
3125,202116,5,0,122,TRUE,3023
3126,202405,4,0,102,FALSE,3024
3127,202116,5,0,122,FALSE,3025
3128,202116,5,0,122,TRUE,3026
3129,90102,1,9,28,TRUE,3027
3130,141717,1,14,19,FALSE,3028
3131,90303,2,9,7,FALSE,3029
3132,200201,4,0,100,FALSE,3030
3133,10102,2,1,28,FALSE,3031
3134,140101,1,14,27,FALSE,3032
3135,140101,1,14,27,FALSE,3033
3136,200505,5,0,249,TRUE,3034
3137,140101,1,14,27,FALSE,3035
3138,140101,1,14,27,FALSE,3036
3139,140101,1,14,27,FALSE,3037
3140,140101,1,14,27,FALSE,3038
3141,140101,1,14,27,FALSE,3039
3142,140101,1,14,27,TRUE,3040
3143,200201,4,0,100,FALSE,3041
3144,200201,4,0,100,FALSE,3042
3145,200201,4,0,100,FALSE,3043
3146,200711,4,0,16,FALSE,3044
3147,140101,1,14,27,TRUE,3045
3148,140101,1,14,27,FALSE,3046
3149,140101,1,14,27,FALSE,3047
3150,200401,4,0,168,FALSE,3048
3151,70219,2,7,7,FALSE,3049
3152,201307,5,0,113,TRUE,3050
3153,200401,4,0,168,FALSE,3051
3154,200401,4,0,168,FALSE,3052
3155,140101,1,14,27,FALSE,3053
3156,140101,1,14,27,FALSE,3054
3157,200201,4,0,100,FALSE,3055
3158,140101,1,14,27,FALSE,3056
3159,201006,5,0,234,TRUE,3057
3160,140101,1,14,27,FALSE,3058
3161,201004,5,0,231,FALSE,3059
3162,140101,1,14,27,TRUE,3060
3163,140101,1,14,27,TRUE,3061
3164,140101,1,14,27,TRUE,3062
3165,200201,4,0,100,FALSE,3063
3166,70102,2,7,28,FALSE,3064
3167,201004,5,0,231,FALSE,3065
3168,70102,2,7,28,FALSE,3066
3169,40303,2,4,7,TRUE,3067
3170,142601,1,14,27,FALSE,3068
3171,200405,4,0,188,FALSE,3069
3172,200406,4,0,153,TRUE,3070
3173,200711,4,0,16,TRUE,3071
3174,201303,4,0,138,TRUE,3072
3175,140101,1,14,27,FALSE,3073
3176,140101,1,14,27,TRUE,3074
3177,140101,1,14,27,TRUE,3075
3178,202703,4,0,214,TRUE,3076
3179,140101,1,14,27,FALSE,3077
3180,200201,4,0,100,FALSE,3078
3181,200604,5,0,122,TRUE,3079
3182,140101,1,14,27,FALSE,3080
3183,140101,1,14,27,FALSE,3081
3184,200201,4,0,100,FALSE,3082
3185,140101,1,14,27,FALSE,3083
3186,140101,1,14,27,TRUE,3084
3187,140101,1,14,27,FALSE,3085
3188,140101,1,14,27,FALSE,3086
3189,140101,1,14,27,TRUE,3087
3190,140101,1,14,27,FALSE,3088
3191,140101,1,14,27,FALSE,3089
3192,20101,1,2,28,TRUE,3090
3193,140133,1,14,1,FALSE,3091
3194,140101,1,14,27,FALSE,3092
3195,202703,4,0,214,TRUE,3093
3196,202703,4,0,214,FALSE,3094
3197,202116,5,0,122,TRUE,3095
3198,140101,1,14,27,FALSE,3096
3199,70105,2,7,28,FALSE,3097
3200,70105,2,7,28,TRUE,3098
3201,70306,2,7,7,TRUE,3099
3202,200201,4,0,100,FALSE,3100
3203,140101,1,14,27,FALSE,3101
3204,200407,4,0,129,TRUE,3102
3205,140101,1,14,27,FALSE,3103
3206,140101,1,14,27,TRUE,3104
3207,140101,1,14,27,TRUE,3105
3208,200205,4,0,215,TRUE,3106
3209,140101,1,14,27,TRUE,3107
3210,140101,1,14,27,FALSE,3108
3211,140101,1,14,27,FALSE,3109
3212,140101,1,14,27,FALSE,3110
3213,10401,3,1,3,TRUE,3111
3214,90401,3,9,3,FALSE,3112
3215,202701,4,0,166,FALSE,3113
3216,140101,1,14,27,FALSE,3114
3217,202501,4,0,240,FALSE,3115
3218,140101,1,14,27,FALSE,3116
3219,140101,1,14,27,FALSE,3117
3220,140101,1,14,27,FALSE,3118
3221,140101,1,14,27,FALSE,3119
3222,140101,1,14,27,FALSE,3120
3223,140101,1,14,27,TRUE,3121
3224,202703,4,9,214,TRUE,3122
3225,200201,4,3,100,FALSE,3123
3226,200401,4,4,168,FALSE,3124
3227,140101,1,14,27,TRUE,3125
3228,140101,1,14,27,TRUE,3126
3229,140101,1,14,27,FALSE,3127
3230,200201,4,9,100,FALSE,3128
3231,200203,4,0,126,FALSE,3129
3232,100102,2,10,28,FALSE,3130
3233,140101,1,14,27,FALSE,3156
3234,200408,4,4,202,FALSE,3157
3235,20303,2,2,7,FALSE,3158
3236,90303,2,9,7,FALSE,3159
3237,201804,5,9,165,TRUE,3160
3238,140101,1,14,27,TRUE,3161
3239,202116,5,0,122,TRUE,3162
3240,140101,1,14,27,TRUE,3163
3241,90303,2,9,7,FALSE,3164
3242,140101,1,14,27,FALSE,3165
3243,140101,1,14,27,FALSE,3166
3244,202403,4,0,166,TRUE,3167
3245,202116,5,9,122,TRUE,3168
3246,202116,5,5,122,FALSE,3169
3247,10401,3,1,3,FALSE,3170
3248,140101,1,14,27,FALSE,3171
3249,140101,1,14,27,TRUE,3172
3250,140101,1,14,27,FALSE,3173
3251,200201,4,0,100,FALSE,3174
3252,140101,1,14,27,FALSE,3175
3253,202116,5,0,122,FALSE,3176
3254,200710,4,0,111,FALSE,3177
3255,202116,5,0,122,FALSE,3178
3256,140101,1,14,27,FALSE,3179
3257,140116,1,14,371,TRUE,3180
3258,140116,1,14,371,FALSE,3181
3259,200001,4,0,214,TRUE,3182
3260,140101,1,14,27,FALSE,3183
3261,201101,5,0,190,TRUE,3184
3262,140101,1,14,27,TRUE,3185
3263,140101,1,14,27,FALSE,3186
3264,200201,4,0,100,FALSE,3187
3265,70303,2,7,7,FALSE,3188
3266,140101,1,14,27,FALSE,3189
3267,90102,2,9,28,TRUE,3190
3268,70208,2,7,7,FALSE,3191
3269,202403,4,0,166,TRUE,3192
3270,50102,2,5,28,TRUE,3193
3271,20102,2,2,28,TRUE,3194
3272,202116,5,0,122,FALSE,3195
3273,90401,3,9,3,FALSE,3196
3274,140101,1,14,27,TRUE,3197
3275,202005,5,1,111,FALSE,3198
3276,200201,4,0,100,FALSE,3199
3277,140101,1,14,27,FALSE,3200
3278,140101,1,14,27,FALSE,3201
3279,202116,5,0,122,FALSE,3202
3280,200201,4,0,100,FALSE,3203
3281,140101,1,14,27,FALSE,3204
3282,140101,1,14,27,FALSE,3205
3283,202403,4,0,166,TRUE,3206
3284,140101,1,14,27,FALSE,3207
3285,140101,1,14,27,TRUE,3208
3286,140101,1,14,27,FALSE,3209
3287,90102,2,9,28,FALSE,3210
3288,201201,5,0,170,FALSE,3211
3289,201502,4,0,237,TRUE,3212
3290,202703,4,9,214,TRUE,3213
3291,201704,4,0,208,TRUE,3214
3292,70101,2,7,28,FALSE,3215
3293,140101,1,14,27,FALSE,3216
3294,140101,1,14,27,FALSE,3217
3295,140101,1,14,27,FALSE,3218
3296,140101,1,14,27,TRUE,3219
3297,140101,1,14,27,FALSE,3220
3298,200505,5,9,249,FALSE,3221
3299,140101,1,14,27,TRUE,3222
3300,140101,1,14,27,FALSE,3223
3301,202116,5,0,122,FALSE,3224
3302,200201,4,0,100,FALSE,3225
3303,140101,1,14,27,FALSE,3226
3304,140116,1,14,371,FALSE,3227
3305,200710,4,0,111,TRUE,3228
3306,202116,5,0,122,TRUE,3229
3307,140101,1,14,27,FALSE,3230
3308,140101,1,14,27,FALSE,3231
3309,202116,5,0,122,FALSE,3232
3310,202116,5,0,122,TRUE,3233
3311,30211,2,3,7,TRUE,3234
3312,202116,5,0,122,FALSE,3235
3313,140101,1,14,27,FALSE,3236
3314,140101,1,14,27,FALSE,3237
3315,10305,2,1,4,FALSE,3238
3316,140133,1,14,1,FALSE,3239
3317,90102,2,9,28,TRUE,3240
3318,90102,2,9,28,FALSE,3241
3319,140101,1,14,27,FALSE,3242
3320,140101,1,14,27,TRUE,3243
3321,140116,1,14,371,FALSE,3244
3322,202116,5,0,122,TRUE,3245
3323,140101,1,14,27,FALSE,3246
3324,140101,1,14,27,FALSE,3247
3325,200710,4,0,111,TRUE,3248
3326,90305,2,9,4,FALSE,3249
3327,90305,2,9,4,FALSE,3250
3328,202116,5,9,122,FALSE,3251
3329,200001,4,9,214,TRUE,3252
3330,202008,3,0,192,FALSE,3253
3331,202116,5,0,122,TRUE,3254
3332,202116,5,0,122,TRUE,3255
3332,140133,1,14,27,FALSE,6612
3333,50102,2,5,7,FALSE,3256
3334,140101,1,14,27,FALSE,3257
3335,202116,5,0,122,TRUE,3258
3336,200703,4,0,232,TRUE,3259
3337,200711,4,10,16,FALSE,3260
3338,140101,1,14,27,FALSE,3261
3339,140101,1,14,27,FALSE,3262
3340,202106,5,0,171,FALSE,3263
3341,200502,4,0,145,TRUE,3264
3342,20101,2,2,28,FALSE,3265
3343,202116,5,0,122,FALSE,3266
3344,202116,5,3,122,FALSE,3267
3345,140101,1,14,27,FALSE,3268
3346,20101,2,2,28,FALSE,3269
3347,140101,1,14,27,FALSE,3270
3348,200401,4,0,168,FALSE,3271
3349,200201,4,3,100,FALSE,3272
3350,200201,4,10,100,FALSE,3273
3351,140101,1,14,27,FALSE,3274
3352,202106,5,2,171,FALSE,3275
3353,99,6,0,24,FALSE,3276
3354,201001,5,0,104,TRUE,3277
3355,140101,1,14,27,FALSE,3278
3356,140101,1,14,27,FALSE,3279
3357,200201,4,0,100,FALSE,3280
3358,140806,1,14,347,FALSE,3281
3359,200506,5,0,151,FALSE,3282
3360,200201,4,0,100,FALSE,3283
3361,200201,4,0,100,FALSE,3284
3362,202011,5,9,216,TRUE,3285
3363,140101,1,14,27,FALSE,3286
3364,140101,1,14,27,FALSE,3287
3365,202703,4,9,214,FALSE,3288
3366,202116,5,0,122,FALSE,3289
3367,140101,1,14,27,FALSE,3290
3368,140101,1,14,27,FALSE,3291
3369,141716,1,14,394,FALSE,3292
3370,200201,4,7,100,FALSE,3293
3371,202116,5,0,122,TRUE,3294
3372,140101,1,14,27,FALSE,3295
3373,140101,1,14,27,FALSE,3296
3374,140101,1,14,27,FALSE,3297
3375,202116,5,0,122,FALSE,3298
3376,140101,1,14,27,FALSE,3299
3377,140101,1,14,27,TRUE,3300
3378,140101,1,14,27,FALSE,3301
3379,90102,2,9,28,FALSE,3302
3380,140117,1,14,325,FALSE,3303
3381,201401,5,0,187,TRUE,3304
3382,70101,2,7,28,FALSE,3305
3383,140802,1,14,338,FALSE,3306
3384,140806,1,14,347,FALSE,3307
3385,140101,1,14,27,FALSE,3308
3386,140101,1,14,27,FALSE,3309
3387,202116,5,9,122,FALSE,3310
3388,140101,1,14,27,FALSE,3311
3389,30107,2,3,28,FALSE,3312
3390,140101,1,14,27,TRUE,3313
3391,140101,1,14,27,FALSE,3314
3392,200201,4,0,100,FALSE,3315
3393,202116,5,0,122,TRUE,3316
3394,202116,5,0,122,TRUE,3317
3395,30107,2,3,28,FALSE,3318
3396,202116,5,0,122,FALSE,3319
3397,200711,4,0,16,FALSE,3320
3398,140101,1,14,27,FALSE,3321
3399,60101,2,6,28,FALSE,3322
3400,10305,2,1,4,FALSE,3323
3401,141802,1,14,319,FALSE,3324
3402,200503,4,9,247,TRUE,3325
3403,140101,1,14,27,FALSE,3326
3404,200201,4,0,100,FALSE,3327
3405,200505,5,0,249,TRUE,3328
3406,202403,4,9,166,TRUE,3329
3407,140101,1,14,27,FALSE,3330
3408,20101,2,2,28,FALSE,3331
3409,201201,5,0,170,TRUE,3332
3410,140101,1,14,27,TRUE,3333
3411,140101,1,14,27,FALSE,3334
3412,200406,4,9,153,TRUE,3335
3413,140101,1,14,27,TRUE,3336
3414,140101,1,14,27,FALSE,3337
3415,200201,4,0,100,FALSE,3338
3416,140101,1,14,27,FALSE,3339
3417,200001,4,0,214,TRUE,3340
3418,20101,2,2,28,FALSE,3341
3419,140101,1,14,27,FALSE,3342
3420,50401,3,5,3,FALSE,3343
3421,140101,1,14,27,FALSE,3344
3422,140101,1,14,27,TRUE,3345
3423,10102,2,1,28,FALSE,3346
3424,140101,1,14,27,FALSE,3347
3425,140101,1,14,27,FALSE,3348
3426,100308,2,10,319,FALSE,3349
3427,100308,2,10,319,FALSE,3350
3428,140101,1,14,27,TRUE,3351
3429,200402,4,0,253,TRUE,3352
3430,140101,1,14,27,FALSE,3353
3431,201201,4,0,170,TRUE,3354
3432,140101,1,14,27,FALSE,3355
3433,140101,1,14,27,FALSE,3356
3434,140101,1,14,27,FALSE,3357
3435,140101,1,14,27,TRUE,3358
3436,200707,4,0,152,TRUE,3359
3437,140101,1,14,27,FALSE,3360
3438,200301,4,0,208,TRUE,3361
3439,202703,4,0,214,FALSE,3362
3439,202106,5,0,171,FALSE,6606
3440,140101,1,14,27,FALSE,3363
3441,140101,1,14,27,TRUE,3364
3442,140101,1,14,27,FALSE,3365
3443,140101,1,14,27,FALSE,3366
3444,200503,4,0,247,FALSE,3367
3445,202116,5,0,122,TRUE,3368
3446,140101,1,14,27,FALSE,3369
3447,140133,1,14,1,FALSE,3370
3448,140101,1,14,27,TRUE,3371
3449,200505,5,0,249,FALSE,3372
3450,10101,2,1,28,FALSE,3373
3451,140101,1,14,27,FALSE,3374
3452,141717,1,14,1,FALSE,3375
3453,140133,1,14,1,FALSE,3376
3454,140101,1,14,27,FALSE,3377
3455,140101,1,14,27,FALSE,3378
3456,202112,5,0,120,TRUE,3379
3457,100405,4,10,8,TRUE,3380
3458,70107,2,7,28,FALSE,3381
3459,140101,1,14,27,FALSE,3382
3460,140101,1,14,27,FALSE,3383
3461,140101,1,14,27,FALSE,3384
3462,140101,1,14,27,FALSE,3385
3463,202106,5,0,171,FALSE,3386
3464,200710,4,0,111,TRUE,3387
3465,140101,1,14,27,FALSE,3388
3466,140101,1,14,27,FALSE,3389
3467,200705,4,0,226,FALSE,3390
3468,201704,4,0,208,TRUE,3391
3469,140101,1,14,27,FALSE,3392
3470,202106,5,0,171,FALSE,3393
3471,140101,1,14,27,TRUE,3394
3472,140101,1,14,27,FALSE,3395
3473,202701,4,0,166,TRUE,3396
3474,140101,1,14,27,FALSE,3397
3475,200201,4,0,100,FALSE,3398
3476,140101,1,14,27,FALSE,3399
3477,200207,4,0,170,FALSE,3400
3478,140101,1,14,27,FALSE,3401
3479,200201,4,0,100,FALSE,3402
3480,30102,2,3,28,TRUE,3403
3481,140101,1,14,27,FALSE,3404
3482,90305,2,9,4,FALSE,3405
3483,200503,4,0,247,TRUE,3406
3484,60102,2,6,28,FALSE,3407
3485,80102,2,8,28,FALSE,3408
3486,60102,2,6,28,FALSE,3409
3487,140101,1,14,27,FALSE,3410
3488,140101,1,14,27,FALSE,3411
3489,140101,1,14,27,FALSE,3412
3490,140101,1,14,27,FALSE,3413
3491,140101,1,14,27,FALSE,3414
3492,140101,1,14,27,FALSE,3415
3493,200701,4,0,206,TRUE,3416
3494,201201,4,0,170,FALSE,3417
3495,202111,5,0,133,TRUE,3418
3496,140101,1,14,27,TRUE,3419
3497,200402,4,0,253,TRUE,3420
3498,140101,1,14,27,TRUE,3421
3499,140101,1,14,27,TRUE,3422
3500,140101,1,14,27,TRUE,3423
3501,140101,1,14,27,TRUE,3424
3502,200219,4,0,175,FALSE,3425
3503,140101,1,14,27,FALSE,3426
3504,110105,2,11,28,FALSE,3427
3505,202112,5,0,120,FALSE,3428
3506,202401,4,0,172,TRUE,3429
3507,201301,5,0,138,FALSE,3430
3508,200801,4,0,204,TRUE,3431
3509,140101,1,14,27,FALSE,3432
3510,140101,1,14,27,FALSE,3433
3511,200201,4,0,100,FALSE,3434
3512,200201,4,0,100,FALSE,3435
3513,200201,4,0,100,FALSE,3436
3514,202403,5,0,166,FALSE,3437
3515,140101,1,14,27,TRUE,3438
3516,140101,1,14,27,FALSE,3439
3517,200201,4,0,100,FALSE,3440
3518,200707,5,0,152,TRUE,3441
3519,140133,1,14,1,FALSE,3442
3520,140101,1,14,27,FALSE,3443
3521,202106,5,0,171,FALSE,3444
3522,140101,1,14,27,TRUE,3445
3523,201302,5,0,135,TRUE,3446
3524,140101,1,14,27,FALSE,3447
3525,200502,4,0,145,TRUE,3448
3526,200401,4,0,168,TRUE,3449
3527,140101,1,14,27,FALSE,3450
3528,90303,2,9,7,TRUE,3451
3529,140101,1,14,27,FALSE,3452
3530,140101,1,14,27,FALSE,3453
3531,140101,1,14,27,TRUE,3454
3532,202116,5,0,122,FALSE,3455
3533,140101,1,14,27,TRUE,3456
3534,140101,1,14,27,FALSE,3457
3535,200401,4,0,168,FALSE,3458
3536,202403,5,0,166,FALSE,3459
3537,140101,1,14,27,FALSE,3460
3538,140101,1,14,27,TRUE,3461
3539,140101,1,14,27,FALSE,3462
3540,141202,1,14,328,FALSE,3463
3541,200205,4,0,215,TRUE,3464
3542,140101,1,14,27,TRUE,3465
3543,140101,1,14,27,FALSE,3466
3544,140101,1,14,27,FALSE,3467
3545,140101,1,14,27,TRUE,3468
3546,140101,1,14,27,TRUE,3469
3547,30302,5,3,122,FALSE,3470
3548,201502,4,0,237,TRUE,3471
3549,140133,1,14,1,FALSE,3472
3550,200201,4,0,100,FALSE,3473
3551,200201,4,0,100,FALSE,3474
3552,200701,4,0,206,TRUE,3475
3553,200502,4,0,145,TRUE,3476
3554,202301,5,0,232,FALSE,3477
3555,200505,5,0,249,FALSE,3478
3556,0,0,0,0,FALSE,3479
3557,202116,5,0,122,TRUE,3480
3558,200201,4,0,100,FALSE,3481
3559,140101,1,14,27,FALSE,3482
3560,140101,1,14,27,FALSE,3483
3561,141802,1,14,319,TRUE,3484
3562,140101,1,14,27,TRUE,3485
3563,200201,4,0,100,FALSE,3486
3564,200201,4,0,100,FALSE,3487
3565,30401,3,3,3,FALSE,3488
3566,201503,4,0,185,TRUE,3489
3567,140101,1,14,27,FALSE,3490
3568,200505,5,0,249,FALSE,3491
3569,202703,4,0,214,FALSE,3492
3570,201303,5,0,138,TRUE,3493
3571,20401,3,2,3,FALSE,3494
3572,201006,5,0,234,FALSE,3495
3573,200503,4,0,247,TRUE,3496
3574,20102,2,2,28,TRUE,3497
3575,140101,1,14,27,TRUE,3498
3576,140101,1,14,27,FALSE,3499
3577,140101,1,14,27,FALSE,3500
3578,140101,1,14,27,FALSE,3501
3579,200204,4,0,136,FALSE,3502
3580,202001,5,0,192,TRUE,3503
3581,140101,1,14,27,TRUE,3504
3582,140101,1,14,27,FALSE,3505
3583,201302,5,0,135,TRUE,3506
3584,202403,4,0,166,TRUE,3507
3585,140101,1,14,27,TRUE,3508
3586,90401,3,9,3,FALSE,3509
3587,202704,4,0,195,TRUE,3510
3588,140101,1,14,27,FALSE,3511
3589,200801,4,0,204,TRUE,3512
3590,140101,1,14,27,TRUE,3513
3591,140101,1,14,27,FALSE,3514
3592,140101,1,14,27,FALSE,3515
3593,140101,1,14,27,FALSE,3516
3594,200203,4,0,126,FALSE,3517
3595,140101,1,14,27,FALSE,3518
3596,140101,1,14,27,FALSE,3519
3597,140101,1,14,27,FALSE,3520
3598,140101,1,14,27,FALSE,3521
3599,200201,4,0,100,FALSE,3522
3600,202116,5,0,122,FALSE,3523
3601,140101,1,14,27,FALSE,3524
3602,200201,4,0,100,FALSE,3525
3603,140101,1,14,27,FALSE,3526
3604,140101,1,14,27,FALSE,3527
3605,140101,1,14,27,TRUE,3528
3606,140101,1,14,27,FALSE,3529
3607,202405,5,0,102,TRUE,3530
3608,200201,4,0,100,FALSE,3531
3609,140101,1,14,27,FALSE,3532
3610,202101,5,0,184,FALSE,3533
3611,140101,1,14,27,TRUE,3534
3612,90401,3,9,3,FALSE,3535
3613,200710,4,0,111,FALSE,3536
3614,140401,4,14,8,TRUE,3537
3615,202403,4,0,166,TRUE,3538
3616,202403,5,0,166,FALSE,3539
3617,70305,2,7,4,FALSE,3540
3618,200502,4,0,145,TRUE,3541
3619,201801,5,0,167,FALSE,3542
3620,201704,4,0,208,TRUE,3569
3621,202703,4,0,214,TRUE,3570
3622,202704,4,0,195,TRUE,3571
3623,200201,4,0,100,FALSE,3572
3624,140101,1,14,27,FALSE,3573
3625,140101,1,14,27,FALSE,3574
3626,140101,1,14,27,FALSE,3575
3627,140101,1,14,27,FALSE,3576
3628,140101,1,14,27,FALSE,3577
3629,90401,3,9,3,FALSE,3578
3630,200201,4,0,100,FALSE,3579
3631,140101,1,14,27,FALSE,3580
3632,140101,1,14,27,FALSE,3581
3633,200201,4,0,100,FALSE,3582
3634,40102,2,4,28,FALSE,3583
3635,140811,5,14,191,TRUE,3584
3636,202705,4,0,163,FALSE,3585
3637,70401,3,7,3,FALSE,3586
3638,202117,5,0,139,FALSE,3587
3639,140101,1,14,27,FALSE,3588
3640,200410,4,0,214,TRUE,3589
3641,140101,1,14,27,FALSE,3590
3642,140101,1,14,27,TRUE,3591
3643,140101,1,14,27,TRUE,3592
3644,90102,2,9,28,FALSE,3593
3645,140101,1,14,27,TRUE,3594
3646,141802,1,14,319,FALSE,3595
3647,200201,4,0,100,FALSE,3596
3648,140101,1,14,27,TRUE,3597
3649,0,0,0,0,FALSE,3598
3650,140101,1,14,27,TRUE,3599
3651,202003,5,0,150,TRUE,3600
3652,200401,4,0,168,TRUE,3601
3653,140101,1,14,27,FALSE,3602
3654,140101,1,14,27,FALSE,3603
3655,140101,1,14,27,FALSE,3604
3656,200401,4,0,168,FALSE,3605
3657,140401,,14,8,TRUE,3606
3658,140101,1,14,27,FALSE,3607
3659,140101,1,14,27,FALSE,3608
3660,90401,3,9,3,TRUE,3609
3661,200801,4,0,204,TRUE,3610
3662,200801,4,0,204,TRUE,3611
3663,202011,5,0,216,FALSE,3612
3664,140101,1,14,27,TRUE,3613
3665,140101,1,14,27,FALSE,3614
3666,200201,4,0,100,FALSE,3615
3667,202703,4,0,214,TRUE,3616
3668,140101,1,14,27,FALSE,3617
3669,140101,1,14,27,FALSE,3618
3670,202116,5,0,122,FALSE,3619
3671,202116,5,0,122,FALSE,3620
3672,50305,2,5,4,FALSE,3621
3673,202403,4,0,166,FALSE,3622
3674,140101,1,14,27,FALSE,3623
3675,140101,1,14,27,FALSE,3624
3676,200201,4,0,100,FALSE,3625
3677,200901,4,0,106,TRUE,3626
3678,200220,4,0,126,FALSE,3627
3679,140101,1,14,27,TRUE,3628
3680,140101,1,14,27,TRUE,3629
3681,200201,4,0,100,FALSE,3630
3682,140101,1,14,27,TRUE,3631
3683,0,0,0,0,FALSE,3632
3684,10102,2,1,28,TRUE,3633
3685,201703,4,0,212,TRUE,3634
3686,140101,1,14,27,FALSE,3635
3687,140101,1,14,27,TRUE,3636
3688,200201,4,0,100,FALSE,3637
3689,140101,1,14,27,FALSE,3638
3690,201004,5,0,231,TRUE,3639
3691,140101,1,14,27,TRUE,3640
3692,202116,5,0,122,FALSE,3641
3693,70401,3,7,3,FALSE,3642
3694,141206,1,14,355,FALSE,3643
3695,200505,5,0,249,TRUE,3644
3696,140101,1,14,27,FALSE,3645
3697,200505,5,0,249,TRUE,3646
3698,0,0,0,0,FALSE,3647
3699,140101,1,14,27,TRUE,3648
3700,200219,4,0,175,FALSE,3649
3701,140101,1,14,27,TRUE,3650
3702,140101,1,14,27,TRUE,3651
3703,140101,1,14,27,TRUE,3652
3704,140101,1,14,27,FALSE,3653
3705,200801,4,0,204,TRUE,3654
3706,200402,4,0,253,FALSE,3655
3707,200201,4,0,100,FALSE,3656
3708,140101,1,14,27,FALSE,3657
3709,200701,4,0,206,FALSE,3658
3710,202106,5,0,171,TRUE,3659
3711,202116,5,0,122,FALSE,3660
3712,201307,5,0,113,TRUE,3661
3713,201406,5,0,219,FALSE,3662
3714,10102,2,1,28,FALSE,3663
3715,200201,4,0,100,FALSE,3664
3716,140101,1,14,27,TRUE,3665
3717,200406,4,0,153,TRUE,3666
3718,140101,1,14,27,FALSE,3667
3719,200201,4,0,100,FALSE,3668
3720,140101,1,14,27,FALSE,3669
3721,140101,1,14,27,FALSE,3670
3722,200201,4,0,100,FALSE,3671
3723,202301,5,0,232,TRUE,3672
3724,140101,1,14,27,TRUE,3673
3725,202116,5,0,122,FALSE,3674
3726,202116,5,0,122,TRUE,3675
3727,140101,1,14,27,TRUE,3676
3728,200701,4,0,206,FALSE,3677
3729,20404,3,2,21,FALSE,3678
3730,140101,1,14,27,TRUE,3679
3731,200201,4,0,100,FALSE,3680
3732,140101,1,14,27,FALSE,3681
3733,202106,5,0,171,FALSE,3682
3734,200502,4,0,145,FALSE,3683
3735,202601,5,0,130,TRUE,3684
3736,201802,5,0,143,FALSE,3685
3737,201503,4,0,185,TRUE,3686
3738,200402,4,0,253,TRUE,3687
3739,200406,4,0,153,FALSE,3688
3740,140101,1,14,27,FALSE,3689
3741,140101,1,14,27,FALSE,3690
3742,140101,1,14,27,FALSE,3691
3743,140101,1,14,27,FALSE,3692
3744,200201,4,0,100,FALSE,3693
3745,140101,1,14,27,FALSE,3694
3746,200201,4,0,100,FALSE,3695
3747,200201,4,0,100,FALSE,3696
3748,200201,4,0,100,FALSE,3697
3749,200201,4,0,100,FALSE,3698
3750,140101,1,14,27,TRUE,3699
3751,10101,2,1,28,FALSE,3700
3752,140133,4,14,1,FALSE,3701
3753,140101,1,14,27,FALSE,3702
3754,200201,4,0,100,FALSE,3703
3755,140101,1,14,27,FALSE,3704
3756,200201,4,0,100,FALSE,3705
3757,200402,4,0,253,FALSE,3706
3758,202116,5,0,122,TRUE,3707
3759,140811,5,14,191,TRUE,3708
3760,202106,5,0,171,TRUE,3709
3761,200201,4,0,100,FALSE,3710
3762,140101,1,14,27,TRUE,3711
3763,202403,5,0,166,TRUE,3712
3764,202116,5,0,122,FALSE,3713
3765,202116,5,0,122,FALSE,3714
3766,202501,4,0,240,TRUE,3715
3767,201307,5,0,113,TRUE,3716
3768,140101,1,14,27,FALSE,3717
3769,140101,1,14,27,FALSE,3718
3770,140101,1,14,27,FALSE,3719
3771,140101,1,14,27,FALSE,3720
3772,140101,1,14,27,TRUE,3721
3773,140101,1,14,27,FALSE,3722
3774,140119,1,14,328,FALSE,3723
3775,140101,1,14,27,FALSE,3724
3776,201006,5,0,234,TRUE,3725
3777,202301,5,0,232,TRUE,3726
3778,140101,1,14,27,FALSE,3727
3779,140101,1,14,27,FALSE,3728
3780,200219,4,0,175,FALSE,3729
3781,140101,1,14,27,FALSE,3730
3782,200201,4,0,100,FALSE,3731
3783,140101,1,14,27,FALSE,3732
3784,30102,2,3,28,FALSE,3733
3785,140101,1,14,27,FALSE,3734
3786,202703,4,0,214,FALSE,3735
3787,140101,1,14,27,FALSE,3736
3788,140101,1,14,27,FALSE,3737
3789,201701,4,0,140,TRUE,3738
3790,202402,4,0,166,FALSE,3739
3791,202116,5,0,122,TRUE,3740
3792,140116,2,14,371,FALSE,3741
3793,200403,4,0,236,FALSE,3742
3794,200505,5,0,249,FALSE,3743
3795,140101,1,14,27,FALSE,3744
3796,200201,4,0,100,FALSE,3745
3797,200201,4,0,100,FALSE,3746
3798,140101,1,14,27,FALSE,3747
3799,140101,1,14,27,FALSE,3748
3800,140101,1,14,27,FALSE,3749
3801,200701,4,0,206,FALSE,3750
3802,140141,1,14,369,FALSE,3751
3803,140101,1,14,27,FALSE,3752
3804,200201,4,0,100,FALSE,3753
3805,202703,4,0,214,FALSE,3754
3806,200201,4,0,100,FALSE,3755
3807,140101,1,14,27,TRUE,3756
3808,200505,5,0,249,FALSE,3757
3809,202703,4,0,214,FALSE,3758
3810,202301,5,0,232,FALSE,3759
3811,202116,5,0,122,TRUE,3760
3812,140101,1,14,27,TRUE,3761
3813,200205,4,0,215,FALSE,3762
3814,140101,1,14,27,TRUE,3763
3815,201301,5,0,138,FALSE,3764
3816,140101,1,14,27,FALSE,3765
3817,202011,5,0,216,FALSE,3766
3818,140101,1,14,27,FALSE,3767
3819,140101,1,14,27,FALSE,3768
3820,140101,1,14,27,TRUE,3769
3821,140101,1,14,27,TRUE,3770
3822,140101,1,14,27,FALSE,3771
3823,90102,2,9,28,FALSE,3772
3824,140101,1,14,27,TRUE,3773
3825,40107,2,4,28,FALSE,3774
3826,140133,1,14,1,TRUE,3775
3827,202116,5,0,122,TRUE,3776
3828,140101,1,14,27,FALSE,3777
3829,90401,3,9,3,TRUE,3778
3830,140101,1,14,27,FALSE,3779
3831,140101,1,14,27,FALSE,3780
3832,140101,1,14,27,FALSE,3781
3833,140101,1,14,27,FALSE,3782
3834,140101,1,14,27,TRUE,3783
3835,140101,1,14,27,FALSE,3784
3836,140101,1,14,27,TRUE,3785
3837,140208,1,14,343,FALSE,3786
3838,202703,4,0,214,FALSE,3787
3839,200704,4,0,112,FALSE,3788
3840,200201,4,0,100,FALSE,3789
3841,140101,1,14,27,FALSE,3790
3842,200201,4,0,100,FALSE,3791
3843,202112,5,0,120,TRUE,3792
3844,140101,1,14,27,FALSE,3793
3845,140101,1,14,27,TRUE,3794
3846,140133,1,14,1,FALSE,3795
3847,70305,2,7,4,FALSE,3796
3848,201306,5,0,114,TRUE,3797
3849,202116,5,0,122,FALSE,3798
3850,140101,1,14,27,FALSE,3799
3851,140101,1,14,27,TRUE,3800
3852,140101,1,14,27,FALSE,3801
3853,200201,4,0,100,FALSE,3802
3854,200201,4,0,100,FALSE,3803
3855,140811,5,14,191,FALSE,3804
3856,200201,4,0,100,FALSE,3805
3857,140101,1,14,27,FALSE,3806
3858,140101,1,14,27,FALSE,3807
3859,200201,4,0,100,FALSE,3808
3860,140101,1,14,27,TRUE,3809
3861,140101,1,14,27,TRUE,3810
3862,140101,1,14,27,FALSE,3811
3863,140101,1,14,27,FALSE,3812
3864,140101,1,14,27,FALSE,3813
3865,140101,1,14,27,FALSE,3814
3866,200403,4,0,236,FALSE,3815
3867,140101,1,14,27,FALSE,3816
3868,70102,2,7,28,FALSE,3817
3869,202116,5,0,122,TRUE,3818
3870,140101,1,14,27,FALSE,3819
3871,201001,5,0,104,TRUE,3820
3872,200401,4,0,168,FALSE,3821
3873,140101,1,14,27,FALSE,3822
3874,200710,4,0,111,FALSE,3823
3875,200201,4,0,100,FALSE,3824
3876,140101,1,14,27,TRUE,3825
3877,200201,4,0,100,FALSE,3826
3878,202501,4,0,240,FALSE,3827
3879,202116,5,0,122,FALSE,3828
3880,200201,4,0,100,FALSE,3829
3881,20401,3,2,3,FALSE,3830
3882,140101,1,14,27,TRUE,3831
3883,200201,4,0,100,FALSE,3832
3884,140101,1,14,27,FALSE,3833
3885,200201,4,0,100,TRUE,3834
3886,140101,1,14,27,FALSE,3835
3887,200201,4,0,100,FALSE,3836
3888,140101,1,14,27,FALSE,3837
3889,140101,1,14,27,FALSE,3838
3890,140101,1,14,27,TRUE,3839
3891,140101,1,14,27,TRUE,3840
3892,200201,4,0,100,FALSE,3841
3893,200201,4,0,100,FALSE,3842
3894,140101,1,14,27,FALSE,3843
3895,200707,5,0,152,FALSE,3844
3896,140101,1,14,27,FALSE,3845
3897,200701,4,0,206,FALSE,3846
3898,140101,1,14,27,FALSE,3847
3899,140101,1,14,27,FALSE,3848
3900,140101,1,14,27,FALSE,3849
3901,140101,1,14,27,FALSE,3850
3902,201704,4,0,208,FALSE,3851
3903,20401,3,2,3,FALSE,3852
3904,200201,4,0,100,FALSE,3853
3905,142109,5,14,7,FALSE,3854
3906,140133,1,14,1,FALSE,3855
3907,140133,1,14,1,FALSE,3856
3908,140101,1,14,27,FALSE,3857
3909,140101,1,14,27,FALSE,3858
3910,201704,4,0,208,TRUE,3859
3911,140101,1,14,27,FALSE,3860
3912,60102,2,6,28,FALSE,3861
3913,20219,2,2,7,FALSE,3862
3914,201302,4,0,135,FALSE,3863
3915,200201,4,0,100,FALSE,3864
3916,200201,4,0,100,FALSE,3865
3917,200201,4,0,100,FALSE,3866
3918,200101,4,0,137,FALSE,3867
3919,200201,4,0,100,FALSE,3868
3920,201104,5,0,205,FALSE,3869
3921,140101,1,14,27,FALSE,3870
3922,200402,4,0,253,FALSE,3871
3923,200201,4,0,100,FALSE,3872
3924,202102,5,0,141,TRUE,3873
3925,140101,1,14,27,FALSE,3874
3926,200802,4,0,123,FALSE,3875
3927,20102,2,2,28,TRUE,3876
3928,90401,3,9,3,FALSE,3877
3929,202601,5,0,130,FALSE,3878
3930,200701,4,0,206,FALSE,3879
3931,140101,1,14,27,FALSE,3880
3932,140101,1,14,27,TRUE,3881
3933,140101,1,14,27,FALSE,3882
3934,202116,5,0,122,TRUE,3883
3935,140101,1,14,27,FALSE,3884
3936,140101,1,14,27,FALSE,3885
3937,200502,4,0,145,FALSE,3886
3938,200901,4,0,106,FALSE,3887
3939,140101,1,14,27,FALSE,3888
3940,140101,1,14,27,FALSE,3889
3941,140101,1,14,27,FALSE,3890
3942,200201,4,0,100,FALSE,3891
3943,140101,1,14,27,FALSE,3892
3944,140101,1,14,27,FALSE,3893
3945,0,0,0,0,FALSE,3894
3946,202403,4,0,166,FALSE,3895
3947,140101,1,14,27,FALSE,3896
3948,201503,4,0,185,FALSE,3897
3949,90404,2,9,21,FALSE,3898
3950,200201,4,0,100,FALSE,3899
3951,202101,4,0,184,FALSE,3900
3952,140101,1,14,27,FALSE,3901
3953,202701,4,0,166,FALSE,3902
3954,10214,2,1,7,FALSE,3903
3955,140101,1,14,27,FALSE,3904
3956,200201,4,0,100,FALSE,3905
3957,140101,1,14,27,TRUE,3906
3958,140101,1,14,27,FALSE,3907
3959,200201,4,0,100,FALSE,3908
3960,200219,4,0,175,FALSE,3909
3961,140101,1,14,27,FALSE,3910
3962,140101,1,14,27,FALSE,3911
3963,140101,1,14,27,FALSE,3912
3964,140101,1,14,27,FALSE,3913
3965,200201,4,0,100,FALSE,3914
3966,140101,1,14,27,FALSE,3915
3967,70102,2,7,28,FALSE,3916
3968,200702,4,0,102,FALSE,3917
3969,140101,1,14,27,FALSE,3918
3970,140101,1,14,27,FALSE,3919
3971,90401,3,9,3,FALSE,3920
3972,90401,3,9,3,FALSE,3921
3973,90305,2,9,4,FALSE,3922
3974,200201,4,0,100,FALSE,3923
3975,90305,4,9,4,FALSE,3924
3976,140101,1,14,27,FALSE,3925
3977,140101,1,14,27,FALSE,3926
3978,140101,1,14,27,FALSE,3927
3979,140101,1,14,27,FALSE,3928
3980,201406,5,0,219,FALSE,3929
3981,200406,4,0,153,FALSE,3930
3982,201202,5,0,170,FALSE,3931
3983,200201,4,0,100,FALSE,3932
3984,140141,1,14,369,FALSE,3933
3985,200201,4,0,100,FALSE,3934
3986,200201,4,0,100,FALSE,3935
3987,200201,4,0,100,FALSE,3936
3988,140101,1,14,27,FALSE,3937
3989,140101,1,14,27,FALSE,3938
3990,140101,1,14,27,FALSE,3939
3991,201307,5,0,113,FALSE,3940
3992,200201,4,0,100,FALSE,3941
3993,140101,1,14,27,TRUE,3942
3994,200201,4,0,100,FALSE,3943
3995,140101,1,14,27,FALSE,3944
3996,140101,1,14,27,FALSE,3945
3997,201704,4,0,208,TRUE,3946
3998,202116,5,0,122,FALSE,3947
3999,140133,1,14,1,FALSE,3948
4000,140133,1,14,1,FALSE,3949
4001,70101,2,7,28,TRUE,3950
4002,201004,5,0,231,TRUE,3951
4003,201704,4,0,208,TRUE,3952
4004,202112,5,0,120,FALSE,3953
4005,140101,1,14,27,FALSE,3954
4006,202009,5,0,192,FALSE,3955
4007,140101,1,14,27,FALSE,3956
4008,140101,1,14,27,FALSE,4008
4009,200505,5,0,249,FALSE,4009
4010,201704,4,0,174,TRUE,4010
4011,140101,1,14,27,FALSE,4011
4012,70101,2,7,28,TRUE,4012
4013,140101,1,14,27,FALSE,4013
4014,200201,4,0,100,FALSE,4014
4015,200401,4,0,168,TRUE,4015
4016,140101,1,14,27,FALSE,4016
4017,140101,1,14,27,FALSE,4017
4018,200710,4,0,111,TRUE,4018
4019,202106,5,0,171,FALSE,4019
4020,140133,1,14,1,FALSE,4020
4021,140101,1,14,27,FALSE,4021
4022,202301,4,0,232,FALSE,4022
4023,201402,5,0,198,FALSE,4023
4024,140116,1,14,371,FALSE,4024
4025,200701,4,0,206,FALSE,4025
4026,202704,4,0,195,TRUE,4026
4027,201503,4,0,185,FALSE,4027
4028,140101,1,14,27,FALSE,4028
4029,140101,1,14,27,FALSE,4029
4030,70405,4,7,8,FALSE,4030
4031,140101,1,14,27,FALSE,4031
4032,200201,4,0,100,FALSE,4032
4033,200201,4,0,100,FALSE,4033
4034,200201,4,0,100,FALSE,4034
4035,140101,1,14,27,FALSE,4035
4036,140101,1,14,27,FALSE,4036
4037,140101,1,14,27,FALSE,4037
4038,140101,1,14,27,FALSE,4038
4039,140101,1,14,27,FALSE,4039
4040,140101,1,14,27,TRUE,4040
4041,200201,4,0,100,FALSE,4041
4042,140101,1,14,27,FALSE,4042
4043,140101,1,14,27,TRUE,4043
4044,140101,1,14,27,TRUE,4044
4045,200201,4,0,100,FALSE,4045
4046,140101,1,14,27,FALSE,4046
4047,20102,1,2,28,FALSE,4047
4048,140101,1,14,27,FALSE,4048
4049,200711,4,0,16,FALSE,4049
4050,200201,4,0,100,FALSE,4050
4051,140501,1,14,308,FALSE,4051
4052,200406,4,0,153,TRUE,4052
4053,200201,4,0,100,FALSE,4053
4054,200801,4,0,204,TRUE,4054
4055,200702,5,0,102,FALSE,4055
4056,142200,1,14,27,FALSE,4056
4057,140101,1,14,27,FALSE,4057
4058,140101,1,14,27,FALSE,4058
4059,140101,1,14,27,FALSE,4059
4060,140101,1,14,27,FALSE,4060
4061,200201,4,0,100,FALSE,4061
4062,140101,1,14,27,FALSE,4062
4063,200206,4,0,217,TRUE,4063
4064,202106,5,0,171,FALSE,4064
4065,140101,1,14,27,FALSE,4065
4066,201302,5,0,135,FALSE,4066
4067,140101,1,14,27,FALSE,4067
4068,200505,5,0,249,FALSE,4068
4069,140101,1,14,27,FALSE,4069
4070,140101,1,14,27,FALSE,4070
4071,201301,4,0,138,FALSE,4071
4072,202703,4,0,214,FALSE,4072
4073,200201,4,0,100,FALSE,4073
4074,140101,1,14,27,FALSE,4074
4075,140101,1,14,27,FALSE,4075
4076,200201,4,0,100,FALSE,4076
4077,99,6,0,24,FALSE,4077
4078,99,6,0,24,FALSE,4078
4079,200201,4,0,100,TRUE,4079
4080,202012,5,0,216,FALSE,4080
4081,200201,4,0,100,FALSE,4081
4082,200201,4,0,100,FALSE,4082
4083,200201,4,0,100,FALSE,4083
4084,140101,1,14,27,FALSE,4084
4085,140101,1,14,27,FALSE,4085
4086,140101,1,14,27,FALSE,4086
4087,140101,1,14,27,FALSE,4087
4088,200201,4,0,100,FALSE,4088
4089,202703,4,0,214,FALSE,4089
4090,200201,4,0,100,FALSE,4090
4091,99,6,0,24,FALSE,4091
4092,140101,1,14,27,TRUE,4092
4093,40404,2,4,21,FALSE,4093
4094,142303,1,14,336,FALSE,4094
4095,10220,2,1,7,FALSE,4095
4096,200702,5,0,102,TRUE,4096
4097,140101,1,14,27,TRUE,4097
4098,200201,4,0,100,FALSE,4098
4099,140101,1,14,27,FALSE,4099
4100,200405,4,0,188,FALSE,4100
4101,50101,2,5,28,FALSE,4101
4102,200405,4,0,188,FALSE,4102
4103,140101,1,14,27,FALSE,4103
4104,140101,1,14,27,FALSE,4104
4105,140101,1,14,27,FALSE,4105
4106,140101,1,14,27,FALSE,4106
4107,140101,1,14,27,FALSE,4107
4108,200201,4,0,100,FALSE,4108
4109,140101,1,14,27,FALSE,4109
4110,140101,1,14,27,FALSE,4110
4111,140101,1,14,27,FALSE,4111
4112,140101,1,14,27,FALSE,4112
4113,140101,1,14,27,FALSE,4113
4114,140101,1,14,27,FALSE,4114
4115,140101,1,14,27,FALSE,4115
4116,140101,1,14,27,FALSE,4116
4117,140101,1,14,27,FALSE,4117
4118,200505,5,0,249,FALSE,4118
4119,200802,4,0,123,TRUE,4119
4120,200505,5,0,249,TRUE,4120
4121,200201,4,0,100,FALSE,4121
4122,140101,1,14,27,FALSE,4122
4123,140101,1,14,27,FALSE,4123
4124,200201,4,0,100,FALSE,4124
4125,200505,5,0,249,TRUE,4125
4126,140101,1,14,27,FALSE,4126
4127,140101,1,14,27,FALSE,4127
4128,140101,1,14,27,TRUE,4128
4129,200401,4,0,168,FALSE,4129
4130,70404,2,7,21,FALSE,4130
4131,201404,5,0,243,TRUE,4131
4132,200101,4,0,137,FALSE,4132
4133,140101,1,14,27,FALSE,4133
4134,40102,2,4,28,FALSE,4134
4135,90401,3,9,3,FALSE,4135
4136,140101,1,14,27,FALSE,4136
4137,200701,4,0,206,FALSE,4137
4138,140101,1,14,27,FALSE,4138
4139,140101,1,14,27,FALSE,4139
4140,140101,1,14,27,FALSE,4140
4141,90401,3,9,3,FALSE,4141
4142,90303,2,9,7,TRUE,4142
4143,140101,1,14,27,FALSE,4143
4144,140101,1,14,27,FALSE,4144
4145,20303,2,2,7,FALSE,4145
4146,200203,4,0,126,TRUE,4146
4147,140101,1,14,27,FALSE,4147
4148,140101,1,14,27,FALSE,4148
4149,140101,1,14,27,FALSE,4149
4150,140101,1,14,27,FALSE,4150
4151,202705,4,0,163,FALSE,4151
4152,140101,1,14,27,FALSE,4152
4153,200101,4,0,137,FALSE,4153
4154,201307,5,0,113,FALSE,4154
4155,201705,4,0,136,TRUE,4155
4156,140101,1,14,27,FALSE,4156
4157,40102,2,4,28,FALSE,4157
4158,200201,4,0,100,FALSE,4158
4159,140101,1,14,27,FALSE,4159
4160,200201,4,0,100,FALSE,4160
4161,140101,1,14,27,FALSE,4161
4162,201308,5,0,119,TRUE,4162
4163,141802,1,14,319,FALSE,4163
4163,201001,5,0,104,FALSE,6604
4164,140101,1,14,27,FALSE,4164
4165,201307,5,0,113,FALSE,4165
4166,70101,2,7,28,FALSE,4166
4167,140101,1,14,27,FALSE,4167
4168,202114,2,0,228,TRUE,4168
4169,140101,1,14,27,FALSE,4169
4170,140101,1,14,27,FALSE,4170
4171,140101,1,14,27,FALSE,4171
4172,200201,4,0,100,FALSE,4172
4173,140101,1,14,27,FALSE,4173
4174,201004,5,0,231,FALSE,4174
4175,140101,1,14,27,TRUE,4175
4176,140101,1,14,27,TRUE,4176
4177,140101,1,14,27,FALSE,4177
4178,70302,5,7,122,TRUE,4178
4179,140101,1,14,27,FALSE,4179
4180,60102,2,6,28,FALSE,4180
4181,140101,1,14,27,TRUE,4181
4182,140101,1,14,27,TRUE,4182
4183,140101,1,14,27,TRUE,4183
4184,140101,1,14,27,FALSE,4184
4185,140101,1,14,27,FALSE,4185
4186,200408,4,0,202,TRUE,4186
4187,200201,4,0,100,FALSE,4187
4188,140101,1,14,27,TRUE,4188
4189,140101,1,14,27,TRUE,4189
4190,140133,1,14,1,FALSE,4190
4191,140101,1,14,27,TRUE,4191
4192,140101,1,14,27,FALSE,4192
4193,140101,1,14,27,FALSE,4193
4194,140101,1,14,27,FALSE,4194
4195,201307,5,0,113,TRUE,4195
4196,200505,5,0,249,FALSE,4196
4197,140154,1,14,328,FALSE,4197
4198,140101,1,14,27,FALSE,4198
4199,140101,1,14,27,FALSE,4199
4200,200201,4,0,100,FALSE,4200
4201,140101,1,14,27,TRUE,4201
4202,140101,1,14,27,FALSE,4202
4203,140101,1,14,27,TRUE,4203
4204,141717,1,14,19,TRUE,4204
4205,200506,5,0,151,FALSE,4205
4206,200505,5,0,249,TRUE,4206
4207,90102,2,9,28,FALSE,4207
4208,140101,1,14,27,FALSE,4208
4209,200201,4,0,100,FALSE,4209
4210,200505,5,0,249,FALSE,4210
4211,202703,4,0,214,TRUE,4211
4212,200201,4,0,100,FALSE,4212
4213,140101,1,14,27,TRUE,4213
4214,202403,5,0,166,TRUE,4214
4215,140101,1,14,27,FALSE,4215
4216,140101,1,14,27,FALSE,4216
4217,200802,4,0,123,TRUE,4217
4218,140101,1,14,27,FALSE,4218
4219,200702,5,0,102,FALSE,4219
4220,200201,4,0,100,FALSE,4220
4221,140101,1,14,27,FALSE,4221
4222,201308,5,0,119,FALSE,4222
4223,140101,1,14,27,FALSE,4223
4224,202116,5,0,122,FALSE,4224
4225,142507,5,14,412,TRUE,4225
4226,140133,1,14,1,FALSE,4226
4227,20304,4,2,8,TRUE,4227
4228,140101,1,14,27,FALSE,4228
4229,140101,1,14,27,FALSE,4229
4230,140120,1,14,408,FALSE,4230
4231,140101,1,14,27,FALSE,4231
4232,200801,4,0,204,TRUE,4232
4233,202101,5,0,184,TRUE,4233
4234,140133,1,14,1,FALSE,4234
4235,140101,1,14,27,FALSE,4235
4236,20401,3,2,3,FALSE,4236
4237,140101,1,14,27,TRUE,4237
4238,200201,4,0,100,FALSE,4238
4239,141717,1,14,19,FALSE,4239
4240,200201,4,0,100,FALSE,4240
4241,140101,1,14,27,FALSE,4241
4242,200201,4,0,100,FALSE,4242
4243,201704,4,0,208,FALSE,4243
4244,140101,1,14,27,FALSE,4244
4245,200201,4,0,100,FALSE,4245
4246,201704,4,0,208,TRUE,4246
4247,201406,5,0,219,TRUE,4247
4248,80102,2,8,28,FALSE,4248
4249,200201,4,0,100,FALSE,4249
4250,20401,3,2,3,FALSE,4250
4251,140154,1,14,328,FALSE,4251
4252,140101,1,14,27,TRUE,4252
4253,140108,1,14,368,FALSE,4253
4254,140101,1,14,27,TRUE,4254
4255,201704,4,0,208,TRUE,4255
4256,200711,1,14,16,FALSE,4256
4257,90102,2,9,28,FALSE,4257
4258,20102,2,2,28,FALSE,4258
4259,140101,1,14,27,FALSE,4259
4260,140101,1,14,27,TRUE,4260
4261,140101,1,14,27,TRUE,4261
4262,140101,1,14,27,TRUE,4262
4263,200506,5,0,151,FALSE,4263
4264,201307,5,0,113,FALSE,4264
4265,201307,5,0,113,FALSE,4265
4266,200408,4,0,202,FALSE,4266
4267,90405,4,9,8,TRUE,4267
4268,140101,1,14,27,FALSE,4268
4269,200408,4,0,202,TRUE,4269
4270,140101,1,14,27,TRUE,4270
4271,140101,1,14,27,FALSE,4271
4272,200201,4,0,100,FALSE,4272
4273,140101,1,14,27,FALSE,4273
4274,140101,1,14,27,FALSE,4274
4275,20101,2,2,28,FALSE,4275
4276,201704,4,0,208,TRUE,4276
4277,20101,2,2,28,FALSE,4277
4278,202101,5,0,184,FALSE,4278
4279,200201,4,0,100,FALSE,4279
4280,201006,5,0,234,FALSE,4280
4281,60401,3,6,3,FALSE,4281
4282,140101,1,14,27,FALSE,4282
4283,201306,5,0,114,FALSE,4283
4284,140101,1,14,27,FALSE,4284
4285,200201,4,0,100,FALSE,4285
4286,140101,1,14,27,FALSE,4286
4287,140101,1,14,27,FALSE,4287
4288,140101,1,14,27,TRUE,4288
4289,140101,1,14,27,FALSE,4289
4290,140101,1,14,27,FALSE,4290
4291,80102,2,8,28,FALSE,4291
4292,90208,2,9,7,FALSE,4292
4293,140101,1,14,27,FALSE,4293
4294,140101,1,14,27,FALSE,4294
4295,140101,1,14,27,FALSE,4295
4296,201302,5,0,135,FALSE,4296
4297,140101,1,14,27,FALSE,4297
4298,140101,1,14,27,FALSE,4298
4299,140101,1,14,27,FALSE,4299
4300,140101,1,14,27,FALSE,4300
4301,140101,1,14,27,FALSE,4301
4302,140101,1,14,27,FALSE,4302
4303,140101,1,14,27,FALSE,4303
4304,200506,5,0,151,FALSE,4304
4305,140101,1,14,27,FALSE,4305
4306,200201,4,0,100,FALSE,4306
4307,201402,5,0,198,TRUE,4307
4308,202106,5,0,171,FALSE,4308
4309,140101,1,14,27,FALSE,4309
4310,10101,2,1,28,FALSE,4310
4311,140101,1,14,27,TRUE,4311
4312,202116,5,0,122,FALSE,4312
4313,202703,4,0,214,TRUE,4313
4314,140101,1,14,27,FALSE,4314
4315,140101,1,14,27,FALSE,4315
4316,140101,1,14,27,TRUE,4316
4317,201401,5,0,187,FALSE,4317
4318,140133,1,14,1,FALSE,4318
4319,140101,1,14,27,FALSE,4319
4320,140101,1,14,27,FALSE,4320
4321,140101,1,14,27,FALSE,4321
4322,140101,1,14,27,FALSE,4322
4323,200201,4,0,100,FALSE,4323
4324,200201,4,0,100,FALSE,4324
4325,140101,1,14,27,FALSE,4325
4326,140133,1,14,1,FALSE,4326
4327,140101,1,14,27,FALSE,4327
4328,140108,1,14,368,FALSE,4328
4329,200506,5,0,151,TRUE,4329
4330,200506,5,0,151,TRUE,4330
4331,140101,1,14,27,TRUE,4331
4332,201202,5,0,170,TRUE,4332
4333,200201,4,0,100,FALSE,4333
4334,140101,1,14,27,FALSE,4334
4335,140101,1,14,27,FALSE,4335
4336,90401,3,9,3,FALSE,4336
4337,201802,5,0,143,TRUE,4337
4338,201802,5,0,143,TRUE,4338
4339,140101,1,14,27,FALSE,4339
4340,140101,1,14,27,FALSE,4340
4341,0,0,0,0,FALSE,4341
4342,140101,1,14,27,FALSE,4342
4343,202116,5,0,122,TRUE,4343
4344,200201,4,0,100,TRUE,4344
4345,200711,4,0,16,FALSE,4345
4346,140108,1,14,368,FALSE,4346
4347,200201,4,0,100,FALSE,4347
4348,140101,1,14,27,FALSE,4348
4349,140101,1,14,27,FALSE,4349
4350,200408,4,0,202,FALSE,4350
4351,140101,1,14,27,FALSE,4351
4352,140101,1,14,27,FALSE,4352
4353,70102,2,7,28,FALSE,4353
4354,70401,3,7,3,FALSE,4354
4355,200201,4,0,100,FALSE,4355
4356,200201,4,0,100,FALSE,4356
4357,201406,5,0,219,FALSE,4357
4358,201304,5,0,135,FALSE,4358
4359,200707,5,0,152,FALSE,4359
4360,202106,5,0,171,FALSE,4360
4361,140101,1,14,27,FALSE,4361
4362,140101,1,14,27,TRUE,4362
4363,202701,4,0,166,FALSE,4363
4364,140101,1,14,27,FALSE,4364
4365,140101,1,14,27,FALSE,4365
4366,200201,4,0,100,FALSE,4366
4367,140101,1,14,27,FALSE,4367
4368,140101,1,14,27,TRUE,4368
4369,200201,4,0,100,FALSE,4369
4370,200201,4,0,100,FALSE,4370
4371,201502,5,0,237,FALSE,4371
4372,202501,4,0,240,TRUE,4372
4373,90405,4,9,8,TRUE,4373
4374,140141,1,14,369,FALSE,4374
4375,200201,4,0,100,FALSE,4375
4376,202101,,0,184,TRUE,4376
4377,20401,3,2,3,FALSE,4377
4378,200604,5,0,122,FALSE,4378
4379,140101,1,14,27,FALSE,4379
4380,200201,4,0,100,FALSE,4380
4381,200201,4,0,100,FALSE,4381
4382,200701,4,0,206,TRUE,4382
4383,200207,4,0,170,FALSE,4383
4384,140126,1,14,371,FALSE,4384
4385,200401,4,0,168,FALSE,4385
4386,141900,5,14,324,FALSE,4386
4387,140101,1,14,27,FALSE,4387
4388,140101,1,14,27,TRUE,4388
4389,201802,5,0,143,FALSE,4389
4390,200201,4,0,100,FALSE,4390
4391,200201,4,0,100,FALSE,4391
4392,90208,2,9,28,FALSE,4392
4393,200410,4,0,214,TRUE,4393
4394,200410,4,0,214,FALSE,4394
4395,200801,4,0,204,TRUE,4395
4396,200404,4,0,162,TRUE,4396
4397,140101,1,14,27,FALSE,4397
4398,201201,4,0,170,TRUE,4398
4399,140101,1,14,27,FALSE,4399
4400,200201,4,0,100,FALSE,4400
4401,200201,4,0,100,FALSE,4401
4402,200401,4,0,168,TRUE,4402
4403,202009,5,0,192,FALSE,4403
4404,201704,4,0,208,TRUE,4404
4405,201804,4,0,165,TRUE,4405
4406,140101,1,14,27,FALSE,4406
4407,201804,4,0,165,FALSE,4407
4408,201804,4,0,165,FALSE,4408
4409,200407,4,0,129,FALSE,4409
4410,200402,4,0,253,FALSE,4410
4411,140108,1,14,368,FALSE,4411
4412,140133,1,14,1,FALSE,4412
4413,201302,5,0,135,TRUE,4413
4414,202108,5,0,238,FALSE,4414
4415,202116,5,0,122,TRUE,4415
4416,20305,2,2,4,FALSE,4416
4417,201406,5,0,219,FALSE,4417
4418,202403,5,0,166,FALSE,4418
4419,40210,2,4,7,FALSE,4419
4420,20102,2,2,28,FALSE,4420
4421,140401,4,14,8,TRUE,4421
4422,140101,1,14,27,TRUE,4422
4423,200402,4,0,253,TRUE,4423
4424,140101,1,14,27,TRUE,4424
4425,70404,5,7,21,FALSE,4425
4426,70404,5,7,21,FALSE,4426
4427,202403,4,0,166,TRUE,4427
4428,201306,5,0,114,FALSE,4428
4429,140101,1,14,27,FALSE,4429
4430,200201,4,0,100,FALSE,4430
4431,200201,4,0,100,FALSE,4431
4432,201308,5,0,119,FALSE,4432
4433,140101,1,14,27,FALSE,4433
4434,202116,5,0,122,FALSE,4434
4435,140101,1,14,27,FALSE,4435
4436,200201,4,0,100,FALSE,4436
4437,140101,1,14,27,FALSE,4437
4438,140101,1,14,27,FALSE,4438
4439,140101,1,14,27,FALSE,4439
4440,200201,4,0,100,TRUE,4440
4441,140101,1,14,27,FALSE,4441
4442,140101,1,14,27,FALSE,4442
4443,90303,2,9,7,FALSE,4443
4444,140101,1,14,27,FALSE,4444
4445,20303,2,2,7,FALSE,4445
4446,140101,1,14,27,FALSE,4446
4447,80107,2,8,28,FALSE,4447
4448,100305,2,10,4,FALSE,4448
4449,201704,4,0,208,FALSE,6697
4449,200701,4,0,206,FALSE,6698
4450,200201,4,0,100,FALSE,4450
4451,200201,4,0,100,FALSE,4451
4452,200201,4,0,100,FALSE,4452
4453,200201,4,0,100,FALSE,4453
4454,200201,4,0,100,FALSE,4454
4455,200201,4,0,100,FALSE,4455
4456,140101,1,14,27,FALSE,4456
4457,70401,3,7,3,FALSE,4457
4458,200505,5,0,249,TRUE,4458
4459,201005,5,0,245,FALSE,4459
4460,140101,1,14,27,FALSE,4460
4461,140101,1,14,27,FALSE,4461
4462,140101,1,14,27,FALSE,4462
4463,140101,1,14,27,FALSE,4463
4464,140101,1,14,27,FALSE,4464
4465,200201,4,0,100,FALSE,4465
4466,201308,5,0,119,TRUE,4466
4467,70305,2,7,4,FALSE,4467
4468,140101,1,14,27,FALSE,4468
4469,202106,5,0,171,TRUE,4469
4470,202106,5,0,171,FALSE,4470
4471,201308,5,0,119,FALSE,4471
4472,90308,2,9,319,TRUE,4472
4473,200201,4,0,100,FALSE,4473
4474,140116,1,14,371,FALSE,4474
4475,140101,1,14,27,FALSE,4475
4476,140101,1,14,27,TRUE,4476
4477,140101,1,14,27,FALSE,4477
4478,140133,1,14,1,FALSE,4478
4479,140101,1,14,27,FALSE,4479
4480,202403,4,0,166,TRUE,4480
4481,70101,2,7,28,FALSE,4481
4482,140101,1,14,27,FALSE,4482
4483,140101,1,14,27,TRUE,4483
4484,200201,4,0,100,FALSE,4484
4485,140101,1,14,27,FALSE,4485
4486,200201,4,0,100,FALSE,4486
4487,200201,4,0,100,FALSE,4487
4488,20106,2,2,211,TRUE,4488
4489,200201,4,0,100,FALSE,4489
4490,10102,2,1,28,FALSE,4490
4491,200201,4,0,100,FALSE,4491
4492,140101,1,14,27,FALSE,4492
4493,30305,3,3,4,TRUE,4493
4494,200201,4,0,100,FALSE,4494
4495,201201,4,0,170,TRUE,4495
4496,200201,4,0,100,FALSE,4496
4497,140101,1,14,27,TRUE,4497
4498,140101,1,14,27,FALSE,4498
4499,140101,1,14,27,FALSE,4499
4500,202703,4,0,214,TRUE,4500
4501,140101,1,14,27,FALSE,4501
4502,140101,1,14,27,FALSE,4502
4503,140101,1,14,27,FALSE,4503
4504,200604,5,0,122,TRUE,4504
4505,140101,1,14,27,FALSE,4505
4506,200505,5,0,249,TRUE,4506
4507,20215,3,2,7,FALSE,4507
4508,140101,1,14,27,FALSE,4508
4509,140133,1,14,1,FALSE,4509
4510,202116,5,0,122,FALSE,4510
4511,202401,5,0,172,TRUE,4511
4512,202401,5,0,172,TRUE,4512
4513,140101,1,14,27,FALSE,4513
4514,200201,4,0,100,FALSE,4514
4515,70305,2,7,4,FALSE,4515
4516,200201,4,0,100,FALSE,4516
4517,140101,1,14,27,FALSE,4517
4518,200201,4,0,100,FALSE,4518
4519,200201,4,0,100,FALSE,4519
4520,140101,1,14,27,FALSE,4520
4521,140101,1,14,27,FALSE,4521
4522,140101,1,14,27,FALSE,4522
4523,140101,1,14,27,FALSE,4523
4524,140101,1,14,27,FALSE,4524
4525,201704,4,0,208,TRUE,4525
4526,200201,4,0,100,FALSE,4526
4527,70102,2,7,28,FALSE,4527
4528,140101,1,14,27,FALSE,4528
4529,200201,4,0,100,FALSE,4529
4530,99,6,0,24,FALSE,4530
4531,99,6,0,24,FALSE,4531
4532,99,6,0,24,FALSE,4532
4533,99,6,0,24,FALSE,4533
4534,202101,5,0,184,FALSE,4534
4535,201704,4,0,208,TRUE,4535
4536,200201,4,0,100,FALSE,4536
4537,200201,4,0,100,FALSE,4537
4538,140101,1,14,27,FALSE,4538
4539,200201,4,0,100,FALSE,4539
4540,140101,1,14,27,FALSE,4540
4541,202301,5,0,232,TRUE,4541
4542,200201,4,0,100,FALSE,4542
4543,201201,4,0,170,FALSE,4543
4544,200201,4,0,100,FALSE,4544
4545,140101,1,14,27,FALSE,4545
4546,90101,2,9,28,FALSE,4546
4547,140133,5,14,1,FALSE,4547
4548,140101,1,14,27,FALSE,4548
4549,90401,3,9,3,FALSE,4549
4550,202116,5,0,122,FALSE,4550
4551,201104,5,0,205,FALSE,4551
4552,201801,5,0,167,TRUE,4552
4553,140101,1,14,27,FALSE,4553
4554,200402,4,0,253,FALSE,4554
4555,202116,5,0,122,TRUE,4555
4556,200602,4,0,195,TRUE,4556
4557,200505,5,0,249,FALSE,4557
4558,200505,5,0,249,FALSE,4558
4559,201501,4,0,173,TRUE,4559
4560,200701,4,0,206,FALSE,4560
4561,202106,5,0,171,FALSE,4561
4562,202116,5,0,122,TRUE,4562
4563,140101,1,14,27,TRUE,4563
4564,140101,1,14,27,TRUE,4564
4565,202220,5,0,115,TRUE,4565
4566,202703,4,0,214,FALSE,4566
4567,202112,5,0,120,TRUE,4567
4568,70101,2,7,28,FALSE,4568
4569,200708,5,0,157,FALSE,4569
4570,202501,4,0,240,TRUE,4570
4571,140101,1,14,27,FALSE,4571
4572,201003,5,0,189,TRUE,4572
4573,200401,4,0,168,FALSE,4573
4574,140101,1,14,27,TRUE,4574
4575,140101,1,14,27,FALSE,4575
4576,140101,1,14,27,FALSE,4576
4577,90102,2,9,28,FALSE,4577
4578,70401,3,7,3,FALSE,4578
4579,201704,4,0,208,TRUE,4579
4580,202703,4,0,214,FALSE,4580
4581,140101,1,14,27,FALSE,4581
4582,140101,1,14,27,FALSE,4582
4583,201704,4,0,208,TRUE,4583
4584,140101,1,14,27,FALSE,4584
4585,140101,1,14,27,FALSE,4585
4586,140101,1,14,27,FALSE,4586
4587,140101,1,14,27,FALSE,4587
4588,200201,4,0,100,FALSE,4588
4589,202011,5,0,216,FALSE,4589
4590,20101,2,2,28,FALSE,4590
4591,202106,5,0,171,FALSE,4591
4592,140101,1,14,27,FALSE,4592
4593,140101,1,14,27,TRUE,4593
4594,202112,5,0,120,FALSE,4594
4595,20401,3,2,3,FALSE,4595
4596,201501,4,0,173,TRUE,4596
4597,140101,1,14,27,FALSE,4597
4598,140133,1,14,1,FALSE,4598
4599,140133,1,14,1,TRUE,4599
4600,70102,2,7,28,FALSE,4600
4601,202405,5,0,102,FALSE,4601
4602,200201,4,0,100,FALSE,4602
4603,201006,5,0,234,FALSE,4603
4604,201006,5,0,234,FALSE,4604
4605,140108,1,14,368,FALSE,4605
4606,140108,1,14,368,FALSE,4606
4607,140108,1,14,368,FALSE,4607
4608,140108,1,14,368,FALSE,4608
4609,200201,4,0,100,FALSE,4609
4610,140101,1,14,27,TRUE,4610
4611,202116,5,0,122,FALSE,4611
4612,200505,5,0,249,FALSE,4612
4613,200408,4,0,202,TRUE,4613
4614,140101,1,14,27,TRUE,4614
4615,200711,4,0,16,TRUE,4615
4616,200711,4,0,16,TRUE,4616
4617,140101,1,14,27,TRUE,4617
4618,70401,3,7,3,FALSE,4618
4619,140101,1,14,27,FALSE,4619
4620,200701,4,0,206,FALSE,4620
4621,90401,3,9,3,TRUE,4621
4622,202106,5,0,171,FALSE,4622
4623,202107,5,0,131,TRUE,4623
4624,200708,4,0,157,FALSE,4624
4625,140101,1,14,27,FALSE,4625
4626,202403,4,0,166,TRUE,4626
4627,202403,4,0,166,TRUE,4627
4628,200201,4,0,100,FALSE,4628
4629,200201,4,0,100,FALSE,4629
4630,140101,1,14,27,FALSE,4630
4631,200201,4,0,100,FALSE,4631
4632,200201,4,0,100,FALSE,4632
4633,200201,4,0,100,FALSE,4633
4634,100401,3,10,3,FALSE,4634
4635,200704,4,0,112,TRUE,4635
4636,202106,5,0,171,FALSE,4636
4637,20218,2,2,7,FALSE,4637
4638,140101,1,14,27,FALSE,4638
4639,140101,1,14,27,FALSE,4639
4640,200201,4,0,100,FALSE,4640
4641,140101,1,14,27,FALSE,4641
4642,202405,4,0,102,FALSE,4642
4643,140101,1,14,27,FALSE,4643
4644,200503,4,0,247,FALSE,4644
4645,201104,5,0,205,FALSE,4645
4646,202003,5,0,150,TRUE,4646
4647,202405,5,0,102,FALSE,4647
4648,200505,5,0,249,FALSE,4648
4649,140101,1,14,27,TRUE,4649
4650,202106,5,0,171,FALSE,4650
4651,202703,4,0,214,FALSE,4651
4652,201308,5,0,119,TRUE,4652
4653,140101,1,14,27,FALSE,4653
4654,202501,4,0,240,TRUE,4654
4655,200201,4,0,100,FALSE,4655
4656,140101,1,14,27,FALSE,4656
4657,140401,4,14,8,TRUE,4657
4658,200201,4,0,100,FALSE,4658
4659,140101,1,14,27,FALSE,4659
4660,200201,4,0,100,FALSE,4660
4661,200710,4,0,111,TRUE,4661
4662,140101,1,14,27,FALSE,4662
4663,201704,4,0,208,TRUE,4663
4664,201303,4,0,138,FALSE,4664
4665,200710,4,0,111,FALSE,4665
4666,99,0,0,24,FALSE,4666
4667,202116,5,0,122,TRUE,4667
4668,140101,1,14,27,FALSE,4668
4669,200710,4,0,111,TRUE,4669
4670,140133,1,14,1,FALSE,4670
4671,140101,1,14,27,FALSE,4671
4672,140101,1,14,27,FALSE,4672
4673,200502,4,0,145,FALSE,4673
4674,90102,2,9,28,FALSE,4674
4675,140101,1,14,27,FALSE,4675
4676,200201,4,0,100,TRUE,4676
4677,140156,1,14,27,FALSE,4677
4678,140101,1,14,27,TRUE,4678
4679,140101,1,14,27,TRUE,4679
4680,202301,5,0,232,TRUE,4680
4681,201802,5,0,143,FALSE,4681
4682,202101,5,0,184,TRUE,4682
4683,140101,1,14,27,FALSE,4683
4684,200201,4,0,100,FALSE,4684
4685,140101,1,14,27,FALSE,4685
4686,200702,5,0,102,TRUE,4686
4687,90102,2,9,28,FALSE,4687
4688,200403,4,0,236,TRUE,4688
4689,20404,3,2,21,FALSE,4689
4690,140811,5,14,191,FALSE,4690
4691,140101,1,14,27,FALSE,4691
4692,200201,4,0,100,FALSE,4692
4693,30102,2,3,28,FALSE,4693
4694,140101,1,14,27,FALSE,4694
4695,140101,1,14,27,FALSE,4695
4696,140101,1,14,27,FALSE,4696
4697,140101,1,14,27,FALSE,4697
4698,142306,1,14,335,FALSE,4698
4699,202501,4,0,240,TRUE,4699
4700,140133,1,14,1,FALSE,4700
4701,200201,4,0,100,FALSE,4701
4702,140101,1,14,27,FALSE,4702
4703,200201,4,0,100,FALSE,4703
4704,200503,4,0,247,TRUE,4704
4705,200503,4,0,247,TRUE,4705
4706,140101,1,14,27,FALSE,4706
4707,200704,4,0,112,FALSE,4707
4708,202403,4,0,166,TRUE,4708
4709,200710,4,0,111,TRUE,4709
4710,200701,4,0,206,TRUE,4710
4711,200201,4,0,100,FALSE,4711
4712,140101,1,14,27,FALSE,4712
4713,200402,4,0,253,TRUE,4713
4714,140101,1,14,27,FALSE,4714
4715,202116,5,0,122,TRUE,4715
4716,202106,5,0,171,FALSE,4716
4717,202403,4,0,166,TRUE,4717
4718,200505,5,0,249,TRUE,4718
4719,201406,5,0,219,TRUE,4719
4720,201301,5,0,138,FALSE,4720
4721,140101,1,14,27,FALSE,4721
4722,200801,4,0,204,TRUE,4722
4723,200204,4,0,136,FALSE,4723
4724,200405,4,0,188,FALSE,4724
4725,200505,5,0,249,FALSE,4725
4726,10304,4,1,8,TRUE,4726
4727,140133,1,14,1,FALSE,4727
4728,140101,1,14,27,FALSE,4728
4729,202106,5,0,171,TRUE,4729
4730,201602,4,0,250,TRUE,4730
4731,200505,5,0,249,FALSE,4731
4732,200201,4,0,100,FALSE,4732
4733,140101,1,14,27,FALSE,4733
4734,200207,4,0,170,FALSE,4734
4735,140101,1,14,27,FALSE,4735
4736,200203,4,0,126,FALSE,4736
4737,200203,4,0,126,FALSE,4737
4738,200203,4,0,126,FALSE,4738
4739,200203,4,0,126,FALSE,4739
4740,200203,4,0,126,FALSE,4740
4741,20404,3,2,21,FALSE,4741
4742,201704,4,0,208,TRUE,4742
4743,20101,2,2,28,FALSE,4743
4744,60305,2,6,4,FALSE,4744
4745,200207,4,0,170,TRUE,4745
4746,200201,4,0,100,FALSE,4746
4747,140101,1,14,27,FALSE,4747
4748,200403,4,0,236,TRUE,4748
4749,90102,2,9,28,FALSE,4749
4750,70305,2,7,4,FALSE,4750
4751,140101,1,14,27,FALSE,4751
4752,60102,2,6,28,FALSE,4752
4753,70401,3,7,3,TRUE,4753
4754,70204,2,7,7,TRUE,4754
4755,201302,5,0,135,TRUE,4755
4756,202116,5,0,122,TRUE,4756
4757,140301,4,14,335,FALSE,4757
4758,70306,2,7,7,FALSE,4758
4759,201201,5,0,170,TRUE,4759
4760,140101,1,14,27,FALSE,4760
4761,202704,4,0,195,TRUE,4761
4762,200201,4,0,100,FALSE,4762
4763,140101,1,14,27,FALSE,4763
4764,140101,1,14,27,FALSE,4764
4765,202116,5,0,122,TRUE,4765
4766,202011,5,0,216,FALSE,4766
4767,200505,5,0,249,TRUE,4767
4768,200604,5,0,122,TRUE,4768
4769,140133,1,14,1,FALSE,4769
4770,201301,5,0,138,TRUE,4770
4771,140101,1,14,27,FALSE,4771
4772,200201,4,0,100,FALSE,4772
4773,202106,5,0,171,FALSE,4773
4774,202703,4,0,214,FALSE,4774
4775,202101,5,0,184,FALSE,4775
4776,140101,1,14,27,FALSE,4776
4777,201704,4,0,208,TRUE,4777
4778,140101,1,14,27,FALSE,4778
4779,140101,1,14,27,FALSE,4779
4780,201102,5,0,220,TRUE,4780
4781,140101,1,14,27,FALSE,4781
4782,202112,5,0,120,TRUE,4782
4783,201704,4,0,208,TRUE,4783
4784,201009,5,0,121,TRUE,4784
4785,200402,4,0,253,FALSE,4785
4786,140133,1,14,1,FALSE,4786
4787,70102,2,7,28,FALSE,4787
4788,202112,5,0,120,TRUE,4788
4789,200201,4,0,100,FALSE,4789
4790,201402,5,0,198,FALSE,4790
4791,200201,4,0,100,FALSE,4791
4792,201308,4,0,119,TRUE,4792
4793,200505,5,0,249,TRUE,4793
4794,201302,5,0,135,TRUE,4794
4795,70308,2,7,4,FALSE,4795
4796,90401,3,9,3,TRUE,4796
4797,202101,5,0,184,TRUE,4797
4798,140102,4,14,27,TRUE,4798
4799,202101,5,0,184,TRUE,4799
4800,201307,5,0,113,TRUE,4800
4801,201704,4,0,208,TRUE,4801
4802,202106,5,0,171,FALSE,4802
4803,90102,2,9,28,FALSE,4803
4804,20101,2,2,28,TRUE,4804
4805,90102,2,9,28,FALSE,4805
4806,140101,1,14,27,TRUE,4806
4807,140101,1,14,27,FALSE,4807
4808,140133,1,14,1,FALSE,4808
4809,140101,1,14,27,FALSE,4809
4810,202116,0,0,122,TRUE,4810
4811,90102,2,9,28,TRUE,4811
4812,140101,1,14,27,TRUE,4812
4813,202011,5,0,216,TRUE,4813
4814,201402,5,0,198,FALSE,4814
4815,140101,1,14,27,FALSE,4815
4816,140101,1,14,27,FALSE,4816
4817,140101,1,14,27,TRUE,4817
4818,200713,4,0,122,TRUE,4818
4819,70305,2,7,4,TRUE,4819
4820,200502,4,0,145,TRUE,4820
4821,200710,4,0,111,FALSE,4821
4822,140101,1,14,27,FALSE,4822
4823,140101,1,14,27,FALSE,4823
4824,200803,4,0,134,TRUE,4824
4825,201302,5,0,135,TRUE,4825
4826,90401,3,9,3,FALSE,4826
4827,140141,1,14,369,FALSE,4827
4828,201305,4,0,114,FALSE,4828
4829,201306,5,0,114,FALSE,4829
4830,50220,2,5,7,TRUE,4830
4831,200403,4,0,236,TRUE,4831
4832,201503,4,0,185,FALSE,4832
4833,200201,4,0,100,FALSE,4833
4834,200201,4,0,100,FALSE,4834
4835,140101,1,14,27,FALSE,4835
4836,140101,1,14,27,FALSE,4836
4837,140101,1,14,27,FALSE,4837
4838,201201,5,0,170,TRUE,4838
4839,201202,5,0,170,TRUE,4839
4840,200201,4,0,100,FALSE,4840
4841,200201,4,0,100,FALSE,4841
4842,20401,3,2,3,FALSE,4842
4843,200407,4,0,129,TRUE,4843
4844,0,0,0,0,FALSE,4844
4845,140101,1,14,27,FALSE,4845
4846,20102,2,2,28,TRUE,4846
4847,140101,1,14,27,FALSE,4847
4848,140101,1,14,27,FALSE,4848
4849,140101,1,14,27,FALSE,4849
4850,140101,1,14,27,FALSE,4850
4851,202106,5,0,171,FALSE,4851
4852,200201,4,0,100,FALSE,4852
4853,140101,1,14,27,FALSE,4853
4854,140101,1,14,27,FALSE,4854
4855,90102,1,9,28,TRUE,4855
4856,140101,1,14,27,FALSE,4856
4857,60210,2,6,7,TRUE,4857
4858,202101,5,0,184,TRUE,4858
4859,20401,3,2,3,FALSE,4859
4860,90102,2,9,28,FALSE,4860
4861,90102,2,9,28,FALSE,4861
4862,90102,2,9,28,FALSE,4862
4863,200201,4,0,100,FALSE,4863
4864,140101,1,14,27,FALSE,4864
4865,90102,2,9,28,FALSE,4865
4866,200207,4,0,170,TRUE,4866
4867,140101,1,14,27,TRUE,4867
4868,140101,1,14,27,FALSE,4868
4869,140101,1,14,27,FALSE,4869
4870,140133,1,14,1,FALSE,4870
4871,201802,5,0,143,TRUE,4871
4872,201003,5,0,189,FALSE,4872
4873,140101,1,14,27,FALSE,4873
4874,140101,1,14,27,FALSE,4874
4875,200201,4,0,100,FALSE,4875
4876,200801,4,0,204,TRUE,4876
4877,140401,4,14,8,TRUE,4877
4878,140133,1,14,1,FALSE,4878
4879,202106,5,0,171,FALSE,4879
4880,140101,1,14,27,FALSE,4880
4881,201704,4,0,208,TRUE,4881
4882,140101,1,14,27,FALSE,4882
4883,140108,1,14,368,FALSE,4883
4884,200901,4,0,106,TRUE,4884
4885,200201,4,0,100,FALSE,4885
4886,200705,5,0,226,TRUE,4886
4887,200207,4,0,170,FALSE,4887
4888,200201,4,0,100,FALSE,4888
4889,202102,5,0,141,TRUE,4889
4890,40214,2,4,7,FALSE,4890
4891,200201,4,0,100,FALSE,4891
4892,140101,1,14,27,FALSE,4892
4893,140101,1,14,27,FALSE,4893
4894,140108,4,14,368,FALSE,4894
4895,200201,4,0,100,FALSE,4895
4896,201306,5,0,114,TRUE,4896
4897,202501,4,0,240,TRUE,4897
4898,140101,1,14,27,FALSE,4898
4899,201303,5,0,138,TRUE,4899
4900,90102,2,9,28,FALSE,4900
4901,140108,1,14,368,FALSE,4901
4902,140128,1,14,308,FALSE,4902
4903,202011,5,0,216,FALSE,4903
4904,140101,1,14,27,TRUE,4904
4905,202601,5,0,130,FALSE,4905
4906,202114,5,0,228,TRUE,4906
4907,200406,4,0,153,TRUE,4907
4908,200506,5,0,151,FALSE,4908
4909,140101,1,14,27,FALSE,4909
4910,140101,1,14,27,FALSE,4910
4911,202101,5,0,184,FALSE,4911
4912,140101,1,14,27,FALSE,4912
4913,200505,5,0,249,FALSE,4913
4914,140107,1,14,19,FALSE,4914
4915,200201,4,0,100,FALSE,4915
4916,90102,2,9,28,FALSE,4916
4917,200213,4,0,100,FALSE,4917
4918,140101,1,14,27,FALSE,4918
4919,40401,3,4,3,FALSE,4919
4920,140101,1,14,27,FALSE,4920
4921,140101,1,14,27,TRUE,4921
4922,202011,5,0,216,FALSE,4922
4923,140101,1,14,27,FALSE,4923
4924,140604,1,14,340,FALSE,4924
4925,140101,1,14,27,FALSE,4925
4926,200201,4,0,100,FALSE,4926
4927,142305,4,14,309,FALSE,4927
4928,200401,4,0,168,FALSE,4928
4929,140101,1,14,27,FALSE,4929
4930,141802,1,14,319,FALSE,4930
4931,200505,5,0,249,FALSE,4931
4932,200703,4,0,232,FALSE,4932
4933,201406,5,0,219,FALSE,4933
4934,20401,3,2,3,FALSE,4934
4935,90404,5,9,21,FALSE,4935
4936,20102,2,2,28,FALSE,4936
4937,140101,1,14,27,FALSE,4937
4938,140101,1,14,27,FALSE,4938
4939,140101,1,14,27,FALSE,4939
4940,200201,4,0,100,FALSE,4940
4941,200201,4,0,100,FALSE,4941
4942,70221,2,7,7,FALSE,4942
4943,202101,5,0,184,FALSE,4943
4944,200201,4,0,100,FALSE,4944
4945,140101,1,14,27,TRUE,4945
4946,200201,4,0,100,FALSE,4946
4947,200101,4,0,137,FALSE,4947
4948,200503,4,0,247,FALSE,4948
4949,201401,5,0,187,FALSE,4949
4950,202106,5,0,171,FALSE,4950
4951,202114,5,0,228,FALSE,4951
4952,202108,5,0,238,FALSE,4952
4953,201301,5,0,138,FALSE,4953
4954,140101,1,14,27,FALSE,4954
4955,200402,4,0,253,FALSE,4955
4956,200502,4,0,145,FALSE,4956
4957,140101,1,14,27,FALSE,4957
4958,200505,5,0,249,FALSE,4958
4959,202403,4,0,166,FALSE,4959
4960,70105,2,7,28,FALSE,4960
4961,140101,1,14,27,FALSE,4961
4962,99,6,0,24,FALSE,4962
4963,99,6,0,24,FALSE,4963
4964,201302,5,0,135,FALSE,4964
4965,201802,5,0,143,FALSE,4965
4966,200405,4,0,188,FALSE,4966
4967,140101,1,14,27,FALSE,4967
4968,200201,4,0,100,FALSE,4968
4969,140101,1,14,27,FALSE,4969
4970,200101,4,0,137,FALSE,4970
4971,201102,5,0,220,FALSE,4971
4972,200201,4,0,100,FALSE,4972
4973,201704,4,0,208,FALSE,4973
4974,201401,5,0,187,FALSE,4974
4975,201802,5,0,143,FALSE,4975
4976,140101,1,14,27,FALSE,4976
4977,201802,5,0,143,FALSE,4977
4978,140133,1,14,1,FALSE,4978
4979,140101,1,14,27,FALSE,4979
4980,202108,5,0,238,FALSE,4980
4981,140101,1,14,27,FALSE,4981
4982,200207,4,0,170,FALSE,4982
4983,200201,4,0,100,FALSE,4983
4984,200201,4,0,100,FALSE,4984
4985,200201,4,0,100,FALSE,4985
4986,202108,5,0,238,FALSE,4986
4987,140101,1,14,27,FALSE,4987
4988,40208,2,4,7,FALSE,4988
4989,140141,1,14,369,FALSE,4989
4990,10401,,1,3,FALSE,4990
4991,200505,5,0,249,FALSE,4991
4992,140101,1,14,27,FALSE,4992
4993,140101,1,14,27,FALSE,4993
4994,201704,4,0,208,FALSE,4994
4995,200401,4,0,168,FALSE,4995
4996,140108,1,14,368,FALSE,4996
4997,202707,4,0,162,FALSE,4997
4998,200201,4,0,100,FALSE,4998
4999,140101,1,14,27,FALSE,4999
5000,202116,5,0,122,FALSE,5000
5001,200505,5,0,249,FALSE,5001
5002,142515,5,14,108,FALSE,5002
5003,140101,1,14,27,FALSE,5003
5004,200409,4,0,214,FALSE,5004
5005,200402,4,0,253,FALSE,5005
5006,90221,2,9,7,FALSE,5006
5007,202118,5,0,244,FALSE,5007
5008,200710,4,0,111,FALSE,5008
5009,10101,2,1,28,FALSE,5009
5010,142553,1,14,329,FALSE,5010
5011,202116,5,0,122,FALSE,5011
5012,140101,1,14,27,FALSE,5012
5013,140101,1,14,27,FALSE,5013
5014,20101,2,2,28,FALSE,5014
5015,200201,4,0,100,FALSE,5015
5016,202704,5,0,195,FALSE,5016
5017,202101,5,0,184,FALSE,5017
5018,10101,2,1,28,FALSE,5018
5019,200213,4,0,100,FALSE,5019
5020,202116,5,0,122,FALSE,5020
5021,200803,5,0,134,FALSE,5021
5022,200803,4,0,134,FALSE,5022
5023,140101,1,14,27,FALSE,5023
5024,202102,5,0,141,FALSE,5024
5025,140101,1,14,27,FALSE,5025
5026,200410,4,0,214,FALSE,5026
5027,70306,3,7,7,FALSE,5027
5028,142001,1,14,369,FALSE,5028
5029,200705,5,0,226,FALSE,5029
5030,202108,5,0,238,FALSE,5030
5031,201704,4,0,208,FALSE,5031
5032,201704,4,0,208,FALSE,5032
5033,140101,1,14,27,FALSE,5033
5034,140101,1,14,27,FALSE,5034
5035,200201,4,0,100,FALSE,5035
5036,202101,5,0,184,FALSE,5036
5037,140101,1,14,27,FALSE,5037
5038,140101,1,14,27,FALSE,5038
5039,200401,4,0,168,FALSE,5039
5040,200802,4,0,123,FALSE,5040
5041,140101,1,14,27,FALSE,5041
5042,140101,1,14,27,FALSE,5042
5043,20302,5,2,122,FALSE,5043
5044,200205,4,0,215,TRUE,5044
5045,140101,1,14,27,TRUE,5045
5046,140133,1,14,1,FALSE,5046
5047,140101,1,14,27,FALSE,5047
5048,200407,4,0,129,FALSE,5048
5049,40101,2,4,28,TRUE,5049
5050,140101,1,14,27,FALSE,5050
5051,200201,4,0,100,FALSE,5051
5052,200502,4,0,145,TRUE,5052
5053,70101,2,7,28,FALSE,5053
5054,201201,4,0,170,TRUE,5054
5055,140101,1,14,27,TRUE,5055
5056,140101,1,14,27,FALSE,5056
5057,140101,1,14,27,FALSE,5057
5058,140101,1,14,27,FALSE,5058
5059,200201,4,0,100,FALSE,5059
5060,200506,5,0,151,FALSE,5060
5061,140101,1,14,27,FALSE,5061
5062,140101,1,14,27,FALSE,5062
5063,140133,1,14,1,FALSE,5063
5064,140101,1,14,27,FALSE,5064
5065,200219,4,0,175,FALSE,5065
5066,202501,4,0,240,TRUE,5066
5067,202101,5,0,184,FALSE,5067
5068,200201,4,0,100,TRUE,5068
5069,200201,4,0,100,TRUE,5069
5070,200201,4,0,100,FALSE,5070
5071,200201,4,0,100,FALSE,5071
5072,200706,5,0,225,TRUE,5072
5073,140101,1,14,27,FALSE,5073
5074,140101,1,14,27,FALSE,5074
5075,200402,4,0,253,TRUE,5075
5076,140101,1,14,27,FALSE,5076
5077,201302,5,0,135,TRUE,5077
5078,140108,1,14,368,FALSE,5078
5079,140101,1,14,27,FALSE,5079
5080,200502,4,0,145,TRUE,5080
5081,202201,4,0,211,TRUE,5081
5082,140101,1,14,27,FALSE,5082
5083,100203,2,10,7,FALSE,5083
5084,200506,5,0,151,TRUE,5084
5085,200503,4,0,247,TRUE,5085
5086,200506,5,0,151,TRUE,5086
5087,140141,1,14,369,FALSE,5087
5088,140101,1,14,27,FALSE,5088
5089,90308,2,9,319,FALSE,5089
5090,140101,1,14,27,TRUE,5090
5091,200401,4,0,168,FALSE,5091
5092,202702,4,0,130,FALSE,5092
5093,200201,4,0,100,FALSE,5093
5094,200201,4,0,100,FALSE,5094
5095,201308,5,0,119,FALSE,5095
5096,140101,1,14,27,TRUE,5096
5097,140101,1,14,27,FALSE,5097
5098,140101,1,14,27,FALSE,5098
5099,201307,5,0,113,TRUE,5099
5100,140101,1,14,27,FALSE,5100
5101,200201,4,0,100,FALSE,5101
5102,201802,5,0,143,TRUE,5102
5103,200201,4,0,100,FALSE,5103
5104,140101,1,14,27,FALSE,5104
5105,200605,4,0,227,TRUE,5105
5106,140101,1,14,27,FALSE,5106
5107,202106,5,0,171,FALSE,5107
5108,140101,1,14,27,FALSE,5108
5109,140133,1,14,1,FALSE,5109
5110,140101,1,14,27,FALSE,5110
5111,140101,1,14,27,FALSE,5111
5112,140101,1,14,27,TRUE,5112
5113,140101,1,14,27,FALSE,5113
5114,140101,1,14,27,FALSE,5114
5115,200506,5,0,151,TRUE,5115
5116,100107,2,10,28,FALSE,5116
5117,141701,1,14,316,FALSE,5117
5118,140128,1,14,308,FALSE,5118
5119,200401,4,0,168,FALSE,5119
5120,202106,5,0,171,FALSE,5120
5121,200901,4,0,106,TRUE,5121
5122,140101,1,14,27,FALSE,5122
5123,200201,4,0,100,FALSE,5123
5124,201307,5,0,113,FALSE,5124
5125,200803,4,0,134,TRUE,5125
5126,140101,1,14,27,FALSE,5126
5127,200201,4,0,100,FALSE,5127
5128,70102,2,7,28,FALSE,5128
5129,140101,1,14,27,FALSE,5129
5130,140101,1,14,27,FALSE,5130
5131,200201,4,0,100,FALSE,5131
5132,200201,4,0,100,FALSE,5132
5133,140101,1,14,27,FALSE,5133
5134,140101,1,14,27,FALSE,5134
5135,140101,1,14,27,TRUE,5135
5136,200201,4,0,100,FALSE,5136
5137,200201,4,0,100,FALSE,5137
5138,140101,1,14,27,FALSE,5138
5139,30211,2,3,7,TRUE,5139
5140,200709,5,0,239,TRUE,5140
5141,140101,1,14,27,FALSE,5141
5142,140101,1,14,27,TRUE,5142
5143,140101,1,14,27,FALSE,5143
5144,140101,1,14,27,FALSE,5144
5145,200201,4,0,100,FALSE,5145
5146,202601,5,0,130,TRUE,5146
5147,140101,1,14,27,TRUE,5147
5148,200506,5,0,151,FALSE,5148
5149,140802,1,14,338,FALSE,5149
5149,201104,5,0,205,FALSE,6603
5150,200201,4,0,100,FALSE,5150
5151,140101,1,14,27,FALSE,5151
5152,90401,3,9,3,FALSE,5152
5153,90401,3,9,3,FALSE,5153
5154,140101,1,14,27,FALSE,5154
5155,200201,4,0,100,TRUE,5155
5156,200709,4,0,239,FALSE,5156
5157,200502,4,0,145,TRUE,5157
5158,201305,5,0,114,FALSE,5158
5159,140133,1,14,1,TRUE,5159
5160,200408,4,0,202,TRUE,5160
5161,20304,4,2,8,FALSE,5161
5162,200505,5,0,249,FALSE,5162
5163,200506,5,0,151,FALSE,5163
5164,200506,5,0,151,FALSE,5164
5165,140101,1,14,27,TRUE,5165
5166,200201,4,0,100,FALSE,5166
5167,140101,1,14,27,TRUE,5167
5168,202403,4,0,166,TRUE,5168
5169,200201,4,0,100,FALSE,5169
5170,201101,5,0,190,FALSE,5170
5171,70306,4,0,7,TRUE,5171
5172,140101,1,14,27,FALSE,5172
5173,140121,1,14,304,FALSE,5173
5174,200201,4,0,100,TRUE,5174
5175,20219,2,2,7,FALSE,5175
5176,202113,5,0,122,FALSE,5176
5177,200201,4,0,100,FALSE,5177
5178,200201,4,0,100,FALSE,5178
5179,140101,1,14,27,FALSE,5179
5180,140101,1,14,27,FALSE,5180
5181,200710,4,0,111,FALSE,5181
5182,80107,2,8,28,TRUE,5182
5183,200201,4,0,100,FALSE,5183
5184,200201,4,0,100,FALSE,5184
5185,140811,5,0,191,FALSE,5185
5186,140101,1,14,27,FALSE,5186
5187,140101,1,14,27,FALSE,5187
5188,201201,4,0,170,TRUE,5188
5189,200201,4,0,100,FALSE,5189
5190,202116,5,0,122,FALSE,5190
5191,200201,4,0,100,FALSE,5191
5192,140101,1,14,27,FALSE,5192
5192,200201,4,0,100,FALSE,6602
5193,140101,1,14,27,TRUE,5193
5194,202011,5,0,216,TRUE,5194
5195,140101,1,14,27,TRUE,5195
5196,200201,4,0,100,FALSE,5196
5197,140101,1,14,27,FALSE,5197
5198,200202,4,0,110,TRUE,5198
5199,90102,2,9,28,FALSE,5199
5200,90102,2,9,28,FALSE,5200
5201,202301,5,0,232,FALSE,5201
5202,140101,1,14,27,FALSE,5202
5203,140101,1,14,27,FALSE,5203
5204,202106,5,0,171,TRUE,5204
5205,200506,5,0,151,FALSE,5205
5206,140101,1,14,27,FALSE,5206
5207,140101,1,14,27,FALSE,5207
5208,140101,1,14,27,TRUE,5208
5209,202011,5,0,216,TRUE,5209
5210,201503,4,0,185,FALSE,5210
5211,99,6,0,24,FALSE,5211
5212,140133,1,14,1,FALSE,5212
5213,140101,1,14,27,FALSE,5213
5214,201201,5,0,170,TRUE,5214
5215,202601,5,0,130,FALSE,5215
5216,200505,5,0,249,FALSE,5216
5217,202008,5,0,192,FALSE,5217
5218,140101,1,14,27,FALSE,5218
5219,201307,5,0,113,TRUE,5219
5220,201307,5,0,113,TRUE,5220
5221,140101,1,14,27,FALSE,5221
5222,200401,4,0,168,FALSE,5222
5223,140101,1,14,27,FALSE,5223
5224,140101,1,14,27,FALSE,5224
5225,140101,1,14,27,FALSE,5225
5226,201201,5,0,170,TRUE,5226
5227,200201,4,0,100,FALSE,5227
5228,140133,1,14,1,FALSE,5228
5229,140133,1,14,1,FALSE,5229
5230,140101,1,14,27,FALSE,5230
5231,140133,1,14,1,TRUE,5231
5232,90102,2,9,28,FALSE,5232
5233,140105,1,14,304,FALSE,5233
5234,140101,1,14,27,FALSE,5234
5235,140101,1,14,27,FALSE,5235
5236,202011,5,0,216,FALSE,5236
5237,201104,5,0,205,FALSE,5237
5238,201704,4,0,208,TRUE,5238
5239,140133,1,14,1,FALSE,5239
5240,140101,1,14,27,FALSE,5240
5241,140133,1,14,1,FALSE,5241
5242,140101,1,14,27,FALSE,5242
5243,200201,4,0,100,FALSE,5243
5244,200201,4,0,100,FALSE,5244
5245,201402,5,0,198,TRUE,5245
5246,200201,4,0,100,FALSE,5246
5247,201103,5,0,221,FALSE,5247
5248,200401,4,0,168,FALSE,5248
5249,140101,1,14,27,FALSE,5249
5250,140133,1,14,1,FALSE,5250
5251,140101,1,14,27,FALSE,5251
5252,200201,4,0,100,FALSE,5252
5253,201104,5,0,205,FALSE,5253
5254,201601,4,0,186,FALSE,5254
5255,140101,1,14,27,FALSE,5255
5256,200201,4,0,100,FALSE,5256
5257,200201,4,0,100,FALSE,5257
5258,200503,4,0,247,TRUE,5258
5259,140101,1,14,27,FALSE,5259
5260,200201,4,0,100,FALSE,5260
5261,202117,5,0,139,FALSE,5261
5262,202004,5,0,207,TRUE,5262
5263,140139,1,14,324,FALSE,5263
5264,201307,5,0,113,FALSE,5264
5265,202116,5,0,122,FALSE,5265
5266,200201,4,0,100,FALSE,5266
5267,200201,4,0,100,FALSE,5267
5268,200901,4,0,106,TRUE,5268
5269,200201,4,0,100,FALSE,5269
5270,202116,5,0,122,FALSE,5270
5271,140101,1,14,27,FALSE,5271
5272,140101,1,14,27,FALSE,5272
5273,200401,4,0,168,FALSE,5273
5274,140101,1,14,27,FALSE,5274
5275,201201,4,0,170,TRUE,5275
5276,140101,1,14,27,FALSE,5276
5277,140101,1,14,27,FALSE,5277
5278,200201,4,0,100,FALSE,5278
5279,202116,5,0,122,FALSE,5279
5280,200201,4,0,100,FALSE,5280
5281,201804,5,0,165,TRUE,5281
5282,140101,1,14,27,FALSE,5282
5283,140101,1,14,27,FALSE,5283
5284,202703,4,0,214,FALSE,5284
5285,140101,1,14,27,FALSE,5285
5286,140101,1,14,27,FALSE,5286
5287,140101,1,14,27,FALSE,5287
5288,140101,1,14,27,TRUE,5288
5289,200502,4,0,145,TRUE,5289
5290,140133,1,14,1,FALSE,5290
5291,200201,4,0,100,FALSE,5291
5292,200201,4,0,100,FALSE,5292
5293,140133,1,14,1,FALSE,5293
5294,142507,5,14,412,FALSE,5294
5295,140101,1,14,27,FALSE,5295
5296,201804,5,0,165,TRUE,5296
5297,141601,,14,371,FALSE,5297
5298,202011,5,0,216,TRUE,5298
5299,50101,2,5,28,FALSE,5299
5300,140101,1,14,27,FALSE,5300
5301,200401,4,0,168,TRUE,5301
5302,200401,4,0,168,TRUE,5302
5303,0,0,0,0,FALSE,5303
5304,140101,1,14,27,FALSE,5304
5305,20401,3,2,3,FALSE,5305
5306,140101,1,14,27,FALSE,5306
5307,201104,5,0,205,FALSE,5307
5308,200201,4,0,100,FALSE,5308
5309,200201,4,0,100,FALSE,5309
5310,90404,3,9,21,FALSE,5310
5311,201101,5,0,190,FALSE,5311
5312,202116,5,0,122,FALSE,5312
5313,60305,2,6,4,FALSE,5313
5314,140101,1,14,27,FALSE,5314
5315,202011,5,0,216,FALSE,5315
5316,200207,4,0,100,FALSE,5316
5317,140101,1,14,27,FALSE,5317
5318,140101,1,14,27,FALSE,5318
5319,200201,4,0,100,FALSE,5319
5320,201704,4,0,208,TRUE,5320
5321,200001,4,0,214,TRUE,5321
5322,201401,5,0,187,TRUE,5322
5323,140141,1,14,369,FALSE,5323
5324,140101,1,14,27,FALSE,5324
5325,200201,4,0,100,FALSE,5325
5326,90305,2,9,4,FALSE,5326
5327,140101,1,14,27,FALSE,5327
5328,140101,1,14,27,FALSE,5328
5329,200408,4,0,202,TRUE,5329
5330,140101,1,14,27,FALSE,5330
5331,140146,1,14,390,FALSE,5331
5332,202701,4,0,166,TRUE,5332
5333,200201,4,0,100,FALSE,5333
5334,200401,4,0,168,FALSE,5334
5335,200201,4,0,100,FALSE,5335
5336,202011,5,0,216,FALSE,5336
5337,202011,5,0,216,TRUE,5337
5338,202115,5,0,156,FALSE,5338
5339,202011,5,0,216,FALSE,5339
5340,140101,1,14,27,FALSE,5340
5341,140101,1,14,27,FALSE,5341
5342,140101,1,14,27,FALSE,5342
5343,140101,1,14,27,FALSE,5343
5344,200707,4,0,152,TRUE,5344
5345,140101,1,14,27,FALSE,5345
5346,201203,5,0,192,TRUE,5346
5347,201104,5,0,205,FALSE,5347
5348,200201,4,0,100,FALSE,5348
5349,200201,4,0,100,FALSE,5349
5350,140101,1,14,27,FALSE,5350
5351,200201,4,0,100,FALSE,5351
5352,70404,3,7,21,FALSE,5352
5353,201802,5,0,143,TRUE,5353
5354,200201,4,0,100,FALSE,5354
5355,140101,1,14,27,FALSE,5355
5356,202201,4,0,211,FALSE,5356
5357,140101,1,14,27,FALSE,5357
5358,140101,1,14,27,FALSE,5358
5359,200201,4,0,100,FALSE,5359
5360,200201,4,0,100,FALSE,5360
5361,201802,5,0,143,FALSE,5361
5362,20205,2,2,7,FALSE,5362
5363,140101,1,14,27,FALSE,5363
5364,140101,1,14,27,FALSE,5364
5365,140401,4,14,8,TRUE,5365
5366,200506,5,0,151,FALSE,5366
5367,140101,1,14,27,FALSE,5367
5368,201404,5,0,243,FALSE,5368
5369,201104,5,0,205,FALSE,5369
5370,140101,1,14,27,FALSE,5370
5371,99,6,0,24,FALSE,5371
5372,140133,1,14,1,FALSE,5372
5373,140101,1,14,27,FALSE,5373
5373,200201,4,0,100,FALSE,6623
5374,140101,1,14,27,FALSE,5374
5375,140101,1,14,27,FALSE,5375
5376,140101,1,14,27,FALSE,5376
5377,200201,4,0,100,FALSE,5377
5378,200201,4,0,100,FALSE,5378
5379,200201,4,0,100,FALSE,5379
5380,200201,4,0,100,FALSE,5380
5381,200402,4,0,253,TRUE,5381
5382,200505,5,0,249,TRUE,5382
5383,200201,4,0,100,FALSE,5383
5384,200201,4,0,100,FALSE,5384
5385,200201,4,0,100,FALSE,5385
5386,140101,1,14,27,FALSE,5386
5387,200201,4,0,100,FALSE,5387
5388,140101,1,14,27,FALSE,5388
5389,70219,2,7,7,FALSE,5389
5390,140133,1,14,1,FALSE,5390
5391,140101,1,14,27,FALSE,5391
5392,140101,1,14,27,FALSE,5392
5393,140101,1,14,27,FALSE,5393
5394,200701,4,0,206,FALSE,5394
5395,70306,5,7,7,FALSE,5395
5396,140101,1,14,27,FALSE,5396
5397,140101,1,14,27,FALSE,5397
5398,200201,4,0,100,FALSE,5398
5399,200201,4,0,100,FALSE,5399
5400,200201,4,0,100,FALSE,5400
5401,140101,1,14,27,FALSE,5401
5402,202112,5,0,120,TRUE,5402
5403,140101,1,14,27,FALSE,5403
5404,200201,4,0,100,FALSE,5404
5405,140101,1,14,27,FALSE,5405
5406,201801,5,0,167,FALSE,5406
5407,140101,1,14,27,FALSE,5407
5408,140101,1,14,27,FALSE,5408
5409,201005,4,0,245,TRUE,5409
5410,202116,5,0,122,FALSE,5410
5411,200201,4,0,100,FALSE,5411
5412,140145,1,14,327,FALSE,5412
5413,202116,5,0,122,FALSE,5413
5414,140101,1,14,27,FALSE,5414
5415,202105,5,0,111,FALSE,5415
5416,140108,1,14,368,FALSE,5416
5417,140101,1,14,27,FALSE,5417
5418,20101,2,2,28,FALSE,5418
5460,202005,5,0,111,FALSE,5426
5460,200710,4,0,111,FALSE,5427
5461,140133,1,14,27,FALSE,5433
5461,202116,5,0,122,TRUE,5432
5461,200402,4,0,253,TRUE,5431
5461,200407,4,0,129,TRUE,5430
5461,202405,4,0,166,TRUE,5429
5461,202701,4,0,166,TRUE,5428
5462,200506,5,0,151,TRUE,5434
5463,200506,5,0,151,TRUE,5435
5463,200505,5,0,249,FALSE,5436
5464,140145,1,14,7,FALSE,5437
5469,140141,1,14,369,FALSE,5439
5470,140101,1,14,27,TRUE,5440
5471,140101,1,14,27,TRUE,5441
5472,201404,5,0,243,TRUE,5442
5473,70207,2,7,7,TRUE,5443
5474,140101,1,14,27,FALSE,5444
5475,200801,4,0,204,TRUE,5445
5476,140101,1,14,27,TRUE,5446
5477,140101,1,14,27,TRUE,5447
5478,202101,5,0,184,FALSE,5448
5479,202101,5,0,184,FALSE,5449
5480,200803,5,0,134,TRUE,5450
5481,140101,1,14,27,FALSE,5451
5482,140101,1,14,27,FALSE,5452
5483,140101,1,14,27,FALSE,5453
5484,200201,4,0,100,FALSE,5454
5485,201302,5,0,135,TRUE,5455
5486,200505,5,0,249,FALSE,5456
5487,140101,1,14,27,FALSE,5457
5488,140101,1,14,27,FALSE,5458
5489,140101,1,14,27,FALSE,5459
5490,202112,5,0,120,TRUE,5460
5491,200201,4,0,100,FALSE,5461
5492,200205,4,0,215,FALSE,5462
5493,90305,2,9,4,FALSE,5463
5494,70210,2,7,4,FALSE,5464
5494,70102,2,7,1,FALSE,5465
5495,202501,5,0,240,FALSE,5466
5496,202010,5,0,600,FALSE,5467
5497,20303,2,2,405,FALSE,5468
5498,201601,4,0,186,FALSE,5469
5499,200201,4,0,100,FALSE,5470
5500,90302,2,9,4,FALSE,5472
5501,90302,2,9,4,FALSE,5473
5502,200201,4,0,100,FALSE,5474
5503,202107,5,0,131,FALSE,5476
5503,201202,5,0,170,FALSE,5475
5504,201501,4,0,173,TRUE,5477
5505,200502,4,0,145,TRUE,5478
5506,200410,4,0,501,TRUE,5479
5506,70303,2,7,7,FALSE,5480
5506,70306,2,7,19,FALSE,5481
5507,202106,5,0,171,FALSE,5482
5508,202116,5,0,122,FALSE,5483
5509,140101,1,14,27,FALSE,5484
5510,202116,5,0,122,FALSE,5486
5510,200101,4,0,137,FALSE,5485
5511,200001,4,0,206,TRUE,5487
5512,200101,4,0,137,FALSE,5489
5512,200101,5,0,137,FALSE,5488
5513,200201,4,0,100,FALSE,5490
5514,200001,4,0,207,TRUE,5491
5515,202401,4,0,177,TRUE,5500
5516,200506,5,0,151,FALSE,5492
5517,201302,5,0,135,TRUE,5493
5518,200001,4,0,208,TRUE,5494
5519,140101,1,14,27,FALSE,5495
5520,200201,4,0,100,FALSE,5496
5521,140101,1,14,27,TRUE,5497
5522,201104,5,0,205,TRUE,5498
5523,10305,2,1,2,FALSE,5499
5524,200401,4,0,168,TRUE,5501
5524,200402,4,0,253,FALSE,5502
5525,200502,4,0,145,TRUE,5503
5526,140101,1,14,27,FALSE,5504
5527,140101,1,14,27,FALSE,5505
5528,140101,1,14,27,FALSE,5506
5529,140101,1,14,27,FALSE,5507
5530,200201,4,0,100,FALSE,5508
5531,200901,4,0,106,FALSE,5510
5532,70303,2,7,7,FALSE,5511
5533,20219,2,2,7,FALSE,5514
5533,20102,2,2,28,FALSE,5512
5534,200502,4,0,145,TRUE,5515
5535,70102,2,7,7,FALSE,6699
5536,200001,4,0,214,TRUE,5516
5537,200001,4,0,214,TRUE,5517
5538,140101,1,14,27,TRUE,5518
5539,140101,1,14,27,FALSE,5519
5540,200506,5,0,151,FALSE,5520
5541,20102,2,2,28,FALSE,5521
5541,20219,2,2,7,FALSE,5522
5542,202116,5,0,122,TRUE,5525
5542,200804,4,0,214,TRUE,5524
5543,200201,4,0,100,FALSE,5526
5544,140101,1,14,27,TRUE,5527
5545,200201,4,0,100,FALSE,5528
5546,140101,1,14,27,TRUE,5530
5547,90305,2,9,4,FALSE,5529
5548,90401,3,9,3,FALSE,5532
5549,140101,1,14,27,FALSE,5531
5550,140101,1,14,27,TRUE,5533
5551,140101,1,14,27,FALSE,5534
5552,202116,5,0,216,TRUE,5535
5553,201302,5,0,135,FALSE,5536
5554,201301,4,0,138,FALSE,5537
5555,141205,1,14,359,FALSE,5538
5556,70301,2,7,4,FALSE,5539
5557,200902,4,0,193,FALSE,5540
5558,140113,1,14,27,FALSE,5542
5559,90102,2,9,327,FALSE,5543
5560,200201,4,0,100,FALSE,5544
5561,202105,5,0,111,FALSE,5545
5562,140101,1,14,27,FALSE,5546
5563,140133,1,14,1,FALSE,5547
5564,140101,1,14,27,FALSE,5548
5565,140101,1,14,27,FALSE,5550
5566,200803,4,0,134,TRUE,5549
5567,201202,5,0,170,FALSE,5552
5567,140133,1,14,1,FALSE,5551
5568,140101,1,14,27,FALSE,5554
5570,20101,2,2,28,FALSE,5557
5571,200101,4,0,137,FALSE,5558
5572,200804,4,0,138,FALSE,5560
5573,202401,5,0,112,FALSE,5561
5574,201306,5,0,114,TRUE,5563
5575,140101,1,14,27,FALSE,5562
5576,10308,2,1,4,FALSE,5566
5576,200506,5,0,151,FALSE,5564
5577,140101,1,14,27,FALSE,5567
5578,20101,2,2,28,FALSE,5571
5579,200207,4,0,126,FALSE,5568
5580,140108,1,14,368,FALSE,5569
5580,140145,1,14,363,FALSE,5570
5581,201502,4,0,237,TRUE,5572
5581,202405,5,0,102,TRUE,5573
5582,200001,5,0,173,TRUE,5576
5583,202111,5,0,205,FALSE,5574
5584,140817,1,14,4,FALSE,5575
5585,202111,5,0,184,TRUE,5577
5586,200505,5,0,249,FALSE,5578
5586,140133,1,14,1,FALSE,5579
5587,140101,1,14,27,FALSE,5580
5588,140101,1,14,27,FALSE,5581
5589,100101,2,10,28,FALSE,5582
5590,20101,2,2,28,FALSE,5583
5590,140133,1,14,1,FALSE,5584
5591,200506,5,0,151,FALSE,5585
5592,140108,1,14,368,FALSE,5586
5593,140101,1,14,27,FALSE,5587
5594,140133,1,14,327,FALSE,5590
5595,140101,1,14,100,FALSE,5588
5596,200201,4,0,100,FALSE,5589
5597,200201,4,0,100,FALSE,5591
5598,200201,4,0,100,FALSE,5592
5599,140101,1,14,27,FALSE,5593
5600,140101,1,14,27,FALSE,5595
5601,200203,4,0,126,TRUE,5594
5602,140101,1,14,27,FALSE,5596
5603,0,0,0,0,FALSE,6036
5604,140101,1,14,27,FALSE,5598
5605,140101,1,14,27,FALSE,5599
5606,200505,5,0,249,TRUE,5600
5607,202405,4,0,102,FALSE,5601
5608,140101,1,14,27,FALSE,5602
5609,20302,2,2,7,TRUE,5603
5609,20101,2,2,28,FALSE,5604
5610,200201,4,0,100,FALSE,5605
5611,140101,1,14,27,FALSE,5606
5612,140133,1,14,1,FALSE,5607
5613,200201,0,0,100,FALSE,6035
5614,200201,4,0,100,FALSE,5608
5615,202007,5,0,207,TRUE,5610
5615,200801,4,0,204,TRUE,5609
5617,90102,2,9,28,FALSE,5611
5618,200201,4,0,100,FALSE,5612
5619,140101,1,14,27,FALSE,5613
5620,70221,2,7,4,FALSE,5614
5620,202404,5,0,177,FALSE,5616
5620,140133,1,14,1,FALSE,5615
5621,200505,5,0,249,TRUE,5617
5622,202203,4,0,218,FALSE,5619
5623,202001,5,0,192,FALSE,5620
5625,140101,1,0,27,FALSE,5621
5626,200505,5,0,249,FALSE,5623
5627,140133,1,14,1,FALSE,5624
5628,202109,5,0,235,FALSE,5625
5629,20101,2,2,28,FALSE,5626
5630,201704,4,0,208,TRUE,5627
5631,140101,1,14,27,FALSE,5628
5632,140101,1,14,27,FALSE,5629
5633,200201,4,0,100,FALSE,5630
5634,201307,5,0,113,FALSE,5632
5634,201301,4,0,138,FALSE,5631
5635,202116,5,0,122,FALSE,5633
5636,202106,5,0,171,FALSE,5634
5637,200201,4,0,100,FALSE,5635
5638,20101,2,2,28,FALSE,5636
5639,140101,1,14,27,FALSE,5637
5640,202301,5,0,26,FALSE,5638
5641,90302,2,9,7,FALSE,5639
5641,201403,5,0,148,FALSE,5640
5642,200201,4,0,100,FALSE,5641
5643,201802,5,0,143,FALSE,5642
5644,140101,1,14,27,FALSE,5643
5645,140101,1,14,27,FALSE,5644
5646,201502,4,0,237,TRUE,5645
5647,200406,4,0,153,FALSE,5646
5648,140133,1,14,327,FALSE,5647
5648,142502,1,14,329,FALSE,5648
5649,140101,1,14,27,FALSE,5649
5650,202403,4,0,140,TRUE,5650
5651,200201,4,0,100,FALSE,5651
5652,202103,5,0,160,FALSE,5652
5653,140133,1,14,1,FALSE,5654
5653,201402,5,0,198,FALSE,5653
5654,140133,1,14,1,FALSE,5656
5654,201402,5,0,198,FALSE,5655
5655,200701,4,0,206,FALSE,5658
5656,201802,5,0,143,TRUE,5659
5657,200201,4,14,100,FALSE,5660
5657,200201,4,14,100,FALSE,5661
5658,140101,1,14,27,FALSE,5662
5659,201402,5,0,198,FALSE,6617
5660,201201,4,0,170,FALSE,6621
5660,202601,5,0,130,FALSE,6620
5660,201202,5,0,170,FALSE,5663
5661,200409,4,0,214,TRUE,5665
5661,200405,4,0,188,TRUE,5666
5661,200406,4,0,153,TRUE,5664
5662,140101,1,14,27,FALSE,5667
5663,140101,1,14,327,FALSE,5668
5664,140101,1,14,27,FALSE,5669
5665,140101,1,14,27,FALSE,5670
5666,90305,2,9,4,TRUE,5671
5667,200901,4,0,106,FALSE,5672
5668,140145,1,14,368,FALSE,5673
5669,201307,5,0,113,FALSE,5675
5669,201307,5,0,113,FALSE,5674
5670,140101,1,14,27,FALSE,5676
5671,202703,4,0,174,TRUE,5677
5672,140101,1,14,27,FALSE,5678
5673,140101,1,14,27,FALSE,5679
5674,20210,2,2,2,FALSE,5778
5676,202704,5,0,195,FALSE,5681
5676,202704,4,0,195,FALSE,5680
5677,200505,5,0,249,FALSE,5682
5678,140101,1,14,27,FALSE,5683
5679,200201,4,0,100,FALSE,5684
5680,140501,1,14,308,FALSE,5685
5680,140133,1,14,327,FALSE,5686
5681,200201,4,0,100,FALSE,5687
5682,200001,4,0,174,TRUE,5688
5683,140101,1,14,27,FALSE,5689
5684,140123,1,14,410,FALSE,5690
5684,202115,5,0,122,FALSE,5691
5685,141801,1,14,327,FALSE,5692
5686,90102,2,9,28,FALSE,5693
5687,140101,1,14,27,FALSE,5694
5688,130102,2,13,28,FALSE,5695
5689,140101,1,14,27,FALSE,5696
5690,20101,2,2,28,FALSE,5697
5691,200201,4,0,100,FALSE,5698
5692,200701,4,0,165,FALSE,5699
5693,140101,1,14,27,FALSE,5700
5694,200201,4,0,100,FALSE,5701
5695,140101,1,14,27,FALSE,5702
5696,70101,2,7,7,FALSE,5704
5696,140101,1,14,27,FALSE,5703
5697,202402,4,0,166,FALSE,5705
5698,200502,4,0,145,FALSE,5706
5699,200805,5,0,174,TRUE,5707
5700,140101,1,14,27,FALSE,5708
5701,140101,1,14,27,FALSE,5709
5702,200201,4,0,100,FALSE,5710
5703,140101,1,14,27,FALSE,5711
5704,20406,3,2,137,FALSE,5712
5705,140101,1,14,27,FALSE,5713
5706,200201,4,0,100,FALSE,5714
5707,200201,4,0,100,FALSE,5715
5708,140133,1,14,1,FALSE,5716
5709,140133,1,14,327,FALSE,5718
5710,140101,1,14,27,FALSE,5719
5711,200201,4,0,100,FALSE,5720
5712,200201,4,0,100,FALSE,5721
5713,140101,1,14,27,FALSE,5722
5714,201706,4,0,214,FALSE,5723
5715,140101,1,14,27,FALSE,5724
5716,201706,4,0,140,FALSE,5729
5717,140101,1,14,27,FALSE,5726
5717,200201,4,0,100,FALSE,5725
5718,140101,1,14,27,FALSE,5727
5719,140101,1,14,27,FALSE,5728
5720,140101,1,14,27,FALSE,5730
5721,140101,1,14,27,FALSE,5731
5722,140101,1,14,27,FALSE,5732
5723,140101,1,14,27,FALSE,5733
5724,202112,5,0,120,FALSE,5734
5725,140101,1,14,27,FALSE,5735
5726,140101,1,14,27,FALSE,5736
5727,200502,4,0,247,TRUE,5737
5728,140101,1,14,27,FALSE,5738
5729,200506,5,0,151,FALSE,5740
5730,140101,1,14,27,FALSE,5739
5731,140101,1,14,27,FALSE,5741
5732,200201,4,0,100,FALSE,5742
5733,200201,4,0,100,FALSE,5743
5734,202116,5,0,122,FALSE,5745
5735,140101,1,14,27,FALSE,5744
5736,201303,5,0,113,FALSE,5746
5737,140101,1,14,27,TRUE,5750
5738,10101,2,1,28,FALSE,5747
5739,202001,5,0,113,FALSE,5749
5740,201303,5,0,113,FALSE,5751
5740,201304,4,0,138,FALSE,5753
5740,201301,5,0,138,FALSE,5752
5741,201307,5,0,113,FALSE,5754
5742,200710,4,0,111,FALSE,5755
5743,140101,1,14,27,FALSE,5756
5744,140101,1,14,27,FALSE,5757
5745,200201,4,0,100,FALSE,5759
5746,140133,1,14,1,FALSE,5760
5747,140101,1,14,27,FALSE,5761
5748,140133,1,14,1,FALSE,5762
5749,141705,1,14,357,FALSE,5763
5750,100101,2,10,28,FALSE,5765
5751,200803,4,0,134,TRUE,5764
5751,90303,2,9,4,FALSE,5767
5751,90102,2,9,327,FALSE,5766
5752,140133,1,14,1,FALSE,5768
5753,10101,2,1,28,FALSE,5769
5754,140101,1,14,27,FALSE,5773
5755,20102,2,2,327,FALSE,5770
5756,70101,2,7,28,FALSE,5772
5756,201801,5,0,167,FALSE,5771
5757,202005,5,0,216,TRUE,5774
5758,200201,4,0,100,FALSE,5775
5759,140101,1,14,27,FALSE,5776
5760,200201,4,0,100,FALSE,5777
5761,200506,5,0,151,TRUE,5779
5763,200201,4,0,100,FALSE,5780
5764,140101,1,14,27,FALSE,5781
5765,90102,2,9,327,FALSE,5782
5766,140101,1,14,27,FALSE,5783
5768,140101,1,14,27,FALSE,5784
5769,202601,5,0,130,TRUE,5785
5770,70303,2,7,216,FALSE,5786
5771,202703,4,0,216,TRUE,5787
5772,202703,4,0,214,FALSE,5788
5773,142303,1,0,336,FALSE,5789
5773,140101,1,0,27,FALSE,5790
5774,10101,2,1,28,FALSE,5792
5775,140101,1,14,27,TRUE,5793
5776,140133,1,14,1,FALSE,5797
5776,99,6,0,24,FALSE,5796
5777,140133,1,14,1,FALSE,5794
5778,200201,4,0,100,FALSE,5795
5779,110101,2,11,28,FALSE,5798
5780,200201,4,0,100,FALSE,5799
5781,141806,1,14,1,FALSE,5804
5781,90102,2,9,327,FALSE,5803
5781,200803,4,0,134,TRUE,5802
5782,90401,3,9,3,FALSE,5800
5782,90403,3,9,211,FALSE,5801
5783,200001,4,0,214,TRUE,5805
5784,201501,5,0,173,TRUE,5806
5785,202106,5,0,171,FALSE,5807
5786,201802,5,0,181,TRUE,5808
5787,140133,1,14,1,FALSE,5809
5789,140133,1,14,327,FALSE,5810
5790,70303,2,7,216,FALSE,5811
5791,202301,5,0,232,FALSE,5812
5791,200709,4,0,111,FALSE,5979
5792,140101,1,14,27,FALSE,5813
5793,202704,4,0,195,TRUE,5814
5794,202116,5,0,122,FALSE,5815
5795,142001,1,14,369,FALSE,5848
5796,20205,2,2,7,FALSE,5816
5797,202005,5,0,216,FALSE,5817
5798,201502,4,0,237,TRUE,5818
5799,20102,2,2,327,FALSE,5829
5800,200201,4,0,100,FALSE,5819
5801,90401,3,9,3,FALSE,5821
5801,90102,2,9,28,FALSE,5820
5802,140101,1,14,27,FALSE,5822
5803,140101,1,14,27,FALSE,5823
5804,202116,5,0,122,FALSE,5824
5805,200201,4,0,100,FALSE,5826
5806,202116,5,0,156,TRUE,5827
5807,200505,5,0,249,FALSE,5828
5808,130102,2,13,327,FALSE,5830
5809,200205,4,0,215,TRUE,5831
5810,200202,4,0,110,FALSE,5832
5811,200207,4,0,100,FALSE,5833
5812,140101,1,14,27,FALSE,5834
5813,201201,4,0,170,TRUE,5835
5814,140133,1,14,327,FALSE,5836
5815,201801,5,0,167,FALSE,5838
5815,200502,4,0,145,FALSE,5837
5816,200201,4,0,100,FALSE,5839
5817,140101,1,14,27,FALSE,5840
5818,200201,4,0,100,FALSE,5841
5819,200201,4,0,100,FALSE,5842
5820,200201,4,0,100,FALSE,5843
5821,140133,1,14,1,FALSE,5850
5822,140500,1,14,308,FALSE,5845
5823,140101,1,14,27,FALSE,5847
5824,202220,5,0,122,FALSE,5849
5825,200706,4,0,225,TRUE,5851
5826,140133,1,14,1,FALSE,5852
5827,140101,1,14,27,FALSE,5853
5828,201003,5,0,103,FALSE,5854
5829,200201,4,0,100,FALSE,5855
5830,140101,1,14,27,FALSE,5856
5831,200204,4,0,136,FALSE,5857
5832,200605,4,0,227,TRUE,5863
5833,200201,4,0,100,FALSE,5858
5834,202106,5,0,171,TRUE,5859
5835,140101,1,14,27,FALSE,5860
5836,200201,4,0,100,FALSE,5861
5838,90206,2,9,325,FALSE,5862
5839,140101,1,14,27,FALSE,5864
5840,140101,1,14,1,FALSE,5865
5841,202112,5,0,120,TRUE,5866
5842,201406,5,0,219,TRUE,5867
5843,10206,2,1,4,FALSE,5868
5844,90211,2,9,7,FALSE,5869
5845,140101,1,14,27,TRUE,5870
5846,90102,2,9,28,FALSE,5980
5847,140101,1,14,27,FALSE,5872
5848,201201,4,0,170,TRUE,5874
5848,201201,5,0,170,TRUE,5873
5849,140101,1,14,27,FALSE,5875
5850,140101,1,14,27,FALSE,5876
5851,202106,5,0,171,FALSE,5877
5852,202402,4,0,166,FALSE,5878
5854,140101,1,14,27,FALSE,5881
5855,200201,4,0,100,FALSE,5879
5856,200201,4,0,100,FALSE,5880
5858,200201,4,0,100,FALSE,5882
5859,200702,4,0,216,FALSE,5884
5859,200710,4,0,216,FALSE,5883
5860,140101,1,14,27,FALSE,5885
5861,140101,1,14,27,FALSE,5886
5862,140101,1,14,27,FALSE,5887
5863,140101,1,14,27,FALSE,5888
5864,140133,1,14,1,FALSE,5889
5865,201601,4,0,303,FALSE,5890
5866,140101,1,14,27,FALSE,5891
5867,202001,5,0,192,FALSE,5892
5868,202001,5,0,192,FALSE,5902
5868,201306,4,0,114,FALSE,5901
5869,201302,4,0,135,FALSE,5893
5870,202116,5,0,203,FALSE,5894
5871,142105,1,14,302,FALSE,5895
5872,202105,5,0,111,FALSE,5896
5873,140101,1,14,27,FALSE,5897
5874,201001,5,0,104,FALSE,5898
5875,70101,2,7,28,FALSE,5899
5876,140108,1,14,368,FALSE,5900
5877,200201,4,0,100,FALSE,5904
5878,140101,1,14,27,FALSE,5905
5879,200201,4,0,100,FALSE,5906
5880,90102,2,9,28,FALSE,5908
5880,140133,1,14,1,FALSE,5907
5881,140101,1,14,27,FALSE,5909
5882,202117,5,0,139,TRUE,5910
5883,20102,2,2,28,FALSE,5911
5884,200201,4,0,100,FALSE,5912
5885,10101,2,1,28,FALSE,5913
5886,140101,1,14,27,FALSE,5914
5887,201704,4,0,174,TRUE,5915
5888,200201,4,0,100,FALSE,5916
5889,202012,5,0,152,TRUE,5917
5889,201307,5,0,113,FALSE,5918
5890,202703,4,0,214,FALSE,6034
5891,90208,2,9,28,FALSE,5919
5892,10101,2,1,28,FALSE,5920
5893,200201,4,0,100,FALSE,5921
5894,140101,1,14,327,FALSE,5922
5895,200201,4,0,100,FALSE,5923
5896,200803,4,0,134,TRUE,5924
5897,202401,5,0,112,FALSE,5925
5898,20307,2,2,16,FALSE,5926
5899,60307,2,6,16,FALSE,5927
5900,200201,4,0,100,FALSE,5928
5901,70306,2,7,28,FALSE,5930
5901,70101,2,7,28,FALSE,5929
5902,200201,4,0,100,FALSE,5931
5903,200201,4,0,100,FALSE,5932
5904,140101,1,14,27,FALSE,5933
5905,200401,4,0,168,FALSE,5934
5906,202301,5,0,26,TRUE,5935
5907,140101,1,14,327,FALSE,5936
5908,200201,4,0,100,FALSE,5937
5909,202003,5,0,150,TRUE,5938
5910,201501,4,0,173,TRUE,5939
5911,202112,5,0,120,FALSE,5940
5912,90101,2,9,28,FALSE,5941
5913,10101,2,1,28,FALSE,5942
5914,140101,1,14,27,FALSE,5943
5915,90401,3,9,3,FALSE,5944
5916,201003,5,0,189,FALSE,5945
5917,90406,3,9,3,FALSE,5946
5918,70102,2,7,28,FALSE,5947
5919,20101,2,2,28,FALSE,5948
5920,200506,5,0,151,FALSE,5949
5921,202116,5,0,122,FALSE,5950
5922,20102,2,2,327,FALSE,5952
5922,140133,1,14,1,FALSE,5951
5923,10305,2,1,4,FALSE,5953
5924,140101,1,14,27,FALSE,5954
5925,140101,1,14,1,FALSE,5955
5926,140101,1,14,1,FALSE,5956
5927,140101,1,14,1,FALSE,5957
5928,20102,2,2,28,FALSE,5958
5929,202106,5,0,171,FALSE,5959
5930,202704,4,0,195,TRUE,5960
5931,140101,1,14,27,FALSE,5961
5932,200201,4,0,100,FALSE,5962
5933,140101,1,14,1,TRUE,5963
5934,140101,1,14,1,FALSE,5964
5935,10303,2,1,405,FALSE,5965
5936,10303,2,1,405,FALSE,5966
5937,140101,1,14,1,FALSE,5967
5938,200201,4,0,100,FALSE,5968
5939,140101,1,14,100,FALSE,5969
5940,200701,4,0,206,FALSE,5970
5941,202011,5,0,111,FALSE,5971
5942,202403,4,0,166,FALSE,5972
5943,140101,1,14,27,FALSE,5973
5944,200602,4,0,195,FALSE,5974
5945,200101,4,0,137,FALSE,5975
5946,90101,2,9,7,FALSE,6622
5947,200201,4,0,100,FALSE,5976
5948,200710,4,0,111,TRUE,5977
5949,200201,4,0,100,FALSE,5978
5950,140101,1,14,27,FALSE,5981
5951,140101,1,14,27,FALSE,5982
5952,140101,1,14,27,FALSE,5983
5953,201405,5,0,194,FALSE,5984
5954,202703,4,0,214,FALSE,5985
5955,99,6,0,24,FALSE,5986
5956,200503,4,0,247,FALSE,5987
5957,200503,4,0,247,FALSE,5988
5958,202111,5,0,133,FALSE,5989
5959,140101,1,14,27,FALSE,5990
5960,140101,1,14,27,FALSE,5991
5961,200201,4,0,100,FALSE,5992
5962,140101,1,14,27,FALSE,5993
5964,140101,1,14,27,FALSE,5994
5965,200201,4,0,100,FALSE,5995
5966,200201,4,0,100,FALSE,5996
5967,70306,4,0,8,TRUE,5997
5968,140101,1,14,27,FALSE,5998
5969,200201,4,0,100,FALSE,5999
5970,140101,1,14,27,FALSE,6000
5971,202703,4,0,214,TRUE,6001
5972,200502,4,0,145,FALSE,6002
5972,202301,5,0,232,FALSE,6003
5973,200402,4,0,253,FALSE,6004
5974,201101,5,7,190,FALSE,6005
5977,200201,4,0,100,FALSE,6006
5978,140101,1,14,27,FALSE,6007
5979,201704,4,0,214,TRUE,6008
5980,201302,5,0,135,FALSE,6009
5981,40101,2,4,28,TRUE,6010
5982,202116,5,0,122,FALSE,6011
5983,200201,4,0,100,FALSE,6013
5983,140101,1,14,27,FALSE,6012
5984,70102,2,7,28,FALSE,6014
5985,140101,1,14,27,FALSE,6015
5986,200401,4,0,168,FALSE,6016
5987,200201,4,0,100,FALSE,6017
5988,140101,1,14,27,FALSE,6018
5989,140101,1,14,27,FALSE,6019
5990,202101,5,0,184,TRUE,6020
5991,201704,4,0,208,TRUE,6021
5992,200502,4,0,145,FALSE,6022
5993,90308,2,9,4,FALSE,6023
5994,99,6,0,24,FALSE,6024
5995,140101,1,14,27,FALSE,6025
5996,200201,4,0,100,FALSE,6026
5997,140101,1,14,27,FALSE,6027
5998,202106,5,0,171,FALSE,6028
5999,140101,1,14,27,FALSE,6029
6000,201402,5,0,198,FALSE,6030
6001,200401,4,0,168,FALSE,6031
6002,201308,5,0,119,FALSE,6032
6003,200406,4,0,153,FALSE,6033
6195,140101,1,14,27,FALSE,6316
6196,200201,4,0,100,FALSE,6317
6197,140133,1,14,1,FALSE,6318
6198,200201,4,0,100,FALSE,6320
6199,140101,1,14,27,FALSE,6321
6200,140101,1,14,27,FALSE,6322
6201,70102,2,7,28,FALSE,6323
6202,140101,1,14,27,FALSE,6324
6203,200101,4,0,137,FALSE,6325
6204,140101,1,14,27,FALSE,6326
6205,201704,4,0,208,TRUE,6327
6206,140101,1,14,27,FALSE,6328
6207,140101,1,14,27,FALSE,6329
6208,80101,2,8,28,FALSE,6330
6209,80102,2,8,28,FALSE,6331
6210,200711,4,0,16,FALSE,6332
6211,200201,4,0,100,FALSE,6333
6212,140101,1,14,27,FALSE,6334
6213,200201,4,0,100,FALSE,6335
6214,140133,1,0,1,FALSE,6336
6215,200201,4,0,100,FALSE,6337
6216,60305,2,6,4,FALSE,6338
6217,140101,1,14,27,FALSE,6339
6218,140101,1,14,27,FALSE,6340
6219,201305,4,0,114,FALSE,6341
6220,200201,4,0,100,FALSE,6342
6221,200207,4,0,170,FALSE,6343
6222,70101,2,7,7,FALSE,6344
6223,140108,4,14,368,FALSE,6345
6224,140108,1,14,368,FALSE,6346
6225,140101,1,14,27,FALSE,6347
6226,140101,1,14,27,FALSE,6348
6227,200505,5,0,249,FALSE,6349
6228,200201,4,0,100,FALSE,6350
6229,201301,5,0,138,FALSE,6351
6230,200201,4,0,100,FALSE,6352
6231,99,6,0,24,FALSE,6353
6232,200405,4,0,188,FALSE,6354
6233,201402,5,0,198,FALSE,6355
6234,200207,4,0,170,FALSE,6356
6235,140101,1,14,27,FALSE,6357
6236,140133,1,14,1,FALSE,6358
6237,200713,5,0,122,TRUE,6359
6238,200803,4,0,134,TRUE,6360
6239,200201,4,14,27,FALSE,6361
6240,140101,1,14,27,FALSE,6362
6241,140101,1,14,27,FALSE,6363
6242,202106,5,0,171,FALSE,6364
6243,140101,1,14,27,FALSE,6365
6244,140101,1,14,27,FALSE,6366
6245,90102,2,9,28,FALSE,6367
6246,30101,2,3,28,FALSE,6597
6246,40101,2,4,28,FALSE,6598
6246,60101,2,6,28,FALSE,6599
6246,80101,2,8,28,FALSE,6600
6246,50101,2,5,28,FALSE,6601
6246,70101,2,7,28,FALSE,6368
6246,10101,2,1,28,FALSE,6595
6246,140133,1,14,1,FALSE,6369
6246,100101,2,10,28,FALSE,6596
6247,201601,4,0,186,FALSE,6370
6248,140101,1,14,27,FALSE,6372
6249,202405,5,0,102,TRUE,6374
6249,201502,4,0,237,TRUE,6373
6250,140145,1,14,363,FALSE,6376
6250,140108,1,14,368,FALSE,6375
6251,140101,1,14,27,FALSE,6377
6252,140101,1,14,27,FALSE,6378
6253,200201,4,0,100,FALSE,6379
6254,200803,4,0,134,TRUE,6380
6254,90102,2,9,327,FALSE,6381
6254,141806,1,14,1,FALSE,6382
6255,202401,4,0,177,TRUE,6383
6256,202501,5,0,240,FALSE,6384
6257,70210,2,7,4,FALSE,6385
6257,70102,2,7,1,FALSE,6386
6258,140101,1,14,27,FALSE,6387
6259,99,6,0,24,FALSE,6388
6260,20205,2,2,7,FALSE,6389
6261,140101,1,14,27,FALSE,6390
6262,201704,4,0,208,TRUE,6391
6263,140101,1,14,27,FALSE,6392
6264,140101,1,14,27,FALSE,6393
6265,140101,1,14,27,FALSE,6394
6266,142507,5,14,412,FALSE,6395
6267,202116,5,0,122,FALSE,6396
6268,200401,4,0,168,FALSE,6397
6269,140133,1,14,1,FALSE,6398
6270,90102,2,9,28,FALSE,6399
6271,140101,1,14,27,FALSE,6400
6272,142531,3,14,329,FALSE,6401
6273,201305,5,0,114,FALSE,6402
6274,200709,4,0,239,FALSE,6403
6275,90401,3,9,3,FALSE,6404
6276,201104,5,0,205,FALSE,6405
6277,200201,4,0,100,FALSE,6406
6278,140128,1,14,308,FALSE,6407
6279,140101,1,14,27,FALSE,6408
6280,140101,1,14,27,FALSE,6409
6281,140133,1,14,1,FALSE,6410
6282,140101,1,14,27,FALSE,6411
6283,200201,4,0,100,FALSE,6412
6284,140101,1,14,27,FALSE,6413
6285,202106,5,0,171,FALSE,6414
6286,140101,1,14,27,FALSE,6415
6287,202106,5,0,171,FALSE,6416
6288,202116,0,0,122,TRUE,6417
6289,201201,5,0,170,TRUE,6418
6290,201704,4,0,208,FALSE,6419
6291,140101,1,14,27,TRUE,6420
6292,200201,4,0,100,FALSE,6421
6293,201802,5,0,143,TRUE,6422
6294,140101,1,14,27,FALSE,6423
6295,200201,4,0,100,FALSE,6424
6296,140133,1,14,1,FALSE,6425
6297,140133,1,14,1,FALSE,6426
6298,141802,1,14,319,FALSE,6427
6298,201001,0,0,104,FALSE,6605
6299,142303,1,14,336,FALSE,6428
6300,140101,1,14,27,FALSE,6429
6301,200710,4,0,111,TRUE,6430
6302,140133,1,14,1,FALSE,6431
6303,140101,1,14,27,FALSE,6432
6304,201503,4,0,185,FALSE,6433
6305,200506,5,0,151,FALSE,6434
6306,140101,1,14,27,FALSE,6435
6307,200201,4,0,100,FALSE,6436
6308,140101,1,14,27,FALSE,6437
6309,140133,1,14,1,FALSE,6438
6310,70305,2,7,4,FALSE,6439
6311,200201,4,0,100,FALSE,6440
6312,140101,1,14,27,FALSE,6441
6313,90102,2,9,28,FALSE,6442
6314,200205,4,0,215,FALSE,6443
6315,202301,5,0,232,FALSE,6444
6316,140101,1,14,27,FALSE,6445
6317,201006,5,0,234,TRUE,6446
6318,201406,5,0,219,FALSE,6447
6319,140101,1,14,27,FALSE,6448
6320,140101,1,14,27,FALSE,6449
6321,201802,5,0,143,FALSE,6450
6322,201406,5,0,219,FALSE,6451
6323,202116,5,0,122,FALSE,6452
6324,140133,1,14,27,FALSE,6453
6325,140101,1,14,27,FALSE,6454
6326,200201,4,0,100,FALSE,6455
6327,201704,4,0,208,TRUE,6456
6328,140401,4,14,8,TRUE,6457
6329,201307,5,0,113,TRUE,6458
6330,200201,4,0,100,FALSE,6459
6331,201006,5,0,234,TRUE,6460
6332,140101,1,14,27,FALSE,6461
6333,141202,1,14,328,FALSE,6462
6334,200502,4,0,145,TRUE,6463
6335,140101,1,14,27,FALSE,6464
6336,140101,1,14,27,FALSE,6465
6337,202106,5,0,171,FALSE,6607
6337,202703,4,0,214,FALSE,6466
6338,201201,5,0,170,TRUE,6467
6339,140101,1,14,27,FALSE,6468
6340,100308,2,10,319,FALSE,6469
6341,201201,5,0,170,TRUE,6470
6342,140101,1,14,27,FALSE,6471
6343,200711,4,0,16,FALSE,6472
6344,140101,1,14,27,FALSE,6473
6345,140101,1,14,27,FALSE,6474
6346,201001,5,0,104,TRUE,6475
6347,20101,2,2,28,FALSE,6476
6348,140101,1,14,27,FALSE,6477
6349,202116,5,0,122,TRUE,6478
6349,140133,1,14,27,FALSE,6611
6350,202116,5,0,122,TRUE,6479
6351,200201,4,0,100,FALSE,6480
6352,200710,4,0,111,TRUE,6481
6353,140101,1,14,27,FALSE,6482
6354,10401,3,1,3,FALSE,6483
6355,140101,1,14,27,FALSE,6484
6356,140101,1,14,27,FALSE,6485
6357,142601,1,14,27,FALSE,6486
6358,201004,5,0,231,FALSE,6487
6359,201004,5,0,231,FALSE,6488
6360,140101,1,14,27,FALSE,6489
6361,140101,1,14,27,FALSE,6490
6362,201006,5,0,234,FALSE,6491
6363,202501,4,0,240,FALSE,6492
6364,140101,1,14,27,FALSE,6493
6365,140101,1,14,27,FALSE,6494
6366,140101,1,14,27,FALSE,6495
6367,140101,1,14,27,TRUE,6496
6368,140116,1,14,371,FALSE,6497
6369,202116,5,0,122,TRUE,6498
6370,140802,4,14,338,FALSE,6499
6371,140101,1,14,27,FALSE,6500
6372,200702,5,0,216,FALSE,6501
6373,70302,2,7,122,FALSE,6502
6374,140141,1,14,369,FALSE,6503
6375,200502,4,0,145,FALSE,6504
6376,202108,5,0,238,FALSE,6505
6377,140101,1,14,27,FALSE,6506
6378,140101,1,14,27,FALSE,6507
6379,200201,4,0,100,FALSE,6508
6380,140101,1,14,27,FALSE,6509
6381,202116,5,0,122,FALSE,6510
6382,140101,1,14,27,FALSE,6511
6383,202116,5,0,122,FALSE,6512
6384,140101,1,14,27,FALSE,6513
6385,10401,3,1,3,FALSE,6514
6386,202011,5,0,216,FALSE,6515
6387,50101,2,5,28,FALSE,6516
6388,140101,1,14,27,FALSE,6517
6389,202115,5,0,156,FALSE,6518
6780,50102,2,5,7,FALSE,6519
6781,10102,2,1,7,FALSE,6520
6782,200101,4,0,137,FALSE,6522
6783,200710,4,0,111,FALSE,6523
6784,200711,4,1,16,FALSE,6524
6785,200711,5,0,16,TRUE,6525
6786,201301,5,0,138,FALSE,6526
6787,201301,5,0,138,FALSE,6527
6788,201301,5,0,138,FALSE,6528
6789,201301,5,0,138,FALSE,6529
6790,201301,5,0,138,FALSE,6530
6791,201301,5,0,138,FALSE,6531
6792,201301,5,0,138,FALSE,6532
6793,201301,5,0,138,FALSE,6533
6794,201301,5,0,138,FALSE,6534
6795,201301,5,0,138,FALSE,6535
6796,201301,5,0,138,FALSE,6536
6797,200405,4,0,188,FALSE,6537
6798,200405,4,0,188,FALSE,6538
6799,140101,1,14,27,FALSE,6539
6800,140101,1,14,27,FALSE,6540
6801,201502,4,0,237,TRUE,6541
6801,202405,5,0,102,TRUE,6542
6802,140108,1,14,368,FALSE,6543
6802,140145,1,14,363,FALSE,6544
6803,140101,1,14,27,FALSE,6545
6804,140108,1,14,368,FALSE,6546
6804,140145,1,14,363,FALSE,6547
6805,202401,4,0,177,TRUE,6548
6806,201102,4,0,220,FALSE,6549
6807,140101,1,14,27,FALSE,6550
6808,142507,5,14,412,FALSE,6551
6809,140133,1,14,1,FALSE,6552
6810,90102,2,9,28,FALSE,6553
6811,201305,5,0,114,FALSE,6554
6812,140101,1,14,27,FALSE,6555
6813,200201,4,0,100,FALSE,6556
6814,202101,5,0,184,FALSE,6557
6815,140101,1,14,27,FALSE,6558
6816,90102,2,9,28,FALSE,6559
6817,90102,2,9,28,FALSE,6560
6818,90102,2,9,28,FALSE,6561
6819,140101,1,14,27,FALSE,6562
6820,140101,1,14,27,FALSE,6563
6821,140101,1,14,27,FALSE,6564
6822,140101,1,14,27,FALSE,6565
6823,140101,1,14,27,FALSE,6566
6824,140101,1,14,27,FALSE,6567
6825,140401,4,14,8,TRUE,6568
6826,140101,1,14,27,FALSE,6569
6827,140101,1,14,27,FALSE,6570
6828,202106,5,0,171,FALSE,6608
6828,202703,4,0,214,FALSE,6571
6829,140101,1,14,27,FALSE,6572
6830,140101,1,14,27,FALSE,6573
6831,20101,2,2,28,FALSE,6574
6832,20101,2,2,28,FALSE,6575
6833,140101,1,14,27,FALSE,6576
6834,140101,1,14,27,FALSE,6577
6835,140101,1,14,27,FALSE,6578
6836,140101,1,14,27,FALSE,6579
6837,140101,1,14,27,FALSE,6580
6838,202501,4,0,240,FALSE,6581
6839,200201,4,0,100,FALSE,6582
6840,202501,4,0,240,FALSE,6583
6841,140101,1,14,27,TRUE,6584
6842,140116,1,14,371,FALSE,6585
6843,140116,1,14,371,FALSE,6586
6844,140116,1,14,371,FALSE,6587
6845,140116,1,14,371,FALSE,6588
6846,140116,1,14,371,FALSE,6589
6847,140116,1,14,371,FALSE,6590
6848,140101,1,14,27,FALSE,6591
6849,140141,1,14,369,FALSE,6592
6850,200502,4,0,145,FALSE,6593
6851,202116,5,0,122,FALSE,6594
6852,140101,1,14,27,FALSE,6613
6853,201306,5,0,114,FALSE,6614
6854,200401,4,0,168,FALSE,6615
6854,200402,4,0,253,FALSE,6616
6855,140133,1,14,1,FALSE,6624
6856,140101,1,14,27,FALSE,6637
6857,140101,1,14,27,FALSE,6625
6858,140101,1,14,27,FALSE,6626
6859,140133,1,14,1,FALSE,6627
6860,200201,4,0,100,FALSE,6628
6861,30101,2,3,28,FALSE,6629
6862,200201,4,0,100,FALSE,6630
6863,200201,4,0,100,FALSE,6631
6864,30101,2,3,28,FALSE,6632
6865,200711,4,0,16,FALSE,6633
6866,140101,1,14,27,TRUE,6634
6867,140101,1,14,27,TRUE,6635
6868,140101,1,14,27,TRUE,6636
6869,140101,1,14,27,FALSE,6638
6870,200201,4,0,100,FALSE,6639
6871,200201,4,0,100,FALSE,6640
6872,140101,1,14,27,FALSE,6641
6873,140101,1,14,27,FALSE,6642
6874,200201,4,0,100,FALSE,6643
6875,140101,1,14,27,FALSE,6644
6875,10101,2,1,28,FALSE,6645
6876,200201,4,0,100,FALSE,6646
6877,200201,4,0,100,FALSE,6647
6878,140101,1,14,27,FALSE,6648
6879,200201,4,0,100,FALSE,6649
6880,140101,1,14,27,FALSE,6650
6881,140101,1,14,27,FALSE,6651
6882,140101,1,14,27,FALSE,6652
6883,200201,4,0,100,FALSE,6653
6885,200201,4,0,100,FALSE,6654
6886,200201,4,0,100,FALSE,6655
6887,140101,1,14,27,FALSE,6656
6888,200201,4,0,100,FALSE,6657
6889,140101,1,14,27,FALSE,6658
6890,140101,1,14,27,FALSE,6659
6891,200401,4,0,168,FALSE,6660
6892,200201,4,0,100,FALSE,6661
6893,200201,4,0,100,FALSE,6662
6894,202501,4,0,240,FALSE,6663
6895,202002,5,0,192,FALSE,6664
6896,200201,4,0,100,FALSE,6665
6897,140101,1,14,27,FALSE,6666
6898,200710,4,0,216,FALSE,6667
6899,202111,5,0,141,FALSE,6668
6899,201103,5,0,191,FALSE,6669
6900,140101,1,0,27,FALSE,6670
6901,200201,4,14,100,FALSE,6671
6902,140101,1,14,27,FALSE,6672
6903,200201,4,0,100,FALSE,6673
6904,200201,4,0,100,FALSE,6674
6905,60401,3,6,3,FALSE,6675
6906,140101,1,14,27,FALSE,6676
6907,140101,1,14,27,FALSE,6677
6908,200201,4,0,100,FALSE,6678
6909,200201,4,0,100,FALSE,6679
6910,202112,5,0,120,FALSE,6680
6912,90208,2,9,7,FALSE,6681
6913,202101,5,0,184,FALSE,6682
6914,140101,1,14,27,FALSE,6683
6915,140101,1,14,27,FALSE,6684
6916,140101,1,14,27,FALSE,6685
6917,140101,1,14,27,FALSE,6686
6918,202101,5,0,184,FALSE,6687
6918,201704,4,0,208,TRUE,6688
6919,140101,1,14,27,FALSE,6689
6920,140101,1,14,27,FALSE,6690
6921,200201,4,0,100,FALSE,6691
6922,200401,4,0,168,FALSE,6692
6923,140101,1,14,27,FALSE,6693
6924,140101,1,14,27,FALSE,6694
6925,140101,1,14,27,FALSE,6695
6929,200201,4,0,100,FALSE,6700
6931,140101,1,14,27,FALSE,6701
6932,140101,1,14,27,FALSE,6702
6933,140203,2,7,4,FALSE,6703
6933,140811,5,0,190,FALSE,6704
6934,200201,4,0,100,FALSE,6705
6935,140101,1,14,27,FALSE,6706
6936,200201,4,0,100,FALSE,6707
6937,140101,1,14,27,FALSE,6708
6938,140101,1,14,27,FALSE,6709
6939,200201,4,0,100,FALSE,6713
6940,140101,1,14,27,FALSE,6710
6941,200201,4,0,100,FALSE,6748
6942,200201,4,0,100,FALSE,6749
6943,140101,1,14,27,FALSE,6711
6944,201202,5,0,170,FALSE,6750
6945,200201,4,0,100,FALSE,6712
6946,200201,4,0,100,FALSE,6721
6947,200201,4,0,100,FALSE,6722
6948,90102,2,9,4,FALSE,6723
6949,200201,4,0,100,FALSE,6724
6950,140101,1,14,27,FALSE,6725
6951,200402,4,10,253,FALSE,6726
6952,140101,1,14,27,FALSE,6727
6953,200001,4,0,216,FALSE,6728
6954,140101,1,14,27,FALSE,6729
6955,140145,1,14,5,FALSE,6737
6955,140108,1,14,368,FALSE,6735
6956,140101,1,14,27,FALSE,6732
6957,140101,1,14,27,FALSE,6730
6958,140101,1,14,27,FALSE,6731
6959,140901,1,14,368,FALSE,6734
6960,200201,4,0,126,FALSE,6747
6960,140101,1,14,27,FALSE,6746
6961,10102,2,1,4,FALSE,6743
6962,140101,1,14,27,FALSE,6733
6963,201502,5,0,216,TRUE,6742
6964,200201,4,0,100,FALSE,6741
6965,200201,4,0,100,FALSE,6763
6965,140101,1,14,27,FALSE,6739
6965,202402,4,0,236,FALSE,6740
6966,140134,2,7,7,FALSE,6720
6967,90303,2,9,4,FALSE,6719
6968,140101,1,14,27,FALSE,6718
6969,140101,1,14,27,FALSE,6717
6970,110205,2,11,2,FALSE,6716
6971,140101,1,14,27,FALSE,6715
6972,140101,1,14,27,FALSE,6714
6975,140133,1,14,1,FALSE,6751
6975,90102,2,9,327,FALSE,6752
6976,202106,5,0,171,FALSE,6770
6977,200201,4,0,100,FALSE,6754
6978,140101,1,14,27,FALSE,6794
6979,140101,1,14,27,FALSE,6755
6980,140101,1,14,27,FALSE,6758
6981,140101,1,14,27,FALSE,6756
6982,140101,1,14,27,FALSE,6757
6984,140101,1,14,27,FALSE,6759
6986,200201,4,0,100,FALSE,6760
6987,140101,1,14,27,FALSE,6761
6988,200201,4,0,100,FALSE,6762
6989,140101,1,14,27,FALSE,6764
6990,140101,1,14,27,FALSE,6765
6991,200201,4,0,100,FALSE,6766
6991,200201,4,0,100,FALSE,6767
6992,200201,4,0,100,FALSE,6768
6993,140101,1,14,27,FALSE,6769
6994,200408,4,0,202,FALSE,6799
6995,140101,1,14,27,FALSE,6795
6996,140101,1,14,27,FALSE,6796
6997,140101,1,14,27,FALSE,6797
6998,140101,1,14,27,FALSE,6798
6999,201307,5,0,113,TRUE,6771
7000,140101,1,14,27,FALSE,6772
7001,200505,5,9,248,TRUE,6773
7002,202704,4,0,195,TRUE,6774
7003,20101,2,2,28,TRUE,6775
7004,201202,5,9,170,TRUE,6776
7005,200408,4,0,202,TRUE,6777
7005,140133,1,14,1,TRUE,6778
7006,10101,2,1,28,FALSE,6779
7006,10215,3,1,3,FALSE,6780
7007,201306,5,0,114,TRUE,6781
7008,201306,5,0,114,TRUE,6782
7009,142502,5,14,329,FALSE,6783
7009,140133,1,14,1,FALSE,6784
7010,20303,2,2,4,FALSE,6785
7011,201202,5,7,170,TRUE,6787
7011,140133,1,14,1,FALSE,6786
7012,200203,4,0,126,TRUE,6788
7013,140101,1,14,27,FALSE,6789
7014,140133,1,14,1,FALSE,6790
7015,200505,5,0,249,FALSE,6791
7016,140101,1,14,27,FALSE,6792
7017,202112,5,0,120,TRUE,6793
7018,202009,5,0,362,FALSE,6800
7019,200201,4,0,100,FALSE,6802
7020,140108,4,14,19,FALSE,6803
7021,140101,1,14,27,FALSE,6805
7022,200201,4,0,100,FALSE,6806
7023,200201,4,0,100,FALSE,6807
7024,140101,1,14,27,FALSE,6808
7026,140101,1,14,27,FALSE,6810
7027,140101,1,14,27,FALSE,6811
7028,140101,1,14,27,FALSE,6812
7029,140101,1,14,27,FALSE,6813
7030,140101,1,14,27,FALSE,6814
7031,140101,1,14,27,FALSE,6815
7033,201202,3,0,170,TRUE,6817
7034,202001,5,0,192,TRUE,6818
7035,100102,2,10,28,FALSE,6819
7036,140101,1,14,27,FALSE,6820
7037,140101,1,14,27,FALSE,6821
7038,140101,1,14,27,FALSE,6822
7039,140101,1,14,27,FALSE,6823
7040,200712,5,0,122,FALSE,6824
7041,70401,3,7,3,FALSE,6825
7042,200201,4,0,100,FALSE,6826
7043,201302,4,0,135,FALSE,6828
7043,201302,4,0,135,FALSE,6832
7043,201302,4,0,135,FALSE,6831
7043,201302,5,0,135,FALSE,6829
7043,200710,4,0,111,FALSE,6827
7043,201302,4,0,135,FALSE,6830
7044,200405,4,0,188,TRUE,6833
7045,140101,1,14,27,FALSE,6834
7046,140101,1,14,27,FALSE,6835
7047,202011,5,0,122,FALSE,6839
7047,90102,2,9,4,FALSE,6836
7047,202001,5,0,192,FALSE,6837
7047,202011,5,0,122,FALSE,6838
7048,140101,1,14,27,FALSE,6840
7049,90102,2,9,4,FALSE,6841
7049,90214,5,0,7,FALSE,6842
7050,90102,2,9,4,FALSE,6843
7050,90214,5,0,7,FALSE,6844
7051,140101,1,14,27,FALSE,6845
7052,200201,4,0,100,FALSE,6847
7053,200201,4,0,100,FALSE,6848
7054,200201,4,0,100,FALSE,6850
7054,200201,4,0,100,FALSE,6849
7055,140101,1,14,27,FALSE,6851
7056,140101,1,14,27,FALSE,6852
7058,140101,1,14,27,FALSE,6853
7059,140101,1,14,27,FALSE,6854
7060,140133,1,14,27,FALSE,6855
7061,201502,4,0,173,TRUE,6856
7062,140101,1,14,27,FALSE,6857
7063,200201,4,0,100,FALSE,6858
7064,200201,4,0,100,FALSE,6859
7065,200201,4,0,100,FALSE,6860
7066,202117,5,0,139,TRUE,6861
7067,140101,1,14,27,FALSE,6862