issueAreaCan,issueCan,issueAreaUS,issueUS,juryInstruction,decisionDirection,decisionDirectionDissent,majorityVotes,dissentVotes,primaryCaseID,issueID,caseIssueID
18,1802,12,120010,0,1,0,5,0,59,1,1
9,905,10,100130,0,2,0,7,0,60,2,1
6,606,13,130020,0,3,0,7,0,60,3,2
8,824,1,10220,1,2,2,3,2,61,4,1
7,719,14,140030,0,3,1,3,2,62,5,1
8,808,1,10600,0,1,1,3,2,63,6,1
7,715,14,140030,0,3,0,5,0,64,7,1
3,303,2,20270,0,2,0,9,0,65,8,1
19,1914,8,80060,0,2,1,4,1,66,9,1
19,1916,14,140060,0,1,1,5,2,67,10,1
18,1805,12,120010,0,1,0,7,0,68,11,1
10,1003,8,80060,0,1,0,5,0,69,12,1
6,608,14,140080,0,1,0,5,0,70,13,1
9,912,10,100130,0,2,1,4,3,71,14,1
7,720,14,140030,0,3,2,5,2,72,15,1
9,912,10,100130,0,2,1,5,2,73,16,1
4,404,13,130020,0,3,0,5,2,73,17,2
19,1916,14,140060,0,1,0,5,0,74,18,1
7,709,14,140030,0,2,1,3,2,75,19,1
19,1903,14,140060,0,1,1,3,2,76,20,1
19,1903,14,140060,0,1,1,4,1,77,21,1
16,1604,14,140010,0,3,1,6,3,78,22,1
16,1604,14,140010,0,2,1,6,3,79,23,1
7,701,14,140030,0,1,1,3,2,80,24,1
19,1916,14,140060,0,1,1,4,1,81,25,1
4,432,9,90320,0,3,0,5,0,82,26,1
19,1905,8,80070,0,3,0,5,0,83,27,1
19,1909,14,140060,0,3,0,5,0,84,28,1
6,606,13,130020,0,2,0,6,0,85,29,1
18,1811,8,80100,0,2,0,7,0,86,30,1
9,911,10,100130,0,1,0,7,0,86,31,2
19,1901,14,140060,0,3,1,4,1,87,32,1
19,1903,14,140060,0,3,0,5,0,88,33,1
21,2102,13,130020,0,3,0,5,0,89,34,1
19,1904,8,80060,0,1,0,5,0,90,35,1
7,704,14,140030,0,3,0,7,0,91,36,1
8,808,1,10330,0,3,0,9,0,92,37,1
8,838,1,10570,0,2,1,4,1,93,38,1
16,1601,4,40070,0,2,0,5,0,94,39,1
18,1813,12,120010,0,1,0,5,0,95,40,1
12,1201,8,80190,0,3,2,3,2,96,41,1
19,1901,14,140060,0,3,2,4,1,97,42,1
8,812,1,10570,0,1,1,4,1,98,43,1
19,1917,3,30030,0,2,0,5,0,99,44,1
19,1906,14,140060,0,3,0,5,0,100,45,1
21,2101,13,130020,0,3,0,5,0,101,46,1
7,706,14,140030,0,3,0,5,0,102,47,1
11,1113,13,130020,0,3,0,5,0,103,48,1
20,2007,14,140070,0,3,0,5,0,104,49,1
6,606,13,130020,0,1,0,5,0,105,50,1
7,709,14,140030,0,2,0,5,0,106,51,1
8,812,1,10570,1,2,1,3,2,107,52,1
4,422,14,140050,0,3,2,3,2,108,53,1
18,1802,12,120010,0,1,1,3,2,109,54,1
19,1906,14,140060,0,3,1,3,2,110,55,1
2,207,8,80160,0,3,0,5,0,111,56,1
4,424,14,140050,0,3,0,5,0,112,57,1
17,1708,8,80350,0,3,1,3,2,113,58,1
8,824,1,10220,1,2,1,7,2,114,59,1
16,1604,14,140010,0,3,0,5,0,115,60,1
20,2009,14,140070,0,3,0,5,0,116,61,1
7,706,14,140030,0,3,0,9,0,117,62,1
19,1916,14,140060,0,3,0,5,0,118,63,1
6,614,14,140080,0,2,0,5,0,119,64,1
8,824,1,10220,0,1,1,6,3,120,65,1
20,2002,14,140070,0,3,1,3,2,121,66,1
18,1813,12,120010,0,1,1,4,1,122,67,1
18,1811,8,80100,0,2,0,5,0,123,68,1
18,1805,12,120010,0,2,0,5,0,124,69,1
14,1403,7,70010,0,2,0,5,0,125,70,1
19,1903,14,140060,0,3,0,5,0,126,71,1
11,1106,14,140020,1,3,0,5,0,127,72,1
7,719,14,140030,0,3,0,5,0,128,73,1
8,812,1,10570,0,2,0,8,0,129,74,1
17,1707,8,80150,0,3,0,5,0,130,75,1
8,824,1,10220,0,2,1,8,1,131,76,1
5,514,1,10020,0,1,0,5,0,132,77,1
3,302,2,20110,0,1,0,5,0,132,78,2
7,720,14,140030,0,3,0,5,0,133,79,1
2,210,9,90120,0,3,0,5,0,134,80,1
19,1911,14,140060,0,3,0,5,0,135,81,1
13,1303,1,10600,0,2,0,9,0,136,82,1
4,420,1,10600,0,3,0,9,0,136,83,2
11,1109,13,130020,0,3,0,5,0,137,84,1
18,1802,12,120010,0,1,1,3,2,138,85,1
8,820,1,10270,0,1,0,5,0,139,86,1
9,911,10,100130,0,2,0,5,0,139,87,2
7,702,14,140030,0,1,0,5,0,140,88,1
3,302,2,20110,0,1,0,9,0,141,89,1
19,1916,14,140060,0,3,1,3,2,142,90,1
19,1902,14,140060,0,3,1,4,1,143,91,1
7,702,14,140030,0,3,0,5,0,144,92,1
7,719,14,140030,0,3,0,5,0,145,93,1
12,1204,8,80180,0,3,0,5,0,146,94,1
8,810,1,10570,0,1,1,5,4,147,95,1
18,1811,8,80100,0,1,1,5,4,148,96,1
20,2007,14,140070,0,3,1,3,2,149,97,1
14,1415,7,70200,0,1,1,3,2,150,98,1
20,2009,14,140070,0,3,1,4,1,151,99,1
12,1204,8,80180,0,3,1,4,1,152,100,1
17,1707,8,80110,0,2,1,4,1,153,101,1
6,613,8,80030,0,3,0,5,0,154,102,1
18,1811,8,80100,0,2,0,5,0,155,103,1
9,905,10,100130,0,2,1,7,2,156,104,1
7,709,14,140030,0,1,1,4,1,157,105,1
8,824,1,10220,1,1,1,4,1,158,106,1
8,832,1,10560,0,1,1,4,1,159,107,2
18,1802,12,120010,0,2,0,5,0,160,108,1
6,606,13,130020,0,3,0,5,0,161,109,1
16,1604,14,140010,0,3,0,5,0,162,110,1
7,709,14,140030,0,1,0,5,0,163,111,1
4,420,9,90330,0,3,0,5,0,164,112,2
11,1109,13,130020,0,3,0,5,0,164,113,1
11,1113,13,130020,0,3,0,5,0,165,114,2
16,1604,14,140010,0,3,0,5,0,165,115,1
8,829,1,10030,0,2,0,5,0,166,116,1
18,1802,12,120010,0,1,0,5,0,167,117,1
8,816,1,10330,0,1,0,5,0,159,118,1
18,1802,12,120010,0,2,1,3,2,168,119,1
7,706,14,140030,0,1,1,4,1,169,120,1
19,1903,14,140060,0,3,1,4,1,170,121,1
4,429,14,140050,0,3,0,5,0,171,122,1
14,1410,7,70080,0,2,0,5,0,172,123,1
17,1707,8,80150,0,3,0,5,0,173,124,1
18,1802,12,120010,0,1,0,5,0,174,125,1
18,1802,12,120010,0,2,0,5,0,175,126,1
8,812,1,10570,0,1,0,5,0,176,127,1
21,2102,13,130020,0,3,0,5,0,177,128,1
7,705,14,140030,0,3,1,4,1,178,129,1
9,902,10,100130,0,2,0,9,0,179,130,1
18,1802,12,120010,0,2,0,5,0,180,131,1
16,1604,14,140010,0,1,1,3,2,181,132,1
18,1802,12,120010,0,1,1,3,2,182,133,1
19,1901,14,140060,0,3,1,4,1,183,134,1
14,1413,7,70200,0,2,0,5,0,184,135,1
4,420,9,90330,0,3,0,7,0,185,136,1
9,904,10,100130,0,2,0,7,0,186,137,1
19,1904,8,80060,0,3,0,9,0,187,138,1
8,824,1,10220,1,2,0,5,0,188,139,1
8,824,1,10220,1,2,1,4,3,189,140,1
8,812,1,10570,0,1,1,5,1,190,141,1
19,1901,14,140060,0,3,0,4,0,191,142,1
4,420,9,90330,0,3,0,5,0,192,143,1
19,1908,14,140060,0,3,1,4,1,193,144,1
8,823,9,90520,0,3,0,5,0,194,145,1
2,210,9,90120,0,1,0,6,0,195,146,1
9,910,10,100130,0,1,0,8,0,196,147,1
17,1711,8,80270,0,3,0,5,0,197,148,1
8,836,1,10600,0,1,1,5,2,198,149,1
7,719,14,140030,0,2,1,3,1,199,150,1
11,1113,13,130020,0,3,0,3,1,200,151,1
14,1408,7,70200,0,1,0,5,0,201,152,1
2,205,9,90120,0,3,0,5,0,202,153,1
14,1415,7,70200,0,2,0,5,0,203,154,1
19,1915,14,140060,0,3,0,5,0,204,155,1
9,902,10,100130,0,2,0,6,0,205,156,1
4,411,14,10330,1,3,0,3,2,206,157,1
19,1901,14,140060,0,3,0,3,1,207,158,1
16,1602,14,140010,0,3,0,4,0,208,159,1
16,1609,14,140010,0,3,0,4,0,208,160,2
7,709,14,140030,0,1,0,5,0,209,161,1
4,430,14,140050,0,3,0,5,0,210,162,1
19,1904,3,30030,1,3,0,5,0,211,163,2
19,1917,3,30030,1,3,0,5,0,211,164,1
16,1607,14,140010,0,3,0,6,0,212,165,1
8,813,1,10330,0,2,0,5,0,213,166,1
16,1601,4,40070,0,3,0,3,2,214,167,1
2,210,9,90120,0,3,0,3,2,215,168,1
18,1805,12,120010,0,1,1,4,1,216,169,1
11,1109,13,130020,0,3,0,5,0,217,170,1
19,1916,14,140060,0,3,0,5,0,218,171,1
14,1412,7,70200,0,2,0,5,0,219,172,1
18,1805,12,120010,0,2,0,5,0,220,173,1
8,807,1,10570,0,2,1,7,0,221,174,1
16,1601,4,40070,0,3,0,4,1,222,175,1
8,807,1,10600,0,1,1,6,1,223,176,1
20,2005,14,140070,0,3,0,5,0,224,177,1
6,602,8,80030,0,1,1,5,0,225,178,1
6,614,14,140080,0,3,0,5,0,226,179,1
4,414,4,40050,0,3,0,5,0,227,180,2
4,418,9,90500,0,3,0,5,0,227,181,1
8,808,1,10600,0,1,0,7,0,228,182,1
19,1916,14,140060,0,3,1,3,2,229,183,1
19,1906,14,140060,0,3,1,3,2,230,184,1
19,1915,14,140060,0,3,0,5,0,231,185,1
7,709,14,140030,0,2,1,4,1,232,186,1
19,1909,14,140060,0,3,0,4,1,233,187,1
8,812,1,10570,0,2,1,6,1,234,188,1
8,836,1,10600,0,2,1,6,1,234,189,2
18,1804,12,120010,0,2,0,5,0,235,190,1
2,211,9,90120,0,3,0,5,0,236,191,2
18,1813,12,120010,0,3,0,5,0,236,192,1
19,1905,14,140060,0,3,0,5,0,237,193,1
8,812,1,10400,0,1,0,5,0,238,194,1
19,1906,14,140060,0,3,0,5,0,239,195,1
1,104,12,120010,0,1,0,7,0,240,196,1
8,810,1,10600,1,1,1,4,3,241,197,1
8,813,1,10330,0,1,1,3,2,242,198,2
8,834,1,10330,0,1,1,3,2,242,199,1
20,2009,14,140070,0,3,0,5,0,243,200,1
7,715,14,140030,0,3,0,5,0,244,201,1
7,719,14,140030,0,3,0,5,0,245,202,1
7,707,14,140030,0,3,1,3,2,246,203,1
7,703,8,80070,0,3,0,3,2,247,204,1
19,1914,14,140060,0,1,1,3,2,248,205,1
7,710,14,140030,0,2,1,4,1,249,206,1
10,1011,13,130020,0,3,0,5,0,250,207,1
10,1011,13,130020,0,3,0,5,0,251,208,1
20,2007,14,140070,0,3,0,5,0,252,209,1
19,1903,14,140060,0,3,0,5,0,253,210,2
19,1904,14,140060,0,3,0,5,0,253,211,1
20,2009,14,140070,0,3,0,5,0,253,212,3
8,809,1,10560,0,2,0,5,0,254,213,1
8,808,1,10600,0,1,0,5,0,255,214,1
19,1917,3,30030,1,3,0,5,0,256,215,1
17,1707,8,80150,0,3,0,5,0,257,216,1
2,213,9,90120,0,3,0,5,0,258,217,1
18,1812,8,80100,0,2,0,5,0,259,218,1
16,1609,14,140010,0,3,0,5,0,260,219,1
8,838,1,10570,0,1,0,7,0,261,220,1
8,813,1,10330,0,1,1,7,2,262,221,2
7,709,14,140030,0,2,0,4,1,263,222,1
7,708,14,140030,0,3,0,5,0,264,223,1
19,1914,14,140060,0,3,0,5,0,265,224,1
8,808,9,90350,0,3,0,9,0,262,225,1
4,432,9,90340,0,3,0,3,0,266,226,1
8,809,1,10560,0,2,0,5,0,267,227,1
10,1003,14,140070,0,3,0,3,2,268,228,1
8,816,1,10330,1,1,0,4,1,269,229,1
16,1601,4,40070,0,1,0,5,0,270,230,1
17,1707,8,80150,0,1,0,5,0,270,231,2
16,1601,4,40070,0,3,0,5,0,271,232,1
17,1707,8,80110,0,3,0,5,0,272,233,1
7,719,14,140030,0,3,0,5,0,273,234,1
21,2101,13,130020,0,3,0,5,0,274,235,2
7,705,14,140030,0,3,0,5,0,274,236,1
9,905,10,100130,0,1,1,5,3,275,237,1
18,1803,12,120010,0,2,1,7,2,276,238,1
6,605,14,140080,0,3,0,4,1,277,239,1
2,210,9,90120,0,3,1,4,1,278,240,1
16,1605,14,140010,0,3,0,5,0,279,241,1
7,701,14,140030,0,3,0,5,0,280,242,1
10,1002,8,80070,0,3,0,5,0,281,243,1
8,812,1,10220,1,1,1,5,2,282,244,1
8,808,1,10600,0,3,0,3,0,283,245,1
19,1905,14,140060,0,3,0,3,2,284,246,1
11,1105,13,130020,0,3,0,5,0,285,247,1
4,420,9,90350,0,3,0,8,1,286,248,3
9,902,10,100130,0,2,1,8,1,286,249,2
9,912,10,100130,0,2,1,8,1,286,250,1
11,1105,13,130020,0,3,0,5,0,287,251,1
17,1707,8,80150,0,3,0,5,0,288,252,1
2,211,9,90120,0,3,0,5,0,288,253,2
17,1712,8,80070,0,3,0,5,0,289,254,2
7,702,14,140030,0,3,0,5,0,289,255,1
18,1804,12,120010,0,2,1,3,2,290,256,1
4,430,9,90500,0,3,0,4,1,291,257,1
5,507,1,10170,0,1,1,4,1,292,258,1
16,1609,14,140010,0,3,0,5,0,293,259,1
17,1715,8,80350,0,3,0,7,0,294,260,1
7,709,14,140030,0,1,1,3,2,295,261,1
4,430,14,140050,0,3,0,5,0,296,262,1
11,1109,13,130020,0,3,0,5,0,297,263,2
16,1609,14,140010,0,3,0,5,0,297,264,1
18,1811,8,80100,0,2,0,5,0,298,265,1
14,1414,7,70060,0,1,0,5,0,299,266,1
8,816,1,10330,0,1,0,5,0,300,267,3
8,826,1,10360,0,1,0,5,0,300,268,2
17,1702,8,80010,0,1,0,5,0,300,269,1
18,1811,8,80100,0,2,0,5,0,301,270,1
20,2009,14,140070,0,3,0,4,1,302,271,1
19,1916,14,140060,0,3,1,3,2,303,272,1
8,812,1,10570,0,2,1,3,2,304,273,1
17,1707,8,80350,0,3,1,5,2,305,274,1
11,1105,13,130020,0,3,0,4,1,306,275,1
16,1602,14,140010,0,3,0,5,0,307,276,1
10,1007,14,140020,0,3,0,5,0,308,277,1
4,420,9,90350,0,3,0,5,0,309,278,3
7,706,14,140030,0,3,0,5,0,309,279,2
7,715,14,140030,0,3,0,5,0,309,280,1
7,709,14,140030,0,2,0,5,0,310,281,1
18,1813,12,120010,0,2,0,5,0,311,282,1
19,1915,14,140060,0,3,0,5,0,312,283,1
7,719,14,140030,0,3,0,5,0,313,284,1
7,707,14,140030,0,3,0,5,0,314,285,1
7,715,14,140030,0,3,0,4,0,315,286,1
11,1106,13,130020,0,3,1,4,3,316,287,1
18,1812,8,80100,0,2,1,3,2,317,288,1
8,809,1,10560,0,2,1,4,2,318,289,1
8,838,1,10570,0,2,1,4,2,318,290,2
16,1608,14,140080,0,3,0,3,1,319,291,1
17,1715,8,80230,0,3,0,4,1,320,292,1
18,1805,12,120010,0,2,1,4,1,321,293,1
18,1817,12,120010,0,2,1,4,1,322,294,1
7,715,14,140030,0,3,0,4,0,323,295,1
16,1604,14,140010,0,3,0,5,0,324,296,1
20,2009,14,140070,0,3,0,5,0,325,297,1
17,1715,8,80230,0,3,0,5,0,326,298,1
19,1916,8,80060,0,3,0,5,0,327,299,1
19,1912,14,140060,0,3,0,5,0,328,300,1
14,1417,7,70190,0,3,0,5,0,329,301,1
19,1916,14,140060,0,3,0,3,2,330,302,1
4,429,14,140050,0,3,0,3,2,331,303,1
19,1904,14,140060,0,3,0,5,0,332,304,1
7,709,14,140030,0,2,0,6,0,333,305,1
4,405,1,10080,0,1,0,7,0,334,306,1
4,420,9,90350,0,3,0,7,0,334,307,2
7,706,14,140030,0,3,0,3,2,335,308,1
7,706,14,140030,0,3,0,3,2,336,309,1
7,706,14,140030,0,3,0,3,2,337,310,1
19,1914,14,140060,0,3,0,4,1,338,311,1
19,1914,14,140060,0,3,0,5,0,339,312,1
4,404,14,140050,0,3,0,5,0,340,313,1
11,1105,13,130020,0,3,0,5,0,341,314,1
11,1109,13,130020,0,3,0,5,0,342,315,1
4,429,14,140050,0,3,0,5,0,342,316,2
4,424,14,140050,0,3,0,5,0,343,317,1
4,404,14,140050,0,3,0,5,0,344,318,1
7,706,14,140030,0,3,0,4,1,345,319,1
19,1908,14,140060,0,2,1,4,1,346,320,1
18,1802,12,120010,0,2,0,5,0,347,321,1
18,1806,8,80100,0,2,0,5,0,348,322,1
18,1805,12,120010,0,2,0,5,0,349,323,1
16,1608,14,140080,0,3,0,5,0,350,324,1
11,1113,13,130020,0,3,0,5,0,351,325,1
17,1715,8,80110,0,3,0,5,0,352,326,1
2,206,9,90120,0,3,0,5,0,353,327,1
9,904,10,100130,0,2,0,7,0,354,328,1
10,1007,14,140010,0,3,0,3,2,355,329,2
19,1916,14,140060,0,3,0,4,1,356,330,1
7,701,14,140030,0,3,0,5,0,355,331,1
14,1402,7,70210,0,2,1,4,1,357,332,1
18,1806,8,80110,0,2,1,4,1,358,333,1
4,411,14,140040,0,3,0,4,1,359,334,2
20,2009,14,140030,0,1,1,4,1,359,335,1
7,716,14,140030,0,3,0,4,1,359,336,3
19,1901,14,140060,0,3,0,5,0,360,337,1
16,1601,4,40070,0,3,0,5,0,361,338,1
2,210,9,90120,0,3,0,5,0,361,339,2
19,1914,14,140060,0,3,0,5,0,362,340,1
19,1901,14,140060,0,3,0,5,0,363,341,1
4,429,14,140050,0,3,0,5,0,364,342,1
18,1811,8,80100,0,1,0,5,0,365,343,1
13,1307,13,130020,0,3,0,5,0,366,344,1
18,1811,13,130020,0,3,0,5,0,366,345,2
6,606,14,140080,0,3,0,5,0,367,346,1
17,1711,8,80270,0,3,0,5,0,368,347,1
2,206,9,90120,0,3,0,5,0,368,348,2
18,1811,8,80100,0,2,0,5,0,369,349,1
4,410,14,140040,0,3,0,5,0,370,350,1
4,406,9,90100,0,3,0,5,0,370,351,3
19,1904,14,140060,0,3,0,5,0,370,352,2
19,1912,8,80060,0,3,0,5,0,371,353,1
7,709,14,140030,0,1,1,3,2,372,354,1
19,1906,14,140060,0,3,0,4,1,373,355,1
18,1813,12,120010,0,2,0,4,1,374,356,1
20,2008,14,140070,0,3,0,5,0,375,357,1
19,1903,14,140060,0,3,0,5,0,376,358,1
18,1814,12,120010,0,1,1,3,2,377,359,1
11,1106,13,130020,0,3,0,3,2,378,360,1
8,808,1,10600,0,1,1,3,2,379,361,1
7,719,14,140030,0,3,1,5,2,380,362,1
18,1806,8,80100,0,1,1,4,1,381,363,1
18,1804,12,120010,0,2,1,4,1,382,364,1
18,1813,12,120010,0,2,1,4,1,382,365,2
17,1715,8,80350,0,3,0,6,1,383,366,1
16,1606,14,140010,0,3,0,5,0,384,367,1
7,709,14,140030,0,1,0,5,0,385,368,1
18,1802,12,120010,0,2,0,5,0,386,369,1
13,1304,8,80230,0,3,0,5,0,387,370,1
8,838,1,10570,0,1,0,5,0,388,371,1
8,808,1,10600,0,1,0,5,0,388,372,2
8,823,1,10600,0,1,1,5,0,389,373,1
9,911,10,100130,0,1,0,9,0,390,374,1
19,1915,14,140060,0,3,0,3,2,391,375,1
2,211,9,90120,0,3,1,3,2,392,376,1
2,213,9,90120,0,3,1,3,2,392,377,2
18,1804,12,120010,0,2,1,4,1,393,378,1
19,1901,14,140060,0,3,0,5,0,394,379,1
20,2005,14,140070,0,3,0,5,0,395,380,1
18,1804,12,120010,0,1,0,5,0,396,381,1
16,1603,14,140020,0,1,0,5,0,396,382,2
9,905,10,100130,0,2,0,6,0,397,383,1
9,911,10,100130,0,1,0,8,0,398,384,1
9,904,10,100130,0,2,0,6,0,399,385,1
4,429,14,140050,0,3,1,3,2,400,386,1
19,1906,14,140060,0,3,0,5,0,401,387,1
7,702,14,140030,0,3,0,5,0,402,388,1
7,706,14,140030,0,3,0,5,0,402,389,2
19,1906,14,140060,0,3,0,5,0,403,390,1
4,420,9,90340,0,3,0,5,3,404,391,2
9,913,10,100130,0,2,1,5,3,404,392,1
20,2007,14,140070,0,3,0,3,2,405,393,1
16,1602,14,140010,0,3,0,5,0,406,394,1
16,1606,14,140010,0,3,0,5,0,407,395,1
7,710,14,140030,0,3,0,5,0,407,396,2
19,1901,14,140060,1,3,0,5,0,408,397,1
16,1601,4,40070,0,3,0,5,0,409,398,1
19,1914,14,140060,0,3,0,5,0,410,399,1
19,1915,8,80070,0,3,0,5,0,411,400,1
19,1904,14,140060,0,3,0,5,0,412,401,1
19,1901,14,140060,0,3,0,5,0,413,402,1
17,1707,8,80350,0,3,0,5,0,414,403,1
7,709,14,140030,0,1,0,5,0,415,404,1
14,1417,7,70030,0,1,1,4,3,416,405,1
2,204,9,90120,0,2,0,4,3,417,406,1
19,1908,14,140060,0,3,1,6,3,418,407,1
2,202,9,90120,0,2,2,6,3,419,408,1
2,205,9,90120,0,3,0,6,3,419,409,2
17,1715,8,80240,0,3,0,3,2,420,410,1
12,1204,8,80180,0,3,0,5,0,421,411,1
4,427,9,90160,0,3,0,5,0,422,412,1
7,705,14,140030,0,3,0,5,0,423,413,1
6,602,8,80030,0,3,0,5,0,424,414,1
11,1113,13,130020,0,3,0,5,0,425,415,1
17,1715,8,80230,0,3,0,7,0,426,416,1
2,210,9,90120,0,3,0,7,0,426,417,2
17,1715,8,80230,0,3,0,7,0,427,418,1
19,1914,8,80070,0,3,0,9,0,428,419,1
16,1602,14,140010,0,3,0,3,2,429,420,1
8,810,1,10600,1,1,1,6,1,430,421,1
19,1906,14,140060,0,3,0,5,0,431,422,1
6,606,14,140080,0,3,0,5,0,1,423,1
17,1715,8,80230,0,3,0,5,0,2,424,1
16,1607,14,140010,0,3,0,5,0,3,425,1
19,1916,14,140060,0,3,0,5,0,4,426,1
8,813,1,10330,0,1,0,5,0,5,427,1
19,1909,14,140060,0,3,0,5,0,6,428,1
19,1916,8,80060,0,3,0,5,0,7,429,1
12,1204,8,80180,0,3,0,5,0,8,430,1
12,1201,8,80190,0,3,0,3,2,9,431,1
19,1917,3,30030,0,3,0,3,2,10,432,1
19,1906,14,140060,0,3,1,5,2,11,433,1
16,1606,14,140010,0,3,0,5,0,12,434,1
17,1707,8,80150,0,3,0,5,0,13,435,1
8,834,1,10600,0,2,0,5,0,14,436,1
17,1707,8,80150,0,3,0,5,0,15,437,1
19,1906,14,140060,0,3,1,3,2,16,438,1
18,1802,12,120010,0,2,1,4,1,17,439,1
19,1903,14,140060,0,3,0,5,0,18,440,1
20,2009,14,140070,0,3,0,5,0,19,441,1
6,606,14,140080,0,3,0,5,0,20,442,1
16,1606,14,140010,0,3,0,5,0,21,443,1
18,1805,12,120010,0,2,0,5,0,22,444,1
18,1805,12,120010,0,2,0,5,0,23,445,1
7,709,14,140030,0,1,0,5,0,24,446,1
8,833,1,10600,0,2,0,5,0,25,447,1
18,1811,8,80100,0,1,0,5,0,26,448,1
9,911,10,100130,0,1,0,9,0,27,449,1
19,1916,14,140060,0,3,0,5,0,28,450,1
12,1201,8,80190,0,3,0,5,0,29,451,1
6,602,8,80030,0,3,0,5,0,30,452,1
7,719,14,140030,0,3,0,5,0,31,453,1
6,614,14,140080,0,3,0,3,2,32,454,1
18,1817,12,120010,0,1,0,5,0,33,455,1
19,1916,8,80070,0,1,0,5,0,34,456,2
7,709,14,140030,0,1,0,5,0,34,457,1
18,1802,12,120010,0,2,0,5,0,35,458,1
7,701,14,140040,0,3,0,5,0,36,459,1
11,1109,13,130020,0,3,0,5,0,37,460,1
11,1106,13,130020,0,3,0,5,0,38,461,1
8,834,1,10600,0,1,0,5,0,39,462,1
8,807,1,10570,0,3,0,7,0,40,463,1
17,1717,8,80350,0,3,0,9,0,41,464,1
19,1914,8,80070,0,3,0,3,2,42,465,1
7,716,14,140030,0,1,0,5,0,43,466,1
19,1914,14,140060,0,3,0,5,0,44,467,1
18,1805,12,120010,0,1,0,5,0,45,468,1
18,1802,12,120010,0,2,0,4,1,46,469,1
16,1601,4,40070,0,3,0,5,0,47,470,1
7,702,14,140030,0,3,0,5,0,48,471,1
7,706,14,140030,0,3,0,5,0,48,472,2
6,611,14,140080,0,3,0,5,0,48,473,3
18,1804,12,120010,,2,0,5,0,49,474,1
6,602,8,80030,0,3,0,5,0,50,475,1
4,426,9,90310,0,3,0,5,0,51,476,1
18,1811,8,80100,0,1,1,3,2,52,477,1
8,823,9,90340,0,1,1,4,1,53,478,1
7,701,14,140030,0,3,0,5,0,54,479,1
7,706,14,140030,0,3,0,5,0,54,480,2
2,211,9,90120,0,3,0,5,0,55,481,1
2,213,9,90120,0,3,0,5,0,55,482,2
7,709,14,140030,0,2,0,5,0,56,483,1
18,1802,12,120010,0,2,0,5,0,57,484,1
18,1802,12,120010,0,2,0,5,0,58,485,1
14,1410,7,70080,0,3,0,5,0,432,486,3
14,1402,8,80090,0,3,0,5,0,432,487,2
2,210,9,90120,0,3,0,5,0,432,488,1
19,1903,14,140060,0,3,0,5,0,433,489,2
19,1914,14,140060,0,3,0,5,0,433,490,1
6,606,13,130020,0,3,0,5,0,434,491,1
7,712,14,140050,0,2,0,5,0,434,492,2
9,911,10,100130,0,2,0,9,0,435,493,1
7,709,14,140030,0,2,0,9,0,436,494,1
16,1604,14,140010,0,3,0,3,2,437,495,1
8,816,1,10330,1,1,1,6,1,438,496,2
8,824,1,10330,1,1,1,6,1,438,498,3
7,710,14,140030,0,1,0,5,0,439,499,1
7,710,14,140030,0,1,0,5,0,440,500,1
8,807,1,10570,0,1,0,5,0,441,501,1
19,1916,14,140060,0,3,0,5,0,442,502,1
4,422,14,140050,0,3,0,5,0,443,503,1
19,1906,14,140060,0,3,0,5,0,444,504,1
21,2102,13,130020,0,3,1,3,2,445,505,1
19,1906,14,140060,0,1,1,4,1,446,506,2
19,1914,8,80070,0,1,1,4,1,446,507,1
2,211,9,90120,0,3,0,5,0,447,508,1
14,1409,7,70200,0,1,0,5,0,448,509,1
17,1707,8,80150,0,3,0,5,0,449,510,1
7,705,14,140030,0,3,0,7,0,450,511,1
8,829,1,10030,0,1,0,7,0,451,512,1
8,829,1,10030,0,2,0,7,0,452,513,1
8,829,1,10030,0,1,0,7,0,453,514,1
19,1917,3,30030,0,1,0,9,0,454,515,1
9,905,10,100130,0,1,0,9,0,455,516,1
18,1802,12,120010,0,1,1,3,2,456,517,1
18,1806,8,80100,0,1,1,3,2,457,518,1
6,602,8,80030,0,1,0,5,0,458,519,1
8,808,1,10600,0,1,1,4,3,459,520,1
18,1804,12,120010,0,2,1,4,1,460,521,1
8,812,1,10570,0,1,0,5,0,461,522,1
4,429,14,140050,0,3,0,5,0,622,523,1
16,1604,14,140010,0,3,0,5,0,623,524,1
8,813,1,10330,0,1,0,5,0,624,525,1
16,1609,14,140010,0,1,0,5,0,625,526,1
16,1601,4,40070,0,1,0,5,0,626,527,1
5,514,1,10020,0,1,0,7,0,627,528,1
16,1601,4,40070,0,2,0,7,0,628,529,1
18,1811,8,80100,0,1,0,9,0,629,530,1
20,2007,14,140070,0,3,0,5,0,630,531,1
7,708,14,140030,0,3,0,5,0,631,532,1
7,702,14,140030,0,3,1,4,1,632,533,1
9,912,10,100130,0,2,0,9,0,633,534,1
14,1403,7,70010,0,2,0,5,0,634,535,1
19,1906,14,140060,0,3,0,5,0,635,536,1
8,808,1,10600,0,1,0,5,0,636,537,1
18,1808,12,120010,0,2,0,5,0,637,538,1
10,1008,13,130020,0,3,0,5,0,638,539,1
21,2102,13,130020,0,3,0,5,0,639,540,1
9,912,10,100130,0,1,0,9,0,640,541,1
18,1813,12,120010,0,2,0,9,0,640,542,2
9,912,10,100130,0,2,0,9,0,641,543,1
18,1804,12,120010,0,1,0,9,0,641,544,2
7,702,14,140030,0,3,0,3,2,642,545,1
18,1813,12,120010,0,1,1,4,1,643,546,1
6,609,14,140080,0,3,0,5,0,644,547,1
12,1201,8,80190,0,3,0,5,0,645,548,1
7,702,14,140030,0,3,0,5,0,646,549,1
4,429,14,140050,0,3,0,5,0,647,550,1
7,702,14,140030,0,3,0,9,0,648,551,1
18,1802,12,120010,0,2,1,4,3,649,552,1
9,902,10,100130,0,1,1,6,3,650,553,1
9,902,10,100130,0,1,1,7,2,651,554,1
9,902,10,100130,0,1,1,7,2,652,555,1
2,214,9,90120,0,3,1,4,1,653,556,1
10,1011,13,130020,0,3,1,4,1,654,557,1
7,705,14,140030,0,1,0,5,0,655,558,1
7,709,14,140030,0,2,0,5,0,656,559,1
11,1105,13,130020,0,3,0,3,0,657,560,1
21,2102,13,130020,0,3,0,3,2,658,561,1
11,1109,13,130020,0,3,0,3,2,659,562,1
8,838,1,10570,0,2,1,3,2,660,563,1
18,1802,12,120010,0,2,1,4,1,661,564,1
16,1606,14,140010,0,3,1,4,1,662,565,1
8,810,1,10570,0,1,1,4,1,663,566,1
6,602,8,80030,0,1,0,5,0,664,567,1
8,808,1,10600,0,1,0,5,0,665,568,1
8,812,1,10570,0,2,0,5,0,666,569,1
8,816,1,10330,0,2,0,9,0,667,570,1
20,2008,14,140070,0,3,0,5,0,668,571,1
3,302,2,20110,0,1,0,9,0,669,572,1
19,1914,8,80070,0,3,0,5,0,670,573,1
8,834,1,10330,0,2,1,5,4,671,574,1
7,709,14,140030,0,1,1,4,1,672,575,1
19,1904,8,80070,0,3,0,4,1,673,576,1
12,1204,8,80180,0,3,0,5,0,674,577,1
7,706,14,140030,0,3,0,5,0,675,578,1
7,702,14,140030,0,3,0,5,0,676,579,1
19,1906,14,140060,0,3,0,5,0,677,580,1
8,813,1,10330,0,1,0,5,0,678,581,1
7,719,14,140030,0,3,0,5,0,679,582,1
7,706,14,140030,0,3,0,5,0,680,583,1
8,838,1,10570,0,2,0,5,0,681,584,1
18,1811,8,80100,0,2,0,9,0,682,585,1
14,1413,7,70200,0,2,0,9,0,683,586,1
11,1105,13,130020,0,3,0,3,2,684,587,1
21,2102,13,130020,0,3,0,5,0,685,588,1
18,1804,12,120010,0,2,0,5,0,686,589,1
8,808,1,10600,0,1,0,5,0,687,590,1
7,719,14,140030,0,3,0,5,0,688,591,1
4,422,14,140050,0,3,0,5,0,687,592,2
4,415,14,140050,0,3,0,7,0,689,593,1
19,1916,14,140060,0,3,0,5,0,690,594,1
16,1609,14,140010,0,3,0,5,0,691,595,1
8,834,1,10330,0,2,0,5,0,692,596,1
11,1105,13,130020,0,3,0,3,0,693,597,1
17,1702,8,80010,0,3,1,5,4,694,598,1
16,1601,4,40070,0,2,1,3,2,695,599,1
18,1804,12,120010,0,1,1,3,2,696,600,1
8,808,1,10600,0,1,0,3,0,697,601,1
2,216,9,90120,0,3,0,5,0,698,602,1
19,1906,14,140060,0,3,0,5,0,699,603,1
16,1604,14,140010,0,3,0,5,0,700,604,1
14,1415,7,70200,0,2,0,5,0,701,605,1
2,211,9,90120,0,3,0,5,0,702,606,1
4,420,9,90330,0,3,0,8,0,703,607,1
3,302,2,20110,0,1,0,9,0,704,608,1
14,1409,7,70200,0,1,1,4,1,705,609,1
2,212,9,90120,0,3,0,5,0,706,610,1
19,1906,14,140060,0,3,0,5,0,707,611,1
16,1601,4,40070,0,2,0,5,0,708,612,1
19,1917,3,30030,0,1,0,5,0,709,613,1
2,211,9,90120,0,3,0,5,0,710,614,1
8,809,1,10560,0,1,0,7,0,711,615,1
7,708,14,140030,0,3,0,9,0,712,616,1
8,824,1,10220,0,1,0,9,0,713,617,2
8,814,1,10330,0,1,0,9,0,713,618,1
16,1606,14,140010,0,3,1,4,1,714,619,1
19,1909,14,140060,0,3,0,5,0,715,620,1
19,1904,8,80070,0,3,0,5,0,716,621,1
19,1903,14,140060,0,3,0,5,0,716,622,2
6,611,8,80120,0,2,0,5,0,717,623,1
7,709,14,140030,0,2,0,5,0,718,625,1
6,609,14,140080,0,3,0,5,0,719,626,1
4,429,14,140050,0,3,0,5,0,720,627,1
14,1410,7,70080,0,1,0,9,0,721,628,1
19,1904,8,80070,0,3,0,5,0,722,629,1
8,838,1,10570,0,1,1,8,1,723,630,1
4,429,14,140050,0,3,0,5,0,724,631,1
18,1805,12,120010,0,1,0,5,0,725,632,1
6,612,13,130020,0,1,0,5,0,726,633,2
16,1604,14,140010,0,3,0,5,0,726,634,1
14,1414,7,70060,0,1,0,5,0,727,635,1
19,1904,8,80070,0,3,0,5,0,728,636,1
16,1601,4,40070,0,2,0,5,0,729,637,1
16,1601,4,40070,0,2,0,9,0,730,638,1
8,823,9,90520,0,2,0,9,0,731,639,1
8,824,1,10220,1,1,0,9,0,732,640,2
8,813,1,10330,0,1,0,9,0,732,641,1
8,836,1,10600,0,1,0,9,0,732,642,3
7,709,14,140030,0,1,1,3,2,733,643,1
7,702,14,140030,0,2,1,4,1,734,644,1
16,1601,4,40070,0,2,1,4,1,735,645,1
9,912,10,100130,0,1,1,6,1,736,646,1
7,707,14,140030,0,3,0,5,0,737,647,1
19,1904,8,80070,0,3,0,5,0,738,648,1
16,1606,14,140010,0,3,0,5,0,739,649,1
19,1904,8,80070,0,3,0,5,0,740,650,1
16,1604,14,140010,0,3,0,5,0,741,651,1
7,705,14,140030,0,1,0,5,0,742,652,1
7,706,14,140030,0,3,0,5,0,743,653,1
16,1601,4,40070,0,2,0,5,0,744,654,1
16,1604,14,140010,0,3,0,9,0,745,655,1
18,1804,12,120010,0,2,0,9,0,746,656,1
4,416,14,140050,0,3,0,9,0,746,657,2
18,1811,8,80100,0,2,0,9,0,747,658,1
7,706,14,140030,0,3,1,3,2,748,659,1
18,1802,12,120010,0,1,1,4,1,749,660,1
8,812,1,10570,0,2,0,5,0,750,661,1
14,1415,7,70200,0,1,1,6,1,751,662,1
2,216,9,90120,0,3,1,6,1,751,663,2
18,1802,12,120010,0,2,0,5,0,752,664,1
5,506,13,130020,0,1,0,5,0,753,665,1
4,420,9,90330,0,3,0,5,0,754,666,1
18,1808,12,120010,0,2,0,5,0,755,667,1
4,420,9,90330,0,3,0,5,0,756,668,2
19,1903,14,140060,0,3,0,5,0,756,669,1
16,1604,14,140010,0,3,0,5,0,757,670,1
20,2003,14,140070,0,3,0,5,0,758,671,1
8,837,1,10600,0,2,0,5,0,759,672,1
8,823,9,90520,0,3,0,5,0,759,673,2
8,834,1,10330,0,1,0,5,0,760,674,1
4,420,9,90330,0,3,0,5,0,761,675,1
19,1916,14,140060,0,3,0,5,0,762,676,1
18,1805,12,120010,0,2,0,5,0,763,677,1
18,1817,12,120010,0,1,0,5,0,764,678,1
14,1415,7,70200,0,1,0,7,0,765,679,1
9,912,10,100130,0,1,0,7,0,765,680,2
4,420,9,90330,0,3,0,7,0,766,681,1
6,614,14,140080,0,3,0,9,0,767,682,1
18,1802,12,120010,0,2,1,4,1,768,683,1
19,1903,14,140060,0,3,1,4,1,769,684,1
7,702,14,140030,0,3,0,5,0,770,685,1
7,709,14,140030,0,1,0,5,0,771,686,1
4,429,14,140050,0,3,0,5,0,772,687,1
19,1914,8,80070,0,3,0,5,0,773,688,1
16,1604,14,140010,0,3,0,5,0,774,689,1
16,1604,14,140010,0,1,0,5,0,775,690,1
16,1604,14,140010,0,3,0,5,0,776,691,1
7,708,14,140030,0,3,0,5,0,777,692,1
4,420,9,90330,0,3,1,5,4,778,693,1
20,2007,14,140070,0,3,0,3,2,779,694,1
20,2007,14,140070,0,3,0,5,0,780,695,1
7,709,14,140030,0,1,0,5,0,781,696,1
20,2009,14,140070,0,3,0,5,0,782,697,1
8,838,1,10570,0,2,1,5,4,783,698,1
8,824,1,10220,0,2,1,3,2,784,699,1
8,824,1,10220,0,1,0,5,0,785,700,1
18,1802,12,120010,0,1,1,3,2,786,701,1
8,813,1,10330,0,1,1,3,2,787,702,1
20,2009,14,140070,0,3,0,5,0,788,703,1
14,1402,7,70060,0,2,0,5,0,789,704,1
9,904,10,100130,0,2,0,5,0,790,705,1
14,1402,7,70060,0,1,0,5,0,791,706,1
4,429,14,140050,0,3,0,5,0,791,707,2
8,834,1,10330,0,1,0,9,0,792,708,1
8,812,1,10570,0,1,1,3,2,793,709,1
19,1914,8,80060,0,3,0,5,0,794,710,1
18,1802,12,120010,0,2,0,5,0,795,711,1
20,2008,14,140070,0,3,0,5,0,796,712,1
20,2007,14,140070,0,3,0,5,0,797,713,1
19,1908,14,140060,0,3,0,5,0,798,714,1
8,807,1,10570,0,1,0,5,0,799,715,1
19,1916,14,140060,0,3,0,5,0,800,716,1
19,1901,14,140060,0,3,0,5,0,801,717,1
20,2008,14,140070,0,3,0,5,0,802,718,1
7,719,14,140030,0,3,0,5,0,803,719,1
2,212,9,90120,0,3,0,5,0,804,720,1
7,709,14,140030,0,1,0,5,0,805,721,1
4,420,9,90330,0,3,0,5,0,806,722,1
6,613,8,80030,0,2,0,5,0,807,723,1
14,1403,7,70010,0,1,0,5,0,808,724,1
6,606,13,130020,0,3,0,6,1,809,725,1
4,429,14,140050,0,3,0,3,0,810,726,1
19,1903,14,140060,0,3,0,5,0,811,727,1
7,709,14,140030,0,2,0,5,0,812,728,1
16,1608,14,140080,0,1,0,5,0,813,729,1
16,1604,14,140010,0,2,0,5,0,814,730,1
6,602,8,80030,0,2,0,5,0,815,731,1
4,420,9,90330,0,3,0,5,0,816,732,1
21,2102,13,130020,0,3,0,5,0,817,733,1
16,1601,4,40070,0,1,0,5,0,818,734,1
13,1304,13,130020,0,3,0,7,0,819,735,1
16,1601,4,40070,0,2,2,3,2,820,736,1
19,1906,14,140060,0,3,1,3,2,821,737,1
18,1802,12,120010,0,1,1,3,2,822,738,1
18,1802,12,120010,0,1,1,3,2,823,739,1
4,420,9,90330,0,3,1,6,1,824,740,1
6,614,14,140080,0,3,1,6,1,824,741,2
7,705,14,140030,0,3,0,5,0,825,742,1
17,1707,8,80150,0,3,0,5,0,826,743,1
17,1714,8,80350,0,3,0,5,0,827,744,1
18,1817,12,120010,0,2,0,5,0,822,745,2
8,808,1,10600,0,3,0,5,0,828,746,1
8,812,1,10570,0,2,0,5,0,829,747,1
8,832,1,10560,0,1,0,5,0,830,748,1
18,1817,12,120010,0,2,0,9,0,831,749,1
14,1409,7,70200,0,2,0,9,0,832,750,1
16,1601,4,40070,0,2,1,4,1,833,751,1
20,2007,14,140070,0,3,0,5,0,834,752,1
8,808,1,10600,0,1,0,5,0,835,753,1
20,2009,14,140070,0,3,0,5,0,836,754,1
14,1413,7,70200,0,2,0,5,0,837,755,1
7,709,14,140030,0,2,0,5,0,838,756,1
16,1604,14,140010,0,3,0,5,0,839,757,1
19,1904,8,80070,0,3,0,4,1,840,758,1
19,1916,14,140060,0,3,0,4,1,840,759,2
19,1901,14,140060,0,3,0,5,0,841,760,1
18,1805,12,120010,0,2,0,5,0,842,761,1
14,1413,7,70200,0,1,0,5,0,843,762,1
2,216,9,90120,0,3,0,5,0,843,763,2
8,808,1,10600,0,3,0,3,0,844,764,1
19,1904,8,80070,0,3,0,5,0,845,765,1
7,709,14,140030,0,2,0,5,0,846,766,1
7,705,14,140030,0,2,0,5,0,847,767,1
8,838,1,10570,0,2,1,3,2,848,768,1
7,709,14,140030,0,1,1,4,1,849,769,1
19,1916,14,140060,0,3,1,4,1,850,770,1
19,1901,14,140060,0,3,1,4,1,851,771,1
13,1302,9,90440,0,3,1,4,1,852,772,1
12,1201,8,80190,0,3,0,5,0,853,773,1
6,612,13,130020,0,2,0,5,0,854,774,1
6,606,13,130020,0,3,0,5,0,855,775,1
8,834,1,10600,0,1,0,5,0,856,776,1
19,1916,14,140060,0,3,0,5,0,857,777,1
18,1808,12,120010,0,1,0,5,0,858,778,1
19,1901,14,140060,0,3,0,5,0,859,779,1
16,1601,4,40070,0,1,0,5,0,860,780,1
8,808,1,10600,0,2,0,5,0,861,781,1
8,824,1,10220,1,1,1,4,2,862,782,1
7,702,14,140030,0,2,0,5,0,863,783,1
7,702,14,140030,0,3,0,4,0,864,784,1
7,709,14,140030,0,2,0,5,0,865,785,1
7,702,14,140030,0,2,0,5,0,866,786,1
16,1604,14,140010,0,3,0,5,0,867,787,1
7,719,14,140030,0,3,0,5,0,868,788,1
16,1604,14,140010,0,3,0,5,0,869,789,1
7,705,14,140030,0,1,0,5,0,870,790,1
16,1604,14,140010,0,3,0,5,0,871,791,1
8,807,1,10600,0,1,0,5,0,872,792,1
18,1802,12,120010,0,2,0,5,0,873,793,1
2,211,9,90120,0,3,0,4,0,874,794,2
16,1604,14,140010,0,3,0,4,0,874,795,1
2,210,9,90120,0,3,0,5,0,875,796,1
18,1802,12,120010,0,2,0,5,0,876,797,1
14,1415,7,70200,0,1,0,5,0,877,798,1
2,211,9,90120,0,3,0,5,0,877,799,2
8,838,1,10570,0,1,0,5,0,878,800,1
8,801,1,10600,0,2,0,5,0,879,801,1
7,719,14,140030,0,1,1,3,2,880,802,1
6,609,14,140080,0,3,0,5,0,881,803,1
8,823,9,90520,0,3,0,3,0,882,804,1
2,212,9,90120,0,3,0,5,0,462,805,1
18,1802,12,120010,0,2,0,5,0,463,806,1
2,211,9,90120,0,3,0,5,0,464,807,1
19,1906,14,140060,0,2,0,4,0,465,808,1
4,425,9,90460,0,1,0,3,2,466,809,1
8,834,1,10330,0,1,1,4,1,467,810,1
6,613,8,80030,0,1,0,4,0,468,811,1
20,2007,14,140070,0,3,0,5,0,469,812,1
18,1802,12,120010,0,2,0,5,0,470,813,1
6,606,13,130020,0,3,0,5,0,471,814,1
19,1906,14,140060,0,3,0,5,0,472,815,1
19,1914,8,80070,0,3,0,5,0,473,816,1
16,1608,14,140080,0,3,0,5,0,474,817,1
16,1604,14,140010,0,3,0,5,0,475,818,1
21,2102,13,130020,0,3,0,5,0,476,819,1
2,210,9,90120,0,3,0,5,0,477,820,1
8,834,1,10600,0,1,0,5,0,478,821,1
16,1609,14,140010,0,3,0,5,0,479,822,1
8,838,1,10570,0,2,1,5,2,480,823,1
9,912,10,100130,0,1,1,4,3,481,824,1
3,302,2,20110,0,1,1,4,1,482,825,1
20,2007,14,140070,0,3,0,5,0,483,826,1
19,1909,14,140060,0,3,0,5,0,484,827,1
4,406,9,90100,0,3,0,5,0,485,828,1
16,1604,14,140010,0,3,0,5,0,486,829,1
18,1804,12,120010,0,2,0,5,0,487,830,1
8,812,1,10570,0,2,0,5,0,488,831,1
14,1402,7,70060,0,2,0,5,0,489,832,1
16,1601,4,40070,0,1,1,4,1,490,833,1
12,1204,8,80180,0,3,0,5,0,883,834,1
7,709,14,140030,0,1,0,5,0,884,835,1
16,1609,14,140010,0,3,0,5,0,885,836,1
13,1302,9,90440,0,3,0,5,0,886,837,1
4,420,9,90330,0,3,0,5,0,887,838,1
5,513,3,30160,0,1,1,4,1,888,839,1
8,807,1,10570,0,1,0,7,0,889,840,2
9,910,10,100130,0,1,0,7,0,889,841,1
7,719,14,140030,0,3,0,3,2,890,842,1
17,1707,8,80150,0,3,0,5,0,891,843,1
12,1204,8,80180,0,3,0,5,0,892,844,1
5,514,1,10020,0,2,0,5,0,893,845,1
19,1914,8,80070,0,3,1,3,2,894,846,1
4,420,9,90330,0,3,1,3,2,895,847,2
21,2102,13,130020,0,3,1,3,2,895,848,1
9,912,10,100130,0,1,1,5,2,896,849,1
19,1909,14,140060,0,3,0,4,1,897,850,1
18,1802,12,120010,0,2,1,4,1,898,851,1
7,702,14,140030,0,3,0,5,0,899,852,1
19,1906,14,140060,0,3,0,5,0,900,853,1
16,1604,14,140010,0,2,0,5,0,901,854,1
17,1711,8,80270,0,1,0,5,0,902,855,1
2,211,9,90120,0,3,0,5,0,902,856,2
16,1604,14,140010,0,3,0,5,0,903,857,1
16,1604,14,140010,0,2,0,5,0,904,858,1
19,1916,14,140060,0,1,0,5,0,905,859,1
8,838,1,10570,0,1,0,5,0,906,860,1
8,823,9,90520,0,1,0,5,0,907,861,1
8,807,1,10570,0,2,0,9,0,908,862,2
1,101,2,20150,0,2,0,9,0,908,863,1
9,911,10,100130,0,1,0,9,0,909,864,1
18,1802,12,120010,0,2,0,5,0,910,865,1
8,807,1,10570,0,1,1,6,3,911,866,1
6,602,8,80030,0,3,0,3,0,912,867,1
16,1608,14,140080,0,3,0,5,0,913,868,1
6,614,14,140080,0,3,0,5,0,912,869,2
19,1906,14,140060,0,3,0,5,0,914,870,1
8,812,1,10570,0,2,0,5,0,915,871,1
16,1601,4,40070,0,2,0,5,0,916,872,1
19,1901,14,140060,0,2,0,5,0,917,873,1
4,429,14,140050,0,3,0,9,0,918,874,1
16,1601,4,40070,0,1,0,5,0,919,875,1
8,838,1,10570,0,2,0,7,0,920,876,1
17,1707,8,80150,0,3,0,5,0,921,877,1
19,1917,3,30030,0,3,0,5,0,922,878,1
2,211,9,90120,0,3,1,6,3,923,879,1
8,824,1,10220,0,1,1,6,3,924,880,1
14,1413,7,70200,0,2,1,3,2,925,881,1
7,709,14,140030,0,1,1,4,1,926,882,1
7,702,14,140030,0,3,0,5,0,927,883,1
17,1707,8,80350,0,3,0,5,0,928,884,1
4,415,14,140050,0,3,0,5,0,929,885,1
12,1205,8,80200,0,3,0,5,0,930,886,1
4,415,14,140050,0,3,0,5,0,930,887,2
13,1302,9,90440,0,3,0,5,0,931,888,1
20,2009,14,140070,0,3,0,5,0,931,889,2
20,2007,14,140070,0,3,0,5,0,932,890,1
8,838,1,10570,0,2,0,5,0,933,891,1
20,2009,14,140070,0,3,0,5,0,934,892,1
8,810,1,10220,0,1,0,9,0,924,893,2
14,1415,7,70200,0,1,1,4,1,935,894,1
16,1607,14,140010,0,2,0,5,0,936,895,1
21,2102,13,130020,0,3,0,5,0,937,896,1
16,1609,14,140010,0,3,0,5,0,938,897,1
4,429,14,140050,0,3,0,5,0,939,898,1
6,602,8,80030,0,1,0,5,0,940,899,1
19,1914,8,80070,0,3,0,5,0,941,900,1
17,1707,8,80150,0,3,0,5,0,942,901,1
18,1811,8,80100,0,2,1,8,1,943,902,1
8,836,1,10600,0,1,0,7,0,944,903,1
8,824,1,10220,0,2,0,7,0,945,904,1
8,840,1,10330,0,2,0,9,0,946,905,1
4,420,9,90330,0,3,0,9,0,947,906,1
8,824,1,10220,0,1,1,6,3,948,907,1
18,1811,8,80100,0,1,1,4,1,949,908,1
7,708,14,140030,0,3,0,4,1,950,909,1
19,1901,14,140060,0,3,0,5,0,951,910,1
5,514,1,10020,0,1,0,7,0,952,911,1
8,814,1,10330,0,2,0,7,0,953,912,1
19,1916,14,140060,0,3,0,5,0,954,913,1
19,1916,14,140060,0,3,0,3,2,955,914,1
7,719,14,140030,0,3,0,5,0,956,915,1
7,705,14,140030,0,3,0,5,0,957,916,1
14,1417,7,70200,0,1,0,5,0,958,917,1
20,2007,14,140070,0,3,1,4,3,959,918,1
6,607,14,140080,0,1,1,3,2,960,919,1
8,808,1,10600,0,1,1,3,2,961,920,1
4,415,14,140050,0,2,1,8,1,962,921,1
17,1716,2,20190,0,2,0,5,0,963,922,1
18,1802,12,120010,0,2,0,5,0,964,923,1
16,1604,14,140010,0,3,0,5,0,965,924,1
4,420,9,90330,0,3,0,5,0,966,925,1
18,1806,8,80100,0,1,0,5,0,967,926,1
18,1802,12,120010,0,2,0,5,0,968,927,1
6,602,8,80030,0,1,0,7,0,969,928,1
8,807,1,10570,0,1,0,7,0,970,929,1
1,101,2,20150,0,1,0,7,0,970,930,2
6,609,14,140080,0,3,1,4,1,971,931,1
19,1909,14,140060,0,3,1,3,2,972,932,1
4,420,9,90330,0,3,0,3,0,973,933,1
8,836,1,10600,0,1,1,4,3,974,934,1
14,1415,7,70200,0,2,1,3,2,975,935,1
8,812,1,10570,0,1,1,3,2,976,936,1
19,1904,8,80070,0,3,0,3,2,977,937,1
18,1808,12,120010,0,1,0,5,0,978,938,1
5,514,1,10020,0,2,1,6,3,979,939,2
3,302,2,20110,0,2,1,6,3,979,940,1
8,804,1,10600,0,1,1,4,1,980,941,1
7,719,14,140030,0,3,0,5,0,981,942,1
12,1204,8,80180,0,3,0,5,0,982,943,1
13,1302,9,90440,0,3,0,5,0,983,944,1
8,809,1,10600,0,1,1,4,1,984,945,1
14,1402,7,70060,0,2,0,5,0,985,946,1
18,1805,12,120010,0,2,0,5,0,986,947,1
4,429,14,140050,0,3,0,5,0,987,948,1
8,834,1,10330,0,2,0,5,0,988,949,1
20,2007,14,140070,0,3,1,4,1,989,950,1
4,415,14,140050,0,3,1,4,1,990,951,1
19,1904,14,140060,0,3,1,4,1,990,952,2
19,1917,3,30030,0,3,0,4,1,991,953,1
19,1917,3,30030,0,3,1,4,1,992,954,1
18,1804,12,120010,0,2,0,5,0,993,955,1
17,1707,8,80350,0,3,0,5,0,994,956,1
5,514,1,10020,0,1,0,5,0,995,957,1
7,705,14,140030,0,3,0,5,0,996,958,1
17,1707,8,80150,0,3,0,5,0,997,959,1
8,824,1,10330,1,2,1,4,1,998,960,1
1,102,2,20150,0,2,1,4,1,999,961,1
8,808,1,10600,0,2,1,6,1,1000,962,1
7,709,14,140030,0,1,0,5,0,1001,963,1
16,1608,14,140080,0,1,0,5,0,1002,964,1
7,705,14,140030,0,3,0,5,0,1003,965,1
6,602,8,80030,0,1,0,5,0,1004,966,1
9,902,10,100130,0,2,0,6,0,1000,967,2
2,205,9,90120,0,3,0,7,0,1005,968,1
19,1909,14,140060,0,3,0,9,0,1006,969,1
9,911,10,100130,0,1,0,9,0,1007,970,1
19,1904,8,80070,0,3,1,3,2,1008,971,1
17,1707,8,80150,0,3,1,4,1,1009,972,1
19,1904,14,140060,0,3,1,4,1,1010,973,1
12,1204,8,80180,0,3,0,5,0,1011,974,1
20,2007,14,140070,0,3,1,4,1,1012,975,1
19,1904,8,80070,0,2,1,6,3,1013,976,1
19,1908,14,140060,0,3,1,4,1,1014,977,1
4,429,14,140050,0,3,0,5,0,1015,978,1
6,602,8,80030,0,1,0,5,0,1016,979,1
7,719,14,140030,0,3,0,5,0,1017,980,1
17,1707,8,80350,0,3,0,5,0,1018,981,1
12,1204,8,80180,0,3,0,5,0,1019,982,1
2,216,9,90120,0,2,0,5,0,1020,983,1
2,211,9,90120,0,3,0,5,0,1021,984,1
9,910,10,100130,0,2,1,5,4,1022,985,1
8,824,1,10220,1,2,1,4,3,1023,986,1
20,2007,14,140070,0,3,0,3,2,1024,987,1
19,1901,14,140060,0,3,1,3,2,1025,988,1
8,809,9,90520,0,2,1,5,2,1026,989,1
20,2007,14,140070,0,3,1,4,1,1027,990,1
20,2008,14,140070,0,3,0,5,0,1028,991,1
18,1802,12,120010,0,2,0,5,0,1029,992,1
12,1205,8,80200,0,3,0,5,0,1030,993,1
6,601,14,140080,0,1,0,5,0,1031,994,1
5,514,1,10020,0,1,0,5,0,1032,995,1
8,808,1,10600,0,2,0,5,0,1033,996,1
18,1811,8,80100,0,1,0,5,0,1034,997,1
2,216,9,90120,0,3,0,5,0,1035,998,1
19,1904,8,80070,0,2,1,4,1,1036,999,1
20,2009,14,140070,0,3,1,4,1,1037,1000,1
18,1808,12,120010,0,2,1,4,1,1038,1001,1
19,1904,8,80070,0,1,0,5,0,1039,1002,1
7,705,14,140030,0,3,0,5,0,1040,1003,1
21,2102,13,130020,0,3,0,5,0,1041,1004,1
8,812,1,10570,0,1,0,5,0,1042,1005,1
7,709,14,140030,0,1,1,3,2,1043,1006,1
6,601,14,140080,0,3,0,5,0,1044,1007,1
19,1906,14,140060,0,3,0,3,2,1045,1008,1
12,1205,8,80200,0,3,1,4,1,1046,1009,1
6,614,14,140080,0,3,0,5,0,1047,1010,1
12,1204,8,80180,0,3,0,5,0,1048,1011,1
18,1805,12,120010,0,1,0,5,0,1049,1012,1
21,2102,13,130020,0,3,0,5,0,1050,1013,1
19,1914,8,80070,0,3,0,5,0,1051,1014,1
18,1805,12,120010,0,2,0,5,0,1052,1015,1
18,1802,12,120010,0,1,0,5,0,1053,1016,1
19,1911,14,140060,0,3,0,5,0,1054,1017,1
5,514,1,10020,0,1,0,5,0,1055,1018,1
18,1804,12,120010,0,2,0,5,0,1056,1019,1
16,1601,4,40070,0,3,1,3,2,1057,1020,1
16,1601,4,40070,0,3,1,4,1,1058,1021,1
16,1604,14,140010,0,3,0,4,1,1059,1022,1
8,807,1,10570,0,1,1,6,1,1060,1023,2
1,101,2,20150,0,1,1,6,1,1060,1024,1
12,1204,8,80180,0,3,0,5,0,1061,1025,1
12,1204,8,80180,0,3,0,5,0,1062,1026,1
4,427,9,90160,0,3,0,5,0,1061,1027,2
7,709,14,140030,0,1,0,5,0,1063,1028,1
13,1304,8,80230,0,3,0,5,0,1064,1029,1
2,211,9,90120,0,3,0,5,0,1065,1030,1
8,807,1,10570,0,1,0,7,0,1066,1031,2
8,807,1,10570,0,1,0,7,0,1067,1032,2
9,902,10,100130,0,1,0,7,0,1066,1033,1
9,902,10,100130,0,1,0,7,0,1067,1034,1
4,429,14,140050,0,3,0,7,0,1068,1035,1
8,808,1,10600,0,2,0,5,0,1069,1036,1
4,420,9,90330,0,3,1,3,2,1070,1037,1
12,1204,8,80180,0,3,0,5,0,1071,1038,1
6,611,14,140080,0,2,0,4,1,1072,1039,1
18,1805,12,120010,0,2,1,4,1,1073,1040,1
2,210,9,90120,0,3,0,4,1,1074,1041,1
2,207,4,40050,0,3,0,5,0,1075,1042,1
18,1802,12,120010,0,2,0,5,0,1076,1043,1
6,606,14,140080,0,3,0,4,1,1077,1044,1
18,1813,12,120010,0,2,1,4,1,1078,1045,1
2,211,9,90120,0,3,0,4,1,1079,1046,1
18,1806,8,80100,0,2,1,4,1,1080,1047,1
18,1813,12,120010,0,2,1,4,1,1081,1048,1
12,1204,8,80180,0,3,0,5,0,1082,1049,1
4,420,9,90330,0,3,0,5,0,1082,1050,2
12,1204,8,80180,0,3,0,5,0,1083,1051,1
6,612,14,140080,0,3,0,5,0,1084,1052,1
5,531,1,10120,0,1,0,5,0,1085,1053,1
8,816,1,10330,0,1,0,5,0,1085,1054,2
4,420,9,90330,0,3,0,5,0,1081,1055,2
19,1904,8,80060,0,3,0,5,0,1086,1056,2
19,1906,8,80060,0,3,0,5,0,1086,1057,1
18,1805,12,120010,0,2,0,5,0,1087,1058,1
19,1914,8,80070,0,3,0,5,0,1088,1059,1
8,807,1,10570,0,1,0,9,0,1089,1060,1
7,709,14,140030,0,1,0,5,0,1090,1061,1
8,842,1,10010,0,1,0,5,0,1091,1062,2
8,815,1,10330,0,1,0,5,0,1091,1063,3
8,809,1,10560,0,1,0,5,0,1091,1064,1
8,824,1,10220,1,1,0,7,0,1092,1065,1
6,605,14,140080,0,3,0,5,0,1093,1066,1
14,1417,8,80160,0,3,0,5,0,1094,1067,1
11,1104,13,130020,0,3,0,5,0,1095,1068,1
6,614,14,140080,0,3,0,5,0,1096,1069,1
19,1914,8,80070,0,3,0,5,0,1097,1070,1
18,1805,12,120010,0,2,0,5,0,1098,1071,1
18,1805,12,120010,0,2,0,5,0,1098,1072,2
6,611,8,80120,0,3,0,5,0,1099,1073,1
6,614,14,140080,0,3,0,5,0,1100,1074,1
16,1607,14,140010,0,3,0,5,0,1101,1075,1
18,1802,12,120010,0,2,0,5,0,1102,1076,1
2,210,9,90120,0,3,0,5,0,1103,1077,1
9,906,10,100130,0,2,0,9,0,1104,1078,1
7,707,14,140030,0,3,0,5,0,1105,1079,1
8,824,1,10220,1,2,0,5,0,1106,1080,1
9,907,10,100130,0,2,0,9,0,1107,1081,1
12,1204,8,80180,0,3,0,5,0,1108,1082,1
14,1402,7,70010,0,2,0,5,0,1109,1083,1
8,826,1,10360,0,1,0,5,0,1110,1084,2
8,812,1,10570,0,1,0,5,0,1110,1085,1
7,719,14,140030,0,3,0,5,0,1111,1086,1
4,420,9,90340,0,3,0,5,0,1112,1087,2
20,2009,14,140070,0,3,0,5,0,1112,1088,1
6,614,14,140080,0,1,0,5,0,1113,1089,1
13,1304,13,130020,0,3,0,5,0,1114,1090,1
18,1805,12,120010,0,2,0,5,0,1115,1091,1
17,1707,8,80150,0,3,0,5,0,1116,1092,1
17,1713,8,80320,0,3,0,4,1,1117,1093,1
18,1808,12,120010,0,1,1,3,2,1118,1094,1
4,402,8,80070,0,2,0,5,0,1119,1095,1
6,611,8,80120,0,3,0,5,0,1120,1096,1
7,719,14,140030,0,3,0,5,0,1120,1097,2
8,810,1,10360,0,1,0,5,0,1121,1098,1
16,1601,4,40070,0,3,1,3,2,1122,1099,1
16,1601,4,40070,0,3,0,5,0,1123,1100,1
16,1601,4,40070,0,3,0,5,0,1124,1101,1
12,1204,8,80180,0,3,0,5,0,1125,1102,1
7,703,8,80060,0,3,0,5,0,1126,1103,1
6,606,14,140080,0,3,0,5,0,1127,1104,1
7,709,14,140030,0,2,0,5,0,1128,1105,1
19,1916,8,80070,0,3,0,5,0,1129,1106,1
19,1904,8,80070,0,3,0,5,0,1130,1107,1
18,1814,12,120010,0,1,0,5,0,1131,1108,1
19,1916,8,80070,0,3,0,5,0,1132,1109,1
9,911,10,100130,0,1,0,5,0,1132,1110,2
17,1707,8,80150,0,3,0,3,2,1133,1111,1
17,1707,8,80150,0,3,0,3,2,1134,1112,1
17,1707,8,80150,0,3,0,3,2,1135,1113,1
17,1708,13,130020,0,3,0,5,0,1136,1114,1
18,1812,8,80100,0,2,0,7,0,1137,1115,1
9,911,10,100130,0,1,0,7,0,1137,1116,2
19,1904,14,140060,0,3,0,5,0,1138,1117,1
18,1802,12,120010,0,2,0,5,0,1139,1118,1
16,1601,4,40070,0,3,0,5,0,1140,1119,1
8,808,1,10600,0,1,0,3,0,1141,1120,1
6,602,8,80030,0,3,0,5,0,1142,1121,1
18,1806,8,80100,0,2,0,5,0,1143,1122,1
18,1802,12,120010,0,2,0,5,0,1144,1123,1
18,1803,12,120010,0,1,0,5,0,1145,1124,1
8,833,1,10600,0,1,0,7,0,1146,1125,1
8,838,1,10570,0,1,0,5,0,1147,1126,1
18,1805,12,120010,0,1,1,4,1,1148,1127,1
8,836,1,10600,0,1,1,8,1,1149,1128,1
8,812,1,10570,0,1,0,5,0,1150,1129,1
18,1802,12,120010,0,1,1,3,2,1151,1130,1
19,1917,3,30030,0,3,0,4,1,1152,1131,1
19,1914,8,80070,0,3,0,4,1,1153,1132,1
12,1204,8,80180,0,3,0,5,0,1154,1133,1
13,1302,9,90440,0,3,0,5,0,1155,1134,1
19,1901,14,140060,0,3,0,5,0,1156,1135,1
7,715,14,140030,0,3,0,5,0,1157,1136,1
8,810,1,10300,1,2,0,5,0,1158,1137,1
6,602,8,80300,0,3,0,5,0,1159,1138,1
4,429,14,140050,0,3,0,5,0,1159,1139,2
7,714,13,130020,0,2,1,3,2,1160,1140,1
8,809,1,10560,0,1,1,3,2,1161,1141,1
19,1901,8,80070,0,3,0,4,1,1162,1142,2
19,1912,8,80070,0,3,0,4,1,1162,1143,1
8,838,1,10570,0,2,1,4,1,1163,1144,1
7,707,14,140030,0,2,0,5,0,1164,1145,1
18,1811,8,80100,0,2,0,5,0,1165,1146,1
13,1304,13,130020,0,3,0,5,0,1166,1147,1
6,611,14,140080,0,1,0,5,0,1167,1148,1
12,1204,8,80180,0,3,0,5,0,1168,1149,1
16,1607,14,140010,0,3,0,5,0,1169,1150,1
16,1607,14,140010,0,3,0,5,0,1170,1151,1
8,824,1,10220,1,1,0,5,0,1171,1152,1
8,816,1,10330,0,1,0,5,0,1172,1153,1
8,804,1,10600,0,1,0,5,0,1172,1154,2
4,422,14,140050,0,3,0,5,0,1173,1155,2
19,1916,14,140060,0,3,0,5,0,1173,1156,1
7,706,14,140030,0,3,0,5,0,1174,1157,1
7,709,14,140030,0,1,1,4,1,1175,1158,1
8,805,9,90100,0,3,0,5,0,1176,1159,1
18,1802,12,120010,0,2,0,5,0,1177,1160,1
18,1802,12,120010,0,2,0,5,0,1178,1161,1
7,712,14,140030,0,1,0,5,0,1179,1162,2
7,707,14,140030,0,3,0,5,0,1179,1163,1
18,1805,12,120010,0,1,0,5,0,1180,1164,1
18,1805,12,120010,0,2,0,5,0,1181,1165,1
7,718,14,140030,0,1,0,5,0,1182,1166,1
4,420,9,90340,0,3,0,5,0,1183,1167,2
7,716,14,140030,0,1,0,5,0,1183,1168,1
8,807,1,10570,0,1,0,5,0,1184,1169,1
18,1802,12,120010,0,2,0,5,0,1185,1170,1
18,1811,8,80100,0,1,0,5,0,1186,1171,1
14,1409,7,70200,0,1,0,7,0,1187,1172,1
4,420,9,90350,0,3,0,7,0,1187,1173,2
2,211,9,90120,0,3,0,7,0,1188,1174,1
9,911,10,100130,0,1,0,7,0,1188,1175,2
9,902,10,100130,0,2,0,7,0,1189,1176,1
18,1802,12,120010,0,2,0,5,0,1190,1177,1
7,707,14,140030,0,3,0,5,0,1191,1178,1
4,420,9,90350,0,3,0,5,0,1192,1179,1
6,606,14,140080,0,3,0,5,0,1193,1180,1
8,809,1,10560,0,1,1,3,2,1194,1181,1
9,913,10,100130,0,2,0,7,0,1195,1182,1
2,211,9,90120,0,3,0,7,0,1196,1183,1
9,904,10,100130,0,2,0,7,0,1196,1184,2
16,1608,14,140080,0,2,0,7,0,1197,1185,1
19,1904,14,140060,0,3,0,3,2,1198,1186,1
14,1414,7,70030,0,1,1,3,2,1199,1187,2
2,213,9,90120,0,3,0,3,2,1199,1188,1
12,1205,8,80200,0,3,0,5,0,1200,1189,1
19,1916,14,140060,0,3,0,5,0,1201,1190,1
14,1402,7,70010,0,2,0,5,0,1202,1191,2
2,211,9,90120,0,3,0,5,0,1202,1192,1
8,812,1,10570,0,2,0,5,0,1203,1193,1
4,415,14,140050,0,3,0,9,0,1204,1194,1
7,701,14,140030,0,3,0,3,2,1205,1195,1
8,808,1,10600,0,3,0,3,0,1206,1196,1
18,1801,12,120010,0,2,0,5,0,1207,1197,1
18,1803,12,120010,0,2,0,5,0,1208,1198,1
16,1601,4,40070,0,3,0,5,0,1209,1199,1
4,406,9,90100,0,3,0,5,0,1209,1200,2
19,1906,14,140060,0,3,0,5,0,1210,1201,2
19,1914,14,140060,0,3,0,5,0,1210,1202,1
6,606,14,140080,0,3,0,5,0,1211,1203,1
9,905,10,100130,0,1,0,7,0,1212,1204,1
8,807,1,10600,0,2,0,5,0,1213,1205,1
18,1805,12,120010,0,2,0,5,0,1214,1206,1
18,1808,12,120010,0,2,0,5,0,1215,1207,1
18,1817,12,120010,0,2,0,5,0,1216,1208,1
8,838,1,10570,0,2,1,5,4,1217,1209,1
10,1004,14,140030,0,3,0,5,0,1218,1210,1
19,1903,14,140060,1,3,0,5,0,1219,1211,1
8,806,1,10080,0,1,0,3,0,1220,1212,1
8,832,1,10560,0,1,0,3,0,1220,1213,2
16,1601,4,40070,0,3,0,4,1,1221,1214,1
8,838,1,10570,0,1,1,5,4,1222,1215,1
8,809,1,10560,0,2,0,5,4,1223,1216,1
18,1806,8,80100,0,2,0,5,0,1224,1217,1
2,213,9,90120,0,3,0,5,0,1225,1218,1
4,416,14,140050,0,3,0,3,0,1226,1219,1
16,1608,14,140080,0,3,0,4,1,1227,1220,1
7,706,14,140030,0,3,0,5,0,1228,1221,1
12,1201,8,80190,0,3,0,5,0,1229,1222,1
18,1805,12,120010,0,2,0,5,0,1230,1223,1
7,719,14,140030,0,3,0,5,0,1231,1224,1
18,1805,12,120010,0,2,0,5,0,1232,1225,1
18,1805,12,120010,0,1,0,5,0,1233,1226,1
2,201,9,90120,0,3,0,5,2,1234,1227,1
9,901,10,100130,0,2,1,5,2,1234,1228,2
1,101,2,20150,0,1,0,5,4,1235,1229,1
2,210,9,90120,0,3,0,3,2,1236,1230,2
18,1804,12,120010,0,2,1,3,2,1236,1231,1
18,1806,8,80100,0,2,0,5,0,1237,1232,1
19,1914,8,80070,0,3,0,5,0,1238,1233,1
17,1707,8,80150,0,3,0,5,0,1239,1234,1
16,1608,14,140010,0,3,0,5,0,1240,1235,1
7,706,14,140030,0,3,0,5,0,1241,1236,1
19,1914,14,140060,0,3,0,5,0,1242,1237,1
8,838,1,10570,0,1,0,5,0,1243,1238,1
8,816,1,10330,1,1,0,5,0,1244,1239,1
17,1707,8,80150,0,3,0,5,0,1245,1240,1
7,707,14,140030,0,3,0,5,0,1246,1241,1
8,826,1,10360,0,1,0,5,0,1247,1242,1
19,1914,14,140060,0,3,0,5,0,1248,1243,1
7,712,14,140030,0,1,0,5,0,1249,1244,1
19,1912,8,80070,0,3,0,5,0,1250,1245,2
19,1901,14,140060,0,3,0,5,0,1250,1246,1
4,420,13,130020,0,3,0,5,0,1251,1247,2
11,1103,13,130020,0,3,0,5,0,1251,1248,1
16,1601,4,40070,0,3,0,5,0,1252,1249,1
19,1914,8,80070,0,3,0,5,0,1253,1250,1
4,418,9,90500,0,3,0,5,0,1254,1251,2
4,411,14,140040,0,3,0,5,0,1254,1252,1
8,808,1,10370,0,1,0,5,0,1255,1253,1
8,808,1,10600,0,1,0,5,0,1256,1254,1
7,707,14,140030,0,3,0,5,0,1257,1255,1
19,1916,8,80070,0,3,1,3,2,1258,1256,1
4,422,14,140050,0,3,0,4,1,1259,1257,1
18,1805,12,120010,0,2,0,5,0,1260,1258,1
12,1204,8,80180,0,3,0,7,0,1261,1259,1
16,1604,14,140010,0,3,0,4,1,1262,1260,1
12,1202,8,80180,0,3,0,3,2,1263,1261,1
4,415,14,140050,0,3,0,3,2,1263,1262,2
8,824,1,10220,1,1,1,3,2,1264,1263,1
3,302,2,20110,0,1,1,4,1,1265,1264,1
8,838,1,10570,0,1,1,4,1,1266,1265,1
12,1204,8,80180,0,3,0,5,0,1267,1266,1
19,1914,14,140060,0,3,0,5,0,1268,1267,1
16,1608,14,140080,0,1,0,5,0,1269,1268,1
11,1113,13,130020,0,3,0,5,0,1270,1269,1
7,720,14,140030,0,3,0,5,0,1270,1270,2
8,808,1,10600,0,2,0,5,0,1271,1271,1
8,813,1,10280,0,1,1,6,3,1272,1272,1
8,812,1,10570,0,2,1,3,2,1273,1273,1
19,1903,8,80060,0,3,0,4,1,1274,1274,2
19,1904,8,80060,0,3,0,4,1,1274,1275,1
10,1011,13,130020,0,3,0,5,0,1275,1276,1
17,1715,8,80230,0,3,0,5,0,1276,1277,1
16,1604,14,140010,0,3,0,5,0,1277,1278,1
17,1715,8,80230,0,3,0,3,2,1278,1279,1
19,1906,14,140060,0,3,0,4,1,1279,1280,1
19,1914,14,140060,0,3,0,4,1,1279,1281,2
19,1917,3,30030,0,1,0,4,1,1280,1282,1
7,707,14,140030,0,3,0,5,0,1281,1283,1
6,614,14,140080,0,3,0,5,0,1282,1284,1
7,716,14,140030,0,1,0,5,0,1283,1285,1
14,1410,7,70080,0,1,0,5,0,1284,1286,1
2,201,9,90120,0,1,0,5,0,1284,1287,3
2,210,9,90120,0,3,0,5,0,1284,1288,2
2,211,9,90120,0,3,0,5,0,1285,1289,1
8,834,1,10330,0,2,0,5,0,1286,1290,1
8,808,1,10370,0,2,0,5,0,1286,1291,2
4,415,14,140050,0,3,0,5,0,1287,1292,1
18,1805,12,120010,0,1,0,5,0,1288,1293,1
18,1805,12,120010,0,1,0,5,0,1289,1294,1
14,1413,7,70200,0,1,0,5,0,1290,1295,1
2,211,9,90120,0,3,0,5,0,1290,1296,2
8,807,1,10570,0,1,0,5,0,1291,1297,1
8,823,9,90520,0,1,0,5,0,1291,1298,2
4,420,9,90340,0,3,0,5,0,1292,1299,1
8,836,1,10600,0,3,0,4,3,1293,1300,1
12,1205,8,80200,0,3,0,4,1,1294,1301,1
16,1607,14,140010,0,3,0,5,0,1295,1302,1
6,611,8,80120,0,3,0,5,0,1296,1303,1
4,411,14,140040,1,3,0,5,0,1297,1304,2
19,1916,14,140060,1,3,0,5,0,1297,1305,1
8,829,1,10600,0,1,1,4,1,1298,1306,1
19,1917,3,30030,0,3,0,5,0,1299,1307,1
4,415,14,140050,0,3,0,6,3,1300,1308,1
18,1804,12,120010,0,2,0,5,0,1301,1309,1
18,1813,12,120010,0,2,0,5,0,1301,1310,2
7,719,14,140030,0,3,0,3,2,1302,1311,1
7,712,14,140030,0,1,0,5,0,1303,1312,3
7,716,14,140030,0,1,0,5,0,1303,1313,1
7,701,14,140030,0,3,0,5,0,1303,1314,2
12,1201,8,80190,0,3,0,5,0,1304,1315,1
19,1916,8,80070,0,3,0,5,0,1305,1316,1
2,210,9,90120,0,3,0,3,2,1306,1317,1
16,1601,14,140010,0,3,0,3,2,1306,1318,2
19,1901,14,140060,0,3,1,4,1,1307,1319,1
18,1803,12,120010,0,1,0,5,0,1308,1320,1
7,719,14,140030,0,3,0,5,0,1309,1321,1
7,719,14,140030,0,3,0,5,0,1310,1322,1
7,707,14,140030,0,3,0,5,0,1311,1323,1
21,2101,13,130020,0,3,0,5,0,1312,1324,2
7,715,14,140030,0,3,0,5,0,1312,1325,1
8,810,1,10220,1,1,0,5,0,1313,1326,1
18,1802,12,120010,0,2,0,5,0,1314,1327,1
9,912,10,100130,0,1,0,9,0,1315,1328,1
4,420,9,90330,0,3,0,3,2,1316,1329,2
11,1101,13,130020,0,1,1,3,2,1316,1330,1
8,814,1,10330,0,1,0,5,0,1317,1331,1
7,707,14,140030,0,1,0,5,0,1318,1332,1
18,1802,12,120010,0,2,1,4,1,1319,1333,1
21,2101,13,130020,0,3,0,4,1,1319,1334,2
4,406,9,90100,0,3,0,5,0,1320,1335,1
8,823,9,90520,0,2,0,9,0,1321,1336,1
19,1916,14,140060,0,3,0,5,0,1322,1337,1
18,1805,12,120010,0,1,0,5,0,1323,1338,1
18,1802,12,120010,0,2,0,5,0,1324,1339,1
12,1204,8,80180,0,3,0,5,0,1325,1340,1
18,1817,12,120010,0,2,0,5,0,1326,1341,1
12,1204,8,80180,0,3,0,5,0,1327,1342,1
16,1604,14,140010,0,3,0,5,0,1328,1343,1
2,211,9,90120,0,3,1,4,1,1329,1344,1
18,1808,12,120010,0,2,0,5,0,1330,1345,2
18,1813,12,120010,0,2,0,5,0,1330,1346,1
7,712,14,140030,0,2,0,5,0,1331,1347,1
8,810,1,10600,1,1,1,7,2,1332,1348,1
19,1916,14,140060,0,3,0,5,0,1333,1349,1
17,1715,8,80230,0,3,0,5,0,1334,1350,1
7,709,14,140030,0,1,1,3,2,1335,1351,1
19,1903,14,140060,0,3,1,4,1,1336,1352,3
7,714,14,140030,0,2,0,5,0,1337,1353,1
19,1905,14,140060,0,3,0,5,0,1336,1354,2
19,1914,14,140060,0,3,0,5,0,1336,1355,1
4,417,14,140050,0,3,0,5,0,1338,1356,1
6,606,14,140080,0,3,0,5,0,1339,1357,1
18,1802,12,120010,0,2,0,5,0,1340,1358,1
8,824,1,10220,1,1,1,6,3,1341,1359,1
4,432,14,140050,1,3,1,3,2,1342,1360,1
19,1914,14,140060,1,3,1,3,2,1342,1361,2
18,1803,12,120010,0,1,0,5,0,1343,1362,1
18,1806,8,80100,0,2,0,5,0,1344,1363,1
2,201,9,90120,0,3,0,5,0,1345,1364,1
2,213,9,90120,0,3,0,5,0,1345,1365,2
4,420,9,90120,0,3,0,5,0,1345,1366,3
19,1904,8,80070,0,3,0,5,0,1346,1367,1
18,1805,12,120010,0,2,0,7,0,1347,1368,1
19,1903,14,140060,0,3,0,4,1,1348,1369,1
19,1904,14,140060,0,3,0,4,1,1348,1370,2
8,809,1,10560,0,2,1,5,4,1349,1371,1
16,1608,14,140010,0,3,0,4,1,1350,1372,1
2,211,9,90120,0,3,0,5,0,1351,1373,1
3,302,2,20110,0,2,0,5,0,1352,1374,1
2,210,9,90120,0,3,0,5,0,1352,1375,2
9,904,10,100130,0,2,0,5,4,1353,1376,2
7,709,14,140030,0,2,0,5,4,1353,1377,1
7,716,14,140030,0,1,0,5,0,1354,1378,1
4,402,14,140030,0,2,0,5,0,1355,1379,2
7,709,14,140030,0,2,0,5,0,1355,1380,1
5,514,1,10020,0,1,1,5,4,1356,1381,1
19,1916,13,130020,1,1,1,3,2,1357,1382,1
8,807,1,10410,0,1,2,5,2,1358,1383,2
8,838,1,10570,0,1,2,5,2,1358,1384,3
8,801,1,10600,0,1,2,5,2,1358,1385,1
18,1813,12,120010,0,1,1,6,1,1359,1386,1
16,1601,4,40070,0,3,0,5,0,1360,1387,1
7,709,14,140030,0,2,0,5,0,1361,1388,1
19,1906,14,140060,0,3,0,5,0,1362,1389,1
4,411,14,140040,0,3,0,5,0,1363,1390,2
19,1904,14,140060,0,3,0,5,0,1363,1391,1
18,1802,12,120010,0,2,0,5,0,1364,1392,1
7,708,14,140030,0,3,0,5,0,1365,1393,1
19,1903,14,140060,0,3,0,5,0,1366,1394,1
19,1914,14,140060,0,3,0,5,0,1366,1395,2
7,719,14,140030,0,3,1,7,2,1367,1396,1
6,606,14,140080,0,3,0,5,0,1368,1397,1
7,702,14,140030,0,3,0,5,0,1369,1398,1
7,706,14,140030,0,3,0,5,0,1369,1399,2
14,1410,7,70080,0,1,0,5,0,1370,1400,1
4,429,14,140050,0,3,0,3,0,1371,1401,1
5,517,1,10360,0,1,0,3,0,1372,1402,2
8,836,1,10600,0,1,0,3,0,1372,1403,1
12,1205,8,80200,0,3,0,5,0,1373,1404,1
19,1903,14,140060,0,3,0,3,2,1374,1405,2
19,1906,14,140060,0,3,0,3,2,1374,1406,1
8,814,1,10330,0,1,1,3,2,1375,1407,1
11,1101,13,130020,0,1,0,9,0,1376,1408,1
4,420,9,90330,0,3,0,9,0,1377,1409,1
18,1813,12,120010,0,2,0,9,0,1377,1410,2
5,502,2,20410,0,2,0,6,3,1378,1411,1
5,508,2,20410,0,2,0,6,3,1378,1412,2
18,1813,12,120010,0,2,0,5,0,1379,1413,1
8,808,1,10600,1,1,0,9,0,1380,1414,1
18,1811,8,80100,0,1,1,4,1,1381,1415,1
20,2007,14,140070,0,3,0,5,0,1382,1416,1
6,601,14,140080,0,3,0,5,0,1383,1417,1
8,804,1,10600,0,2,0,5,0,1384,1418,1
19,1914,14,140060,1,3,0,3,2,1385,1419,1
19,1914,14,140060,1,3,0,3,2,1385,1420,2
8,807,1,10570,0,1,0,7,0,1386,1421,1
18,1805,12,120010,0,2,1,6,3,1387,1422,1
3,302,2,20110,0,1,1,3,2,1388,1423,1
14,1409,7,70200,0,1,1,4,1,1389,1424,1
8,808,1,10600,0,1,1,6,1,1390,1425,1
7,709,14,140030,0,1,0,5,0,1391,1426,1
16,1601,4,40070,0,2,0,5,0,1392,1427,1
18,1811,8,80100,0,1,0,5,0,1393,1428,1
14,1413,7,70200,0,1,0,5,0,1394,1429,1
21,2102,13,130020,0,3,0,5,0,1395,1430,1
19,1906,14,140060,0,3,0,5,0,1396,1431,1
6,601,14,140080,0,1,0,5,0,1397,1432,1
16,1601,4,40070,0,2,0,5,0,1398,1433,1
18,1811,8,80100,0,3,0,5,0,1399,1434,1
19,1909,14,140060,0,3,0,5,0,1400,1435,1
19,1903,14,140060,0,3,0,3,2,1401,1436,1
16,1601,4,40070,0,1,1,3,2,1402,1437,1
4,420,9,90330,0,3,0,5,0,1403,1438,1
4,430,9,90330,0,3,0,5,0,1404,1439,1
8,812,1,10570,1,1,1,6,3,1405,1440,1
12,1201,8,80190,0,3,1,3,2,1406,1441,1
6,606,13,130020,0,3,0,5,0,1407,1442,1
2,212,9,90120,0,3,0,5,0,1408,1443,1
4,429,14,140050,0,3,0,5,0,1409,1444,1
8,809,1,10560,0,1,0,5,0,1410,1445,1
18,1811,8,80100,0,1,0,7,0,1411,1446,1
8,834,1,10330,0,1,1,6,3,1412,1447,1
16,1601,4,40070,0,2,1,3,2,1413,1448,1
19,1904,8,80070,0,3,1,3,2,1414,1449,1
16,1601,4,40070,0,2,0,5,0,1415,1450,1
18,1811,8,80100,0,2,0,5,0,1416,1451,1
16,1609,14,140010,0,2,1,6,3,1417,1452,1
8,823,9,90520,0,1,1,7,2,1418,1453,1
18,1806,8,80100,0,1,0,5,0,1419,1454,1
8,824,1,10220,0,1,0,9,0,1420,1455,1
8,836,1,10600,0,1,0,9,0,1421,1456,1
8,832,1,10560,0,1,1,5,4,1422,1457,1
8,810,1,10600,0,1,1,4,3,1423,1458,1
6,601,14,140080,0,1,1,3,2,1424,1459,1
14,1409,7,70200,0,1,1,5,2,1425,1460,1
4,415,14,140050,0,3,1,5,2,1425,1461,2
14,1410,7,70080,0,1,0,5,0,1426,1462,1
12,1204,8,80180,0,3,0,5,0,1427,1463,1
12,1202,8,80180,0,3,0,5,0,1428,1464,1
3,302,2,20110,0,2,0,5,0,1429,1465,1
19,1916,14,140060,0,3,0,5,0,1430,1466,1
7,708,14,140030,0,3,0,5,0,1431,1467,1
16,1609,14,140010,0,1,0,5,0,1432,1468,1
18,1808,12,120010,0,2,0,5,0,1433,1469,1
19,1906,14,140060,0,3,1,4,1,1434,1470,1
14,1415,7,70200,0,2,0,5,0,1435,1471,1
16,1609,14,140010,0,3,0,5,0,1436,1472,1
6,614,14,140080,0,3,0,7,0,1437,1473,1
18,1802,12,120010,0,2,0,5,0,1438,1474,1
21,2102,13,130020,0,3,0,5,0,1439,1475,1
8,807,1,10570,0,1,0,9,0,1440,1476,1
8,807,1,10570,0,3,0,9,0,1441,1477,1
8,810,1,10600,0,1,1,6,3,1442,1478,1
8,813,1,10330,0,1,1,6,3,1443,1479,1
19,1901,14,140060,0,3,1,3,2,1444,1480,1
8,813,1,10330,0,2,1,7,2,1445,1481,1
7,709,14,140030,0,2,1,4,1,1446,1482,1
8,812,1,10570,0,1,1,8,1,1447,1483,1
18,1802,12,120010,0,2,0,5,0,1448,1484,1
6,606,13,130020,0,3,0,5,0,1449,1485,1
18,1802,12,120010,0,2,0,5,0,1450,1486,1
4,409,14,140050,0,3,0,5,0,1451,1487,1
19,1909,14,140060,0,3,0,5,0,1452,1488,1
8,807,1,10570,0,1,0,5,0,1453,1489,1
8,808,1,10600,0,2,1,7,2,1454,1490,1
7,705,14,140030,0,3,0,5,0,1455,1491,1
18,1806,8,80100,0,2,0,5,0,1456,1492,1
7,719,14,140030,0,3,1,3,2,1457,1493,1
21,2102,13,130020,0,3,0,4,1,1458,1494,1
21,2102,13,130020,0,3,0,5,0,1459,1495,1
7,708,14,140030,0,3,0,5,0,1460,1496,1
16,1601,4,40070,0,1,0,5,0,1461,1497,1
7,708,14,140030,0,3,0,5,0,1462,1498,1
8,809,1,10560,0,1,0,5,0,1463,1499,1
18,1811,8,80100,0,1,0,5,0,1464,1500,1
8,808,1,10600,0,1,0,7,0,1465,1501,1
8,808,1,10330,0,1,0,9,0,1466,1502,1
16,1601,4,40070,0,1,0,5,0,1467,1503,1
12,1205,8,80200,0,3,0,5,0,1468,1504,1
18,1802,12,120010,0,2,0,5,0,1469,1505,1
14,1410,7,70080,0,2,0,5,0,1470,1506,1
8,808,1,10600,0,3,0,5,0,1471,1507,1
9,905,10,100130,0,2,0,9,0,1472,1508,1
7,702,14,140030,0,3,0,5,0,1473,1509,1
7,707,14,140030,0,3,0,5,0,1474,1510,1
7,719,14,140030,0,3,0,5,0,1475,1511,1
7,709,14,140030,0,2,0,5,0,1476,1512,1
7,705,14,140030,0,3,0,5,0,1477,1513,1
17,1707,8,80150,0,3,0,5,0,1478,1514,1
8,824,1,10220,1,1,1,6,3,1479,1515,1
7,715,14,140030,0,3,0,3,2,1480,1516,1
19,1903,14,140060,0,3,1,3,2,1481,1517,1
21,2102,13,130020,0,3,1,3,2,1482,1518,1
7,708,14,140030,0,3,1,4,1,1483,1519,2
16,1604,14,140010,0,3,0,5,0,1483,1520,1
21,2102,13,130020,0,3,0,5,0,1484,1521,1
4,429,14,140050,0,2,0,5,0,1485,1522,1
8,808,1,10600,0,2,0,5,0,1486,1523,2
19,1916,14,140060,0,3,0,5,0,1487,1525,1
8,806,1,10520,0,1,1,3,2,1488,1526,1
2,211,9,90120,0,1,1,5,2,1489,1527,1
8,824,1,10220,1,1,1,5,2,1490,1528,1
7,705,14,140030,0,3,0,5,0,1491,1529,1
19,1903,14,140060,0,3,0,5,0,1492,1530,1
7,704,14,140030,0,3,1,5,0,1493,1531,1
16,1607,14,140010,0,1,0,5,0,1494,1532,1
16,1607,14,140010,0,3,0,5,0,1495,1533,1
8,809,1,10560,0,2,0,5,0,1496,1534,1
8,823,9,90520,0,3,0,5,0,1496,1535,2
19,1911,14,140060,0,3,0,5,0,1497,1536,1
16,1601,4,40070,0,2,0,5,0,1498,1537,1
8,838,1,10570,0,1,0,9,0,1499,1538,1
6,602,8,80030,0,3,0,5,0,1500,1539,1
18,1813,12,120010,0,2,0,5,0,1501,1540,1
9,904,10,100130,0,2,0,9,0,1502,1541,1
4,420,9,90330,0,3,0,3,0,1503,1542,1
2,211,9,90120,0,3,1,5,4,1504,1543,1
4,415,14,140050,0,3,1,5,4,1505,1544,1
8,838,1,10570,0,1,1,3,2,1506,1545,1
12,1204,8,80180,0,3,0,5,0,1507,1546,1
12,1205,8,80200,0,3,0,5,0,1508,1547,1
7,719,14,140030,0,3,0,5,0,1509,1548,1
7,709,14,140030,0,2,0,5,0,1510,1549,1
18,1806,8,80100,0,2,0,5,0,1511,1550,1
18,1808,12,120010,0,2,0,5,0,1512,1551,1
6,611,8,80120,0,3,1,4,1,1513,1552,1
8,836,1,10600,0,1,1,4,1,1514,1553,1
19,1909,14,140060,0,3,1,4,1,1515,1554,1
4,429,14,140050,0,3,0,5,0,1516,1555,1
6,614,14,140080,0,3,0,5,0,1517,1556,1
18,1802,12,120010,0,2,0,5,0,1518,1557,1
18,1805,12,120010,0,2,0,5,0,1518,1558,2
16,1606,14,140010,0,3,0,5,0,1519,1559,1
21,2102,13,130020,0,3,0,5,0,1520,1560,1
19,1901,14,140060,0,3,0,5,0,1521,1561,1
7,702,14,140030,0,3,0,5,0,1522,1562,1
20,2008,14,140070,0,3,0,5,0,1523,1563,1
6,609,14,140080,0,3,0,5,0,1524,1564,1
19,1914,8,80070,0,3,0,5,0,1525,1565,1
14,1413,7,70200,0,2,0,5,0,1526,1566,1
7,709,14,140030,0,2,0,5,0,1527,1567,1
8,807,1,10570,0,2,0,5,0,1528,1568,1
18,1811,8,80100,0,1,0,5,0,1529,1569,1
18,1802,12,120010,0,2,0,7,0,1530,1570,1
7,719,14,140030,0,3,0,3,2,1531,1571,1
13,1305,13,130020,0,1,1,7,2,1532,1572,1
6,601,14,140080,0,1,1,4,1,1533,1573,1
19,1906,14,140060,0,3,1,4,1,1534,1574,1
14,1413,7,70200,0,2,1,4,1,1535,1575,1
19,1904,8,80070,0,3,0,5,0,1536,1576,1
7,708,14,140030,0,3,0,5,0,1537,1577,1
19,1904,8,80060,0,3,0,5,0,1538,1578,1
4,420,9,90330,0,3,0,9,0,1539,1579,1
11,1110,13,130020,0,3,1,3,2,1540,1580,1
18,1816,12,120040,0,2,1,3,2,1541,1581,1
7,701,14,140030,0,3,0,5,0,1542,1582,1
4,429,14,140050,0,3,0,5,0,1543,1583,1
19,1903,14,140060,0,3,0,5,0,1544,1584,1
7,709,14,140030,0,1,0,5,0,1545,1585,1
20,2008,14,140070,0,3,0,5,0,1546,1586,1
6,609,14,140080,0,3,0,5,0,1547,1587,1
18,1811,8,80100,0,1,0,5,0,1548,1588,1
5,502,2,20410,0,1,0,7,0,1549,1589,1
8,804,1,10330,0,1,0,9,0,1550,1590,1
5,502,4,40040,0,1,0,9,0,1550,1591,2
9,905,10,100130,0,2,0,9,0,1551,1592,1
19,1914,8,80070,0,3,1,3,2,1552,1593,1
19,1906,14,140060,0,3,0,3,2,1553,1594,1
19,1906,14,140060,0,3,1,3,2,1554,1595,1
18,1811,8,80100,0,2,2,4,1,1555,1596,1
19,1906,14,140060,0,3,0,5,0,1552,1597,2
10,1002,8,80070,0,3,0,5,0,1556,1598,1
4,429,14,140050,0,3,0,5,0,1557,1599,1
19,1915,8,80070,0,3,0,5,0,1558,1600,1
12,1201,8,80190,0,3,0,5,0,1559,1601,1
16,1601,4,40070,0,1,0,5,0,1560,1602,1
12,1204,8,80180,0,3,0,5,0,1561,1603,1
14,1417,7,70200,0,3,0,5,0,1562,1604,1
20,2007,14,140070,0,3,0,5,0,1563,1605,1
8,812,1,10570,0,1,0,5,0,1564,1606,1
14,1415,7,70200,0,2,0,5,0,1565,1607,1
8,807,1,10570,0,1,0,9,0,1566,1608,2
9,904,10,100130,0,2,0,9,0,1566,1609,1
6,601,14,140080,0,1,1,3,2,1567,1610,1
18,1802,12,120010,0,2,0,5,0,1568,1611,1
18,1802,12,120010,0,2,0,5,0,1569,1612,1
18,1808,12,120010,0,2,0,5,0,1570,1613,1
12,1204,8,80180,0,3,0,7,0,1571,1614,1
14,1402,7,70060,0,1,1,3,2,1572,1615,1
7,719,14,140030,0,3,1,3,2,1573,1616,1
3,302,2,20110,0,1,1,3,2,1574,1617,1
17,1707,8,80150,0,2,1,5,2,1575,1618,1
4,420,9,90330,0,3,1,4,1,1576,1619,1
2,211,9,90120,0,3,1,4,1,1574,1620,2
16,1601,4,40070,0,1,1,4,1,1577,1621,1
16,1601,4,40070,0,1,1,4,1,1578,1622,1
18,1802,12,120010,0,2,1,4,1,1579,1623,1
18,1805,12,120010,0,2,0,5,0,1580,1624,1
7,709,14,140030,0,2,0,5,0,1581,1625,1
19,1906,14,140060,0,3,0,5,0,1582,1626,1
10,1002,8,80070,0,3,0,5,0,1583,1627,1
4,429,14,140050,0,3,0,5,0,1584,1628,1
16,1604,14,140010,0,3,0,5,0,1585,1629,1
18,1805,12,120010,0,2,0,5,0,1586,1630,1
8,808,1,10600,1,1,1,4,3,1587,1631,1
8,808,1,10600,0,1,1,4,3,1588,1632,1
3,303,2,20260,0,2,1,3,2,1589,1633,1
21,2102,13,130020,0,3,0,5,0,1590,1634,1
17,1707,8,80350,0,3,0,5,0,1591,1635,1
18,1805,12,120010,0,2,0,5,0,1592,1636,1
3,302,2,20110,0,2,0,5,0,1593,1637,1
16,1608,14,140080,0,3,0,5,0,1594,1638,1
12,1205,8,80200,0,2,0,5,0,1595,1639,1
8,808,1,10600,0,3,0,5,0,1596,1640,1
19,1910,14,140060,0,3,0,3,2,1597,1641,2
16,1601,4,40070,0,1,1,4,1,1598,1642,1
18,1802,12,120010,0,2,1,4,1,1599,1643,1
17,1707,8,80150,0,2,1,4,1,1600,1644,1
6,606,13,130020,0,3,0,5,0,1601,1645,1
6,601,14,140080,0,1,0,5,0,1602,1646,1
7,702,14,140030,0,3,0,5,0,1603,1647,1
7,702,14,140030,0,3,0,5,0,1597,1648,1
12,1204,8,80180,0,3,0,5,0,1604,1649,1
18,1805,12,120010,0,2,0,5,0,1605,1650,1
3,302,2,20110,0,1,0,5,0,1606,1651,1
16,1606,14,140010,0,3,0,5,0,1607,1652,1
8,832,1,10560,0,1,0,5,0,1608,1653,1
16,1608,14,140080,0,2,0,5,0,1609,1654,1
17,1707,8,80150,0,1,0,7,0,1610,1655,1
8,813,1,10330,0,1,0,7,0,1611,1656,1
8,813,1,10330,0,1,0,7,0,1612,1657,1
3,302,2,20110,0,1,0,9,0,1613,1658,1
14,1411,7,70200,0,3,0,9,0,1614,1659,1
9,911,10,100130,0,2,0,9,0,1615,1660,1
2,216,9,90120,0,3,0,5,4,1616,1661,1
19,1906,14,140060,0,3,0,3,2,1617,1662,1
8,808,1,10600,0,1,1,3,2,1618,1663,1
18,1804,12,120010,0,2,1,3,2,1619,1664,1
18,1817,12,120010,0,2,0,5,0,1620,1665,1
19,1916,14,140060,0,3,0,5,0,1621,1666,1
7,709,14,140030,0,2,0,5,0,1622,1667,1
19,1915,8,80070,0,3,0,5,0,1623,1668,1
8,812,1,10570,0,1,0,5,0,1624,1669,1
19,1915,8,80060,0,2,0,5,0,1625,1670,1
19,1909,14,140060,0,3,0,5,0,1626,1671,1
5,502,1,10090,0,1,0,9,0,1627,1672,1
7,709,14,140030,0,1,1,3,2,1628,1673,1
9,911,10,100130,0,2,0,7,0,1629,1674,1
20,2009,14,140070,0,3,0,5,0,1630,1675,1
8,813,1,10330,0,1,0,5,0,1631,1676,1
18,1802,12,120010,0,1,0,5,0,1632,1677,1
8,824,1,10220,1,1,1,6,3,1633,1678,1
5,502,1,10120,0,2,1,6,3,1634,1679,1
19,1901,14,140060,0,3,1,3,2,1635,1680,1
16,1601,4,40070,0,2,1,3,2,1636,1681,1
7,702,14,140030,0,1,0,5,0,1637,1682,1
19,1917,3,30030,0,3,0,5,0,1638,1683,1
7,719,14,140030,0,3,0,5,0,1639,1684,1
3,302,2,20110,0,1,0,5,0,1640,1685,1
17,1707,8,80150,0,2,0,5,0,1641,1686,1
4,415,14,140050,0,3,0,5,0,1642,1687,2
19,1911,14,140060,0,3,0,5,0,1642,1688,1
19,1910,14,140060,0,3,0,5,0,1643,1689,1
16,1601,4,40070,0,2,0,5,0,1644,1690,1
18,1802,12,120010,0,1,0,5,0,1645,1691,1
7,707,14,140030,0,3,0,5,0,1646,1692,1
2,211,9,90120,0,3,0,7,0,1647,1693,1
4,420,9,90330,0,3,0,9,0,1648,1694,1
5,502,4,40040,0,1,0,9,0,1649,1695,1
2,211,9,90120,0,3,0,5,4,1650,1696,1
7,709,14,140030,0,2,1,3,2,1651,1697,1
18,1808,12,120010,0,1,1,3,2,1652,1698,1
8,807,1,10570,0,2,1,5,2,1653,1699,1
18,1802,12,120010,0,2,1,4,1,1654,1700,1
12,1204,8,80180,0,3,0,5,0,1655,1701,1
18,1811,8,80100,0,1,0,5,0,1656,1702,1
7,709,14,140030,0,2,0,5,0,1657,1703,1
16,1601,4,40070,0,2,0,5,0,1658,1704,1
19,1906,14,140060,0,3,0,5,0,1659,1705,1
21,2102,13,130020,0,3,0,5,0,1660,1706,1
19,1904,8,80070,0,3,0,5,0,1661,1707,1
17,1716,2,20190,0,1,0,5,0,1662,1708,1
19,1916,14,140060,0,3,0,5,0,1663,1709,1
7,707,14,140030,0,3,0,5,0,1664,1710,1
11,1106,13,130020,0,3,0,7,0,1665,1711,1
19,1904,8,80070,0,3,0,5,0,1666,1712,1
14,1413,7,70200,0,2,1,8,1,1667,1713,1
7,707,14,140030,0,3,0,5,0,1668,1714,1
18,1808,12,120010,0,2,0,5,0,1669,1715,1
16,1606,14,140010,0,3,0,5,0,1670,1716,1
19,1904,8,80070,0,3,0,5,0,1671,1717,1
7,709,14,140030,0,2,0,5,0,1672,1718,1
8,834,1,10330,0,1,1,5,4,1673,1719,1
13,1302,9,90440,0,3,1,3,2,1674,1720,1
19,1909,14,140060,0,3,1,4,1,1675,1721,1
18,1817,12,120010,0,1,1,8,1,1676,1722,1
12,1204,8,80180,0,3,0,5,0,1677,1723,1
13,1304,13,130020,0,3,0,5,0,1678,1724,1
13,1302,9,90440,0,3,0,5,0,1679,1725,1
8,816,1,10330,0,2,0,5,0,1680,1726,1
1,102,2,20150,0,1,1,4,3,1681,1727,1
19,1904,8,80070,0,3,1,3,2,1682,1728,1
16,1608,14,140080,0,2,1,3,2,1683,1729,1
7,709,14,140030,0,1,1,4,1,1684,1730,1
6,606,13,130020,0,3,0,5,0,1685,1731,1
19,1904,8,80070,0,3,0,5,0,1686,1732,1
16,1607,14,140010,0,2,0,5,0,1687,1733,1
19,1906,14,140060,0,3,0,5,0,1688,1734,1
8,824,1,10220,1,1,0,9,0,1689,1735,1
11,1105,13,130020,0,3,2,5,4,1690,1736,1
21,2102,13,130020,0,3,2,3,2,1691,1737,1
8,810,1,10570,0,1,1,7,2,1692,1738,1
18,1811,8,80100,0,1,1,4,1,1693,1739,1
16,1601,4,40070,0,1,1,4,1,1694,1740,1
20,2007,14,140070,0,3,0,5,0,1695,1741,1
17,1707,8,80150,0,3,0,5,0,1696,1742,1
8,807,1,10600,0,1,0,5,0,1697,1743,1
7,707,14,140030,0,3,0,5,0,1698,1744,1
8,816,1,10330,0,1,0,9,0,1699,1745,1
6,601,14,140080,0,2,1,3,2,1700,1746,1
7,702,14,140030,0,3,0,5,0,1701,1747,1
7,709,14,140030,0,2,0,5,0,1702,1748,1
19,1904,8,80070,0,3,0,5,0,1703,1749,1
3,302,2,20110,0,1,0,7,0,1704,1750,1
8,807,1,10600,0,1,0,9,0,1705,1751,1
8,813,1,10330,0,1,1,4,3,1706,1752,1
19,1904,8,80070,0,3,1,3,2,1707,1753,1
19,1906,14,140060,0,3,0,3,2,1708,1754,1
19,1916,14,140060,0,1,1,3,2,1709,1755,1
6,602,8,80030,0,1,1,4,1,1710,1756,1
7,709,14,140030,0,2,1,4,1,1711,1757,1
14,1416,7,70120,0,3,1,4,1,1712,1758,1
16,1601,4,40070,0,2,1,4,1,1713,1759,1
19,1906,14,140060,0,3,0,5,0,1714,1760,1
6,614,14,140080,0,3,0,5,0,1715,1761,1
21,2102,13,130020,0,3,0,5,0,1716,1762,1
16,1601,4,40070,0,1,0,5,0,1717,1763,1
19,1916,14,140060,0,3,0,7,0,1718,1764,1
8,807,1,10600,0,1,0,7,0,1719,1765,1
8,838,1,10570,0,1,0,7,0,1720,1766,1
8,838,1,10570,0,1,0,9,0,1721,1767,1
9,904,10,100130,0,2,0,9,0,1722,1768,2
11,1106,13,130020,0,2,0,9,0,1722,1769,1
16,1601,4,40070,0,2,0,5,0,1723,1770,1
14,1402,7,70060,0,1,1,4,1,1724,1771,1
18,1811,8,80100,0,1,1,4,1,1725,1772,1
19,1917,3,30030,0,3,1,5,4,1726,1773,1
1,101,2,20150,0,1,1,6,3,1727,1774,1
19,1901,14,140060,0,3,1,3,2,1728,1775,1
2,210,9,90120,0,3,1,3,2,1729,1776,1
8,801,1,10600,0,1,1,3,2,1730,1777,1
8,807,1,10600,0,1,1,4,1,1731,1778,1
10,1001,13,130020,0,1,0,5,0,1732,1779,1
6,614,14,140080,0,2,0,5,0,1733,1780,1
6,614,14,140080,0,3,0,5,0,1734,1781,1
14,1409,7,70200,0,2,0,5,0,1735,1782,1
4,411,1,10330,0,3,0,5,0,1736,1783,1
19,1909,14,140060,0,3,0,5,0,1737,1784,1
7,706,14,140030,0,3,0,5,0,1738,1785,1
16,1601,4,40070,0,2,0,5,0,1739,1786,1
7,702,14,140030,0,3,0,5,0,1740,1787,1
1,101,2,20150,0,1,1,5,4,1741,1788,1
8,812,1,10570,0,1,1,6,3,1742,1789,1
19,1904,8,80070,0,3,0,7,2,1743,1790,1
4,404,13,130020,0,3,0,4,1,1744,1791,1
17,1716,2,20190,0,1,1,6,1,1745,1792,1
14,1415,7,70200,0,2,0,5,0,1746,1793,1
19,1904,8,80070,0,3,0,5,0,1747,1794,1
7,705,14,140030,0,3,0,5,0,1748,1795,1
7,719,14,140030,0,3,0,5,0,1749,1796,1
4,429,14,140050,0,3,0,5,0,1750,1797,1
7,719,14,140030,0,3,0,5,0,1751,1798,1
7,704,14,140030,0,3,0,5,0,1752,1799,1
8,838,1,10570,0,2,1,6,3,1753,1800,1
7,709,14,140030,0,2,1,3,2,1754,1801,1
8,829,1,10030,0,1,1,3,2,1755,1802,1
14,1402,7,70060,0,1,1,5,2,1756,1803,1
11,1109,13,130020,0,3,1,4,1,1757,1804,1
7,707,14,140030,0,3,0,5,0,1758,1805,1
16,1608,14,140080,0,2,0,5,0,1759,1806,1
19,1901,14,140060,0,3,0,5,0,1760,1807,1
4,420,9,90330,0,3,0,7,0,1756,1808,2
9,905,1,10570,0,2,0,7,0,1761,1809,1
2,211,9,90120,0,3,0,9,0,1762,1810,1
19,1904,8,80070,0,3,0,9,0,1763,1811,1
13,1303,4,40040,0,1,1,5,4,1764,1812,1
14,1402,7,70060,0,2,0,5,0,1765,1813,1
7,719,14,140030,0,1,0,5,0,1766,1814,1
7,704,14,140030,0,3,0,5,0,1767,1815,1
14,1413,7,70200,0,3,0,5,0,1768,1816,1
9,912,10,100130,0,1,1,5,2,1769,1817,1
7,701,14,140030,0,1,0,5,0,1770,1818,1
2,212,9,90120,0,3,0,5,0,1771,1819,1
17,1710,1,10570,0,1,0,7,0,1772,1820,1
9,902,10,100130,0,2,0,7,0,1769,1821,2
9,911,10,100130,0,1,1,3,3,1773,1822,2
4,416,14,140050,0,3,1,3,2,1774,1823,1
8,807,1,10570,0,1,1,5,2,1775,1824,1
8,812,1,10570,0,1,1,7,2,1776,1825,1
19,1904,8,80070,0,3,1,4,1,1777,1826,1
7,709,14,140030,0,1,1,4,1,1778,1827,1
9,909,10,100130,0,2,1,6,1,1779,1828,1
19,1906,14,140060,0,3,0,5,0,1780,1829,1
19,1904,8,80070,0,3,0,5,0,1781,1830,1
19,1904,8,80070,0,3,0,5,0,1782,1831,1
8,836,1,10600,0,1,0,5,0,1783,1832,1
19,1901,14,140060,0,3,0,5,0,1784,1833,1
6,614,14,140080,0,1,0,9,0,1773,1834,1
4,426,9,90310,0,2,1,6,3,1785,1835,1
19,1914,8,80070,0,2,1,4,1,1786,1836,1
7,704,14,140030,0,3,0,5,0,1787,1837,1
20,2007,14,140070,0,3,0,5,0,1788,1838,1
8,808,1,10600,0,3,0,5,0,1789,1839,1
16,1601,4,40070,0,2,0,5,0,1790,1840,1
16,1604,14,140010,0,1,0,7,0,1791,1841,1
8,826,1,10570,0,2,1,5,4,1792,1842,1
19,1906,14,140060,0,3,0,4,1,1793,1843,1
19,1904,8,80070,0,3,0,5,0,1794,1844,1
19,1903,14,140060,0,3,0,5,0,1795,1845,1
4,429,14,140050,0,3,0,9,0,1796,1846,1
8,807,1,10570,0,2,0,9,0,1797,1847,1
8,807,1,10570,0,1,0,9,0,1798,1848,1
7,719,14,140030,0,3,0,5,0,1799,1849,1
6,612,13,130020,0,2,2,3,2,1800,1850,1
4,429,14,140050,0,3,0,5,0,1801,1851,1
16,1604,14,140010,0,3,0,5,0,1802,1852,1
12,1205,8,80200,0,3,1,5,4,1803,1853,1
5,502,2,20410,0,1,1,6,3,1804,1854,1
19,1909,14,140060,0,3,0,3,2,1805,1855,1
8,838,1,10570,0,1,1,6,1,1806,1856,1
19,1904,8,80060,0,3,0,5,0,1807,1857,1
16,1604,14,140010,0,2,0,7,0,1808,1858,1
5,517,2,20410,0,1,0,9,0,1809,1859,1
14,1413,7,70200,0,1,0,9,0,1810,1860,1
16,1608,14,140080,0,2,1,5,4,1811,1861,1
14,1402,7,70060,0,1,1,7,2,1812,1862,1
7,702,14,140030,0,3,1,4,1,1813,1863,1
19,1914,8,80070,0,3,1,4,1,1814,1864,1
19,1914,8,80070,0,3,1,4,1,1815,1865,1
4,429,14,140050,0,3,0,5,0,1816,1866,1
19,1909,14,140060,0,3,0,5,0,1817,1867,1
16,1608,14,140080,0,1,0,5,0,1818,1868,1
17,1707,8,80150,0,3,0,5,0,1819,1869,1
4,429,14,140050,0,3,0,5,0,1820,1870,1
4,429,14,140050,0,3,0,5,0,1821,1871,1
19,1904,8,80070,0,3,0,5,0,1822,1872,1
20,2003,14,140070,0,3,0,5,0,1823,1873,1
4,429,14,140050,0,3,0,5,0,1824,1874,1
16,1601,4,40070,0,1,0,5,0,1825,1875,1
7,702,14,140030,0,3,1,3,2,1826,1876,1
4,409,14,140050,0,3,1,3,2,1827,1877,1
8,813,1,10330,0,1,1,3,2,1828,1878,1
17,1707,8,80150,0,2,0,5,0,1829,1879,1
14,1410,7,70080,0,3,0,5,0,1830,1880,1
19,1901,14,140060,0,3,0,5,0,1831,1881,1
7,704,14,140030,0,3,0,5,0,1832,1882,1
18,1802,12,120010,0,1,0,5,0,1833,1883,1
7,708,14,140030,0,3,0,5,0,1834,1884,1
4,415,14,140050,0,3,0,7,0,1835,1885,1
14,1402,7,70060,0,2,0,7,0,1836,1886,1
8,824,1,10220,0,2,0,7,0,1837,1887,1
5,502,1,10120,0,1,1,7,2,1838,1888,1
7,708,8,80070,0,1,0,5,0,1839,1889,1
7,708,14,140030,0,3,0,5,0,1840,1890,1
8,824,1,10220,1,1,1,6,3,1841,1891,1
8,838,1,10570,0,2,1,6,3,1842,1892,1
11,1106,13,130020,0,3,1,3,2,1843,1893,1
19,1909,14,140060,0,3,0,5,0,1844,1894,1
7,709,14,140030,0,1,0,5,0,1845,1895,1
4,420,9,90330,0,3,1,5,0,1843,1896,2
20,2008,14,140070,0,3,0,8,0,1846,1897,1
8,824,1,10220,0,1,0,8,0,1847,1898,1
19,1904,8,80070,0,1,0,9,0,1848,1899,1
11,1106,13,130020,0,3,0,9,0,1849,1900,1
8,806,1,10520,0,1,0,9,0,1850,1901,1
8,808,1,10600,0,1,0,9,0,1851,1902,1
7,702,14,140030,0,3,1,5,4,1852,1903,1
19,1906,14,140060,0,2,1,5,4,1853,1904,1
19,1906,14,140060,0,2,0,5,4,1854,1905,1
19,1914,8,80060,0,2,1,3,2,1855,1906,1
19,1903,14,140060,0,3,1,3,2,1856,1907,1
8,816,1,10330,0,1,1,7,2,1857,1908,1
5,502,2,20410,0,2,1,7,2,1858,1909,1
18,1808,12,120010,0,2,1,4,1,1859,1910,1
6,602,8,80030,0,1,0,5,0,1860,1911,1
14,1402,7,70060,0,1,0,5,0,1861,1912,1
7,702,14,140030,0,3,0,5,0,1862,1913,1
18,1811,8,80100,0,2,0,5,0,1863,1914,1
6,614,14,140080,0,3,0,5,0,1864,1915,1
19,1916,14,140060,0,3,0,5,0,1865,1916,1
17,1711,8,80270,0,3,0,5,0,1866,1917,1
18,1805,12,120010,0,2,0,5,0,1867,1918,1
19,1901,14,140060,0,3,0,5,0,1868,1919,1
19,1916,14,140060,0,3,0,5,0,1869,1920,1
18,1808,12,120010,0,1,0,5,0,1870,1921,1
8,824,1,10220,1,1,0,5,0,1871,1922,1
18,1811,8,80100,0,2,0,5,0,1872,1923,1
7,707,14,140030,0,3,0,7,0,1873,1924,1
4,420,9,90330,0,1,0,7,0,1874,1925,1
8,828,1,10560,0,1,1,5,3,1875,1926,2
2,210,9,90120,0,3,1,5,3,1875,1927,1
2,207,4,40050,0,3,1,6,3,1876,1928,1
16,1604,14,140010,0,3,0,5,0,1877,1929,1
8,801,1,10600,0,1,0,9,0,1878,1930,1
14,1409,7,70200,0,1,1,5,4,1879,1931,1
17,1712,8,80070,0,2,0,5,0,1880,1932,1
19,1903,14,140060,0,3,0,5,0,1881,1933,1
19,1903,14,140060,0,3,0,5,0,1882,1934,1
13,1303,1,10600,0,1,0,9,0,1883,1935,1
19,1904,8,80070,0,3,0,5,0,1884,1936,1
8,828,1,10020,0,2,1,5,4,1885,1937,1
19,1903,14,140060,0,3,1,5,4,1886,1938,1
6,602,8,80030,0,2,1,4,1,1887,1939,1
19,1906,14,140060,0,3,1,6,3,1888,1940,1
8,808,1,10600,0,1,1,3,2,1889,1941,1
8,809,1,10570,0,2,1,7,2,1890,1942,1
7,702,14,140030,0,3,0,5,0,1891,1943,1
7,709,14,140030,0,2,0,5,0,1892,1944,1
19,1903,14,140060,0,3,0,5,0,1893,1945,1
11,1109,13,130020,0,3,0,5,0,1894,1946,1
11,1106,13,130020,0,3,0,5,0,1895,1947,1
8,834,1,10330,0,1,0,5,0,1896,1948,1
4,429,14,140050,0,3,0,9,0,1897,1949,1
12,1204,8,80180,0,3,0,9,0,1898,1950,1
1,106,2,20150,0,3,0,5,2,1899,1951,1
7,701,14,140030,0,3,0,5,0,1900,1952,1
7,708,14,140030,0,3,0,5,0,1901,1953,1
19,1906,14,140060,0,3,0,5,0,1902,1954,1
19,1906,14,140060,0,3,0,5,0,1903,1955,1
6,606,13,130020,0,3,0,5,0,1904,1956,1
4,422,14,140050,0,3,0,5,0,1905,1957,1
19,1906,14,140060,0,3,0,5,0,1906,1958,1
20,2007,14,140070,0,3,0,5,0,1907,1959,1
7,709,14,140030,0,3,0,7,0,1908,1960,1
12,1205,8,80200,0,3,0,9,0,1909,1961,1
3,302,2,20110,0,1,0,9,0,1910,1962,1
3,302,2,20110,0,1,0,9,0,1911,1963,1
3,302,2,20110,0,1,0,9,0,1912,1964,1
8,813,1,10330,0,2,0,9,0,1913,1965,1
4,420,9,90330,0,3,0,7,0,1914,1966,1
16,1604,14,140010,0,3,0,5,0,1915,1967,1
20,2009,14,140070,0,3,0,5,0,1916,1968,1
8,814,1,10330,0,1,0,8,0,1917,1969,1
2,216,9,90120,0,3,0,9,0,1918,1970,1
8,801,1,10600,0,1,1,5,3,1919,1971,1
10,1009,13,130020,0,3,1,3,2,1920,1972,1
8,816,1,10330,0,1,1,7,2,1921,1973,1
16,1601,4,40070,0,3,0,5,0,1922,1974,1
6,602,8,80030,0,2,0,5,0,1923,1975,1
19,1903,14,140060,0,3,0,5,0,1924,1976,1
8,808,1,10330,0,1,0,9,0,1925,1977,1
4,420,9,90330,0,3,2,5,4,1926,1978,1
9,911,10,100130,0,2,1,4,3,1927,1979,1
7,709,14,140030,0,3,1,6,3,1928,1980,1
8,810,1,10570,0,1,1,6,3,1929,1981,1
7,709,14,140030,0,1,1,3,2,1930,1982,1
6,614,14,140080,0,3,1,3,2,1931,1983,1
13,1302,9,90440,0,3,0,5,0,1932,1984,1
2,216,9,90120,0,3,0,5,0,1933,1985,1
8,807,1,10570,0,1,0,8,0,1934,1986,1
14,1409,7,70200,0,2,1,5,4,1935,1987,1
19,1906,14,140060,0,2,1,6,3,1936,1988,1
7,707,14,140030,0,1,1,6,3,1937,1989,2
8,834,1,10330,0,1,1,6,3,1938,1990,1
7,709,14,140030,0,2,1,7,2,1937,1991,1
7,702,14,140030,0,3,0,5,0,1939,1992,1
2,210,9,90120,0,3,0,7,0,1940,1993,1
16,1601,4,40070,0,3,0,8,0,1941,1994,1
7,714,14,140030,0,3,0,9,0,1942,1995,1
18,1817,12,120010,0,1,0,5,0,1943,1996,1
20,2002,14,140070,0,3,0,5,0,1944,1997,1
16,1606,14,140010,0,3,1,7,2,1945,1998,1
14,1410,7,70080,0,2,0,5,0,1946,1999,1
14,1416,7,70120,0,2,0,7,0,1947,2000,1
2,211,9,90120,0,3,0,9,0,1948,2001,1
4,426,9,90310,0,3,0,9,0,1949,2002,1
2,212,9,90120,0,3,1,7,2,1950,2003,1
8,816,1,10330,0,1,1,5,3,1951,2004,1
14,1409,7,70200,0,1,1,6,3,1952,2005,1
8,816,1,10600,1,1,1,6,3,1953,2006,1
19,1904,8,80070,0,2,1,3,2,1954,2007,1
19,1903,14,140060,0,3,0,3,2,1955,2008,1
16,1607,14,140010,0,2,1,3,2,1956,2009,1
2,212,9,90120,0,3,1,3,2,1957,2010,1
8,836,1,10600,0,1,1,6,2,1958,2011,1
8,812,1,10570,0,1,1,7,2,1959,2012,1
19,1904,8,80070,0,3,1,4,1,1960,2013,1
17,1707,8,80150,0,3,0,5,0,1961,2014,1
4,420,9,90330,0,3,0,5,0,1962,2015,1
10,1011,13,130020,0,3,0,5,0,1963,2016,1
19,1904,8,80060,0,3,0,5,0,1964,2017,1
8,824,1,10220,1,1,0,8,0,1965,2018,2
8,810,1,10570,0,1,0,8,0,1965,2019,1
8,807,1,10570,0,1,0,8,0,1966,2020,1
8,808,1,10600,0,2,0,8,0,1967,2021,1
9,912,10,100130,0,1,0,9,0,1968,2022,1
1,101,2,20150,0,1,0,9,0,1969,2023,1
2,211,9,90120,0,3,0,9,0,1970,2024,1
11,1105,13,130020,0,1,0,9,0,1971,2025,1
18,1817,12,120010,0,2,1,5,4,1972,2026,1
14,1402,7,70060,0,1,1,4,3,1973,2027,1
8,828,1,10600,0,1,1,6,3,1974,2028,1
17,1707,8,80150,0,3,1,3,2,1975,2029,1
19,1901,14,140060,0,3,1,3,2,1976,2030,1
19,1906,14,140060,0,3,1,7,1,1977,2031,1
16,1609,14,140010,0,3,0,5,0,1978,2032,1
19,1903,14,140060,0,3,0,5,0,1979,2033,1
7,701,14,140030,0,3,0,5,0,1980,2034,1
6,601,14,140080,0,3,0,5,0,1981,2035,1
14,1415,7,70200,0,3,0,5,0,1982,2036,1
19,1904,8,80060,0,3,0,5,0,1983,2037,1
21,2101,13,130020,0,3,0,5,0,1984,2038,1
18,1814,14,140010,0,1,0,5,0,1985,2039,1
19,1904,8,80070,0,3,0,5,0,1986,2040,1
19,1906,14,140060,0,3,0,5,0,1987,2041,1
6,602,8,80030,0,2,0,9,0,1988,2042,1
1,106,2,20150,0,1,0,9,0,1989,2043,1
4,425,9,90460,0,3,1,5,4,1990,2044,1
11,1105,13,130020,0,3,1,3,2,1991,2045,1
8,838,1,10570,0,2,1,6,2,1992,2046,1
6,602,8,80030,0,1,0,5,0,1993,2047,1
11,1105,13,130020,0,3,0,5,0,1994,2048,1
8,808,1,10600,0,1,0,3,0,1995,2049,1
7,708,14,140030,0,3,0,5,0,1996,2050,1
19,1916,14,140060,0,2,0,5,0,1997,2051,1
18,1802,12,120010,0,1,0,5,0,1998,2052,1
16,1607,14,140010,0,1,0,9,0,1999,2053,1
7,709,14,140030,0,1,1,5,4,2000,2054,1
8,838,1,10570,0,1,1,5,4,2001,2055,1
2,210,9,90120,0,3,0,9,0,2002,2056,1
18,1805,12,120010,0,2,1,3,2,2003,2057,1
7,704,14,140030,0,3,1,4,1,2004,2058,1
8,815,1,10330,0,3,0,5,0,2005,2059,1
12,1204,8,80180,0,3,1,5,4,2006,2060,1
8,823,9,90520,0,1,1,5,4,2007,2061,1
2,216,9,90120,0,1,1,8,1,2008,2062,2
9,911,10,100130,0,1,1,8,1,2008,2063,1
7,709,14,140030,0,3,0,5,0,2009,2064,1
16,1604,14,140010,0,2,0,5,0,2010,2065,1
6,601,14,140080,0,1,0,5,0,2011,2066,1
4,429,14,140050,0,3,0,5,0,2012,2067,1
16,1604,14,140010,0,2,0,5,0,2013,2068,1
5,531,1,10120,0,2,1,6,3,2014,2069,1
7,708,14,140030,0,1,1,3,2,2015,2070,1
5,516,4,40040,0,1,1,7,2,2016,2071,1
9,904,10,100130,0,2,1,4,1,2017,2072,1
17,1707,8,80150,0,2,1,4,1,2018,2073,1
7,707,14,140030,0,3,0,5,0,2019,2074,1
7,719,14,140030,0,3,0,5,0,2020,2075,1
4,404,13,130020,0,2,0,5,0,2021,2076,1
3,302,2,20110,0,1,0,5,0,2022,2077,1
9,904,10,100130,0,1,0,8,0,2023,2078,1
7,709,14,140030,0,1,0,9,0,2024,2079,1
6,606,13,130020,0,3,0,9,0,2025,2080,1
11,1110,13,130020,0,2,0,9,0,2026,2081,1
8,808,1,10600,0,1,0,9,0,2027,2082,1
17,1705,8,80150,0,2,0,9,0,2028,2083,1
2,209,9,90120,0,2,0,7,0,2029,2084,1
8,808,1,10600,0,1,1,7,2,2030,2085,1
19,1904,8,80070,0,2,1,4,1,2031,2086,1
7,706,14,140030,0,3,0,5,0,2032,2087,1
7,706,14,140030,0,3,0,5,0,2033,2088,1
19,1914,14,140060,0,2,0,5,0,2034,2089,1
6,606,13,130020,0,1,0,5,0,2035,2090,1
18,1806,8,80100,0,2,0,5,0,2036,2091,1
7,708,14,140030,0,3,0,9,0,2037,2092,1
4,420,9,90330,0,2,0,9,0,2038,2093,1
8,837,1,10600,0,1,0,9,0,2039,2094,1
8,812,1,10570,0,1,0,9,0,2040,2095,1
2,207,4,40050,0,2,1,5,4,2041,2096,1
4,432,4,40010,0,1,0,5,0,2042,2097,1
4,432,4,40010,0,2,0,5,0,2043,2098,1
6,614,14,140080,0,1,1,6,3,2044,2099,1
8,810,1,10570,1,1,1,6,3,2045,2100,1
8,808,1,10600,0,1,1,6,3,2046,2101,1
17,1707,8,80150,0,2,1,3,2,2047,2102,1
8,824,1,10220,1,1,1,7,2,2048,2103,1
5,526,1,10090,0,1,1,7,2,2049,2104,2
9,911,10,100130,0,1,1,7,2,2049,2105,1
11,1112,13,130020,0,1,1,4,1,2050,2106,1
7,709,14,140030,0,1,0,5,0,2051,2107,1
11,1112,13,130020,0,2,0,5,0,2052,2108,1
19,1910,14,140060,0,3,0,9,0,2053,2109,1
8,813,1,10330,0,2,0,9,0,2054,2110,1
8,824,1,10220,1,2,0,9,0,2055,2111,1
8,810,1,10570,1,1,1,5,4,2056,2112,1
8,810,1,10570,0,1,1,5,4,2057,2113,1
13,1303,1,10600,0,1,1,5,4,491,2114,1
19,1904,8,80070,0,2,1,7,2,492,2115,1
18,1802,12,120010,0,1,1,4,1,493,2116,1
19,1903,14,140060,0,1,0,5,0,494,2117,1
4,428,14,140050,0,2,0,5,0,495,2118,1
14,1411,7,70200,0,2,0,8,0,496,2119,1
2,209,9,90120,0,2,0,8,0,497,2120,1
12,1207,13,130020,0,2,0,9,0,498,2121,1
4,420,9,90330,0,3,0,9,0,499,2122,1
19,1914,8,80060,0,2,0,9,0,500,2123,1
2,209,9,90120,0,2,0,9,0,501,2124,1
4,432,4,40010,0,2,0,5,0,502,2125,1
14,1413,7,70200,0,2,1,4,3,503,2126,1
8,812,1,10570,0,1,1,8,1,504,2127,1
19,1906,14,140060,0,3,0,9,0,505,2128,1
2,211,9,90120,0,2,0,9,0,506,2129,1
17,1707,8,80150,0,2,1,4,1,507,2130,1
11,1110,13,130020,0,3,0,5,0,508,2131,1
4,420,9,90330,0,1,0,8,0,509,2132,1
18,1817,12,120010,0,2,0,9,0,510,2133,1
7,709,14,140030,0,2,0,9,0,511,2134,1
2,207,4,40050,0,2,0,9,0,512,2135,1
14,1410,7,70080,0,2,0,9,0,513,2136,1
14,1410,7,70080,0,2,0,9,0,514,2137,1
8,808,1,10600,0,2,0,9,0,515,2138,1
9,906,10,100130,0,2,1,7,2,516,2139,1
8,834,1,10330,1,1,1,5,4,517,2140,1
4,433,1,10360,0,1,1,5,4,517,2141,2
8,834,1,10330,0,1,1,7,2,518,2142,1
5,524,1,10600,0,1,0,8,0,519,2143,1
8,824,1,10220,1,1,0,9,0,2058,2144,1
8,810,1,10570,0,1,0,9,0,2059,2145,1
4,406,9,90100,0,3,2,5,4,2060,2146,2
16,1608,14,140080,0,2,1,3,2,2061,2147,1
18,1817,12,120010,0,2,2,4,1,2062,2148,1
16,1607,14,140010,0,2,1,4,1,2063,2149,1
17,1707,8,80150,0,1,0,5,0,2064,2150,1
18,1811,8,80100,0,2,0,5,0,2065,2151,1
10,1008,13,130020,0,2,0,5,0,2066,2152,1
7,711,14,140030,0,1,0,5,0,2067,2153,1
6,606,14,140080,0,3,0,5,0,2068,2154,1
7,709,14,140030,0,1,0,5,0,2069,2155,1
18,1813,12,120010,0,2,0,5,0,2070,2156,1
16,1601,4,40070,0,2,0,5,0,2071,2157,1
16,1602,14,140010,0,1,0,5,0,2072,2158,1
9,910,10,100130,0,1,0,8,0,2073,2159,1
8,810,1,10570,1,2,0,8,0,2074,2160,1
9,911,10,100130,0,1,0,9,0,2075,2161,1
4,415,14,140050,0,3,0,9,0,2075,2162,2
8,832,1,10560,0,1,0,9,0,2076,2163,1
18,1817,12,120010,0,1,0,9,0,2060,2164,1
18,1817,12,120010,0,2,0,9,0,2077,2165,1
7,709,14,140030,0,3,0,9,0,2078,2166,1
8,824,1,10220,1,1,0,7,0,2079,2167,1
14,1402,7,70060,0,1,0,9,0,2080,2168,1
7,709,14,140030,0,1,1,6,3,2081,2169,1
8,804,1,10600,0,1,1,6,3,2082,2170,1
6,606,13,130020,0,3,2,5,2,2083,2171,1
6,603,8,80110,0,1,0,9,0,2084,2172,1
8,824,1,10220,1,2,0,9,0,2085,2173,1
16,1601,4,40070,0,2,0,5,0,2086,2174,1
6,602,8,80030,0,3,0,5,0,2087,2175,1
4,432,4,40010,0,2,0,5,0,2088,2176,1
8,817,1,10330,0,2,0,8,0,2089,2177,1
7,703,8,80070,0,2,0,4,3,2090,2178,1
7,707,1,10030,0,3,0,5,0,2091,2179,1
7,716,14,140030,0,3,0,5,0,2092,2180,1
1,102,2,20150,0,1,0,9,0,2093,2181,1
6,602,8,80030,0,3,2,9,0,2094,2182,1
9,912,10,100130,0,3,0,5,4,2094,2183,2
8,836,1,10600,0,1,1,5,4,2095,2184,1
7,707,14,140030,0,3,2,6,3,2096,2185,1
5,524,1,10600,0,1,1,6,2,2097,2186,1
8,824,1,10220,1,2,1,7,2,2098,2187,1
17,1707,8,80150,0,2,1,4,1,2099,2188,1
6,601,14,140080,0,2,0,5,0,2100,2189,1
4,420,9,90330,0,1,0,9,0,2101,2190,1
2,211,9,90120,0,3,0,8,0,2102,2191,1
8,824,1,10220,1,1,0,8,0,2103,2192,1
2,209,9,90120,0,2,0,8,0,2102,2193,2
8,836,1,10600,1,1,0,9,0,2104,2194,1
16,1601,4,40070,0,2,0,5,0,2105,2195,1
7,709,14,140030,0,1,0,5,0,2106,2196,1
8,824,1,10220,1,2,0,7,0,2107,2197,1
8,808,1,10600,0,2,0,8,0,2108,2198,1
6,603,8,80110,0,1,0,9,0,2109,2199,1
2,216,9,90120,0,1,0,9,0,2110,2200,1
8,816,1,10330,0,1,0,9,0,2111,2201,1
8,808,1,10040,0,1,0,9,0,2112,2202,1
2,211,9,90120,0,2,0,5,4,2113,2203,1
8,824,1,10220,1,1,1,4,3,2114,2204,1
8,810,1,10570,1,1,1,6,3,2115,2205,1
18,1817,12,120010,0,2,0,5,0,2116,2206,1
2,211,9,90120,0,2,0,8,0,2117,2207,1
4,429,14,140050,0,1,0,9,0,2118,2208,1
8,808,1,10600,0,1,0,9,0,2119,2209,1
18,1805,12,120010,0,2,0,5,0,2120,2210,1
7,709,14,140030,0,2,0,5,0,2121,2211,1
4,421,9,90250,0,2,0,5,0,2122,2212,1
8,815,1,10330,1,1,0,9,0,2123,2213,1
8,838,1,10570,0,1,0,9,0,2124,2214,1
8,824,1,10220,1,1,0,9,0,2125,2215,1
8,824,1,10220,1,1,1,7,2,2126,2216,1
8,824,1,10220,1,1,1,8,1,2127,2217,1
8,808,1,10600,0,1,0,9,0,2128,2218,1
8,838,1,10570,0,2,0,9,0,2129,2219,1
6,603,8,80110,0,1,1,5,3,2130,2220,1
4,429,14,140050,0,1,1,3,2,2131,2221,1
8,824,1,10220,1,1,1,8,1,2132,2222,1
2,201,9,90120,0,3,0,5,0,2133,2223,1
7,708,8,90100,0,3,0,6,0,2134,2224,1
4,432,9,90320,0,1,0,8,0,2135,2225,1
19,1915,8,80060,0,1,0,9,0,2136,2226,1
18,1812,8,80100,0,1,0,5,0,2137,2227,1
8,808,1,10600,0,1,0,9,0,2138,2228,1
16,1607,14,140010,0,2,0,5,0,2139,2229,1
7,704,14,140030,0,2,0,5,0,2140,2230,1
7,709,14,140030,0,2,1,6,3,2141,2231,1
17,1707,8,80150,0,2,0,5,0,2142,2232,1
18,1812,8,80100,0,2,0,8,0,2143,2233,1
9,911,10,100130,0,2,0,8,0,2143,2234,2
19,1901,9,90320,0,2,0,9,0,2144,2235,1
14,1416,9,90330,0,2,0,9,0,2145,2236,1
8,804,1,10600,1,1,0,9,0,2146,2237,1
3,302,2,20110,0,1,0,9,0,2147,2238,1
8,834,1,10330,0,1,0,9,0,2148,2239,1
3,303,2,20110,0,1,0,9,0,2149,2240,1
8,824,1,10220,1,2,0,9,0,2150,2241,1
7,719,14,140030,0,3,0,5,0,2151,2242,1
18,1817,12,120010,0,1,0,5,0,2152,2243,1
11,1109,13,130020,0,2,0,5,0,2153,2244,1
1,106,2,20150,0,1,0,8,0,2154,2245,1
1,101,2,20150,0,1,0,9,0,2155,2246,1
1,101,2,20150,0,2,0,9,0,2156,2247,1
8,813,1,10330,0,1,0,9,0,2157,2248,1
6,608,14,140080,0,3,0,9,0,2158,2249,1
19,1914,8,80060,0,1,0,5,0,2159,2250,1
6,601,8,80060,0,3,2,4,4,2160,2251,1
7,709,14,140030,0,2,1,5,4,2161,2252,1
4,432,9,90320,0,2,0,5,0,2162,2253,1
7,710,14,140030,0,3,0,5,0,2163,2254,1
16,1606,14,140010,0,1,0,5,0,2164,2255,1
5,524,1,10600,0,1,0,9,0,2165,2256,1
8,838,1,10570,0,1,1,4,3,2166,2257,1
16,1607,14,140010,0,2,1,6,3,2167,2258,1
18,1802,12,120010,0,1,0,5,0,2168,2259,1
7,707,14,140030,0,2,0,5,0,2169,2260,1
11,1112,13,130020,0,1,0,5,0,2170,2261,1
8,824,1,10220,1,1,0,7,0,2171,2262,2
8,813,1,10330,0,1,0,7,0,2171,2263,1
9,904,10,100130,0,2,0,8,0,2172,2264,1
8,838,1,10570,0,1,0,9,0,2173,2265,1
8,808,1,10600,0,1,0,9,0,2174,2266,1
8,815,1,10330,0,1,0,9,0,2175,2267,1
9,904,10,100130,0,1,1,5,4,2176,2268,1
17,1707,8,80150,0,2,1,4,3,2177,2269,1
19,1903,14,140060,0,1,1,6,3,2178,2270,1
2,211,9,90120,0,1,1,6,3,2179,2271,1
16,1601,4,40070,0,1,1,3,2,2180,2272,1
7,720,14,140030,0,3,0,5,0,2181,2273,1
7,709,14,140030,0,3,0,5,0,2182,2274,1
19,1915,8,80070,0,1,0,5,0,2183,2275,1
18,1817,12,120010,0,1,0,5,0,2184,2276,1
7,707,14,140030,0,2,0,5,0,2185,2277,1
16,1609,14,140010,0,2,0,5,0,2186,2278,1
17,1707,8,80150,0,2,0,7,0,2187,2279,1
8,838,1,10570,0,2,0,9,0,2188,2280,1
2,209,9,90120,0,2,0,9,0,2189,2281,1
8,824,1,10220,1,1,0,9,0,2190,2282,1
2,212,9,90120,0,2,1,5,4,2191,2283,1
18,1817,12,120010,0,2,0,5,0,2192,2284,1
3,302,2,20110,0,1,0,8,0,2193,2285,1
16,1609,14,140010,0,2,0,7,2,2194,2286,1
6,602,8,80030,0,1,0,7,0,2195,2287,1
6,602,8,80030,0,1,0,5,0,2196,2288,1
7,709,14,140030,0,1,0,5,0,2197,2289,1
6,611,8,80120,0,2,1,8,1,2198,2290,1
18,1811,8,80100,0,1,0,5,0,2199,2291,1
4,429,14,140050,0,1,1,7,0,2200,2292,1
2,209,9,90120,0,2,0,9,0,2201,2293,1
9,911,10,100130,0,2,1,7,2,2202,2294,1
18,1812,8,80100,0,1,0,5,0,2203,2295,1
3,302,2,20110,0,2,0,8,0,2204,2296,1
8,836,1,10600,0,1,0,9,0,2205,2297,1
8,808,1,10600,0,1,0,9,0,2206,2298,1
5,525,4,40040,0,2,1,5,4,2207,2299,1
9,911,9,90110,0,1,0,6,3,2208,2300,1
2,211,9,90120,0,2,1,6,3,2209,2301,2
2,211,9,90120,0,2,1,6,3,2209,2302,3
9,904,10,100130,0,2,2,6,3,2209,2303,1
16,1601,4,40070,0,2,0,5,0,2210,2304,1
8,808,1,10600,0,1,0,7,0,2211,2305,1
5,521,4,40010,0,2,0,9,0,2212,2306,1
2,211,9,90120,0,1,0,9,0,2213,2307,1
8,810,1,10570,1,1,0,9,0,2214,2308,1
8,808,1,10600,0,1,1,6,3,2215,2309,1
4,429,14,140050,0,2,0,5,0,2216,2310,1
8,813,1,10330,1,2,0,7,0,2217,2311,1
9,904,10,100130,0,3,0,9,0,2218,2312,1
18,1812,8,80100,0,3,1,5,4,2219,2313,1
11,1109,13,130020,0,2,1,5,4,2220,2314,1
9,912,10,100130,0,1,1,5,4,2221,2315,1
9,910,10,100130,0,1,1,6,3,2222,2316,1
17,1710,8,80110,0,1,1,6,3,2223,2317,1
19,1904,9,90100,0,2,1,7,2,2224,2318,1
19,1904,9,90100,0,3,0,8,1,2225,2319,2
19,1902,14,140060,0,3,0,8,1,2225,2320,1
19,1904,9,90100,0,2,0,9,0,2226,2321,1
19,1904,9,90100,0,2,0,9,0,2227,2322,1
4,432,4,40010,0,1,0,7,0,2228,2323,1
8,838,1,10570,0,2,1,7,2,2229,2324,1
16,1601,4,40070,0,1,0,5,0,2230,2325,1
17,1707,8,80150,0,2,0,5,0,2231,2326,1
19,1904,8,80070,0,3,0,5,0,2232,2327,1
18,1817,8,80100,0,1,0,5,0,2233,2328,1
4,429,14,140050,0,2,0,5,0,2234,2329,1
19,1902,14,140060,0,3,0,7,0,2235,2330,1
8,838,1,10570,0,2,0,9,0,2236,2331,1
8,836,1,10600,0,1,0,9,0,2237,2332,1
8,832,1,10560,0,1,0,9,0,2238,2333,1
8,813,1,10330,0,2,0,9,0,2239,2334,1
2,201,9,90120,0,2,0,9,0,2240,2335,1
8,823,9,90340,0,1,0,7,0,2241,2336,1
19,1902,14,140060,0,3,2,5,2,2242,2337,1
4,422,14,140050,0,2,0,5,0,2243,2338,1
11,1113,14,140010,0,1,0,7,0,2244,2339,2
10,1008,14,140080,0,3,0,7,0,2244,2340,1
4,406,9,90100,0,3,0,7,0,2245,2341,1
7,719,14,140030,0,3,0,7,0,2246,2342,1
18,1811,8,80100,0,1,0,5,0,2247,2343,1
4,420,9,90330,0,1,0,9,0,2248,2344,1
11,1105,13,130020,0,2,0,5,0,2249,2345,1
6,602,8,80030,0,1,0,9,0,2250,2346,1
8,805,9,90100,0,2,1,6,3,2251,2347,1
16,1601,4,40070,0,1,0,5,0,2252,2348,1
4,404,13,130020,0,1,0,5,0,2252,2349,2
19,1903,14,140060,0,2,0,5,0,2253,2350,1
2,216,14,140060,0,3,0,5,0,2253,2351,2
18,1813,12,120010,0,1,0,5,0,2254,2352,1
7,709,14,140030,0,2,0,5,0,2255,2353,1
7,705,14,140030,0,3,0,5,0,2256,2354,1
16,1601,4,40070,0,3,0,5,0,2257,2355,1
16,1604,14,140010,0,1,0,9,0,2258,2356,1
11,1106,13,130020,0,1,0,9,0,2259,2357,1
8,808,1,10330,0,1,0,9,0,2260,2358,1
8,826,1,10570,0,1,0,9,0,2261,2359,1
8,838,1,10570,0,1,0,9,0,2262,2360,1
8,838,1,10570,0,1,0,9,0,2263,2361,1
9,911,9,90120,0,1,0,9,0,2264,2362,1
8,824,1,10220,1,1,0,9,0,2265,2363,1
18,1802,12,120010,0,2,0,5,0,2266,2364,1
7,709,14,140030,0,3,2,4,3,2267,2365,1
18,1806,8,80100,0,2,0,5,0,2268,2366,1
8,824,1,10220,1,1,0,9,0,2269,2367,1
8,824,1,10220,1,2,0,9,0,2270,2368,1
7,706,14,140030,0,3,0,5,0,2271,2369,1
16,1601,4,40070,0,2,0,5,0,2272,2370,1
2,211,9,90120,0,3,0,7,0,2273,2371,1
7,709,14,140030,0,2,1,4,1,2274,2372,1
16,1601,4,40070,0,2,1,4,1,2275,2373,1
20,2008,14,140070,0,3,0,5,0,2276,2374,1
19,1904,9,90100,0,2,0,5,0,2277,2375,1
18,1811,8,80100,0,2,0,5,0,2278,2376,1
7,709,14,140030,0,1,1,5,4,2279,2377,1
8,813,1,10330,0,1,1,5,4,2280,2378,1
5,535,4,40020,0,2,1,5,4,2281,2379,1
2,211,9,90120,0,2,1,6,3,2282,2380,1
19,1909,14,140060,0,3,2,4,1,2283,2381,1
19,1916,14,140060,0,1,1,6,1,2284,2382,1
16,1609,14,140010,0,2,0,5,0,2285,2383,1
16,1601,4,40070,0,1,0,7,0,2286,2384,1
2,211,9,90120,0,1,0,7,0,2287,2385,1
9,911,10,100130,0,2,0,7,0,2288,2386,1
7,702,14,140030,0,3,0,7,0,2289,2387,1
19,1908,14,140060,0,2,0,7,0,2288,2388,2
2,211,9,90120,0,2,0,7,0,2290,2389,1
4,429,14,140050,0,1,0,7,0,2291,2390,1
4,420,9,90330,0,2,0,7,0,2292,2391,1
14,1409,7,70140,0,1,0,9,0,2293,2392,1
8,816,1,10330,0,1,0,9,0,2294,2393,1
8,823,1,10600,0,1,0,9,0,2295,2394,1
8,824,1,10220,1,1,1,5,4,2296,2395,2
4,411,1,10330,1,1,1,5,4,2296,2396,1
8,838,1,10570,0,1,1,5,4,2297,2397,1
8,806,1,10520,1,1,1,5,2,2298,2398,1
8,834,1,10330,0,1,0,9,0,2299,2399,1
16,1609,14,140010,0,3,0,5,0,2300,2400,1
14,1415,7,70200,0,3,0,5,0,2301,2401,1
19,1914,14,140060,1,2,1,7,2,2302,2402,1
16,1606,14,140010,0,3,0,5,0,2303,2403,1
5,508,2,20410,0,1,0,7,0,2304,2404,1
8,819,1,10160,0,1,0,7,0,2305,2405,1
9,911,10,100130,0,2,0,8,0,2306,2406,1
8,824,1,10220,1,1,0,9,0,2307,2407,1
18,1802,12,120010,0,1,0,5,0,2308,2408,1
17,1714,8,80350,0,2,0,5,0,2309,2409,1
19,1917,3,30030,0,1,1,6,3,2310,2410,1
6,602,8,80030,0,1,0,5,0,2311,2411,1
4,420,9,90330,0,1,0,7,0,2312,2412,1
2,211,9,90120,0,1,0,9,0,2313,2413,1
2,211,9,90120,0,1,0,9,0,2314,2414,2
2,209,9,90120,0,2,0,9,0,2314,2415,1
8,836,1,10600,0,2,0,7,0,2315,2416,1
17,1707,8,80150,0,1,0,5,0,2316,2417,1
8,808,1,10600,0,1,0,5,0,2317,2418,2
16,1601,4,40070,0,1,0,5,0,2318,2419,1
17,1707,8,80150,0,1,0,5,0,2317,2420,1
14,1409,7,70200,0,1,0,5,0,2319,2421,1
6,601,8,80060,0,1,0,7,0,2320,2422,1
8,824,1,10220,1,1,0,9,0,2321,2423,1
8,824,1,10220,1,1,0,9,0,2322,2424,1
8,831,1,10600,0,2,0,9,0,2323,2425,1
8,823,9,90520,0,2,0,9,0,2323,2426,2
8,813,1,10330,0,2,1,6,3,2324,2427,1
9,903,10,100130,0,1,2,7,2,2325,2428,1
20,2007,14,140070,0,3,0,5,0,2326,2429,1
4,432,4,40010,0,3,0,5,0,2327,2430,1
6,608,14,140080,0,3,0,5,0,2328,2431,1
8,828,1,10600,0,1,0,5,0,2329,2432,1
14,1409,7,70200,0,2,0,9,0,2330,2433,1
8,808,1,10600,0,2,0,9,0,2331,2434,1
7,708,9,90100,0,2,0,5,0,2332,2435,1
20,2007,2,20200,0,2,1,4,3,2333,2436,1
17,1707,8,80350,0,1,0,5,0,2334,2437,1
7,703,8,80070,0,2,0,7,0,2335,2438,1
2,216,4,40010,0,1,0,9,0,2336,2439,1
14,1412,7,70200,0,1,0,9,0,2336,2440,2
4,429,14,140050,0,2,0,9,0,2337,2441,1
8,810,1,10220,1,1,0,9,0,2338,2442,1
3,303,2,20110,0,1,0,8,0,2339,2443,1
18,1817,12,120010,0,2,0,5,0,2340,2444,1
19,1904,9,90100,0,3,0,6,0,2341,2445,1
8,842,1,10010,0,2,1,4,3,2342,2446,1
16,1604,14,140010,0,3,0,7,0,2343,2447,1
16,1601,4,40070,0,2,0,9,0,2344,2448,1
8,842,1,10010,0,1,0,9,0,2345,2449,1
11,1110,13,130020,0,3,0,5,0,2346,2450,1
8,529,1,10330,0,2,0,9,0,2347,2451,1
8,807,1,10600,0,3,0,7,0,2348,2452,1
8,807,1,10290,0,1,1,7,2,2349,2453,1
2,212,4,40010,0,3,0,5,0,2350,2454,2
18,1811,12,120040,0,1,0,5,0,2350,2455,1
18,1812,12,120040,0,1,0,5,0,2351,2456,1
8,816,1,10330,1,3,0,7,0,2352,2457,1
4,420,9,90320,0,2,0,9,0,2353,2458,1
9,909,10,100130,0,2,0,9,0,2354,2459,1
3,305,13,20260,0,1,0,5,0,2355,2460,1
19,1917,3,30030,0,3,2,6,3,2356,2461,1
18,1817,12,120010,0,2,1,3,2,2357,2462,1
8,838,1,10570,0,1,1,7,2,2358,2463,1
19,1905,8,80070,0,1,0,5,0,2359,2464,1
8,808,1,10600,0,1,0,7,0,2360,2465,1
8,812,1,10570,0,2,0,9,0,2361,2466,1
2,216,9,90120,0,1,0,7,0,2362,2467,1
2,201,9,90120,0,1,1,4,3,2363,2468,1
2,212,9,90120,0,2,0,5,0,2364,2469,1
2,210,9,90120,0,3,0,9,0,2365,2470,1
8,812,1,10570,0,2,1,4,3,2366,2471,1
17,1707,8,80150,0,2,1,3,2,2367,2472,1
4,406,9,90100,0,1,0,3,0,2368,2473,1
4,432,9,90340,0,3,0,5,0,2369,2474,1
17,1701,8,80110,0,2,1,6,3,2370,2475,1
9,902,10,100130,0,3,0,5,2,2371,2476,1
4,432,9,90320,0,3,0,5,0,2372,2477,1
5,509,1,10330,0,1,0,7,0,2373,2478,1
6,606,13,130020,0,2,0,7,0,2374,2479,1
19,1916,14,140060,0,2,2,5,4,2375,2480,1
4,409,14,140050,0,3,2,6,3,2376,2481,1
7,709,14,140030,0,3,0,5,0,2377,2482,1
17,1707,8,80350,0,1,0,5,0,2378,2483,1
4,432,9,90340,0,3,0,9,0,2379,2484,1
8,824,1,10220,1,1,0,7,0,2380,2485,1
5,515,2,20410,0,1,1,6,3,2381,2486,1
19,1904,14,140060,0,2,0,5,0,2382,2487,1
19,1917,3,30030,1,1,0,5,0,2383,2488,1
7,709,14,140030,0,1,0,5,0,2384,2489,1
13,1307,13,130020,0,2,0,9,0,2385,2490,1
14,1417,7,70080,0,1,0,9,0,2386,2491,1
14,1417,7,70080,0,2,0,9,0,2387,2492,1
8,807,1,10450,0,1,0,7,0,2388,2493,1
8,808,1,10600,1,2,0,9,0,2389,2494,1
2,210,9,90120,0,2,0,7,0,2390,2495,1
8,824,1,10220,1,1,0,7,0,2391,2496,1
8,807,1,10290,1,2,1,6,3,2392,2497,1
7,703,8,80070,0,2,0,5,0,2393,2498,1
8,817,1,10330,0,1,0,7,0,2394,2499,1
8,813,1,10330,1,1,1,5,4,2395,2500,1
8,817,1,10330,1,1,1,5,4,2396,2501,1
8,810,1,10570,1,1,1,5,4,2395,2502,2
8,838,1,10570,0,1,1,5,2,2397,2503,1
20,2007,14,140070,0,3,0,5,0,2398,2504,1
16,1608,14,140080,0,1,0,5,0,2399,2505,1
8,808,1,10600,0,2,0,7,0,2400,2506,1
19,1904,9,90100,0,1,0,9,0,2401,2507,1
8,824,1,10220,0,1,0,9,0,2402,2508,1
8,838,1,10570,0,2,0,9,0,2403,2509,1
12,1204,8,80180,0,1,0,5,2,2404,2510,1
7,709,14,140030,0,2,0,7,0,2405,2511,1
5,538,1,10600,0,1,0,7,0,2406,2512,1
19,1904,9,90100,0,2,0,9,0,2407,2513,1
6,608,14,140080,0,3,0,5,0,2408,2514,1
14,1410,7,70080,0,1,0,5,0,2409,2515,2
2,211,9,90120,0,2,0,5,0,2409,2516,1
9,903,10,100130,0,3,0,9,0,2410,2517,1
16,1604,14,140010,0,3,2,5,4,2411,2518,1
11,1106,14,140010,0,2,2,5,4,2411,2519,2
8,813,1,10330,0,1,2,6,3,2412,2520,1
8,824,1,10220,1,2,0,6,3,2413,2521,2
8,817,1,10330,1,2,1,6,3,2413,2522,1
12,1204,8,80180,0,1,1,7,2,2414,2523,1
7,702,14,140030,0,3,2,4,1,2415,2524,1
14,1410,7,70080,0,2,2,6,1,2416,2525,1
2,210,9,90120,0,3,0,6,1,2416,2526,2
4,429,9,90520,0,3,0,5,0,2417,2527,1
8,834,1,10330,0,1,0,7,0,2418,2528,1
14,1416,7,70200,0,1,0,9,0,2419,2529,1
4,405,1,10080,0,2,0,9,0,2420,2530,1
9,903,10,100130,0,2,0,9,0,2421,2531,1
7,703,8,80070,0,3,2,4,1,2422,2532,1
8,834,1,10330,1,1,0,7,0,2423,2533,1
1,101,2,20150,0,1,0,9,0,2424,2534,1
14,1409,7,70200,0,1,1,4,3,2425,2535,1
2,212,9,90120,0,2,1,4,1,2426,2536,1
16,1601,4,40070,0,1,0,5,0,2427,2537,1
14,1417,7,70080,0,2,0,5,0,2428,2538,1
18,1802,12,120010,0,1,0,5,0,2429,2539,1
16,1608,14,140080,0,1,0,7,0,2430,2540,1
4,427,14,140050,0,3,0,7,0,2425,2541,2
8,824,1,10220,1,1,0,7,0,2431,2542,1
8,813,1,10330,0,2,0,7,0,2432,2543,1
12,1201,8,80190,0,1,0,9,0,2433,2544,1
7,703,8,80070,0,2,0,9,0,2434,2545,1
4,432,9,90320,0,3,0,5,0,2435,2546,1
7,707,14,140030,0,3,0,7,0,2436,2547,1
4,420,9,90330,0,3,0,7,0,2437,2548,1
8,834,1,10330,1,1,0,5,0,2438,2549,1
19,1916,14,140060,0,1,0,7,0,2439,2550,1
8,834,1,10330,0,1,0,5,0,2440,2551,1
6,602,8,80030,0,1,1,6,1,2441,2552,1
18,1817,12,120010,0,1,0,5,0,2442,2553,1
12,1205,8,80200,0,2,0,5,0,2443,2554,1
7,719,14,140030,0,2,0,5,0,2444,2555,1
8,807,1,10570,0,1,0,7,0,2445,2556,1
8,813,1,10330,1,2,0,7,0,2446,2557,1
6,601,14,140080,0,3,0,5,0,2447,2558,1
9,905,9,90120,0,1,1,5,4,2448,2559,1
3,303,4,40020,0,1,1,6,3,2449,2560,1
5,517,2,20410,0,2,0,7,0,2450,2561,1
4,420,9,90330,0,3,0,9,0,2451,2562,1
2,210,9,90120,0,2,0,9,0,2452,2563,1
5,517,2,20410,0,2,0,9,0,2453,2564,1
7,709,14,140030,0,3,2,4,3,2454,2565,1
9,905,10,100130,0,1,1,6,3,2455,2566,1
8,810,1,10570,1,1,1,5,2,2456,2567,1
5,538,1,10600,0,1,1,5,2,2457,2568,1
9,903,10,100130,0,2,2,7,2,2458,2569,1
8,840,1,10330,0,1,1,6,1,2459,2570,2
8,810,1,10570,1,1,1,6,1,2459,2571,1
4,428,14,140050,0,3,2,6,1,2460,2572,1
5,509,1,10330,0,1,1,8,1,2461,2573,1
5,509,1,10330,0,1,1,8,1,2462,2574,1
8,808,9,90460,0,2,0,7,0,2463,2575,1
2,211,7,70120,0,2,0,8,0,2464,2576,1
9,904,10,100130,0,1,0,8,0,2465,2577,1
5,524,1,10600,0,1,0,9,0,2466,2578,1
5,514,1,10020,0,1,0,9,0,2467,2579,1
8,840,1,10330,0,1,0,9,0,2468,2580,1
8,816,1,10330,0,1,0,9,0,2469,2581,1
10,1003,14,140070,0,3,0,5,0,2470,2582,1
8,838,1,10570,0,1,0,7,0,2471,2583,1
9,911,10,100130,0,1,0,7,0,2472,2584,1
8,834,1,10570,0,1,0,5,0,2473,2585,1
8,824,1,10220,1,1,1,7,0,2474,2586,1
13,1304,13,130020,0,3,0,5,0,2475,2587,1
2,213,9,90120,0,3,0,7,0,2476,2588,1
18,1805,12,120010,0,2,0,5,0,2477,2589,1
4,429,14,140050,0,3,0,9,0,2478,2590,1
2,213,9,90120,0,3,0,6,1,2479,2591,1
17,1715,8,80350,0,3,0,5,0,2480,2592,1
7,709,8,80070,0,3,0,5,0,2481,2593,1
8,823,9,90520,0,2,0,7,0,2482,2594,1
8,823,9,90520,0,2,0,7,0,2483,2595,1
8,810,1,10600,1,2,0,7,0,2484,2596,1
8,813,1,10330,1,1,0,9,0,2485,2597,1
6,602,8,80030,0,3,0,5,2,2486,2598,1
14,1410,7,70080,0,2,0,5,0,2487,2599,1
13,1301,9,90090,0,3,0,5,0,2488,2600,1
7,701,14,140030,0,3,0,5,0,2489,2601,1
14,1410,7,70080,0,1,0,5,0,2490,2602,1
19,1904,9,90100,0,3,0,7,0,2491,2603,1
18,1808,12,120010,0,1,0,7,0,2492,2604,1
8,808,1,10600,0,1,0,7,0,2493,2605,1
8,831,1,10600,0,3,0,7,0,2494,2606,1
8,813,1,10330,0,2,0,7,0,2495,2607,1
8,808,1,10600,0,3,0,7,0,2496,2608,1
1,101,2,20150,0,1,0,7,0,2497,2609,1
7,715,14,140030,0,3,0,5,0,2498,2610,1
8,826,1,10360,0,1,0,7,0,2499,2611,1
8,836,1,10600,0,3,0,7,0,2500,2612,1
7,719,14,140030,0,3,0,5,0,2501,2613,1
18,1811,8,80100,0,1,0,5,0,2502,2614,1
4,425,9,90460,0,3,0,5,0,2502,2615,2
18,1801,12,120010,0,1,0,5,0,2503,2616,1
13,1304,13,130020,0,3,0,5,0,2504,2617,1
14,1402,7,70010,0,1,0,5,0,2505,2618,1
14,1410,7,70080,0,2,0,5,0,2506,2619,1
2,211,9,90120,0,3,0,5,0,2506,2620,2
2,213,9,90120,0,3,0,5,0,2506,2621,3
16,1608,14,140080,0,3,0,7,0,2507,2622,1
14,1410,7,70080,0,2,0,7,0,2508,2623,1
8,813,1,10330,1,1,0,7,0,2509,2624,1
8,834,1,10600,0,2,0,7,0,2510,2625,1
8,837,1,10600,0,2,0,7,0,2511,2626,1
9,911,10,100130,0,1,0,7,0,2512,2627,1
8,816,1,10330,0,1,0,7,0,2513,2628,1
8,807,1,10570,0,1,0,7,0,2514,2629,1
2,211,9,90120,0,3,0,5,0,2515,2630,1
4,429,14,140050,0,3,0,7,0,2516,2631,1
8,810,1,10570,1,1,1,5,2,2517,2632,1
17,1712,8,80070,0,3,0,7,0,2518,2633,1
5,514,1,10020,0,1,0,5,0,2519,2634,1
6,606,14,140080,0,3,0,5,0,2520,2635,1
8,806,1,10080,0,3,0,5,0,2521,2636,1
4,404,13,130020,0,3,0,5,0,2522,2637,1
7,702,14,140030,0,3,0,5,0,2523,2638,1
8,816,1,10300,0,1,0,7,0,2524,2639,1
8,838,1,10570,0,1,0,7,0,2525,2640,1
7,711,14,140030,0,3,0,5,0,2526,2641,1
16,1609,14,140010,0,3,0,5,0,2527,2642,1
18,1815,12,120010,0,1,0,5,0,2528,2643,1
9,904,10,100080,0,1,0,7,0,2529,2644,1
9,904,10,100080,0,1,0,7,0,2530,2645,1
2,210,9,90120,0,3,0,5,0,2531,2646,1
8,834,1,10600,0,1,0,5,0,2532,2647,1
8,816,1,10330,1,1,0,7,0,2533,2648,1
4,404,13,130020,0,3,0,5,0,2534,2649,1
14,1402,7,70010,0,3,0,7,0,2535,2650,2
14,1416,9,90120,0,3,0,7,0,2535,2651,1
14,1411,7,70200,0,2,0,7,0,2536,2652,1
8,808,1,10600,0,1,0,7,0,2537,2653,1
1,101,2,20150,0,2,0,7,0,2538,2654,2
9,911,10,100130,0,2,0,7,0,2538,2655,1
9,911,8,80100,0,2,0,7,0,2539,2656,2
18,1812,8,80100,0,2,0,7,0,2539,2657,1
18,1806,8,80100,0,2,1,4,3,2540,2658,1
9,912,10,100130,0,1,0,4,3,2540,2659,2
8,810,1,10600,0,1,1,4,3,2541,2660,1
5,502,2,20410,0,1,1,7,2,2542,2661,2
8,807,1,10430,0,2,1,6,1,2543,2662,1
4,422,14,140050,0,3,0,5,0,2544,2663,1
8,838,1,10570,0,2,0,5,0,2545,2664,1
9,904,10,100130,0,2,0,7,0,2546,2665,1
10,1002,8,80070,0,3,0,7,0,2547,2666,1
19,1903,14,140060,0,3,0,7,0,2547,2667,2
9,904,10,100130,0,2,0,9,0,2542,2668,1
9,912,10,100130,0,2,0,9,0,2548,2669,1
8,807,1,10400,0,2,1,5,2,2549,2670,1
14,1412,7,70200,0,1,1,5,2,2549,2671,2
10,1011,13,130020,0,3,0,4,1,2550,2672,1
4,432,9,90320,0,3,0,5,0,2551,2673,1
11,1113,13,130020,0,3,0,5,0,2551,2674,2
2,210,9,90120,0,3,0,5,0,2552,2675,1
2,211,9,90120,0,3,0,5,0,2553,2676,1
19,1906,8,80060,0,3,0,7,0,2554,2677,1
4,432,9,90320,0,3,0,7,0,2555,2678,3
19,1901,14,140060,0,3,0,7,0,2555,2679,2
19,1908,14,140060,0,3,0,7,0,2555,2680,1
8,810,1,10600,0,1,0,7,0,2556,2681,1
8,810,1,10600,1,1,0,7,0,2557,2682,1
2,210,9,90120,0,3,0,7,0,2558,2683,1
17,1707,8,80150,0,3,0,7,0,2559,2684,1
2,207,4,40050,0,3,0,5,0,2560,2685,1
7,707,14,140030,0,3,0,5,0,2561,2686,1
4,429,14,140050,0,3,0,5,0,2562,2687,1
4,429,14,140050,0,3,0,7,0,2563,2688,1
19,1903,14,140060,0,3,0,5,0,2564,2689,1
19,1904,14,140060,0,3,0,5,0,2564,2690,2
4,420,9,90330,0,3,0,7,0,2565,2691,1
13,1304,13,130020,0,3,0,7,0,2565,2692,2
2,212,9,90120,0,3,0,5,2,2566,2693,1
7,703,8,80070,0,3,0,5,0,2567,2694,1
4,420,9,90330,0,3,0,7,0,2568,2695,1
4,432,9,90320,0,3,0,5,0,2569,2696,1
4,420,9,90330,0,3,0,7,0,2570,2697,1
8,823,9,90520,0,1,0,5,0,2571,2698,1
8,808,1,10600,1,2,0,7,0,2572,2699,1
7,702,14,140030,0,3,0,5,0,2573,2700,1
4,406,9,90100,0,3,0,5,0,2574,2701,1
19,1904,9,90100,0,3,0,5,0,2574,2702,2
2,210,9,90120,0,3,0,5,0,2575,2703,1
9,911,10,100130,0,3,0,5,0,2576,2704,2
11,1101,13,130020,0,3,0,5,0,2576,2705,1
8,812,1,10570,1,1,0,7,0,2577,2706,1
8,810,1,10600,1,1,0,7,0,2577,2707,2
2,211,9,90120,0,3,0,7,0,2578,2708,1
2,213,9,90120,0,3,0,7,0,2578,2709,2
8,816,1,10330,0,1,0,7,0,2579,2710,1
8,808,1,10600,0,2,0,7,0,2580,2711,1
10,1007,14,140010,0,3,0,9,0,2581,2712,1
21,2101,13,130020,0,3,0,5,0,2582,2713,1
6,614,14,140080,0,3,0,5,0,2583,2714,1
16,1608,14,140080,0,1,0,5,0,2584,2715,1
8,806,1,10520,0,1,0,5,0,2585,2716,1
19,1916,14,140060,0,3,0,5,0,2586,2717,1
7,719,14,140030,0,3,0,5,0,2587,2718,1
9,909,10,100130,0,1,0,7,0,2588,2719,1
8,807,1,10050,1,2,0,7,0,2589,2720,1
9,902,10,100130,0,2,0,7,0,2590,2721,1
14,1410,7,70080,0,1,0,7,0,2591,2722,1
4,429,14,140050,0,3,0,4,1,2592,2723,1
4,403,9,90440,0,3,0,5,0,2593,2724,2
11,1101,13,130020,0,3,0,5,0,2593,2725,1
14,1417,7,70200,0,3,0,5,0,2594,2726,1
2,216,14,140050,0,3,0,7,0,2595,2727,1
9,902,10,100130,0,1,0,7,0,2596,2728,1
5,531,2,10120,0,1,0,9,0,2597,2729,1
14,1416,7,70120,0,2,0,7,0,2598,2730,1
4,429,14,140050,0,3,0,7,0,2599,2731,1
8,813,1,10330,0,1,1,7,2,2600,2732,1
4,429,14,140050,0,3,0,3,0,2601,2733,1
8,810,1,10570,0,2,0,7,0,2602,2734,1
2,212,9,90120,0,3,0,5,0,2603,2735,1
8,808,1,10600,0,2,1,4,1,2604,2736,1
12,1204,8,80180,0,3,0,5,0,2605,2737,1
17,1707,8,80150,0,3,0,5,0,2606,2738,1
21,2101,13,130020,0,3,0,5,0,2607,2739,1
13,1304,13,130020,0,3,0,7,0,2608,2740,1
13,1304,13,130020,0,3,0,7,0,2609,2741,1
8,808,1,10580,0,1,0,9,0,2610,2742,1
8,836,1,10600,0,1,0,7,0,2611,2743,1
2,212,9,90120,0,3,0,5,0,2612,2744,1
17,1712,8,80070,0,3,0,5,0,2613,2745,1
13,1304,13,130020,0,3,0,5,0,2614,2746,1
2,210,9,90120,0,3,0,5,0,2615,2747,1
9,913,10,100130,0,2,0,7,0,2616,2748,1
8,808,1,10600,0,3,0,9,0,2617,2749,1
8,824,1,10220,1,1,1,5,4,2618,2750,1
21,2101,13,130020,0,3,0,5,0,2619,2751,1
7,709,14,140030,0,1,0,5,0,2620,2752,1
4,402,14,140050,0,2,0,5,0,2621,2753,1
2,210,9,90120,0,3,0,5,0,2622,2754,1
4,402,14,140050,0,1,0,5,0,2623,2755,1
2,210,9,90330,0,3,0,5,0,2624,2756,1
14,1402,7,70070,0,1,0,7,0,2625,2757,1
8,824,1,10220,1,2,0,7,0,2626,2758,1
8,810,1,10570,0,1,0,7,0,2627,2759,1
1,101,2,20150,0,2,0,9,0,2628,2760,1
8,816,1,10330,0,1,0,9,0,2629,2761,1
8,824,1,10220,1,1,1,6,1,2630,2762,2
8,810,1,10570,0,1,2,6,1,2630,2763,1
9,911,10,100130,0,2,1,8,1,2631,2764,1
6,606,14,140080,0,3,0,5,0,2632,2765,1
2,213,9,90120,0,3,0,7,0,2633,2766,1
9,911,10,100130,0,2,0,7,0,2634,2767,1
11,1101,13,130020,0,3,0,7,0,2635,2768,1
8,824,1,10220,1,1,0,8,0,2636,2769,1
5,514,1,10020,0,1,0,5,0,2637,2770,1
4,429,14,140050,0,3,0,5,0,2638,2771,1
2,210,9,90120,0,3,0,9,0,2639,2772,1
8,824,1,10600,1,1,0,7,0,2640,2773,1
5,502,2,20410,0,2,1,4,3,2641,2774,2
5,522,4,40040,0,2,1,4,3,2641,2775,1
7,707,14,140030,0,2,1,3,2,2642,2776,2
7,709,14,140030,0,2,1,3,2,2642,2777,1
21,2101,13,130020,0,3,0,5,0,2643,2778,1
4,432,9,90320,0,3,0,5,0,2644,2779,1
7,705,14,140030,0,3,0,5,0,2645,2780,1
19,1901,14,140060,0,3,0,5,0,2646,2781,2
19,1903,14,140060,0,3,0,5,0,2646,2782,3
19,1914,14,140060,0,3,0,5,0,2646,2783,1
4,429,14,140050,0,3,0,5,0,2647,2784,1
19,1916,14,140060,0,3,0,7,0,2648,2785,1
8,816,1,10330,0,2,0,7,0,2649,2786,1
8,816,1,10330,1,1,0,7,0,2650,2787,1
5,515,2,20410,0,1,0,9,0,2651,2788,2
2,211,9,90120,0,3,0,9,0,2651,2789,1
8,813,1,10330,0,1,0,9,0,2652,2790,1
8,808,1,10600,0,3,0,7,0,2653,2791,1
7,703,14,140030,0,3,0,5,0,2654,2792,1
7,719,14,140030,0,2,0,5,0,2655,2793,1
2,210,9,90120,0,3,0,5,0,2656,2794,1
9,913,10,100130,0,3,2,7,2,2657,2795,1
8,808,14,140040,0,1,0,9,0,2658,2796,1
2,210,9,90120,0,3,0,5,0,2659,2797,2
2,211,9,90120,0,3,0,5,0,2659,2798,1
18,1808,12,120010,0,1,0,5,0,2660,2799,1
6,611,8,80120,0,2,0,5,0,2661,2800,1
18,1812,8,80100,0,1,0,7,0,2662,2801,2
9,911,10,100130,0,1,0,7,0,2662,2802,1
8,807,1,10600,0,1,0,7,0,2663,2803,1
8,806,1,10520,0,1,0,7,0,2664,2804,1
2,211,9,90120,0,3,0,9,0,2665,2805,1
4,412,14,140040,0,1,1,5,2,2666,2806,1
4,422,14,140050,0,3,0,5,0,2667,2807,1
8,830,1,10600,0,1,0,7,0,2668,2808,1
8,808,1,10600,0,3,0,7,0,2669,2809,1
8,816,1,10330,0,2,0,9,0,2670,2810,1
8,808,1,10600,0,2,0,9,0,2670,2811,2
9,911,10,100130,0,2,0,9,0,2671,2812,1
2,210,10,100130,0,3,0,9,0,2671,2813,2
9,908,10,100130,0,2,0,9,0,2672,2814,1
8,834,1,10330,0,1,0,7,0,2673,2815,1
6,614,14,140080,0,1,0,7,0,2674,2816,1
18,1801,12,120010,0,1,0,5,0,2675,2817,1
17,1702,8,80010,0,2,0,7,0,2676,2818,1
4,426,9,90310,0,3,0,7,2,2677,2819,1
8,816,1,10330,0,1,0,5,0,2678,2820,1
8,832,1,10560,0,1,0,7,0,2679,2821,1
8,838,1,10570,0,2,0,9,0,2680,2822,1
8,816,1,10330,0,1,1,6,3,2681,2823,1
7,709,14,140030,0,2,0,5,0,2682,2824,1
19,1904,14,140060,0,3,0,5,0,2683,2825,1
19,1916,14,140060,0,3,0,5,0,2684,2826,1
2,213,9,90120,0,3,0,5,0,2685,2827,1
18,1811,8,80100,0,1,0,5,0,2686,2828,1
14,1415,7,70200,0,1,0,5,0,2687,2829,1
2,211,9,90120,0,3,0,9,0,2688,2830,1
4,408,14,140050,0,3,0,9,0,2689,2831,1
4,430,9,90330,0,3,0,9,0,2690,2832,1
8,810,1,10600,1,1,0,9,0,2691,2833,1
17,1715,8,80230,0,3,0,9,0,2692,2834,1
13,1306,13,130020,0,3,0,9,0,2692,2835,2
15,1505,5,50010,0,2,1,5,4,2693,2836,1
9,911,10,100130,0,1,1,5,2,2694,2837,1
4,432,4,40010,0,2,1,6,1,2695,2838,1
7,709,14,140030,0,3,0,5,0,2696,2839,1
6,602,8,80030,0,1,0,5,0,2697,2840,1
9,913,10,100130,0,2,0,9,0,2698,2841,1
2,211,9,90120,0,3,0,9,0,2699,2842,1
8,815,1,10330,0,2,0,9,0,2700,2843,1
8,808,1,10580,0,2,0,9,0,2701,2844,1
18,1812,8,80100,0,2,0,9,0,2702,2846,1
19,1904,14,140060,0,2,0,5,0,2703,2847,1
8,812,1,10570,0,1,1,7,2,2704,2848,1
4,432,9,90340,0,3,0,3,0,2705,2849,2
4,417,14,140050,0,3,0,3,0,2705,2850,1
4,417,14,140050,0,3,0,3,0,2706,2851,1
10,1008,13,130020,0,3,0,7,0,2707,2852,1
14,1406,2,20060,0,2,0,7,0,2708,2853,1
4,420,9,90330,0,1,0,7,0,2709,2854,1
2,214,9,90120,0,3,0,7,0,2710,2855,1
9,904,10,100130,0,1,0,7,0,2710,2856,2
11,1109,13,130020,0,3,0,7,0,2711,2857,1
8,834,1,10600,0,1,0,7,0,2712,2858,1
8,828,1,10600,0,1,0,7,0,2713,2859,1
4,432,9,90320,0,3,0,5,0,2714,2860,1
16,1604,14,140010,0,3,0,5,0,2714,2861,2
7,710,14,140030,0,3,0,3,2,2715,2862,1
8,826,1,10360,0,1,1,5,2,2716,2863,1
8,812,1,10570,0,1,1,5,2,2716,2864,2
8,806,1,10080,0,2,0,7,0,2717,2865,1
13,1303,1,10600,0,2,0,7,0,2718,2866,1
14,1402,7,70010,0,1,0,5,0,2719,2867,1
14,1411,7,70200,0,3,0,5,0,2720,2868,1
8,836,1,10600,0,1,0,5,0,2721,2869,1
8,836,1,10600,0,1,0,5,0,2722,2870,1
8,816,1,10330,0,1,0,5,0,2723,2871,1
13,1301,9,90090,0,3,0,5,0,2723,2872,2
2,210,9,90120,0,3,0,7,0,2724,2873,1
21,2101,13,130020,0,3,0,3,2,2725,2874,2
19,1916,14,140060,0,3,0,3,2,2725,2875,1
8,838,1,10570,0,2,2,5,2,2726,2876,1
8,808,1,10600,0,2,2,5,2,2726,2877,2
6,611,8,80120,0,3,0,5,0,2727,2878,1
19,1908,14,140060,0,3,0,5,0,2728,2879,1
1,106,2,20150,0,3,0,7,0,2729,2880,1
8,808,1,10600,0,2,0,7,0,2730,2881,1
8,813,1,10330,0,1,0,7,0,2731,2882,1
2,213,9,90120,0,3,0,7,0,2732,2883,1
18,1817,12,120010,0,2,0,7,0,2733,2884,1
18,1814,14,140010,0,2,0,7,0,2734,2885,1
8,838,1,10570,0,1,0,7,0,2735,2886,1
4,420,9,90330,0,3,0,7,0,2736,2887,1
4,427,9,90160,0,3,0,7,0,2737,2888,1
7,702,14,140030,0,3,1,3,2,2738,2889,2
7,706,14,140030,0,3,1,3,2,2738,2890,1
2,211,9,90120,0,3,0,5,0,2739,2891,1
21,2101,13,130020,0,3,0,5,0,2740,2892,1
8,832,1,10560,0,1,0,5,0,2741,2893,1
5,514,1,10020,0,1,0,5,0,2742,2894,1
7,708,14,140030,0,3,0,9,0,2743,2895,1
2,210,9,90120,0,3,0,9,0,2744,2896,1
4,420,9,90330,0,3,0,9,0,2745,2897,2
11,1103,13,130020,0,3,0,9,0,2745,2898,1
8,836,1,10600,0,1,0,9,0,2746,2899,1
8,835,1,10220,1,1,0,9,0,2747,2900,1
8,840,1,10330,0,1,0,7,0,2748,2901,1
9,904,10,100130,0,1,1,6,3,2749,2902,1
14,1402,7,70010,0,2,1,7,2,2750,2903,2
2,210,9,90120,0,3,1,7,2,2750,2904,1
4,422,14,140050,0,3,0,5,0,2751,2905,1
12,1204,8,80180,0,3,0,5,0,2752,2906,1
6,602,8,80030,0,1,0,5,0,2753,2907,1
8,824,1,10220,1,1,0,5,0,2754,2908,1
8,815,1,10330,1,1,0,5,0,2754,2909,2
2,210,9,90120,0,3,0,7,0,2755,2910,2
2,211,9,90120,0,3,0,7,0,2755,2911,1
4,404,13,130020,0,3,0,7,0,2756,2912,1
5,537,1,10050,0,1,0,7,0,2757,2913,1
8,824,1,10600,1,2,0,7,0,2758,2914,1
2,211,9,90120,0,3,0,7,0,2759,2915,1
7,719,14,140030,0,3,0,9,0,2760,2916,1
19,1910,14,140060,0,3,0,9,0,2760,2917,2
8,816,1,10330,1,2,0,9,0,2761,2918,1
2,206,9,90120,0,3,0,5,0,2762,2919,1
8,832,1,10560,0,2,0,9,0,2763,2920,1
8,810,1,10600,0,1,0,9,0,2764,2921,1
9,902,10,100130,0,1,0,9,0,2765,2922,1
8,810,1,10570,0,1,1,5,4,2766,2923,1
8,810,1,10570,1,1,0,5,4,2767,2924,1
8,823,9,90520,0,1,1,4,3,2768,2925,1
9,908,10,100120,0,3,0,6,3,2769,2926,1
5,515,2,20410,0,2,1,6,3,2770,2927,1
8,836,1,10600,1,2,0,6,3,2771,2928,2
8,804,1,10600,0,2,0,4,0,2768,2929,2
2,211,9,90120,0,3,0,5,0,2772,2930,1
4,420,9,90330,0,1,0,7,0,2773,2931,1
4,429,9,90330,0,2,0,7,0,2773,2932,2
9,911,8,80100,0,1,0,9,0,2774,2933,1
8,836,1,10600,1,1,0,9,0,2767,2934,2
8,823,9,90520,0,1,0,9,0,2775,2935,1
9,908,10,100120,0,1,0,9,0,2776,2936,3
9,906,10,100130,0,1,0,9,0,2776,2937,1
9,910,10,100130,0,1,0,9,0,2776,2938,2
8,807,1,10570,0,1,0,9,0,2777,2939,2
5,512,3,30010,0,1,0,9,0,2777,2940,1
4,420,10,100130,0,1,0,9,0,2777,2941,3
8,810,1,10570,1,1,0,9,0,2771,2942,1
6,602,8,80030,0,3,0,5,0,2778,2943,1
4,432,9,90320,0,3,0,5,0,2779,2944,1
18,1810,12,120010,0,1,0,5,0,2780,2945,1
8,829,1,10030,0,2,0,7,0,2781,2946,1
4,420,9,90320,0,1,0,7,0,2782,2947,1
8,834,1,10600,0,1,0,7,0,2783,2948,1
8,826,1,10560,0,2,0,7,0,2784,2949,1
9,912,10,100130,0,1,0,9,0,2785,2950,1
4,420,9,90330,0,3,0,7,0,2786,2951,1
6,608,14,140080,0,3,0,4,3,2787,2952,1
14,1402,7,70070,0,1,1,6,1,2788,2953,1
12,1204,8,80180,0,3,0,5,0,2789,2954,1
8,832,1,10560,0,1,0,7,0,2790,2955,1
8,802,1,10570,0,1,0,7,0,2791,2956,1
3,303,2,20270,0,1,0,5,0,2792,2957,1
14,1410,7,70080,0,1,0,5,0,2793,2958,1
2,210,9,90120,0,3,0,4,1,2794,2959,1
7,707,14,140030,0,3,0,5,0,2795,2960,1
2,210,9,90120,0,3,0,5,0,2796,2961,3
4,420,9,90330,0,3,0,5,0,2796,2962,2
11,1101,13,130020,0,3,0,5,0,2796,2963,1
4,411,14,140040,0,3,0,5,0,2797,2964,1
14,1402,7,70010,0,2,0,7,0,2798,2965,1
8,807,1,10570,0,1,0,7,0,2799,2966,1
8,810,1,10570,0,1,0,7,0,2800,2967,1
8,808,1,10190,1,2,0,7,0,2801,2968,1
11,1109,13,130020,0,3,0,6,1,2802,2969,1
7,710,14,140030,0,3,0,5,0,2803,2970,1
9,913,10,100130,0,2,0,9,0,2804,2971,1
7,709,14,140030,0,2,1,3,2,2805,2972,1
8,826,1,10570,0,2,0,5,2,2806,2973,2
8,836,1,10600,0,3,0,5,2,2806,2974,1
3,304,2,20310,0,1,0,5,0,2807,2975,1
2,209,9,90120,0,3,0,7,0,2808,2976,1
2,211,9,90120,0,3,0,7,0,2808,2977,2
8,816,1,10330,0,1,0,7,0,2809,2978,1
9,913,10,100130,0,1,0,9,0,2810,2979,1
2,213,4,40020,0,2,0,5,0,2811,2980,1
1,104,12,120010,0,3,0,7,0,2812,2981,1
14,1411,7,70200,0,2,0,7,0,2813,2982,1
14,1411,7,70200,0,2,0,7,0,2814,2983,1
9,902,10,100130,0,2,0,9,0,2815,2984,1
9,913,10,100130,0,2,1,6,1,2816,2985,1
8,808,1,10600,1,1,1,5,2,2817,2986,1
4,402,14,140050,0,1,0,5,0,2818,2987,1
2,211,9,90120,0,3,0,5,0,2819,2988,2
2,202,13,130020,0,3,0,5,0,2819,2989,1
18,1814,14,140010,0,1,0,5,0,2820,2990,1
7,707,14,140030,0,3,0,7,0,2821,2991,1
16,1604,14,140010,0,3,0,7,0,2822,2992,1
8,824,1,10220,1,2,0,7,0,2823,2993,1
4,420,9,90330,0,2,0,7,0,2824,2994,1
19,1916,14,140060,0,3,0,7,0,2825,2995,1
8,831,1,10600,0,1,0,7,0,2826,2996,1
4,422,14,140050,0,3,0,5,0,2827,2997,1
4,420,9,90330,0,3,0,7,0,2828,2998,2
9,904,10,100130,0,2,0,7,0,2828,2999,1
8,820,1,10600,1,2,0,7,0,2829,3000,1
2,201,9,90120,0,3,0,7,0,2830,3001,1
8,810,1,10600,1,1,0,7,0,2831,3002,1
1,106,2,20150,0,3,1,4,3,2832,3003,1
2,210,9,90120,0,3,0,5,0,2833,3004,1
14,1411,7,70200,0,2,0,5,0,2834,3005,1
8,807,1,10570,0,2,0,7,0,2835,3006,1
8,823,9,90520,0,1,0,7,0,2836,3007,1
8,842,1,10010,0,2,0,7,0,2837,3008,1
8,838,1,10570,0,2,0,7,0,2838,3009,1
8,813,1,10330,1,2,1,4,3,2839,3010,1
18,1811,8,80100,0,1,0,5,0,2840,3011,1
19,1908,14,140060,0,3,0,5,0,2841,3012,1
14,1410,7,70080,0,2,0,5,0,2842,3013,1
19,1916,14,140060,0,3,0,5,0,2843,3014,1
8,812,1,10570,0,1,0,7,0,2844,3015,1
10,1007,14,140010,0,2,0,5,0,2845,3016,1
7,712,14,140030,0,1,0,5,0,2846,3017,1
7,709,14,140030,0,3,0,5,0,2847,3018,1
7,707,14,140030,0,3,0,5,0,2848,3019,1
4,428,14,140050,0,3,0,5,0,2849,3020,1
7,703,8,80070,0,3,0,5,0,2850,3021,1
4,429,14,140050,0,3,0,5,0,2851,3022,1
1,106,2,20150,0,3,0,7,0,2852,3023,1
4,420,9,90330,0,3,0,7,0,2853,3024,1
7,707,14,140030,0,3,0,7,0,2853,3025,2
2,209,9,90120,0,3,0,7,0,2854,3026,1
9,903,10,100130,0,2,0,7,0,2855,3027,1
8,828,1,10020,0,2,0,9,0,2856,3028,1
8,834,1,10330,0,1,0,5,0,2857,3029,1
4,432,9,90330,0,3,2,4,1,2858,3030,1
14,1410,7,70080,0,2,0,5,0,2859,3031,1
8,824,1,10220,1,2,0,5,0,2860,3032,1
9,913,10,100130,0,3,0,7,0,2861,3033,1
8,837,1,10600,0,2,0,5,0,2862,3034,1
19,1917,3,30030,0,2,0,5,0,2863,3035,1
9,903,10,100130,0,3,2,7,2,2864,3036,2
4,420,9,90320,0,2,0,5,0,2865,3038,1
8,824,1,10220,1,2,0,7,0,2866,3039,1
4,404,13,130020,0,3,1,8,1,2867,3040,1
7,709,14,140030,0,2,0,5,0,2868,3041,1
7,709,14,140030,0,3,0,5,0,2869,3042,1
19,1912,14,140060,0,3,0,5,0,2870,3043,1
2,211,9,90120,0,3,0,7,0,2871,3044,1
8,809,1,10560,0,1,0,7,0,2872,3045,1
8,834,1,10330,0,1,0,5,0,2873,3046,1
8,836,1,10600,0,1,0,5,0,2873,3047,2
8,808,1,10600,0,3,0,7,0,2874,3048,1
8,813,1,10330,0,1,1,5,4,2875,3049,1
8,817,1,10330,0,1,1,4,3,2876,3050,1
2,211,9,90120,0,3,0,3,2,2877,3051,1
9,904,10,100130,0,2,0,6,1,2878,3052,1
8,808,1,10600,0,2,0,5,0,2879,3053,1
8,803,1,10360,0,1,0,5,0,2880,3054,1
11,1101,13,130020,0,3,0,5,0,2881,3055,1
4,415,14,140050,0,3,0,5,0,2882,3056,1
8,808,1,10600,0,3,0,7,0,2883,3057,1
9,911,10,100130,0,1,0,7,0,2884,3058,1
2,211,10,100130,0,3,0,7,0,2884,3059,2
9,904,10,100130,0,2,0,7,0,2885,3060,1
5,533,2,20410,0,2,0,9,0,2886,3061,1
19,1916,13,130020,0,2,0,5,0,2887,3062,1
11,1110,13,130020,0,3,1,4,3,2888,3063,1
4,405,9,90520,0,3,0,5,0,2889,3064,1
4,417,14,140050,0,3,0,5,0,2890,3065,1
2,211,9,90120,0,3,0,7,0,2891,3066,1
8,836,1,10600,0,2,1,4,1,2892,3067,1
8,812,1,10510,0,1,0,5,0,2893,3068,1
18,1802,12,120010,0,2,0,5,0,2894,3069,1
18,1811,13,130020,0,1,0,5,0,2895,3070,1
8,807,1,10600,0,2,1,5,2,2896,3071,1
7,709,14,140030,0,3,0,4,1,2897,3072,1
4,420,9,90350,0,3,0,5,0,2898,3073,1
8,823,9,90520,0,3,0,5,0,2899,3074,1
14,1401,7,70080,0,2,0,7,0,2900,3075,1
14,1416,7,70120,0,2,0,7,0,2900,3076,2
4,422,14,140050,0,3,0,5,0,2901,3077,1
19,1901,14,140060,0,3,0,5,0,2902,3078,1
16,1604,14,140010,0,2,0,7,0,2903,3079,1
8,824,1,10220,1,2,0,7,0,2904,3080,1
14,1409,7,70140,0,1,0,7,0,2905,3081,1
8,808,1,10600,0,1,1,3,2,2906,3082,1
9,904,10,100080,0,2,0,7,0,2907,3083,1
9,906,10,100130,0,2,0,7,0,2907,3084,2
8,802,1,10570,0,2,1,7,1,2908,3085,1
8,833,1,10570,0,1,0,5,0,2909,3086,1
2,210,9,90120,0,3,0,5,0,2910,3087,1
8,812,1,10570,1,1,0,7,0,2911,3088,1
17,1707,8,80150,0,3,0,5,0,2912,3089,1
11,1109,13,130020,0,2,0,5,0,2913,3090,1
5,519,2,20410,0,1,0,7,0,2914,3091,1
14,1412,7,70210,0,2,0,7,0,2915,3092,3
2,201,9,90120,0,2,0,7,0,2915,3093,2
2,211,9,90120,0,2,0,7,0,2915,3094,1
9,913,10,100130,0,1,0,7,0,2916,3095,1
8,812,1,10570,0,2,0,7,0,2917,3096,1
9,912,10,100130,0,2,0,9,0,2918,3097,1
8,816,1,10330,0,2,0,7,0,2919,3098,1
9,911,10,100040,0,1,1,4,2,2920,3099,1
18,1802,12,120010,0,1,0,5,0,2921,3100,1
18,1815,12,120010,0,1,0,5,0,2921,3101,2
2,211,9,90120,0,3,0,5,0,2922,3102,1
8,808,1,10600,0,2,0,5,0,2923,3103,1
14,1414,7,70060,0,2,0,7,0,2924,3104,1
8,812,1,10290,0,1,0,9,0,2925,3105,1
8,816,1,10330,0,1,0,9,0,2925,3106,2
19,1908,14,140060,0,1,0,5,0,2926,3107,1
18,1817,12,120010,0,1,0,7,0,2927,3108,1
8,834,1,10330,0,2,1,4,3,2928,3109,2
8,823,1,10600,0,2,1,4,3,2928,3110,1
19,1906,14,140060,0,3,1,3,2,2929,3111,1
8,808,1,10600,0,2,0,5,0,2930,3112,1
5,517,2,20410,0,1,0,7,0,2931,3113,1
5,543,2,20010,0,1,0,5,0,2932,3114,1
6,606,14,140080,0,3,0,5,0,2933,3115,1
6,611,8,80120,0,3,0,5,0,2934,3116,1
8,836,1,10380,0,1,0,5,0,2935,3117,1
8,838,1,10380,0,1,0,5,0,2936,3118,1
11,1109,13,130020,0,3,0,7,0,2937,3119,1
5,537,1,10050,0,2,0,9,0,2938,3120,1
8,838,1,10510,1,1,0,5,0,2939,3121,2
8,810,1,10600,1,2,0,5,0,2939,3122,1
6,606,14,140080,0,3,0,7,0,2940,3123,1
11,1107,13,130020,0,3,0,7,0,2941,3124,1
8,808,1,10280,1,2,0,7,0,2942,3125,1
8,818,14,140040,0,3,0,7,0,2942,3126,2
8,816,1,10330,0,2,0,7,0,2943,3127,1
8,816,1,10330,0,1,0,5,0,2944,3128,1
8,810,1,10600,1,1,0,7,0,2945,3129,1
1,102,2,20150,0,3,0,8,0,2946,3130,2
1,103,2,20150,0,3,0,8,0,2946,3131,1
2,213,9,90120,0,3,0,5,0,2947,3132,1
2,210,9,90120,0,0,0,5,0,2948,3133,2
2,211,9,90120,0,0,0,5,0,2948,3134,1
2,211,9,90120,0,3,0,5,0,2949,3135,1
2,211,9,90120,0,3,0,7,0,2950,3136,1
2,215,9,90120,0,3,0,7,0,2950,3137,2
8,838,1,10570,0,1,0,7,0,2951,3138,1
9,911,10,100130,0,1,0,7,0,2952,3139,1
8,824,1,10220,1,2,0,7,0,2953,3140,2
8,821,1,10330,0,2,0,7,0,2953,3141,1
8,841,1,10360,1,2,0,7,0,2953,3142,3
9,911,10,100130,0,2,0,7,0,2954,3143,1
8,807,1,10570,0,2,1,6,1,2955,3144,1
8,808,1,10230,0,1,0,5,0,2956,3145,2
8,813,1,10330,0,1,0,5,0,2956,3146,1
3,305,2,20260,0,1,0,5,0,2957,3147,2
2,201,9,90120,0,3,0,5,0,2957,3148,1
19,1916,8,80060,0,2,0,5,0,2958,3149,3
19,1906,14,140060,0,2,0,5,0,2958,3150,1
19,1907,14,140060,0,3,0,5,0,2958,3151,2
8,824,1,10220,1,2,0,7,0,2959,3152,1
8,813,1,10330,0,1,1,4,2,2960,3153,1
8,807,1,10360,0,1,1,4,2,2961,3154,1
14,1406,2,20060,0,1,0,7,0,2962,3155,1
5,506,10,100130,0,2,0,9,0,2963,3156,1
4,415,14,140050,0,3,0,6,0,2964,3157,1
7,719,14,140030,0,3,1,3,2,2965,3158,1
8,841,1,10360,0,2,0,5,0,2966,3159,1
8,838,1,10570,0,2,0,7,0,2967,3160,2
10,1011,13,130020,0,3,0,7,0,2967,3161,1
19,1904,8,80070,0,3,0,4,0,2968,3162,1
11,1105,13,130020,0,3,0,6,0,2969,3163,1
8,812,1,10570,0,2,0,6,0,2970,3164,1
9,902,10,100130,0,2,0,6,0,2970,3165,2
14,1402,7,70060,0,2,0,7,0,2971,3166,1
2,211,9,90120,0,3,0,7,0,2972,3167,1
8,812,1,10570,0,1,0,7,0,2973,3168,1
5,501,2,20410,0,2,0,3,0,2974,3169,2
7,702,14,140030,0,3,0,6,0,2975,3170,2
19,1910,14,140060,0,3,0,6,0,2975,3171,1
5,534,4,40010,0,2,0,6,0,2974,3172,1
6,602,8,80030,0,3,0,7,0,2976,3173,1
19,1916,14,140060,0,3,0,7,0,2977,3174,1
8,823,9,90520,0,3,0,7,0,2978,3175,1
4,429,14,140050,0,3,0,5,0,2979,3176,1
4,415,14,140050,0,3,0,6,0,2980,3177,1
8,808,1,10600,0,3,0,6,0,2981,3178,1
5,513,3,30160,0,2,0,6,0,2982,3179,1
9,902,10,100130,0,2,0,6,0,2982,3180,2
2,212,9,90120,0,2,0,6,0,2983,3181,2
9,902,10,100130,0,1,0,6,0,2983,3182,1
8,813,1,10330,0,1,0,9,0,2984,3183,1
5,534,4,40010,0,1,0,6,0,2985,3184,1
4,420,9,90330,0,2,0,6,0,2985,3185,2
16,1604,14,140010,0,3,0,7,0,2986,3186,1
8,810,1,10570,0,1,0,7,0,2987,3187,1
8,838,1,10570,0,2,0,7,0,2988,3188,1
2,210,9,90120,0,3,0,7,0,2989,3189,1
16,1601,4,40070,0,1,0,7,0,2990,3190,1
5,531,1,10120,0,2,1,6,2,2991,3191,1
8,807,1,10570,0,1,0,7,0,2992,3192,1
7,720,14,140030,0,3,0,7,0,2993,3193,1
2,210,9,90120,0,3,0,7,0,2994,3194,1
5,531,1,10120,0,2,0,8,0,2995,3195,1
5,531,1,10120,0,2,0,8,0,2996,3196,1
8,816,1,10330,0,1,0,9,0,2997,3197,2
8,823,9,90520,0,3,0,9,0,2997,3198,1
5,517,2,20410,0,2,0,7,0,2998,3199,1
8,810,1,10570,0,2,1,5,4,2999,3200,1
6,602,8,80030,0,3,0,6,1,3000,3201,1
18,1804,12,120010,0,2,0,7,0,3001,3202,1
14,1416,7,70120,0,1,0,7,0,3002,3203,1
8,810,1,10570,0,1,0,7,0,3003,3204,1
2,216,9,90120,0,3,0,7,0,3004,3205,1
18,1811,8,80100,0,1,0,7,0,3005,3206,1
9,908,10,100130,0,1,0,7,0,3006,3207,2
11,1106,13,130020,0,3,0,7,0,3006,3208,1
8,807,1,10360,0,1,1,4,3,3007,3209,1
18,1805,12,120010,0,1,0,6,0,3008,3210,1
14,1416,7,70120,0,3,0,7,0,3009,3211,1
8,834,1,10600,0,2,0,7,0,3010,3212,1
11,1109,13,130020,0,3,1,6,3,3011,3213,1
2,212,9,90120,0,3,0,5,0,3012,3214,1
8,812,1,10570,0,2,0,7,0,3013,3215,1
8,812,1,10570,0,2,0,7,0,3014,3216,1
8,808,1,10600,0,1,0,7,0,3015,3217,1
5,515,2,20410,0,2,0,9,0,3016,3218,1
8,808,1,10600,0,1,0,7,0,3017,3219,1
8,808,1,10600,0,2,0,7,0,3018,3220,1
8,826,1,10570,0,2,0,7,0,3019,3221,1
5,534,4,40010,0,1,0,7,0,3019,3222,2
8,836,1,10600,0,1,0,7,0,3020,3223,1
8,824,1,10220,0,2,0,7,0,3021,3224,1
8,823,9,90330,0,1,0,7,0,3022,3225,1
5,527,2,20410,0,1,0,9,0,3023,3226,1
8,812,1,10570,0,1,0,9,0,3024,3227,1
8,813,1,10330,0,1,0,7,0,3025,3228,1
18,1801,12,120010,0,2,1,4,3,3026,3229,1
1,101,2,20150,0,1,0,5,0,3027,3230,1
5,513,3,30160,0,1,0,5,0,3028,3231,1
5,517,2,20410,0,3,0,5,0,3029,3232,1
5,526,1,10090,0,2,1,6,1,3030,3233,1
1,101,2,20150,0,2,0,7,0,3031,3234,1
14,1411,7,70200,0,2,0,7,0,3032,3235,1
8,808,1,10600,1,1,0,7,0,3033,3236,1
8,808,1,10600,0,1,0,7,0,3034,3237,1
14,1410,7,70080,0,1,0,9,0,3035,3238,1
8,826,1,10570,0,1,0,7,0,3036,3239,1
8,824,1,10220,0,1,0,7,0,3037,3240,1
5,534,4,40010,0,2,0,7,0,3038,3241,1
14,1406,2,20410,0,1,1,5,2,3039,3242,1
8,823,9,90520,0,2,0,7,0,3040,3243,1
14,1406,2,20410,0,2,0,7,0,3041,3244,1
8,812,1,10570,0,1,0,7,0,3042,3245,1
4,420,9,90520,0,1,1,7,2,3043,3246,1
5,514,1,10020,0,2,0,7,0,3044,3247,1
5,514,1,10020,0,2,0,7,0,3045,3248,1
4,419,4,40050,0,3,0,7,0,3046,3249,1
5,514,1,10020,0,2,0,7,0,3047,3250,1
4,422,14,140050,0,3,0,7,0,3048,3251,1
8,812,1,10570,0,1,0,7,0,3049,3252,1
8,836,1,10600,0,1,0,7,0,3050,3253,1
16,1601,4,40070,0,3,0,5,0,3051,3254,1
8,823,9,90520,0,3,0,7,0,3052,3255,1
7,704,14,140030,0,3,1,4,3,3053,3256,1
8,801,1,10600,0,1,1,8,1,3054,3257,1
7,702,14,140030,0,3,0,5,0,3055,3258,1
4,406,9,90100,0,2,0,5,0,3056,3259,1
8,815,1,10330,0,1,0,7,0,3057,3260,1
18,1802,12,120010,0,1,0,7,0,3058,3261,1
5,522,4,40040,0,2,0,7,0,3059,3262,1
19,1906,14,140060,0,3,0,4,0,3060,3263,1
8,812,1,10570,0,2,0,7,0,3061,3264,1
8,807,1,10600,0,3,0,7,0,3062,3265,1
18,1805,12,120010,0,1,0,7,0,3063,3266,1
1,106,2,20150,0,1,0,7,0,3064,3267,2
1,106,2,20150,0,1,0,7,0,3065,3268,2
11,1109,13,130020,0,3,0,7,0,3064,3269,1
11,1109,13,130020,0,3,0,7,0,3065,3270,1
8,807,1,10570,0,2,0,7,0,3066,3271,1
8,810,1,10600,0,1,1,6,3,3067,3272,1
5,531,1,10120,0,2,1,5,2,3068,3273,1
2,211,9,90120,0,3,0,5,0,3069,3274,1
8,808,1,10600,0,2,0,7,0,3070,3275,1
8,823,9,90340,0,3,0,7,0,3071,3276,1
8,808,1,10600,0,1,0,9,0,3072,3277,1
5,517,2,20410,0,1,1,5,2,3073,3278,2
4,420,9,90330,0,3,1,5,2,3074,3279,1
5,517,2,20410,0,1,1,6,1,3075,3280,1
5,517,2,20410,0,1,1,6,1,3074,3281,2
19,1905,8,80070,0,3,0,5,0,3076,3282,1
4,420,9,90330,0,3,0,7,0,3073,3283,1
14,1411,7,70200,0,2,1,4,3,3077,3284,1
8,836,1,10600,0,1,0,7,0,3078,3285,1
8,812,1,10570,0,2,0,7,0,3079,3286,1
16,1608,14,140080,0,3,0,5,0,3080,3287,1
16,1601,4,40070,0,3,0,5,0,3081,3288,1
2,211,9,90120,0,3,0,7,0,3082,3289,1
8,832,1,10560,0,1,0,5,0,3083,3290,1
5,503,1,10590,0,1,1,4,3,3084,3291,1
8,834,1,10330,0,1,1,7,2,3085,3292,1
8,816,1,10330,1,2,0,5,0,3086,3293,1
21,2102,13,130020,0,3,0,7,0,3087,3294,1
14,1408,7,70200,0,1,0,7,0,3088,3295,1
5,539,1,10590,0,1,0,9,0,3089,3296,1
8,813,1,10330,0,1,1,5,2,3090,3297,1
8,802,1,10570,0,1,0,5,0,3091,3298,1
10,1009,13,130020,0,3,0,7,0,3092,3299,1
5,508,2,20410,0,1,0,3,2,3093,3300,2
16,1604,14,140010,0,3,0,5,0,3094,3301,1
4,419,4,40050,0,3,0,5,0,3093,3302,1
18,1811,8,80100,0,1,0,7,0,3095,3303,1
8,816,1,10330,0,2,0,7,0,3096,3304,1
1,106,2,20150,0,1,0,7,0,3097,3305,1
9,913,10,100130,0,1,1,6,3,3098,3306,1
5,534,2,20410,0,1,1,6,1,3099,3307,2
16,1608,14,140080,0,3,0,5,0,3100,3308,1
8,812,1,10570,0,2,0,5,0,3101,3309,1
14,1417,7,70200,0,1,0,7,0,3102,3310,1
7,719,14,140030,0,3,0,7,0,3103,3311,2
19,1903,14,140060,0,3,0,7,0,3103,3312,1
5,513,3,30160,0,1,0,7,0,3099,3313,1
5,526,1,10090,0,2,0,7,0,3104,3314,1
14,1411,7,70200,0,2,0,5,0,3105,3315,1
5,541,2,20410,0,1,0,9,0,3106,3316,1
18,1817,12,120010,0,2,0,5,0,3107,3317,1
6,612,13,130020,0,2,0,5,0,3108,3318,1
18,1817,12,120010,0,1,0,5,0,3109,3319,1
5,514,1,10020,0,1,0,7,0,3110,3320,1
8,816,1,10330,0,2,0,7,0,3111,3321,1
8,826,1,10570,0,1,0,7,0,3112,3322,1
6,602,8,80030,0,2,0,5,0,3113,3323,1
18,1811,8,80100,0,2,0,5,0,3114,3324,1
4,429,14,140050,0,3,0,7,0,3115,3325,1
8,824,1,10220,1,1,1,4,3,3116,3326,1
5,513,3,30160,0,1,1,6,1,3117,3327,1
16,1604,14,140010,0,3,0,5,0,3118,3328,1
9,911,10,100130,0,1,0,7,0,3117,3329,2
4,412,14,140040,0,2,0,7,0,3119,3330,1
4,420,9,90330,0,3,0,7,0,3120,3331,1
5,501,2,20410,0,1,0,7,0,3121,3332,2
5,512,3,30010,0,1,0,7,0,3121,3333,1
8,808,1,10600,0,2,0,7,0,3122,3334,1
4,426,9,90310,0,3,0,7,0,3123,3335,1
7,709,14,140030,0,3,0,6,0,3124,3336,1
13,1304,13,130020,0,3,0,6,0,3125,3337,1
10,1011,13,130020,0,2,0,6,0,3126,3338,1
6,601,14,140080,0,3,0,4,0,3127,3339,1
4,429,14,140050,0,3,0,5,0,3128,3340,1
16,1604,14,140010,0,3,0,9,0,3129,3341,1
2,213,9,90120,0,3,0,6,0,3130,3342,1
14,1417,7,70200,0,1,0,5,0,3131,3343,1
8,808,1,10600,0,1,0,5,0,3132,3344,1
5,511,2,20410,0,1,1,4,2,3133,3345,1
5,511,2,20410,0,1,1,4,2,3134,3346,1
5,502,2,20410,0,1,1,5,1,3134,3347,2
5,537,1,10050,0,2,1,5,1,3135,3348,1
5,511,2,20410,0,1,1,5,1,3136,3349,1
8,810,1,10570,0,1,0,4,0,3137,3350,1
8,807,1,10570,0,1,0,6,0,3138,3351,2
8,826,1,10570,0,1,0,6,0,3138,3352,1
5,537,1,10050,0,1,0,6,0,3139,3353,1
5,537,1,10050,0,1,0,6,0,3140,3354,1
8,824,1,10220,1,2,0,5,0,3141,3355,1
8,808,1,10600,0,1,0,5,0,3142,3356,1
13,1303,1,10600,0,1,0,6,1,3143,3357,1
13,1303,4,40040,0,1,1,6,1,3144,3358,1
8,806,1,10520,0,2,0,4,0,3145,3359,1
2,216,9,90120,0,3,0,5,0,3146,3360,1
13,1303,4,40040,0,1,0,7,0,3147,3361,1
4,420,9,90330,0,3,0,7,0,3147,3362,2
8,824,1,10220,0,1,0,7,0,3148,3363,1
4,420,9,90330,0,1,0,7,0,3143,3364,2
4,420,9,90330,0,1,1,7,0,3144,3365,2
5,539,1,10590,0,2,0,8,0,3149,3366,1
11,1106,13,130020,0,3,2,6,1,3150,3367,1
16,1601,4,40070,0,2,0,4,0,3151,3368,1
6,601,14,140080,0,3,0,6,0,3152,3369,1
11,1106,13,130020,0,3,0,6,0,3153,3370,1
11,1106,13,130020,0,3,0,6,0,3154,3371,1
8,810,1,10570,0,2,0,6,0,3155,3372,1
5,509,1,10050,0,2,0,7,0,3156,3373,1
8,817,1,10330,0,1,0,8,0,3157,3374,2
8,810,1,10570,0,1,0,8,0,3157,3375,1
8,808,1,10600,0,1,0,7,0,3158,3376,1
4,429,14,140050,0,3,1,4,1,3159,3377,1
5,504,1,10140,0,2,1,5,1,3160,3378,1
6,612,13,130020,0,1,0,6,0,3161,3379,1
8,813,1,10330,0,1,0,7,0,3162,3380,1
8,807,1,10570,0,1,0,7,0,3163,3381,1
8,823,9,90520,0,1,0,7,0,3164,3382,1
5,531,1,10120,0,2,0,7,0,3165,3383,1
5,506,2,20410,0,3,0,7,0,3166,3384,1
14,1406,2,20130,0,2,0,8,0,3167,3385,1
9,911,10,100130,0,1,0,6,0,3168,3386,1
9,909,10,100130,0,1,0,7,0,3169,3387,1
14,1406,2,20060,0,2,0,7,0,3170,3388,1
11,1105,13,130020,0,3,1,5,1,3171,3389,1
11,1105,13,130020,0,3,0,5,0,3172,3390,1
2,211,9,90120,0,3,0,5,0,3173,3391,1
16,1608,14,140080,0,3,0,5,0,3174,3392,1
8,834,1,10330,0,1,0,6,0,3175,3393,1
8,834,1,10330,0,1,0,7,0,3176,3394,1
8,812,1,10570,0,1,0,7,0,3177,3395,1
19,1911,13,130020,0,3,0,7,0,3178,3396,1
8,809,1,10560,0,1,1,5,2,3179,3397,1
8,816,1,10330,0,1,1,5,2,3180,3398,1
5,534,4,40010,0,1,1,6,1,3179,3399,2
7,708,14,140030,0,1,0,5,0,3181,3400,1
8,815,1,10330,0,1,0,5,0,3182,3401,1
5,534,4,40010,0,1,0,5,0,3182,3402,2
4,406,9,90100,0,3,0,6,0,3183,3403,1
8,812,1,10570,0,1,0,6,0,3184,3404,1
5,531,1,10120,0,1,0,7,0,3185,3405,1
8,836,1,10600,0,1,0,7,0,3186,3406,1
5,501,2,20410,0,1,0,8,0,3187,3407,1
8,806,9,90520,0,1,0,7,0,3188,3408,1
8,836,1,10600,0,1,0,7,0,3189,3409,1
8,809,1,10560,0,1,1,5,2,3190,3410,1
5,504,1,10140,0,1,1,6,1,3190,3411,2
5,507,1,10600,0,1,1,6,1,3191,3412,1
9,911,10,100130,0,1,1,8,1,3192,3413,1
14,1417,7,70200,0,2,0,4,0,3193,3414,1
14,1417,7,70200,0,2,0,4,0,3194,3415,1
4,429,14,140050,0,3,0,5,0,3195,3416,1
2,206,9,90120,0,3,0,5,0,3196,3417,1
2,206,9,90120,0,3,0,5,0,3197,3418,1
5,531,1,10120,0,1,0,7,0,3198,3419,1
5,501,2,20410,0,1,0,7,0,3199,3420,1
5,501,2,20410,0,1,0,7,0,3200,3421,1
5,501,2,20410,0,1,0,7,0,3201,3422,1
8,812,1,10570,0,1,0,7,0,3202,3423,1
5,522,4,40040,0,2,1,6,1,3203,3424,1
5,534,4,40010,0,2,1,7,1,3203,3425,2
7,719,14,140030,0,3,0,6,0,3204,3426,1
5,522,4,40040,0,2,0,8,0,3205,3427,1
8,834,1,10330,0,1,0,5,0,3206,3428,1
8,808,1,10600,0,1,0,5,0,3207,3429,1
4,423,9,90130,0,3,0,9,0,3208,3430,1
8,808,1,10600,0,2,0,5,0,3209,3431,1
8,816,1,10330,0,1,0,5,0,3210,3432,1
8,834,1,10330,0,1,0,5,0,3211,3433,1
8,824,1,10220,1,2,1,5,2,3212,3434,1
7,704,14,140030,0,3,0,5,0,3213,3435,1
17,1707,8,80150,0,3,0,5,0,3214,3436,1
8,816,1,10330,0,3,0,5,0,3215,3437,1
8,808,1,10600,0,1,0,5,0,3216,3438,1
18,1816,12,120040,0,2,0,5,0,3217,3439,1
5,534,5,50020,0,2,1,5,2,3218,3440,1
8,824,1,10220,1,1,0,5,0,3219,3441,1
1,105,2,20150,0,1,0,7,0,3220,3442,1
8,829,1,10030,0,1,0,7,0,3221,3443,1
8,807,1,10570,0,1,0,5,0,3222,3444,1
8,807,1,10570,0,1,0,5,0,3223,3445,1
18,1811,8,80100,0,3,0,5,0,3224,3446,1
8,816,1,10330,0,1,1,3,2,3225,3447,1
11,1106,13,130020,0,3,0,5,0,3226,3448,1
8,824,1,10220,1,2,0,5,0,3227,3449,1
8,801,1,10600,0,1,0,5,0,3228,3450,1
8,824,1,10220,1,1,0,5,0,3229,3451,1
8,824,1,10220,1,2,0,5,0,3230,3452,1
13,1303,1,10600,0,2,1,4,3,3231,3453,1
5,517,2,20410,0,2,1,6,2,3232,3454,1
6,609,14,140080,0,3,2,4,1,520,3455,1
8,807,1,10330,0,1,0,5,0,521,3456,1
19,1913,14,140060,0,3,0,5,0,522,3457,1
6,612,13,130020,0,3,0,5,0,523,3458,1
14,1411,7,70200,0,2,1,4,3,524,3459,1
9,906,10,100130,0,2,1,4,3,525,3460,1
19,1917,3,30030,0,3,2,3,2,526,3461,1
19,1916,14,140060,0,2,0,5,0,527,3462,1
8,808,1,10600,0,2,0,5,0,528,3463,1
5,534,4,40010,0,1,0,7,0,529,3464,1
8,808,1,10330,0,1,0,5,0,530,3465,1
8,816,1,10330,0,2,0,5,0,531,3466,1
8,808,1,10330,0,1,0,5,0,532,3467,1
17,1702,8,80010,0,2,0,7,0,533,3468,1
5,525,1,10050,0,1,0,7,0,534,3469,1
5,531,1,10120,0,1,0,7,0,535,3470,1
4,401,4,40010,0,1,0,7,0,536,3471,1
8,808,1,10600,0,1,0,7,0,537,3472,1
5,537,1,10050,0,1,0,5,0,538,3473,1
8,812,1,10570,0,1,0,5,0,539,3474,1
18,1816,12,120040,0,1,0,7,0,540,3475,1
5,529,4,40040,0,1,1,3,1,541,3476,1
5,529,4,40040,1,1,1,5,1,542,3477,1
16,1606,14,140010,0,3,0,4,0,543,3478,1
18,1811,8,80100,0,3,0,5,0,544,3479,1
5,522,4,40040,0,1,0,5,0,3233,3480,1
11,1105,13,130020,0,3,0,5,0,3234,3481,1
9,903,10,100130,0,2,0,6,0,3235,3482,1
9,903,10,100130,0,2,0,6,0,3236,3483,1
5,507,1,10600,0,2,0,6,0,3237,3484,1
8,807,1,10570,0,2,0,6,0,3238,3485,1
9,903,10,100130,0,2,0,6,0,3239,3486,1
13,1303,1,10600,0,1,0,7,0,3240,3487,1
6,602,8,80030,0,3,0,7,0,3241,3488,1
1,106,10,100130,0,1,0,9,0,3242,3489,1
5,531,1,10120,0,1,0,5,0,3243,3490,1
7,709,14,140030,0,3,0,5,0,3244,3491,1
4,423,9,90130,0,3,0,7,0,3245,3492,1
18,1814,14,140010,0,3,0,7,0,3246,3493,1
2,211,9,90120,0,3,0,5,0,3247,3494,1
8,807,1,10570,0,1,0,5,0,3248,3495,1
8,819,1,10160,0,1,0,5,0,3249,3496,1
5,529,4,40040,0,2,0,5,0,3250,3497,1
8,808,1,10600,0,2,1,4,3,3251,3498,1
5,501,2,20410,0,1,1,5,3,3252,3499,1
7,719,14,140030,0,3,0,5,0,3253,3500,1
19,1904,8,80070,0,3,0,6,0,3254,3501,1
19,1906,14,140060,0,2,0,6,0,3255,3502,1
5,522,4,40040,0,1,0,6,0,3256,3503,1
14,1411,7,70200,0,2,0,6,0,3257,3504,1
14,1411,7,70200,0,2,0,6,0,3258,3505,1
2,216,9,90120,0,1,0,5,3,3259,3506,2
4,423,9,90130,0,3,2,5,3,3259,3507,1
8,807,1,10570,0,1,1,4,1,3260,3508,1
5,512,3,30010,0,1,0,6,0,3261,3509,1
8,816,1,10330,0,1,1,4,0,3262,3510,1
8,816,1,10330,0,2,2,4,0,3263,3511,1
8,828,1,10560,0,2,0,5,0,3264,3512,1
10,1002,8,80070,0,3,0,7,0,3265,3513,1
8,812,1,10570,0,2,0,7,0,3266,3514,1
8,808,1,10600,0,1,0,4,0,3267,3515,1
18,1812,8,80100,0,2,0,5,0,3268,3516,1
19,1916,14,140060,0,3,0,5,0,3269,3517,1
8,806,1,10520,0,1,0,6,0,3270,3518,1
8,806,1,10520,0,1,0,6,0,3271,3519,2
5,512,3,30010,0,1,0,6,0,3271,3520,1
4,420,9,90330,0,3,0,4,0,3272,3521,1
5,515,2,20410,0,1,0,5,0,3273,3522,1
8,824,1,10220,1,1,0,6,0,3274,3523,1
17,1712,8,80070,0,3,2,5,2,3275,3524,1
5,534,4,40010,0,1,0,7,0,3276,3525,1
5,534,4,40010,0,2,1,3,2,3277,3526,1
5,522,4,40040,0,1,1,4,2,3278,3527,1
14,1416,7,70120,0,3,2,4,1,3279,3528,1
5,537,1,10050,0,2,1,5,1,3280,3529,1
5,537,1,10050,0,1,0,7,0,3281,3530,1
5,531,1,10120,0,1,0,7,0,3281,3531,2
5,531,1,10120,0,1,0,7,0,3282,3532,1
19,1904,8,80070,0,3,0,7,0,3283,3533,1
8,810,1,10570,1,1,0,5,0,3284,3534,1
8,810,1,10570,0,1,1,4,3,3285,3535,1
8,810,1,10570,0,1,1,5,2,3286,3536,1
5,512,3,30010,0,2,0,5,0,3287,3537,1
9,902,10,100130,0,1,0,5,0,3287,3538,2
4,415,14,140050,0,1,0,5,0,3288,3539,1
6,612,13,130020,0,3,0,5,0,3289,3540,1
5,512,3,30010,0,2,0,5,0,3290,3541,1
9,913,10,100130,0,1,0,6,0,3291,3542,1
9,901,10,100130,0,3,0,6,0,3292,3543,1
8,810,1,10570,0,1,0,6,0,3293,3544,1
8,810,1,10570,0,1,0,7,0,3294,3545,1
8,810,1,10570,0,2,0,7,0,3295,3546,1
8,816,1,10330,0,1,0,7,0,3296,3547,1
8,807,1,10570,0,1,0,5,0,3297,3548,1
2,211,9,90120,0,3,0,4,0,3298,3549,1
8,824,1,10220,1,1,1,4,3,3299,3550,1
5,531,1,10120,0,2,1,4,2,3300,3551,2
8,813,1,10360,0,2,1,4,2,3300,3552,1
5,527,2,20410,0,1,0,7,0,3301,3553,1
8,813,1,10330,0,2,1,6,1,3302,3554,1
5,509,1,10050,0,2,0,7,0,3303,3555,1
14,1408,13,130020,0,3,0,5,0,3304,3556,1
5,508,2,20410,0,2,1,4,2,3305,3557,1
9,911,10,100130,0,3,0,4,0,3306,3558,1
8,810,1,10570,0,2,0,5,0,3307,3559,1
8,823,1,10600,0,2,0,7,0,3308,3560,1
4,417,14,140050,0,3,1,6,1,3309,3561,1
4,428,14,140050,0,3,0,5,0,3310,3562,1
11,1102,13,130020,0,2,0,7,0,3311,3563,1
4,420,9,90330,0,1,0,7,0,3312,3564,1
8,816,1,10330,0,1,0,5,0,3313,3565,1
1,106,2,20150,0,3,0,4,0,3314,3566,1
2,206,9,90120,0,3,0,5,0,3315,3567,1
4,423,9,90130,0,3,0,7,0,3316,3568,1
8,824,1,10220,1,1,0,5,0,3317,3569,1
5,506,2,20410,0,3,0,6,0,3318,3570,1
8,816,1,10330,0,1,0,5,0,3319,3571,1
8,824,1,10220,1,2,0,5,0,3320,3572,1
3,302,2,20110,0,1,1,5,2,3321,3573,1
7,703,14,140030,0,3,0,5,0,3322,3574,2
8,817,1,10330,1,2,0,5,0,3323,3576,1
5,514,1,10020,0,1,0,5,0,3324,3577,1
5,519,2,20410,0,2,1,3,2,3325,3578,1
17,1701,8,80105,0,3,0,4,0,3326,3579,1
17,1701,8,80105,0,3,0,4,0,3327,3580,1
17,1701,8,80105,0,3,0,4,0,3328,3581,1
17,1701,8,80105,0,3,0,4,0,3329,3582,1
19,1904,14,140060,0,2,0,6,0,3330,3583,1
9,905,10,100130,0,2,0,6,0,3331,3584,1
9,905,10,100130,0,2,0,6,0,3332,3585,1
5,508,2,20410,0,1,0,7,0,3333,3586,1
8,816,1,10330,0,2,0,5,0,3334,3587,1
5,512,3,30010,0,1,1,3,2,3335,3588,1
7,702,14,140030,0,2,0,5,0,3336,3589,1
4,420,9,90330,0,3,0,7,0,3337,3590,1
8,808,1,10600,0,3,0,7,0,3338,3591,1
5,509,1,10050,0,1,0,7,0,3339,3592,1
7,708,14,140030,0,1,1,3,2,3340,3593,1
2,216,9,90120,0,1,1,4,2,3341,3594,2
18,1812,8,80100,0,3,2,5,1,3342,3595,1
5,512,3,30010,0,1,1,5,1,3341,3596,1
14,1406,2,20410,0,2,0,6,0,3343,3597,1
14,1406,2,20410,0,2,0,6,0,3344,3598,1
5,538,1,10600,0,1,0,6,0,3345,3599,1
9,913,8,80100,0,1,0,7,0,3346,3600,1
8,814,1,10330,1,2,1,3,1,3347,3601,1
11,1106,13,130020,0,2,0,7,0,3348,3602,1
8,815,1,10330,0,3,0,7,0,3349,3603,1
8,816,1,10330,0,1,0,9,0,3350,3604,1
8,808,1,10360,0,2,0,9,0,3351,3605,1
7,709,14,140030,0,1,1,4,3,3352,3606,1
13,1303,1,10600,0,1,1,5,2,3353,3607,1
4,420,14,140050,0,3,0,5,0,3354,3608,1
8,815,1,10330,1,1,0,5,0,3355,3609,1
8,812,1,10570,1,2,1,6,0,3356,3610,1
8,812,1,10570,1,2,1,6,0,3357,3611,1
5,512,3,30010,0,1,0,7,0,3358,3612,1
14,1404,14,140030,0,2,0,7,0,3359,3613,1
8,824,1,10220,1,1,0,7,0,3360,3614,1
8,806,1,10520,0,2,0,5,0,3361,3615,1
17,1712,8,80070,0,2,0,5,0,3362,3616,1
5,531,1,10120,0,2,0,5,0,3363,3617,1
8,823,9,90520,0,1,0,7,0,3364,3618,1
4,430,1,10360,0,1,0,7,0,3365,3619,1
7,708,14,140030,0,3,0,5,0,3366,3620,1
5,539,1,10590,0,1,1,3,2,3367,3621,1
5,539,1,10590,0,1,1,4,1,3368,3622,1
12,1204,8,80180,0,3,0,5,0,3369,3623,1
8,807,1,10570,0,2,0,5,0,3370,3624,1
2,211,9,90120,0,3,0,7,0,3371,3625,1
8,823,9,90520,0,1,0,5,0,3372,3626,1
8,823,9,90520,0,1,0,5,0,3373,3627,1
8,823,9,90520,0,1,0,5,0,3374,3628,1
6,602,8,80030,0,1,1,6,1,3375,3629,1
8,826,1,10600,0,1,0,5,0,3376,3630,1
8,817,1,10330,0,2,1,4,1,3377,3631,1
5,509,1,10100,0,2,0,5,0,3378,3632,1
4,429,14,140050,0,3,0,5,0,3379,3633,1
15,1501,5,50040,0,1,0,7,0,3380,3634,1
10,1001,8,80060,0,2,1,3,2,3381,3635,1
19,1916,14,140060,0,2,1,5,1,3382,3636,1
9,904,10,100130,0,1,1,5,1,3383,3637,1
9,913,10,100130,0,1,0,6,0,3384,3638,1
5,531,1,10120,0,1,1,4,3,3385,3639,1
8,808,1,10600,0,2,1,4,1,3386,3640,2
8,808,1,10600,0,2,0,4,1,3386,3641,3
19,1901,14,140060,0,3,0,5,0,3387,3642,1
8,808,1,10600,0,2,0,5,0,3386,3643,1
8,812,1,10570,0,2,0,7,0,3388,3644,1
5,512,3,30010,0,1,0,7,0,3389,3645,1
8,833,1,10600,0,1,1,7,2,3390,3646,1
8,833,1,10600,0,1,1,7,2,3391,3647,1
7,719,14,140030,0,3,0,5,0,3392,3648,1
7,701,14,140030,0,3,0,7,0,3393,3649,1
7,709,14,140030,0,3,0,9,0,3394,3650,1
19,1904,8,80060,0,3,0,9,0,3395,3651,1
19,1904,8,80070,0,3,0,9,0,3396,3652,1
4,418,9,90330,0,3,1,5,2,3397,3653,1
8,808,1,10600,0,1,0,5,0,3398,3654,1
2,211,9,90120,0,1,0,7,0,3399,3655,1
2,211,9,90120,0,3,2,3,2,3400,3656,1
2,211,9,90120,0,3,2,4,2,3401,3657,1
14,1416,7,70120,0,2,0,5,0,3402,3658,1
8,807,1,10330,1,1,0,7,0,3403,3659,1
8,812,1,10570,0,2,0,7,0,3404,3660,1
2,211,9,90120,0,3,0,4,2,3405,3661,1
7,709,14,140030,0,1,0,5,0,3406,3662,1
8,807,1,10570,0,1,0,7,0,3407,3663,1
4,429,14,140050,0,3,0,5,0,3408,3664,1
4,424,14,140050,0,2,0,7,0,3409,3665,1
8,823,9,90520,0,1,0,7,0,3410,3666,1
8,816,1,10330,0,2,1,8,1,3411,3667,1
8,812,1,10570,0,3,0,9,0,3411,3668,2
4,415,14,140050,0,2,0,9,0,3412,3669,1
8,813,1,10330,0,1,0,7,0,3413,3670,1
8,807,1,10570,0,1,0,5,0,3414,3671,1
5,539,1,10590,0,2,0,9,0,3415,3672,1
8,824,1,10220,1,1,0,5,0,3416,3673,1
19,1906,14,140060,0,3,2,5,2,3417,3674,1
19,1906,14,140060,0,2,1,6,1,3418,3675,1
8,816,1,10330,0,1,0,5,0,3419,3676,1
19,1905,14,140060,0,2,0,6,0,3420,3677,2
19,1911,14,140060,0,3,0,6,0,3420,3678,1
5,539,1,10590,0,2,0,9,0,3421,3679,2
8,823,9,90520,0,3,0,9,0,3421,3680,1
8,806,1,10520,0,1,0,5,0,3422,3681,1
5,512,3,30010,0,2,1,4,3,3423,3682,1
5,538,1,10600,0,1,1,5,2,3424,3683,1
8,812,1,10570,0,1,0,7,0,3425,3684,1
14,1406,2,20410,0,1,0,7,0,3426,3685,1
14,1406,2,20410,0,2,0,7,0,3427,3686,1
5,507,1,10600,0,1,1,3,2,3428,3687,1
11,1109,13,130020,0,3,0,4,3,3429,3688,1
8,813,1,10330,0,1,0,5,0,3430,3689,1
4,424,14,140050,0,2,0,7,0,3431,3690,1
5,537,1,10050,0,1,0,7,0,3432,3691,1
8,816,1,10330,0,1,0,7,0,3432,3692,2
8,840,1,10330,0,1,0,7,0,3433,3693,1
5,537,1,10050,0,1,0,7,0,3434,3694,1
5,526,1,10090,0,1,0,7,0,3435,3695,1
9,908,10,100130,0,2,0,5,0,3436,3696,1
5,531,1,10120,0,2,0,7,0,3437,3697,1
5,537,1,10050,0,1,0,7,0,3438,3698,1
4,429,14,140050,0,3,0,3,0,3439,3699,1
5,503,2,20410,0,2,1,7,2,3440,3700,1
5,507,1,10600,0,1,0,7,0,3441,3702,1
5,525,4,40040,0,1,0,7,0,3442,3703,1
8,836,1,10600,0,1,0,5,0,3443,3704,1
5,517,2,20410,0,2,0,9,0,3444,3705,1
19,1916,14,140060,0,2,0,7,0,3445,3706,1
8,812,1,10600,0,2,0,7,0,3446,3707,1
4,429,14,140050,0,2,0,7,0,3447,3708,1
8,807,1,10570,0,1,0,7,0,3448,3709,1
2,213,9,90120,0,3,0,5,2,3449,3710,1
5,518,2,20410,0,2,0,7,0,3450,3711,1
5,531,1,10120,0,1,0,7,0,3451,3712,1
5,537,1,10050,0,1,1,3,2,3452,3713,2
5,534,4,40010,0,1,1,3,2,3452,3714,1
5,534,4,40010,0,1,1,3,2,3453,3715,1
5,537,1,10050,0,1,0,5,0,3454,3716,1
18,1817,12,120010,0,2,0,5,0,3454,3717,2
5,508,2,20410,0,1,0,7,0,3455,3718,1
5,508,2,20410,0,1,0,7,0,3456,3719,2
5,534,4,40010,0,1,0,7,0,3456,3720,1
2,213,9,90120,0,1,0,7,0,3457,3721,1
5,541,2,20410,0,0,0,0,1,3458,3722,2
9,911,10,100130,0,2,1,6,1,3458,3723,1
8,808,1,10600,0,1,0,3,0,3459,3724,1
5,537,1,10050,0,2,1,4,3,3460,3725,1
5,531,1,10120,0,2,1,4,3,3460,3726,3
5,530,4,40040,0,2,1,4,3,3460,3727,2
8,824,1,10220,1,2,1,3,2,3461,3728,1
8,813,1,10330,0,1,1,5,2,3462,3729,1
7,709,14,140030,0,2,0,7,0,3463,3730,1
7,709,14,140030,0,1,0,7,0,3464,3731,1
8,804,1,10330,0,1,0,5,0,3465,3732,1
8,804,1,10600,1,1,0,5,0,3466,3733,1
8,830,1,10600,0,1,0,7,0,3467,3734,1
19,1904,8,80070,0,3,1,5,4,3468,3735,1
1,101,2,20150,0,1,1,4,3,3469,3736,1
7,709,14,140030,0,2,0,5,0,3470,3737,1
8,814,1,10330,1,2,0,7,0,3471,3738,1
8,816,1,10330,0,1,0,5,0,3472,3739,1
4,429,14,140050,0,3,0,7,0,3473,3740,1
8,832,1,10570,0,1,0,7,0,3474,3741,2
8,808,1,10600,0,1,0,7,0,3474,3742,1
8,808,1,10600,1,2,0,7,0,3475,3743,1
8,830,3,30010,0,2,0,9,0,3476,3744,1
1,101,2,20150,0,2,0,9,0,3477,3745,1
5,512,3,30010,0,1,1,4,2,3478,3746,1
5,534,4,40010,0,1,1,4,2,3478,3747,2
5,511,2,20410,0,1,1,4,2,3479,3748,2
5,512,3,30010,0,1,1,4,2,3479,3749,1
5,512,3,30010,0,1,1,4,2,3480,3750,2
5,534,4,40010,0,1,1,4,2,3480,3751,1
1,101,2,20150,0,3,0,6,0,3481,3752,1
14,1410,7,70080,0,3,0,7,0,3482,3753,1
14,1414,7,70060,0,2,0,7,0,3483,3754,2
14,1416,7,70120,0,1,0,7,0,3483,3755,1
8,833,1,10600,0,3,0,7,0,3484,3756,1
9,911,10,100130,0,1,0,7,0,3484,3757,2
8,833,1,10600,0,3,0,7,0,3485,3758,1
8,833,1,10600,0,3,0,7,0,3486,3759,1
9,911,10,100130,0,1,0,7,0,3485,3760,2
9,911,10,100130,0,1,0,7,0,3486,3761,2
5,537,1,10050,0,1,0,9,0,3487,3762,3
5,534,4,40010,0,1,0,9,0,3487,3763,2
5,525,4,40040,0,1,0,9,0,3487,3764,1
5,525,4,40040,0,1,0,9,0,3488,3765,1
8,816,1,10330,0,1,0,5,0,3489,3766,1
8,807,1,10570,0,1,0,5,0,3490,3767,1
8,823,9,90330,0,1,2,5,0,3491,3768,1
8,835,1,10220,1,1,0,5,0,3492,3769,1
5,512,3,30020,0,2,0,7,0,3493,3770,1
1,106,2,20150,0,2,0,7,0,3494,3771,1
12,1201,8,80190,0,3,0,9,0,3495,3772,1
5,534,4,40040,0,2,0,9,0,3496,3773,1
4,405,1,10080,0,1,0,9,0,3497,3774,1
5,508,1,10600,0,1,0,7,0,3498,3775,2
5,508,1,10600,0,1,0,7,0,3499,3776,2
5,508,1,10600,0,1,0,7,0,3500,3777,2
5,508,1,10600,0,1,0,7,0,3501,3778,2
5,534,1,10600,0,1,0,7,0,3498,3779,1
5,534,1,10600,0,1,0,7,0,3499,3780,1
5,534,1,10600,0,1,0,7,0,3500,3781,1
5,534,1,10600,0,1,0,7,0,3501,3782,1
5,508,1,10600,0,1,0,7,0,3502,3783,2
9,902,10,100130,0,2,0,7,0,3502,3784,1
9,902,10,100130,0,2,2,4,3,3503,3785,1
5,511,2,20410,0,1,1,4,3,3504,3786,1
4,429,14,140050,0,3,0,5,0,3505,3787,1
12,1201,8,80190,0,3,0,5,0,3506,3788,1
16,1608,14,140080,0,2,0,7,0,3507,3789,1
19,1901,14,140060,0,2,0,7,0,3508,3790,1
5,522,4,40040,0,2,1,6,1,3509,3791,2
5,522,4,40040,0,2,1,6,1,3510,3792,2
5,534,4,40040,0,2,1,6,1,3509,3793,1
5,534,4,40040,0,3,0,6,1,3510,3794,1
5,522,4,40040,0,2,1,6,1,3511,3795,2
5,534,4,40040,0,2,1,6,1,3511,3796,1
8,833,4,40040,0,2,1,6,1,3511,3797,3
5,522,4,40040,1,2,1,6,1,3512,3798,2
5,522,4,40040,0,2,1,6,1,3513,3799,2
5,534,4,40040,1,2,1,6,1,3512,3800,1
5,534,4,40040,0,2,1,6,1,3513,3801,1
7,709,14,140030,0,2,0,5,0,3514,3802,1
8,815,1,10330,0,1,0,5,0,3515,3803,1
5,537,1,10050,0,1,0,7,0,3516,3804,1
5,522,4,40040,0,2,0,7,0,3517,3805,2
5,534,4,40040,0,2,0,7,0,3517,3806,1
5,515,2,20060,0,2,0,7,0,3518,3807,1
5,517,2,20410,0,1,0,7,0,3519,3808,1
8,816,1,10330,0,1,0,5,0,3520,3809,1
7,709,14,140030,0,2,1,3,2,3521,3810,1
5,541,2,20410,0,3,1,5,2,3522,3811,2
5,534,4,40040,0,2,1,5,2,3522,3812,1
7,709,14,140030,0,2,0,5,0,3523,3813,1
4,429,14,140050,0,3,0,5,0,3524,3814,1
4,427,9,90160,0,2,0,7,0,3525,3815,1
11,1109,13,130020,0,3,0,7,0,3526,3816,1
5,522,4,40040,0,1,0,7,0,3527,3817,2
5,534,4,40040,0,1,0,7,0,3527,3818,1
9,911,10,100130,0,2,0,7,0,3528,3819,1
8,824,1,10220,1,1,0,5,0,3529,3820,1
8,807,1,10570,0,1,0,5,0,3530,3821,1
4,420,9,90330,0,1,0,5,0,3531,3822,1
7,715,14,140030,0,3,0,7,0,3532,3823,1
5,537,1,10050,0,1,1,5,2,3533,3824,1
5,536,1,10090,1,2,1,6,1,3534,3825,1
4,420,9,90330,0,2,0,5,0,3535,3826,2
4,420,9,90350,0,2,0,5,0,3535,3827,1
11,1110,13,130020,0,3,0,5,0,3535,3828,3
21,2101,13,130020,0,1,0,7,0,3536,3829,1
8,816,1,10330,1,1,2,7,0,3534,3830,3
8,825,1,10600,0,1,2,7,0,3534,3831,2
5,539,1,10590,0,2,0,9,0,3537,3832,1
18,1802,12,120010,0,1,0,8,0,3538,3833,1
8,824,1,10600,1,1,0,5,0,3539,3834,1
2,210,9,90120,0,3,0,7,0,3540,3835,1
13,1307,9,90500,0,3,0,7,0,3540,3836,2
18,1804,12,120010,0,3,0,7,0,3540,3837,3
5,504,1,10140,0,2,0,7,0,3541,3838,1
5,537,1,10050,0,2,1,4,3,3542,3839,1
8,808,1,10600,0,2,1,5,2,3543,3840,2
8,808,1,10600,0,2,1,5,2,3544,3841,2
8,807,1,10570,0,2,1,5,2,3545,3842,1
5,537,1,10050,0,1,1,6,1,3546,3843,1
19,1906,8,80060,0,2,0,5,0,3547,3844,1
6,604,14,140080,0,3,0,7,0,3548,3845,1
8,807,1,10570,0,2,1,7,0,3543,3846,1
8,807,1,10570,0,2,0,7,0,3544,3847,1
8,807,1,10570,0,2,0,7,0,3549,3848,1
8,807,1,10570,0,2,0,7,0,3550,3849,1
5,535,4,40020,0,1,0,7,0,3551,3850,1
5,508,2,20410,0,1,1,3,4,3552,3851,2
5,501,2,20410,0,1,1,4,3,3552,3852,1
5,508,2,20410,0,1,1,5,2,3553,3853,2
5,508,2,20410,0,1,1,5,2,3554,3854,2
5,508,2,20410,0,2,0,6,1,3555,3855,2
5,501,2,20410,0,1,1,6,1,3553,3856,1
5,501,2,20410,0,1,1,6,1,3554,3857,1
5,501,2,20410,0,2,0,7,0,3555,3858,1
2,210,9,90120,0,2,0,7,0,3555,3859,3
5,517,2,20410,0,3,0,7,0,3556,3860,1
2,210,9,90120,0,0,0,5,4,3557,3861,1
5,526,1,10090,0,1,1,4,3,3558,3862,1
8,838,1,10570,0,1,0,5,0,3559,3863,1
8,820,1,10270,0,1,1,5,4,3560,3864,2
8,807,1,10600,0,1,1,5,4,3560,3865,1
5,512,3,30010,0,1,1,4,3,3561,3866,1
5,512,3,30010,0,1,1,4,3,3562,3867,1
5,522,4,40040,0,1,1,4,3,3562,3868,2
5,512,3,30010,0,1,1,4,3,3563,3869,1
5,522,4,40040,0,1,1,4,3,3563,3870,2
8,824,1,10220,1,2,0,5,0,3564,3871,1
2,207,4,40050,0,3,0,7,0,3561,3872,2
2,207,4,40050,0,3,0,5,4,3565,3873,1
2,212,9,90120,0,3,0,5,4,3565,3874,2
18,1802,12,120010,0,1,1,4,3,3566,3875,1
6,605,14,140080,0,1,1,4,3,3566,3876,2
8,810,1,10570,0,2,0,6,3,3567,3877,2
9,903,10,100130,0,1,1,8,1,3568,3878,1
5,522,4,40040,0,1,0,8,1,3567,3879,1
9,904,10,100130,0,2,0,7,0,3569,3880,1
4,420,9,90330,0,2,0,7,0,3570,3881,1
2,207,4,40050,0,3,0,9,0,3571,3882,1
8,808,1,10600,0,1,0,9,0,3567,3883,3
19,1907,14,140060,0,1,1,5,2,3572,3884,1
14,1411,7,70200,0,2,1,5,2,3573,3885,1
4,415,14,140050,0,1,0,7,0,3574,3886,1
17,1713,8,80320,0,1,0,7,0,3575,3887,1
8,834,1,10330,0,1,0,5,0,3576,3888,1
8,808,4,40040,1,2,1,6,1,3577,3889,3
8,813,1,10330,0,1,0,7,0,3577,3890,2
8,814,1,10330,0,3,0,7,0,3578,3891,3
8,810,1,10570,0,2,0,7,0,3578,3892,2
5,522,4,40040,0,1,0,7,0,3578,3893,1
5,522,4,40040,0,1,0,7,0,3577,3894,1
8,810,1,10570,0,2,0,7,0,3579,3895,1
5,512,3,30010,0,2,0,7,0,3580,3896,1
8,836,4,40010,0,1,0,5,0,3581,3897,1
8,808,4,40010,0,2,0,7,0,3582,3898,1
6,601,14,140080,0,2,0,5,0,3583,3899,1
7,709,14,140030,0,1,0,7,0,3584,3900,1
8,810,1,10570,0,1,1,7,2,3585,3901,1
4,420,9,90340,0,1,2,8,1,3585,3902,2
2,212,9,90120,0,2,0,5,0,3586,3903,1
4,420,9,90340,0,3,0,5,0,3587,3904,3
4,425,14,140050,0,3,0,5,0,3587,3905,1
19,1916,14,140060,0,2,0,5,0,3587,3906,2
8,807,1,10290,0,1,0,5,0,3588,3907,1
19,1901,14,140060,0,2,2,6,1,3589,3908,1
2,211,9,90120,0,3,0,6,1,3590,3909,1
4,432,9,90330,0,2,1,8,1,3591,3910,2
8,825,1,10260,0,1,0,5,0,3592,3911,1
8,807,1,10570,0,1,0,9,0,3591,3912,1
8,816,1,10330,0,1,0,9,0,3593,3913,1
15,1505,5,50010,0,3,0,6,3,3594,3914,1
8,804,1,10220,1,1,1,3,2,3595,3915,1
8,808,1,10600,0,1,0,7,0,3596,3916,1
5,503,4,40040,1,1,0,7,0,3597,3917,1
5,516,4,40040,0,1,1,3,2,3598,3918,1
8,807,1,10570,0,2,1,4,1,3599,3919,1
9,904,10,100130,0,2,1,8,1,3600,3920,1
5,531,1,10120,0,2,0,5,0,3598,3921,2
8,813,1,10330,1,2,0,5,0,3601,3922,1
5,503,4,40040,0,2,0,5,0,3598,3923,3
13,1303,4,40040,0,2,0,7,0,3602,3924,1
8,810,1,10570,1,1,1,4,1,3603,3925,1
4,414,4,40050,0,1,0,5,0,3604,3926,1
8,811,1,10600,0,2,1,6,1,3605,3927,2
5,534,4,40010,0,2,1,6,1,3605,3928,3
9,902,10,100130,0,2,1,6,1,3605,3929,1
8,818,1,10330,0,1,0,5,0,3606,3930,1
18,1817,12,120010,0,2,0,5,0,3607,3931,1
8,807,1,10570,0,2,1,4,3,3608,3932,1
8,810,1,10570,0,1,1,4,1,3609,3933,1
6,601,14,140080,0,1,0,5,0,3610,3934,1
5,529,4,40040,0,1,0,7,0,3611,3935,2
5,534,4,40040,0,1,0,7,0,3611,3936,1
19,1916,14,140060,0,2,0,7,0,3612,3937,1
5,543,2,20010,0,1,1,6,3,3613,3938,1
5,512,3,30010,0,2,0,6,1,3614,3939,1
5,503,2,20410,0,2,0,6,0,3614,3940,2
4,422,14,140050,0,1,0,7,0,3615,3941,1
4,422,14,140050,0,1,0,7,0,3616,3942,1
5,501,2,20410,0,2,0,7,0,3614,3943,3
2,203,9,90120,0,3,0,9,0,3617,3944,1
5,508,2,20410,0,2,0,9,0,3618,3945,1
2,211,9,90120,0,3,0,9,0,3618,3946,2
2,215,7,70070,0,1,0,5,0,3619,3947,1
16,1601,4,40070,0,1,0,7,0,545,3948,1
8,807,1,10360,0,1,0,5,0,546,3949,1
8,810,1,10600,0,2,0,5,0,547,3950,1
8,816,1,10330,0,2,0,5,0,548,3951,1
16,1601,4,40070,0,1,1,5,2,549,3952,1
16,1602,14,140010,0,2,0,5,2,550,3953,1
16,1601,4,40070,0,3,0,5,0,549,3954,2
10,1008,13,130020,0,3,0,5,0,551,3955,1
8,832,1,10560,0,2,0,5,0,552,3956,1
5,511,2,20410,0,1,0,7,0,553,3957,2
5,501,2,20410,0,2,0,7,0,553,3958,1
5,512,3,30020,0,1,0,7,0,553,3959,3
19,1906,14,140060,0,2,0,7,0,554,3960,1
8,832,1,10560,0,1,0,5,0,555,3961,1
1,101,2,20150,0,1,0,5,0,556,3962,1
4,421,9,90250,0,3,0,7,0,557,3963,1
9,904,10,100130,0,2,0,7,0,557,3964,2
9,904,10,100130,0,2,0,7,0,557,3965,3
5,529,4,40040,0,2,1,7,2,558,3966,2
5,534,4,40040,0,3,0,7,2,558,3967,1
5,504,1,10140,0,1,1,4,3,559,3968,2
5,534,4,40040,0,1,1,4,3,559,3969,1
5,504,1,10140,0,1,1,4,3,560,3970,2
5,534,4,40040,0,1,1,4,3,560,3971,1
19,1910,14,140060,0,2,1,6,1,561,3972,1
5,509,1,10100,0,2,1,6,1,562,3973,1
5,521,4,40010,0,1,0,7,0,563,3974,2
9,902,10,100130,0,2,0,7,0,563,3975,1
8,807,1,10380,0,1,0,7,0,564,3976,1
8,807,1,10380,0,1,0,7,0,565,3977,1
5,521,4,40010,0,1,0,7,0,566,3978,2
9,902,10,100130,0,2,0,7,0,566,3979,1
5,539,1,10590,0,1,0,9,0,567,3980,2
5,534,4,40010,0,1,0,9,0,567,3981,1
4,432,9,90320,0,2,0,7,0,568,3982,1
2,211,9,90120,0,2,0,7,0,569,3983,1
5,529,4,40040,0,2,0,7,0,570,3984,2
5,534,4,40040,0,2,0,7,0,570,3985,1
4,409,14,140050,0,2,0,7,0,3620,3986,1
5,541,2,20410,0,1,0,7,0,3621,3987,1
16,1601,4,40070,0,1,0,5,0,3622,3988,1
5,531,1,10120,0,2,0,5,0,3623,3989,1
8,807,1,10570,0,2,0,5,0,3623,3990,2
8,807,1,10600,0,2,0,5,0,3623,3991,3
5,522,4,40040,0,1,1,5,4,3624,3992,2
4,426,9,40010,0,2,0,6,0,3624,3993,3
8,818,1,10330,1,1,0,9,0,3625,3994,1
5,534,4,40010,0,3,0,9,0,3624,3995,1
8,813,1,10330,0,1,0,7,0,3626,3996,1
8,813,1,10330,0,1,0,7,0,3627,3997,1
8,832,1,10560,0,1,0,7,0,3628,3998,1
16,1601,4,40070,0,1,1,4,3,3629,3999,1
8,808,1,10600,0,1,0,5,0,3630,4000,1
8,819,1,10160,0,2,1,7,0,3631,4001,1
8,808,1,10330,1,2,0,5,0,3632,4002,1
5,504,1,10140,0,1,1,6,3,3633,4003,1
5,512,3,30010,0,1,1,6,1,3634,4004,1
5,512,3,30010,0,1,1,6,1,3635,4005,1
6,614,14,140080,0,2,0,7,0,3636,4006,1
18,1811,8,80100,0,2,0,7,0,3637,4007,1
10,1001,8,80070,0,1,0,8,0,3638,4008,1
8,808,1,10600,0,1,0,5,0,3639,4009,1
7,703,8,80070,0,1,0,7,0,3640,4010,1
5,536,1,10090,0,2,0,7,0,3641,4011,1
8,813,1,10330,0,2,0,5,0,3642,4012,1
8,807,1,10380,0,1,0,5,0,3643,4013,1
4,426,9,90310,0,2,0,5,0,3644,4014,1
5,537,1,10050,0,1,0,5,0,3645,4015,1
2,211,9,90120,0,3,0,7,0,3646,4016,1
8,807,1,10570,0,1,0,5,0,3647,4017,1
5,537,1,10050,0,1,0,5,0,3648,4018,1
5,517,2,20410,0,3,0,9,0,3649,4019,1
5,529,1,10190,0,2,1,4,3,3650,4020,1
4,432,9,90330,0,3,0,8,1,3651,4021,3
9,911,10,100130,0,2,1,8,1,3651,4022,2
11,1106,13,130020,0,3,0,5,0,3652,4023,1
4,426,9,90310,0,1,0,7,0,3653,4024,1
8,807,1,10570,0,2,0,7,0,3654,4025,1
9,904,10,100130,0,2,0,9,0,3651,4026,1
4,432,4,40010,0,2,0,9,0,3655,4027,1
11,1106,13,130020,0,3,0,5,0,3656,4028,1
2,210,9,90120,0,3,0,6,1,3657,4029,1
5,529,4,40040,0,2,1,8,1,3658,4030,1
5,529,4,40040,0,2,1,8,1,3659,4031,1
4,429,14,140050,0,3,0,5,0,3660,4032,1
19,1916,14,140060,0,1,0,5,0,3661,4033,1
4,432,4,40010,0,1,0,5,0,3662,4034,1
9,904,10,100130,0,2,0,7,0,3663,4035,1
5,537,1,10060,0,1,1,4,3,3664,4036,1
8,808,1,10600,0,1,0,5,0,3665,4037,1
8,807,1,10570,0,2,0,7,0,3666,4038,1
5,517,2,20410,0,2,0,7,0,3667,4039,1
5,512,3,30200,0,1,0,9,0,3668,4040,1
8,823,9,90520,0,1,0,7,0,3669,4041,1
8,807,1,10570,0,1,0,7,0,3670,4042,1
4,429,9,90110,0,3,0,7,0,3671,4043,1
2,207,4,40050,0,3,0,7,0,3672,4044,1
15,1502,5,50010,0,2,0,5,0,3673,4045,1
5,539,1,10590,0,1,1,6,1,3674,4046,1
5,539,1,10590,0,1,1,6,1,3675,4047,1
8,807,1,10570,0,1,0,5,0,3676,4048,1
5,504,1,10140,0,1,0,9,0,3677,4049,2
5,508,2,20410,0,1,0,9,0,3677,4050,3
5,534,4,40010,0,1,0,9,0,3677,4051,1
8,823,9,90520,0,1,0,9,0,3678,4052,1
5,509,1,10330,0,1,0,5,0,3679,4053,1
5,522,4,40040,0,1,0,9,0,3680,4054,1
5,522,4,40040,0,1,0,9,0,3681,4055,1
5,539,1,10590,0,1,0,6,0,3682,4056,1
8,808,1,10600,0,2,0,5,0,3683,4057,1
8,823,9,90520,0,2,0,4,3,3684,4058,2
5,534,4,40010,0,1,0,4,2,3684,4059,1
2,209,9,90120,0,3,0,5,0,3685,4060,1
1,104,12,120010,0,1,0,7,0,3686,4061,1
5,534,4,40010,0,1,0,5,0,3687,4062,1
8,834,1,10330,0,2,0,7,0,3688,4063,1
5,539,1,10590,0,1,0,7,0,3689,4064,1
19,1907,14,140060,0,2,1,4,3,3690,4065,1
8,808,1,10600,1,1,0,5,0,3691,4066,1
14,1404,14,140030,0,2,0,7,0,3692,4067,1
16,1609,14,140010,0,3,0,5,0,3693,4068,1
6,601,14,140080,0,3,0,7,0,3694,4069,1
14,1403,7,70010,0,2,0,7,0,3695,4070,1
5,522,4,40040,0,1,1,4,3,3696,4071,1
13,1305,13,130020,0,3,0,3,2,3697,4072,1
8,808,1,10600,0,2,0,5,0,3698,4073,1
5,539,1,10590,0,1,0,5,0,3699,4074,1
5,539,1,10590,0,1,0,6,0,3700,4075,1
8,840,1,10330,0,1,0,5,0,3701,4076,2
5,539,1,10590,0,1,0,5,0,3701,4077,1
5,539,1,10590,0,1,0,5,0,3702,4078,1
8,807,1,10450,0,1,1,4,1,3703,4079,1
8,807,1,10450,0,1,1,5,1,3704,4080,1
15,1505,5,50010,0,2,0,5,0,3705,4081,1
11,1110,13,130020,0,3,0,7,0,3706,4082,1
4,432,4,40010,0,1,0,7,0,3707,4083,1
8,808,1,10600,1,1,0,5,0,3708,4084,1
19,1904,14,140060,0,2,0,5,1,3709,4085,1
19,1916,14,140060,0,2,0,6,0,3709,4086,2
5,515,2,20410,0,1,1,5,2,3710,4087,1
2,211,9,90120,0,3,0,5,1,3711,4088,1
6,614,14,140080,0,1,0,4,0,3712,4089,1
7,704,14,140030,0,3,0,4,0,3713,4090,1
9,906,10,100130,0,2,0,8,0,3714,4091,1
8,807,1,10570,0,1,0,6,1,3715,4092,1
5,534,4,40010,0,1,0,7,0,3716,4093,1
5,503,2,20410,0,1,0,7,0,3717,4094,2
5,508,2,20410,0,2,0,7,0,3717,4095,1
5,512,3,30010,0,2,1,4,3,3718,4096,1
8,810,1,10570,1,2,2,6,2,3719,4097,1
8,808,1,10600,0,1,0,4,0,3720,4098,1
8,824,1,10220,1,2,0,5,0,3721,4099,1
8,815,1,10330,0,2,0,7,0,3722,4100,1
14,1406,2,20060,0,1,1,4,3,3723,4101,1
8,833,1,10570,0,1,1,5,2,3724,4102,1
5,527,2,20410,0,2,1,3,1,3725,4103,1
6,614,14,140080,0,1,0,4,0,3726,4104,1
5,534,4,40010,0,1,0,5,0,3727,4105,1
5,522,4,40040,0,1,0,5,0,3727,4106,2
19,1904,9,90100,0,3,0,6,0,3728,4107,1
14,1406,2,20060,0,3,0,6,0,3729,4108,1
5,534,4,40010,0,1,0,7,0,3730,4109,1
4,432,9,90330,0,1,0,5,0,3731,4110,1
4,432,4,40010,0,3,0,8,0,3732,4111,1
7,709,14,140030,0,1,1,4,2,3733,4112,1
7,711,14,140030,0,2,2,5,1,3734,4113,2
19,1906,14,140060,0,2,2,5,1,3734,4114,1
2,213,4,40020,0,3,0,6,1,3735,4115,1
12,1207,8,80350,0,3,0,4,0,3736,4116,1
4,408,14,140050,0,3,0,7,0,3737,4117,1
7,709,14,140030,0,3,0,7,0,3738,4118,1
4,422,14,140050,0,2,0,7,0,3739,4119,1
5,539,1,10590,0,1,0,5,0,3740,4120,1
5,539,1,10590,0,1,0,5,0,3741,4121,1
8,831,1,10600,0,1,0,7,0,3742,4122,1
8,813,1,10330,0,1,0,5,0,3743,4123,1
8,836,1,10600,0,2,0,5,0,3744,4124,1
8,824,1,10220,1,1,0,5,0,3745,4125,1
8,808,1,10600,0,1,0,5,0,3746,4126,1
13,1303,1,10600,0,1,1,4,3,3747,4127,1
5,528,4,40040,0,2,0,5,2,3748,4128,1
5,528,4,40040,0,1,1,5,2,3749,4129,1
5,537,1,10050,0,2,0,5,0,3750,4130,1
5,514,1,10020,0,2,0,6,0,3749,4131,3
5,534,4,40010,0,1,1,6,0,3749,4132,2
6,613,8,80030,0,3,0,7,0,3751,4133,1
5,534,4,40010,0,1,0,7,0,3752,4134,1
4,420,9,90340,0,2,0,7,0,3752,4135,2
5,522,4,40040,0,1,0,7,0,3748,4136,2
5,525,4,40040,0,1,0,7,0,3748,4137,3
7,714,14,140030,0,3,0,7,0,3753,4138,1
4,401,4,40010,0,1,0,7,0,3754,4139,1
5,504,1,10140,0,1,0,7,0,3755,4140,1
8,834,1,10330,0,1,0,5,0,3756,4141,1
4,420,9,90330,0,2,0,6,0,3757,4142,2
11,1110,13,130020,0,3,0,6,0,3757,4143,1
7,702,14,140030,0,3,0,4,2,3758,4144,2
19,1910,14,140060,0,3,0,4,2,3758,4145,1
5,501,2,20410,0,1,1,6,2,3759,4146,1
7,709,14,140030,0,1,2,4,1,3760,4147,1
8,807,1,10570,1,1,1,6,1,3761,4148,1
5,512,3,30010,0,1,1,7,1,3759,4149,2
8,813,1,10330,1,2,0,4,0,3762,4150,1
4,432,4,40010,1,3,0,4,0,3762,4151,2
7,709,14,140030,0,2,0,5,0,3763,4152,1
19,1904,14,140060,0,2,0,5,0,3764,4153,1
19,1906,14,140060,0,2,0,6,0,3765,4154,1
5,537,1,10050,0,2,0,6,0,3766,4155,1
16,1608,14,140080,0,3,0,7,0,3767,4156,1
8,824,1,10220,1,2,1,5,2,3768,4157,1
8,808,1,10600,0,1,0,5,0,3769,4158,1
8,810,1,10570,0,1,0,7,0,3770,4159,1
8,824,1,10220,1,1,1,4,1,3771,4160,1
8,824,1,10200,1,1,0,5,0,3772,4161,1
8,815,1,10330,0,1,0,7,0,3773,4162,1
14,1406,2,20410,0,1,2,4,3,3774,4163,1
2,215,9,90120,0,3,0,4,3,3774,4164,2
8,813,1,10330,1,2,1,3,2,3775,4165,1
13,1304,13,130020,0,1,2,5,2,3776,4166,1
2,211,9,90120,0,1,0,5,0,3777,4167,1
2,212,9,90120,0,2,0,6,0,3778,4168,1
17,1707,8,80110,0,2,0,7,0,3779,4169,1
8,813,1,10330,0,1,0,7,0,3780,4170,1
5,534,1,10570,0,1,0,7,0,3781,4171,2
8,807,1,10570,0,1,0,7,0,3781,4172,1
5,525,4,40040,0,1,0,7,0,3781,4173,3
8,808,1,10600,0,2,0,7,0,3782,4174,1
8,807,1,10380,0,1,0,7,0,3783,4175,1
5,518,2,20410,0,2,0,7,0,3784,4176,1
8,807,1,10570,0,1,0,9,0,3785,4177,1
4,429,14,140050,0,2,0,5,0,3786,4178,1
5,534,4,40010,0,3,0,7,0,3787,4179,1
18,1805,12,120010,0,2,0,5,0,3788,4180,1
17,1716,2,20190,0,1,1,5,4,3789,4181,1
6,605,14,140080,0,1,0,5,0,3790,4182,1
4,413,4,40060,0,2,0,5,0,3791,4183,1
5,531,1,10120,0,1,0,7,0,3792,4184,1
5,534,4,40010,0,1,0,7,0,3792,4185,2
11,1111,13,130020,0,3,0,7,0,3793,4186,1
2,211,9,90120,0,3,0,7,0,3794,4187,1
2,215,9,90120,0,3,0,7,0,3794,4188,2
5,539,1,10590,0,1,0,7,0,3795,4189,1
8,836,1,10600,0,1,0,5,0,3796,4190,1
5,537,1,10050,0,1,0,5,0,3797,4191,1
8,807,1,10450,0,1,1,3,2,3798,4192,1
8,807,1,10450,1,1,0,5,0,3799,4193,1
8,807,1,10450,0,1,0,7,0,3800,4194,1
19,1916,14,140060,0,1,0,5,0,3801,4195,1
5,537,1,10050,0,2,0,7,0,3802,4196,1
4,420,9,90330,0,3,0,7,0,3802,4197,2
5,534,4,40040,0,1,0,7,0,3803,4198,1
5,531,1,10120,0,1,0,7,0,3804,4199,1
19,1905,14,140060,0,2,1,6,1,3805,4200,1
8,813,1,10330,0,1,0,5,0,3806,4201,1
5,539,1,10590,0,1,0,5,0,3807,4202,1
2,210,7,70010,0,3,0,7,0,3808,4203,1
8,807,1,10440,0,1,1,3,2,3809,4204,1
5,515,2,20410,0,2,1,8,1,3810,4205,1
2,215,9,90120,0,3,0,8,1,3810,4206,2
2,210,7,70010,0,2,0,5,0,3811,4207,1
8,833,1,10560,0,1,0,7,0,3812,4208,1
5,543,2,20010,0,2,0,9,0,3813,4209,1
5,539,1,10590,0,1,0,7,0,3814,4210,1
7,720,14,140030,0,3,0,9,0,3815,4211,1
9,902,10,100130,0,2,0,9,0,3815,4212,2
8,807,1,10570,0,1,0,9,0,3816,4213,1
4,420,9,90330,0,2,0,5,0,3817,4214,1
8,808,1,10600,0,1,0,7,0,3818,4215,1
8,816,1,10330,1,1,1,4,1,3819,4216,1
8,807,1,10570,0,2,0,5,0,3820,4217,1
8,808,1,10600,1,2,1,4,1,3821,4218,1
8,835,1,10220,1,2,1,6,0,3822,4219,1
5,518,2,20410,0,1,0,7,0,3823,4220,1
5,537,1,10050,0,1,0,7,0,3824,4221,1
14,1410,7,70080,0,1,1,6,1,3825,4222,1
3,305,1,10480,0,2,0,5,0,3826,4223,1
2,215,7,70200,0,2,0,7,0,3827,4224,1
8,812,1,10380,0,1,1,6,1,3828,4225,1
18,1811,8,80100,0,1,0,5,0,3829,4226,1
5,536,1,10090,0,2,1,4,1,3830,4227,1
5,537,1,10050,0,1,0,7,0,3831,4228,2
5,508,1,10600,0,1,0,7,0,3831,4229,3
5,534,4,40010,0,1,0,7,0,3831,4230,1
5,539,1,10590,0,1,0,7,0,3832,4231,1
5,539,1,10590,0,1,0,7,0,3833,4232,1
5,539,1,10590,0,1,0,9,0,3834,4233,1
5,534,4,40010,0,1,0,9,0,3834,4234,2
8,807,1,10570,0,2,1,3,2,3835,4235,1
8,808,1,10600,0,3,0,3,2,3836,4236,1
5,508,2,20410,0,1,0,7,2,3837,4237,3
5,512,3,30010,0,1,0,7,2,3837,4238,2
5,543,2,20010,0,1,0,7,0,3837,4239,1
4,422,14,140050,0,2,0,7,0,3838,4240,1
5,512,3,30010,0,2,0,9,0,3839,4241,1
8,808,1,10600,1,1,1,4,3,3840,4242,1
5,534,4,40010,1,2,1,7,2,3841,4243,1
5,534,4,40010,0,1,0,5,0,3842,4244,1
19,1910,14,140060,0,1,0,7,0,3843,4245,1
5,534,4,40010,0,1,0,9,0,3844,4246,1
8,807,1,10570,1,1,0,9,0,3845,4247,1
5,504,1,10140,0,1,1,5,4,3846,4248,3
5,508,2,20410,0,1,1,5,4,3846,4249,2
5,534,4,40010,0,1,1,5,4,3846,4250,1
9,903,10,100130,0,2,1,4,3,3847,4251,1
9,906,10,100130,0,2,1,4,3,3847,4252,2
6,602,8,80030,0,3,0,6,3,3848,4253,1
19,1910,14,140060,0,3,0,7,0,3849,4254,1
5,537,1,10050,0,1,0,7,0,3850,4255,1
5,537,1,10050,0,1,0,7,0,3851,4256,1
8,807,1,10570,1,1,0,9,0,3852,4257,1
5,537,1,10050,0,3,0,9,0,3853,4258,1
9,902,10,100130,0,2,0,9,0,3854,4259,1
4,429,14,140050,0,3,0,9,0,3855,4260,1
8,840,1,10330,0,2,0,7,0,3856,4261,1
8,807,1,10570,0,1,0,5,0,3857,4262,1
8,836,1,10600,0,1,2,3,2,3858,4263,1
8,816,1,10330,0,1,0,5,0,3859,4264,1
5,539,1,10590,0,1,0,5,0,3860,4265,1
4,401,4,40010,0,1,0,5,0,3861,4266,1
8,807,1,10450,0,1,1,4,3,3862,4267,1
5,537,1,10050,0,1,1,4,1,3863,4268,1
8,808,1,10600,0,1,0,5,0,3864,4269,1
8,807,1,10440,0,1,1,6,3,3865,4270,1
5,512,3,30010,0,1,2,5,2,3866,4271,3
5,534,4,40010,0,1,1,5,2,3866,4272,1
8,815,1,10330,0,1,2,5,2,3867,4273,1
5,513,3,30160,0,1,1,7,2,3868,4274,1
2,215,7,70200,0,3,0,4,1,3869,4275,1
8,814,1,10330,1,2,1,8,1,3870,4276,1
10,1002,8,80070,0,2,0,7,0,3871,4277,1
5,513,3,30160,0,1,2,7,0,3866,4278,2
5,513,3,30010,0,1,0,7,0,3872,4279,2
11,1105,13,130020,0,3,0,7,0,3872,4280,1
11,1105,13,130020,0,3,0,7,0,3872,4281,3
5,537,1,10050,0,2,0,9,0,3873,4282,1
19,1906,14,140060,0,2,0,7,0,3874,4283,1
8,834,1,10600,0,1,0,9,0,3875,4284,1
5,539,1,10590,0,1,0,5,0,3876,4285,1
5,539,1,10590,0,1,0,5,0,3877,4286,1
18,1805,12,120010,0,1,0,7,0,3878,4287,1
4,420,9,90330,0,2,0,7,0,3879,4288,1
8,808,1,10330,0,2,0,7,0,3880,4289,1
8,823,9,90340,0,2,0,7,0,3880,4290,2
9,911,10,100130,0,2,0,9,0,3881,4291,1
5,522,4,40040,0,1,0,9,0,3882,4292,2
5,534,4,40040,0,1,0,9,0,3882,4293,1
5,522,4,40010,0,1,0,9,0,3883,4294,2
5,534,4,40010,0,1,0,9,0,3883,4295,1
8,816,1,10330,0,1,1,3,2,3884,4296,1
13,1303,1,10600,0,1,0,9,0,3885,4297,1
8,836,1,10600,0,1,0,7,0,3886,4298,1
8,840,1,10330,0,1,0,7,0,3887,4299,2
8,813,1,10330,0,2,0,7,0,3887,4300,1
8,808,1,10600,0,1,2,5,4,3888,4301,2
5,508,2,20410,0,1,1,7,2,3889,4302,2
18,1805,12,120010,0,2,1,7,2,3889,4303,1
8,808,1,10600,0,2,1,6,1,3890,4304,1
8,813,1,10330,0,2,0,7,0,3891,4305,1
5,538,1,10600,0,1,2,9,0,3888,4306,3
5,522,4,40040,1,1,2,9,0,3888,4307,1
8,807,1,10570,1,2,0,9,0,3892,4308,1
8,810,1,10570,1,2,1,5,3,3893,4309,1
5,537,1,10050,0,1,0,9,0,3894,4310,1
9,911,1,10050,0,1,0,9,0,3894,4311,2
4,409,14,140050,0,1,1,5,4,3895,4312,1
8,816,1,10330,1,2,0,7,0,3896,4313,1
19,1904,8,80070,0,2,0,9,0,3897,4314,1
8,835,1,10220,1,1,0,5,0,3898,4315,1
5,534,4,40010,0,1,0,9,0,3899,4316,1
8,817,1,10330,0,1,0,5,0,3900,4317,1
8,824,1,10220,1,1,0,5,0,3901,4318,1
19,1914,8,80070,0,1,0,7,0,3902,4319,1
2,212,9,90120,0,1,1,5,4,3903,4320,1
8,823,4,40060,0,1,1,5,2,3904,4321,1
2,213,4,40020,0,2,0,9,0,3905,4322,1
17,1704,8,80130,0,2,0,9,0,3906,4323,1
4,415,14,140050,0,2,0,9,0,3907,4324,1
8,807,1,10600,0,2,0,5,0,3908,4325,1
8,814,1,10330,0,1,0,9,0,3909,4326,1
19,1904,8,80070,0,2,1,4,3,3910,4327,1
5,534,4,40010,0,2,1,4,3,3911,4328,1
19,1914,8,80060,0,1,0,6,1,3912,4329,2
19,1906,8,80060,0,2,1,6,1,3912,4330,1
19,1914,8,80060,0,1,0,6,0,3913,4331,2
19,1906,8,80060,0,2,0,7,0,3913,4332,1
4,404,13,130020,0,1,0,7,0,3914,4333,2
7,707,14,140030,0,1,0,7,0,3914,4334,1
8,812,1,10570,0,2,1,4,3,3915,4335,1
5,534,4,40010,0,1,0,7,0,3915,4336,2
8,808,1,10600,0,2,1,5,4,3916,4337,1
8,808,1,10600,0,1,1,4,3,3917,4338,1
19,1914,8,80070,0,2,1,5,2,3918,4339,1
8,834,1,10600,0,1,0,9,0,3919,4340,1
9,904,10,100130,0,2,0,9,0,3920,4341,1
8,813,1,10330,0,2,0,5,0,3921,4342,1
11,1110,13,130020,0,3,0,7,0,3922,4343,1
8,834,1,10330,0,1,0,9,0,3923,4344,1
12,1201,8,80190,0,3,0,7,0,3924,4345,1
8,810,1,10600,0,1,0,7,0,3925,4346,1
18,1814,14,140010,0,3,0,3,2,3926,4347,1
2,211,10,100130,0,3,0,7,2,3927,4348,2
9,915,10,100130,0,1,1,8,1,3927,4349,1
7,714,13,130020,0,2,0,5,0,3928,4350,1
11,1105,13,130020,0,2,0,7,0,3929,4351,1
8,814,1,10330,0,1,0,9,0,3930,4352,1
5,526,1,10330,0,1,1,5,4,3931,4353,1
1,101,2,20150,0,1,0,7,0,3932,4354,1
8,824,1,10220,1,1,0,7,0,3933,4355,1
8,819,1,10360,1,1,0,7,0,3933,4356,2
4,415,13,130020,0,1,1,4,3,3934,4357,1
18,1805,12,120010,0,1,0,5,0,3935,4358,1
8,808,1,10600,0,2,0,5,0,3936,4359,1
14,1408,7,70200,0,3,0,5,2,3937,4360,1
4,432,9,90120,0,1,0,7,0,3938,4361,1
8,838,1,10570,0,1,0,7,0,3939,4362,1
5,536,1,10090,0,1,0,9,0,3940,4363,1
8,814,1,10330,1,1,0,9,0,3941,4364,1
8,812,1,10380,0,1,0,9,0,3942,4365,1
5,537,1,10050,0,1,0,5,0,3943,4366,1
8,824,1,10220,1,1,0,5,0,3944,4367,1
18,1812,8,80100,0,2,0,7,0,3945,4368,1
7,709,14,140030,0,1,0,7,0,3946,4369,1
8,808,1,10600,0,3,0,7,0,3947,4370,1
2,215,9,90120,0,3,0,7,0,3948,4371,1
14,1406,2,20410,0,2,0,9,0,3949,4372,1
8,810,1,10570,0,2,0,9,0,3950,4373,1
5,537,1,10050,0,1,0,9,0,3951,4374,1
8,836,1,10600,0,1,1,4,3,3952,4375,1
20,2009,14,140070,0,3,0,7,0,3953,4376,1
6,602,8,80030,0,2,0,7,0,3954,4377,1
8,812,1,10570,0,1,0,9,0,3955,4378,1
8,838,1,10570,0,1,0,9,0,3956,4379,1
5,533,2,20410,0,2,0,7,0,3957,4380,1
8,842,1,10010,0,1,0,7,0,3958,4381,1
8,838,1,10570,0,2,0,7,0,3959,4382,1
8,833,1,10600,0,1,0,9,0,3960,4383,1
5,531,1,10120,0,2,1,5,4,3961,4384,1
5,509,1,10330,0,2,1,5,3,3961,4385,2
5,531,1,10120,0,2,1,7,2,3962,4386,1
5,509,1,10330,0,2,1,7,2,3963,4387,2
5,531,1,10120,0,2,1,8,1,3963,4388,1
5,531,1,10120,0,2,1,8,1,3964,4389,1
5,509,1,10330,0,2,1,7,2,3964,4390,2
5,531,1,10120,0,1,1,8,1,3965,4391,1
5,531,1,10120,0,2,0,7,0,3966,4392,1
5,509,1,10330,0,2,0,7,0,3966,4393,2
5,509,1,10330,0,1,1,8,0,3962,4394,2
8,828,13,130020,1,2,1,5,4,3967,4395,1
10,1001,8,80060,0,2,1,4,3,3968,4396,1
8,810,1,10570,0,2,1,6,3,3969,4397,1
8,834,1,10330,0,2,0,5,0,3970,4398,1
18,1811,8,80100,0,3,0,7,0,3971,4399,1
18,1811,8,80100,0,3,0,7,0,3972,4400,1
18,1811,8,80100,0,3,0,7,0,3973,4401,1
5,537,1,10050,0,2,0,7,0,3974,4402,1
5,509,1,10330,0,2,0,7,0,3974,4403,2
5,514,1,10020,0,1,0,7,0,3975,4404,1
8,824,1,10220,1,1,0,7,0,3976,4405,1
8,824,1,10220,1,2,1,6,1,3977,4406,1
8,824,1,10220,1,2,1,4,3,3978,4407,1
8,804,1,10220,1,2,1,5,2,3979,4408,1
14,1410,7,70080,0,3,0,7,0,3980,4409,1
11,1105,13,130020,0,3,0,9,0,3981,4410,1
5,508,2,20410,0,1,0,9,0,3982,4411,1
5,504,1,10140,0,1,0,9,0,3983,4412,1
9,912,10,100130,0,3,0,9,0,3984,4413,1
8,817,1,10200,0,2,0,7,0,3985,4414,1
8,836,4,40010,0,1,0,5,0,3986,4415,1
5,534,2,20410,0,2,1,5,4,3987,4416,1
8,816,1,10330,0,1,0,7,0,3988,4417,1
8,810,1,10570,1,1,0,9,0,3989,4418,1
5,537,1,10050,0,1,0,5,0,3990,4419,1
18,1811,8,80100,0,2,0,7,0,3991,4420,1
8,830,3,30010,0,2,1,6,3,3992,4421,1
8,830,1,10600,0,1,0,9,0,3993,4422,1
5,522,4,40040,0,1,0,9,0,3994,4423,2
8,823,9,90520,0,3,0,9,0,3994,4424,1
5,541,2,20410,0,3,0,7,0,3995,4425,1
5,534,4,40010,0,1,0,7,0,3996,4426,1
4,403,14,140060,0,1,0,7,0,3997,4427,1
7,709,14,140030,0,1,0,7,0,3998,4428,1
17,1706,13,130020,0,3,0,7,0,3999,4429,1
8,808,1,10600,0,1,0,7,0,4000,4430,1
17,1710,8,80110,0,1,0,9,0,4001,4431,1
2,210,9,90120,0,3,2,5,4,4002,4432,1
19,1914,8,80060,0,1,0,7,0,4003,4433,1
19,1907,8,80060,0,2,0,7,0,4004,4434,1
5,539,1,10590,0,1,1,4,3,4005,4435,1
4,406,9,90100,0,3,0,8,1,4006,4436,3
8,808,1,10600,0,2,1,8,1,4007,4437,1
2,215,7,70200,0,2,2,8,1,571,4438,1
8,824,1,10220,1,1,0,5,0,572,4439,1
5,513,3,30160,0,2,0,9,0,4006,4440,2
5,534,4,40010,0,2,0,9,0,4006,4441,1
8,838,1,10570,0,1,0,9,0,573,4442,1
8,812,1,10570,1,1,0,9,0,574,4443,1
5,536,1,10090,0,1,0,9,0,575,4444,1
5,503,2,20410,0,2,0,7,0,576,4445,1
8,815,1,10330,0,1,0,9,0,577,4446,1
4,432,4,40010,0,1,0,5,0,578,4447,1
8,824,1,10220,1,2,0,9,0,579,4448,1
8,810,1,10570,1,2,1,5,4,580,4449,1
8,836,4,40010,0,1,1,3,2,581,4450,1
3,303,2,20260,0,2,0,7,0,582,4451,1
16,1604,14,140010,0,3,0,7,0,583,4452,1
8,819,1,10160,0,1,0,7,0,584,4453,1
8,819,1,10160,0,1,0,9,0,585,4454,1
8,808,1,10600,0,1,0,9,0,586,4455,1
8,808,1,10600,0,1,0,9,0,587,4456,1
8,838,1,10570,0,2,1,5,4,588,4457,1
8,816,1,10330,0,2,1,8,1,589,4458,1
8,832,1,10560,0,1,0,9,0,590,4459,1
8,836,1,10570,0,2,1,5,2,591,4460,1
8,834,1,10330,0,1,0,9,0,592,4461,1
8,812,1,10570,0,1,1,5,4,593,4462,1
5,536,1,10090,0,2,0,9,0,594,4463,1
8,823,9,90520,0,3,0,5,0,595,4464,1
5,537,1,10050,0,1,0,9,0,596,4465,2
5,526,1,10090,0,1,0,9,0,596,4466,1
8,808,1,10600,0,1,0,9,0,597,4467,1
7,715,14,140030,0,3,0,7,0,598,4468,1
5,503,2,20410,0,1,0,9,0,599,4469,1
5,537,1,10050,0,1,1,6,1,600,4470,1
5,531,1,10120,0,2,1,8,1,601,4471,1
8,816,1,10330,1,1,0,5,0,602,4472,1
8,823,9,90520,0,2,0,9,0,603,4473,1
5,512,3,30020,0,1,0,8,0,604,4474,1
5,508,2,20410,0,1,1,5,4,605,4475,1
5,503,2,20410,0,2,1,5,4,606,4476,2
5,508,2,20410,0,2,1,5,4,606,4477,1
5,508,2,20410,0,1,1,5,2,607,4478,1
8,824,1,10220,1,1,0,5,0,608,4479,1
8,815,1,10330,0,1,0,8,0,609,4480,1
8,834,1,10600,0,2,1,5,1,610,4481,1
5,525,4,40010,0,2,0,5,0,611,4482,1
8,824,1,10220,1,1,1,5,2,612,4483,1
2,211,9,90120,0,3,0,6,3,613,4484,1
20,2008,14,140070,0,3,0,5,0,614,4485,1
8,813,1,10330,0,2,0,7,0,615,4486,1
18,1810,12,120010,0,2,0,7,0,616,4487,1
2,216,9,90120,0,3,0,7,0,617,4488,1
2,210,9,90120,0,3,0,9,0,618,4489,1
8,810,1,10570,1,1,0,9,0,619,4490,1
14,1416,7,70210,0,3,0,4,3,620,4491,1
14,1416,7,70210,0,2,0,7,0,621,4492,1
5,539,1,10590,0,2,1,3,2,4008,4493,1
2,211,9,90120,0,1,0,7,0,4009,4494,1
19,1917,3,30030,0,3,0,7,0,4010,4495,1
19,1904,8,80070,0,2,0,7,0,4010,4496,2
8,832,1,10560,0,2,0,7,0,4011,4497,1
5,534,4,40010,0,2,0,9,0,4012,4498,1
8,810,1,10570,1,2,0,9,0,4013,4499,1
5,534,4,40010,0,3,0,5,4,4014,4500,1
11,1110,13,130020,0,3,0,4,3,4015,4501,1
18,1805,12,120010,0,1,1,3,2,4016,4502,1
8,810,1,10570,0,1,1,3,2,4017,4503,1
19,1917,3,30030,0,3,0,7,0,4018,4504,1
7,709,14,140030,0,2,0,7,0,4019,4505,1
5,512,3,30020,0,3,0,9,0,4020,4506,1
8,806,1,10520,0,1,0,9,0,4021,4507,1
7,708,14,140030,0,2,0,5,0,4022,4508,1
9,908,10,100130,0,2,1,5,4,4023,4509,1
3,304,2,20310,0,1,1,4,3,4024,4510,1
19,1914,8,80070,1,1,0,6,1,4025,4511,1
7,715,14,140030,1,1,0,6,1,4025,4512,2
16,1604,14,140010,0,3,0,5,0,4026,4513,1
6,614,13,130020,0,3,0,7,0,4027,4514,1
8,813,1,10330,1,1,0,7,0,4028,4515,1
5,501,2,20410,0,1,0,9,0,4029,4516,1
5,515,2,20410,0,1,0,9,0,4030,4517,1
5,537,1,10050,0,1,0,7,0,4031,4518,1
8,836,1,10600,0,2,1,8,1,4032,4519,1
8,814,1,10330,0,2,0,9,0,4033,4520,1
8,817,1,10330,0,2,0,9,0,4033,4521,2
8,836,1,10330,0,2,0,9,0,4033,4522,3
8,836,1,10600,0,1,0,9,0,4034,4523,1
8,824,1,10220,1,1,0,5,0,4035,4524,1
5,539,1,10590,0,1,0,5,0,4036,4525,1
8,808,4,40040,1,1,1,3,2,4037,4526,1
8,808,1,10600,0,2,1,4,1,4038,4527,1
8,819,1,10160,0,2,1,6,1,4039,4528,1
8,806,1,10520,0,2,1,8,1,4040,4529,1
8,810,1,10570,0,1,1,8,1,4041,4530,1
8,824,1,10220,1,2,0,7,0,4042,4531,1
8,812,1,10570,0,2,0,9,0,4043,4532,1
5,526,1,10090,0,1,0,9,0,4044,4533,1
8,832,1,10560,0,1,0,9,0,4045,4534,1
8,823,9,90520,0,2,1,8,1,4046,4535,1
9,902,9,90520,0,1,1,5,4,4047,4536,1
8,819,1,10160,0,1,1,6,3,4048,4537,1
2,207,4,40050,0,3,0,6,1,4049,4538,1
8,819,1,10160,0,1,0,7,0,4050,4539,2
8,823,9,90340,0,3,0,7,0,4050,4540,1
1,102,2,20150,0,3,0,7,0,4051,4541,1
11,1105,13,130020,0,3,0,9,0,4052,4542,1
8,830,1,10600,0,1,0,9,0,4053,4543,2
4,423,9,90130,0,3,0,9,0,4053,4544,3
8,823,9,90520,0,1,0,9,0,4053,4545,1
19,1906,14,140060,0,2,1,5,2,4054,4546,1
4,423,9,90130,0,3,0,6,0,4055,4547,1
15,1501,5,50040,0,1,0,7,0,4056,4548,1
8,810,1,10570,1,2,1,3,2,4057,4549,1
5,537,1,10050,0,1,0,7,0,4058,4550,1
5,537,1,10050,0,1,0,5,0,4059,4551,1
5,537,1,10050,0,1,0,9,0,4060,4552,1
8,832,1,10560,0,1,0,9,0,4061,4553,1
18,1810,12,120010,0,2,0,7,0,4062,4554,1
5,509,1,10330,0,1,1,7,2,4063,4555,1
7,709,14,140030,0,3,0,5,0,4064,4556,1
5,537,1,10050,0,1,0,9,0,4065,4557,1
16,1608,14,140080,0,3,0,7,0,4066,4558,1
8,840,1,10330,0,2,0,7,0,4067,4559,1
14,1403,7,70010,0,2,1,4,3,4068,4560,2
2,211,9,90120,0,3,0,4,3,4068,4561,1
18,1805,12,120010,0,1,0,7,0,4069,4562,1
18,1802,12,120010,0,1,0,7,0,4070,4563,1
6,602,8,80030,0,3,0,7,0,4071,4564,1
9,901,10,100130,0,1,0,9,0,4072,4565,1
5,529,4,40040,0,1,0,9,0,4073,4566,1
8,824,1,10220,1,2,0,5,0,4074,4567,1
5,509,1,10430,0,1,0,5,0,4075,4568,1
13,1303,1,10570,0,1,0,9,0,4076,4569,1
13,1303,1,10570,0,1,0,9,0,4077,4570,1
13,1303,1,10570,0,1,0,9,0,4078,4571,1
13,1303,1,10570,0,1,0,9,0,4079,4572,1
5,515,2,20130,0,1,1,7,2,4080,4573,1
8,816,1,10330,0,2,1,6,1,4081,4574,1
5,509,1,10330,0,2,1,6,1,4082,4575,1
8,810,1,10570,1,2,1,8,1,4083,4576,1
8,834,1,10600,0,1,0,5,0,4084,4577,1
5,534,1,10600,0,3,0,7,0,4085,4578,2
8,836,1,10600,0,3,0,7,0,4085,4579,1
8,810,1,10570,1,1,0,9,0,4086,4580,1
8,810,1,10570,0,2,0,9,0,4087,4581,1
8,832,1,10560,0,1,0,9,0,4088,4582,1
4,416,14,140050,0,3,0,7,0,4089,4583,1
5,537,1,10050,0,1,0,5,0,4090,4584,1
13,1303,1,10600,0,1,0,5,0,4091,4585,1
1,105,2,20150,0,1,0,7,0,4092,4586,1
5,512,3,30010,0,2,0,9,0,4093,4587,1
2,215,9,90120,0,3,0,9,0,4093,4588,2
5,514,1,10020,0,1,0,5,0,4094,4589,1
6,602,8,80030,0,3,0,3,2,4095,4590,1
6,613,14,140080,0,3,0,5,0,4096,4591,1
1,101,2,20150,0,1,0,9,0,4097,4592,1
8,810,1,10220,1,2,0,5,0,4098,4593,1
8,810,1,10570,1,2,0,5,0,4099,4594,1
11,1105,13,130020,0,3,0,5,0,4100,4595,1
14,1406,2,20140,0,1,0,9,0,4101,4596,1
11,1105,13,130020,0,3,0,9,0,4102,4597,1
18,1802,12,120010,0,1,0,6,0,4103,4598,1
8,816,1,10330,0,1,0,5,0,4104,4599,1
8,824,1,10220,1,2,0,5,0,4105,4600,1
8,824,1,10220,1,1,0,9,0,4106,4601,1
8,810,1,10570,1,1,0,7,0,4107,4602,1
8,812,1,10570,0,1,1,5,2,4108,4603,1
8,810,1,10570,1,2,0,5,0,4109,4604,1
8,810,1,10570,1,2,0,5,0,4110,4605,1
5,501,2,20410,0,1,0,9,0,4111,4606,1
5,514,1,10020,0,1,0,9,0,4112,4607,1
8,829,1,10030,0,2,0,7,0,4113,4608,1
5,539,1,10590,0,1,0,7,0,4114,4609,1
5,537,1,10050,0,1,0,5,0,4115,4610,1
5,537,1,10060,0,1,0,5,0,4116,4611,1
8,816,1,10330,0,2,1,4,3,4117,4612,1
14,1415,7,70200,0,1,2,5,2,4118,4613,1
7,708,14,140030,0,3,0,7,0,4119,4614,1
14,1416,7,70120,0,1,0,7,0,4120,4615,1
8,824,1,10220,1,2,0,7,0,4121,4616,1
5,537,1,10050,0,2,0,5,0,4122,4617,1
8,816,1,10330,1,1,0,5,0,4123,4618,1
5,509,1,10330,0,1,1,8,1,4124,4619,1
14,1416,7,70120,0,2,0,9,0,4125,4620,1
1,101,2,20150,0,1,1,7,2,4126,4621,1
1,101,2,20150,0,1,1,7,2,4127,4622,1
1,101,2,20150,0,2,1,8,1,4128,4623,1
11,1110,13,130020,0,3,0,5,0,4129,4624,1
18,1812,8,80100,0,2,0,9,0,4130,4625,1
4,415,14,140050,0,1,0,9,0,4131,4626,1
19,1907,8,80070,0,3,0,9,0,4132,4627,1
1,101,2,20150,0,1,0,9,0,4133,4628,1
5,543,13,130020,0,1,0,9,0,4134,4629,1
18,1811,8,80100,0,3,0,7,0,4135,4630,1
15,1501,5,50040,0,2,0,9,0,4136,4631,1
8,819,1,10160,0,3,0,6,1,4137,4632,1
5,537,1,10050,0,1,1,3,2,4138,4633,1
8,824,1,10220,1,1,1,7,2,4139,4634,1
5,537,1,10050,0,1,0,7,0,4140,4635,1
19,1904,8,80070,0,3,0,9,0,4141,4636,1
4,411,14,140040,0,3,0,9,0,4142,4637,1
5,515,2,20410,0,1,0,9,0,4142,4638,3
4,404,13,130020,0,3,0,9,0,4142,4639,2
1,101,2,20150,0,2,0,9,0,4143,4640,1
1,101,2,20150,0,3,0,9,0,4144,4641,1
2,207,4,40050,0,1,0,9,0,4145,4642,1
4,402,14,140050,0,1,0,9,0,4146,4643,1
8,810,1,10570,1,1,0,5,0,4147,4644,1
8,812,1,10570,0,2,0,9,0,4148,4645,1
5,509,1,10330,0,1,0,5,0,4149,4646,1
8,810,1,10570,1,1,0,5,0,4150,4647,1
16,1608,14,140080,0,2,1,4,3,4151,4648,1
8,834,1,10330,0,1,0,5,0,4152,4649,1
19,1901,14,140060,0,2,0,7,0,4153,4650,1
6,612,13,130020,0,3,0,7,0,4154,4651,1
5,515,2,20410,0,2,0,9,0,4155,4652,1
8,819,1,10160,0,1,0,9,0,4156,4653,1
4,431,9,90500,0,2,0,9,0,4157,4654,1
5,522,4,40040,0,1,0,9,0,4158,4655,1
5,529,4,40040,0,1,0,5,0,4159,4656,1
8,808,4,40040,0,1,0,5,0,4160,4657,1
5,531,1,10120,0,2,0,5,0,4161,4658,1
19,1906,8,80060,0,2,0,7,0,4162,4659,1
2,203,9,90120,0,1,1,5,2,4163,4660,1
8,812,1,10570,0,1,1,5,2,4164,4661,1
6,601,8,80070,0,2,1,7,2,4165,4662,1
5,513,3,30160,0,1,1,7,2,4166,4663,1
8,813,1,10330,0,1,0,9,0,4167,4664,1
2,208,9,90120,0,1,0,9,0,4168,4665,1
8,815,1,10330,0,1,1,6,3,4169,4666,1
8,840,1,10330,0,1,0,5,0,4170,4667,1
8,831,1,10600,0,1,0,5,0,4171,4668,1
8,816,1,10330,0,1,1,7,2,4172,4669,1
8,812,1,10570,1,2,0,7,0,4173,4670,1
6,614,8,80160,0,3,0,7,0,4174,4671,1
8,836,1,10600,0,2,0,7,0,4175,4672,1
8,823,9,90340,0,1,0,4,3,4176,4673,1
8,808,1,10600,0,1,0,5,0,4177,4674,1
16,1601,4,40070,0,3,0,6,1,4178,4675,1
2,215,9,90120,0,3,0,6,1,4178,4676,2
5,539,1,10590,0,1,0,5,0,4179,4677,2
4,401,4,40010,0,1,0,5,0,4179,4678,1
16,1601,4,40070,0,3,0,7,0,4180,4679,1
2,206,9,90120,0,3,0,7,0,4181,4680,1
19,1906,14,140060,0,1,0,7,0,4181,4681,2
5,516,4,40040,0,1,0,9,0,4182,4682,1
5,534,4,40010,0,2,1,5,4,4183,4683,1
5,503,4,40040,0,2,1,5,4,4183,4684,2
5,525,4,40040,0,1,0,9,0,4184,4685,1
5,530,4,40040,0,1,0,9,0,4184,4686,2
5,531,4,40040,0,1,0,9,0,4184,4687,3
8,818,1,10330,0,1,0,9,0,4185,4688,1
5,508,2,20210,0,1,0,9,0,4186,4689,1
4,432,4,40010,0,2,0,5,0,4187,4690,1
5,529,4,40040,0,2,0,5,0,4188,4691,1
5,503,4,40040,0,1,0,9,0,4189,4692,1
4,423,9,90130,0,3,0,9,0,4190,4693,1
8,808,1,10600,0,1,0,9,0,4191,4694,1
8,824,1,10220,1,1,1,4,3,4192,4695,1
8,824,1,10220,1,1,0,5,0,4193,4696,1
8,812,1,10570,0,1,0,5,0,4194,4697,1
6,611,8,80120,0,3,0,4,3,4195,4698,1
2,210,7,70010,0,1,0,8,1,4196,4699,1
5,508,2,20410,0,2,0,9,0,4197,4700,1
8,839,1,10600,0,1,0,7,0,4198,4701,1
5,537,1,10050,0,2,1,5,4,4199,4702,1
5,503,4,40040,0,2,1,6,3,4199,4703,3
5,534,4,40040,0,2,1,6,3,4199,4704,2
8,824,1,10220,1,1,1,3,2,4200,4705,1
8,841,1,10360,0,1,1,7,2,4201,4706,1
8,808,1,10330,0,2,1,4,1,4202,4707,1
8,813,1,10330,0,1,0,5,0,4203,4708,1
2,201,9,90120,0,3,0,9,0,4204,4709,2
2,215,9,90120,0,3,0,9,0,4204,4710,1
14,1404,14,140030,0,2,0,5,0,4205,4711,1
2,213,4,40020,0,1,0,5,0,4206,4712,2
2,211,9,90120,0,1,0,5,0,4206,4713,1
9,913,10,100130,0,2,0,7,0,4207,4714,1
8,832,1,10560,0,2,1,5,4,4208,4715,1
8,816,1,10330,0,2,1,5,4,4209,4716,1
14,1417,7,70200,0,2,1,4,1,4210,4717,1
4,429,14,140050,1,3,0,7,0,4211,4718,1
8,808,1,10600,0,1,0,9,0,4212,4719,1
8,808,1,10600,0,1,0,9,0,4213,4720,1
7,709,14,140030,0,2,0,7,0,4214,4721,1
8,826,1,10570,0,2,0,5,0,4215,4722,1
5,537,1,10050,0,2,1,5,4,4216,4723,1
5,531,1,10120,0,2,1,5,4,4216,4724,2
10,1003,14,140060,0,3,0,5,3,4217,4725,1
1,106,2,20150,0,1,0,7,2,4218,4726,1
19,1910,14,140060,0,3,0,7,0,4219,4727,1
8,832,1,10560,0,1,0,9,0,4220,4728,1
8,832,1,10560,0,1,0,9,0,4221,4729,1
6,614,14,140080,0,3,0,9,0,4222,4730,1
8,823,1,10600,0,1,0,5,0,4223,4731,1
4,429,14,140050,0,3,0,5,0,4224,4732,1
4,429,14,140050,0,2,0,5,0,4225,4733,1
5,514,1,10020,0,1,0,5,0,4226,4734,1
14,1410,7,70080,0,1,0,9,0,4227,4735,1
8,824,1,10220,1,2,0,4,1,4228,4736,1
8,838,1,10570,1,1,0,7,0,4229,4737,1
15,1502,5,50010,0,2,1,5,4,4230,4738,1
18,1805,12,120010,0,1,1,4,3,4231,4739,1
19,1901,14,140060,0,1,1,7,2,4232,4740,1
13,1304,13,130020,0,3,0,7,0,4233,4741,1
17,1710,8,80110,0,3,0,7,0,4234,4742,1
8,838,1,10570,0,3,0,7,0,4235,4743,1
1,106,2,20150,0,1,0,9,0,4236,4744,1
8,819,1,10160,0,1,0,9,0,4237,4745,1
5,534,4,40010,0,1,0,9,0,4237,4746,2
8,838,1,10400,0,1,0,9,0,4238,4747,1
13,1303,1,10600,0,1,0,9,0,4238,4748,2
5,537,1,10050,0,1,0,9,0,4239,4749,1
8,808,1,10600,0,1,0,9,0,4240,4750,1
8,817,1,10330,1,1,1,5,2,4241,4751,2
8,808,1,10600,0,2,1,5,2,4241,4752,1
8,810,1,10570,1,2,1,5,2,4242,4753,1
21,2101,13,130020,0,2,0,5,0,4243,4754,1
8,812,1,10510,0,1,0,7,0,4244,4755,1
8,812,1,10450,0,1,0,7,0,4245,4756,1
2,210,9,90120,0,3,0,6,1,4246,4757,1
9,913,10,100130,0,2,1,5,4,4247,4758,1
4,419,4,40050,0,3,0,6,1,4248,4759,1
8,824,1,10220,1,2,0,9,0,4249,4760,1
1,106,2,20150,0,1,0,9,0,4250,4761,1
3,305,2,20270,0,2,0,9,0,4251,4762,1
5,537,1,10050,0,1,1,7,2,4252,4763,1
4,419,4,40050,0,1,0,9,0,4253,4764,2
4,420,9,90320,0,1,0,9,0,4253,4765,1
8,841,1,10360,0,2,1,6,3,4254,4766,1
4,422,14,140050,0,2,0,7,0,4255,4767,1
2,210,9,90120,0,3,0,9,0,4256,4768,1
5,511,2,20410,0,2,0,9,0,4257,4769,2
5,512,3,30010,0,2,0,9,0,4257,4770,1
5,508,2,20210,0,2,0,9,0,4258,4771,1
8,816,1,10330,0,1,0,5,0,4259,4772,1
5,537,1,10050,0,1,0,7,0,4260,4773,1
8,815,1,10330,0,1,0,5,0,4261,4774,1
5,539,1,10590,0,1,0,5,0,4262,4775,1
14,1410,7,70080,0,2,2,5,4,4263,4776,2
10,1002,8,80070,0,3,0,4,3,4264,4777,1
10,1002,8,80070,0,1,0,7,0,4265,4778,1
6,602,8,80030,0,2,0,9,0,4263,4779,1
4,420,9,90330,0,1,1,7,2,4266,4780,2
19,1906,14,140060,0,2,1,7,2,4266,4781,1
15,1504,5,50010,0,2,0,9,0,4267,4782,1
4,429,14,140050,0,3,0,9,0,4267,4783,2
8,812,1,10450,0,1,0,9,0,4268,4784,2
5,534,4,40010,0,1,0,9,0,4268,4785,3
4,420,9,90330,0,1,0,9,0,4268,4786,1
11,1105,13,130020,0,3,0,5,0,4269,4787,1
8,821,1,10330,0,1,0,5,0,4270,4788,1
8,817,1,10330,1,1,0,5,0,4271,4789,1
8,808,1,10600,0,1,0,7,0,4272,4790,1
8,808,1,10600,0,1,0,5,0,4273,4791,1
8,817,1,10330,1,1,0,5,0,4274,4792,1
19,1906,8,80060,0,2,0,4,0,4275,4793,1
19,1906,8,80060,0,2,0,4,0,4276,4794,1
1,102,2,20150,0,2,0,6,0,4277,4795,1
19,1916,14,140060,0,1,1,4,2,4278,4796,1
8,821,1,10330,0,1,0,4,0,4279,4797,1
4,410,14,140040,0,2,0,6,0,4280,4798,1
19,1907,8,80070,0,1,1,6,0,4278,4799,2
19,1903,14,140060,0,1,1,6,0,4278,4800,3
14,1410,7,70080,0,2,0,7,0,4281,4801,1
5,537,1,10050,0,2,1,4,3,4282,4802,1
8,816,1,10330,0,1,1,4,0,4282,4803,2
14,1410,7,70080,0,2,0,5,0,4283,4804,1
8,808,1,10600,0,2,0,5,0,4284,4805,1
8,816,1,10330,0,2,0,5,0,4285,4806,1
5,509,1,10330,0,1,0,7,0,4286,4807,1
5,539,1,10590,0,2,1,3,2,4287,4808,1
8,813,1,10330,1,1,0,5,0,4288,4809,1
8,838,1,10570,0,1,0,7,0,4289,4810,1
8,816,1,10330,0,1,0,5,0,4290,4811,1
5,503,2,20410,0,3,0,5,0,4291,4812,1
18,1806,8,80100,0,1,0,5,0,4292,4813,1
18,1802,12,120010,0,1,0,5,0,4293,4814,1
18,1802,12,120010,0,1,0,5,0,4294,4815,1
18,1802,12,120010,0,2,0,5,0,4295,4816,1
6,610,8,80350,0,2,0,6,0,4296,4817,1
8,810,1,10570,1,1,0,6,0,4297,4818,1
5,532,1,10160,0,1,0,5,0,4298,4819,1
5,532,1,10160,0,1,0,5,0,4299,4820,1
5,532,1,10160,0,1,0,5,0,4300,4821,1
5,532,1,10160,0,2,0,5,0,4301,4822,1
5,532,1,10160,0,3,0,5,0,4302,4823,1
8,824,1,10220,1,2,0,7,0,4303,4824,1
2,210,9,90120,0,2,0,7,0,4304,4825,1
8,824,1,10220,1,1,0,5,0,4305,4826,1
8,816,1,10330,0,1,0,7,0,4306,4827,1
9,913,10,100130,0,2,1,6,1,4307,4828,1
19,1916,14,140060,0,1,0,5,0,4308,4829,1
5,512,3,30030,0,1,1,7,2,4309,4830,1
5,501,2,20410,0,2,0,8,0,4310,4831,2
5,508,2,20410,0,2,0,8,0,4310,4832,3
4,426,9,90310,0,3,0,8,0,4310,4833,1
8,812,1,10570,0,1,1,9,0,4309,4834,3
5,534,4,40010,0,1,1,9,0,4309,4835,2
8,836,1,10600,1,1,1,3,2,4311,4836,1
4,420,9,90330,0,2,1,3,2,4312,4837,1
15,1504,5,50010,0,2,1,5,2,4313,4838,1
4,405,9,90500,0,1,1,5,0,4312,4839,2
8,834,1,10600,0,1,0,5,0,4314,4840,1
8,812,1,10570,0,1,0,5,0,4315,4841,1
2,216,9,90120,0,3,0,7,0,4316,4842,1
2,216,9,90120,0,3,0,7,0,4317,4843,1
1,106,2,20150,0,1,0,7,0,4318,4844,1
8,834,1,10330,0,2,0,5,0,4319,4845,1
18,1802,12,120010,0,1,0,7,0,4320,4846,1
8,838,1,10570,0,1,0,5,0,4321,4847,1
8,824,1,10220,1,1,0,5,0,4322,4848,1
4,420,9,90320,0,1,0,7,0,4323,4849,1
5,537,1,10050,0,1,1,5,2,4324,4850,2
5,501,2,20410,0,2,1,5,2,4324,4851,1
18,1805,12,120010,0,1,0,7,0,4325,4852,1
5,512,3,30010,0,2,1,5,3,4326,4853,1
8,816,1,10330,0,1,0,5,0,4327,4854,1
3,305,1,10480,0,2,1,4,2,4328,4855,2
2,215,9,90120,0,2,1,4,2,4328,4856,1
14,1417,7,70200,0,1,1,6,1,4329,4857,1
14,1417,7,70200,0,2,0,7,0,4330,4858,1
8,808,1,10600,1,2,0,9,0,4331,4859,1
1,104,12,120010,0,1,1,5,2,4332,4860,1
8,808,1,10600,0,1,0,9,0,4333,4861,1
8,808,1,10600,0,2,0,5,0,4334,4862,1
8,810,1,10570,0,1,0,5,0,4335,4863,1
19,1904,2,20400,0,2,1,3,2,4336,4864,2
4,429,14,140050,0,2,1,3,2,4336,4865,1
12,1204,8,80180,0,3,0,7,0,4337,4866,1
12,1204,8,80180,0,3,0,7,0,4338,4867,1
8,824,1,10220,1,1,0,7,0,4339,4868,1
8,817,1,10330,1,1,0,7,0,4340,4869,1
9,913,10,100130,0,2,0,9,0,4341,4870,1
9,915,10,100130,0,2,0,9,0,4341,4871,2
18,1817,12,120010,0,1,1,5,2,4342,4872,1
18,1817,12,120010,0,1,0,7,0,4343,4873,1
8,812,1,10570,0,1,0,7,0,4344,4874,1
4,429,14,140050,0,3,0,5,0,4345,4875,1
4,429,14,140050,0,3,0,6,0,4346,4876,1
8,821,1,10330,0,2,1,7,2,4347,4877,1
8,813,1,10330,0,1,0,9,0,4348,4878,1
8,813,1,10330,0,2,1,7,2,4349,4879,2
5,501,2,20410,0,2,1,7,2,4349,4880,1
11,1108,13,130020,0,2,0,7,0,4350,4881,1
8,816,1,10330,0,1,0,7,0,4351,4882,1
5,537,1,10050,0,1,0,5,0,4352,4883,1
9,911,10,100130,0,1,1,7,2,4353,4884,1
2,213,9,90120,0,3,0,7,0,4354,4885,1
9,913,10,100130,0,1,0,7,0,4354,4886,2
5,539,1,10590,0,1,0,7,0,4355,4887,1
5,539,1,10590,0,1,0,7,0,4356,4888,1
7,720,14,140030,0,2,1,6,1,4357,4889,1
7,720,14,140030,0,1,0,7,0,4358,4890,1
5,519,2,20410,0,1,0,7,2,4359,4891,2
5,511,2,20410,0,1,0,7,0,4359,4892,3
4,426,9,90310,0,2,0,9,0,4359,4893,1
7,709,14,140030,0,2,0,5,0,4360,4894,1
5,529,4,40040,1,1,1,5,4,4361,4895,1
5,537,1,10050,0,2,0,8,1,4362,4896,2
13,1304,13,130020,0,2,0,7,0,4363,4897,1
5,537,1,10050,1,1,0,9,0,4364,4898,2
5,522,4,40040,1,1,0,9,0,4364,4899,1
5,501,2,20410,0,2,0,9,0,4362,4900,1
8,824,1,10220,1,1,0,5,0,4365,4901,1
5,539,1,10590,0,2,0,5,0,4366,4902,1
8,808,1,10590,0,2,1,6,3,4367,4903,1
4,432,9,90320,1,1,0,6,3,4368,4904,1
4,432,9,90320,0,2,1,7,2,4369,4905,2
8,840,1,10330,0,2,1,9,0,4369,4906,1
4,419,4,40050,0,3,0,5,0,4370,4907,1
6,612,13,130020,0,3,0,7,0,4371,4908,1
5,537,1,10050,0,1,0,7,0,4372,4909,1
14,1404,14,140030,0,1,0,7,0,4373,4910,1
18,1808,12,120010,0,3,0,4,3,4374,4911,1
5,529,4,40040,0,1,1,7,1,4375,4912,1
6,614,13,130020,0,3,0,7,0,4376,4913,1
19,1914,8,80060,0,2,0,7,0,4377,4914,1
7,707,14,140030,0,3,0,7,0,4378,4915,1
5,534,4,40010,0,1,0,9,0,4379,4916,1
8,810,1,10380,0,1,0,9,0,4380,4917,1
8,816,1,10330,0,1,0,5,0,4381,4918,1
8,818,14,140040,0,1,1,6,3,4382,4919,1
1,105,2,20150,0,2,0,7,0,4383,4920,1
5,508,2,20410,0,1,0,9,0,4384,4921,1
11,1110,13,130020,0,3,0,9,0,4385,4922,1
7,702,14,140030,0,3,0,7,0,4386,4923,1
8,807,1,10510,0,2,0,9,0,4387,4924,1
8,832,1,10560,0,1,0,7,0,4388,4925,1
5,537,1,10050,0,1,0,7,0,4389,4926,1
5,537,1,10050,0,1,0,7,0,4390,4927,1
8,810,1,10570,1,2,0,9,0,4391,4928,1
6,602,8,80030,0,3,0,9,0,4392,4929,1
11,1105,13,130020,0,3,0,9,0,4393,4930,1
4,429,14,140050,0,3,0,9,0,4394,4931,1
4,422,14,140050,0,2,1,5,2,4395,4932,1
5,508,2,20410,0,2,1,8,1,4396,4933,1
5,517,2,20410,0,2,0,9,0,4397,4934,1
5,508,2,20410,0,2,0,9,0,4398,4935,1
8,810,1,10570,0,1,1,5,4,4399,4936,1
8,818,14,140040,0,2,1,6,3,4400,4937,1
5,526,1,10090,0,2,1,6,1,4401,4938,1
11,1110,13,130020,0,3,0,7,0,4402,4939,1
19,1915,8,80070,0,1,1,4,3,4403,4940,1
19,1915,8,80070,0,2,0,7,0,4404,4941,1
5,534,4,40010,0,1,0,9,0,4405,4942,1
5,534,4,40010,0,1,0,9,0,4406,4943,1
5,534,4,40010,0,1,0,9,0,4407,4944,1
5,534,4,40010,0,1,0,9,0,4408,4945,1
19,1906,14,140060,0,2,1,7,2,4409,4946,1
11,1109,13,130020,0,3,0,8,1,4410,4947,1
2,206,4,40020,0,2,0,5,0,4411,4948,1
2,213,4,40020,0,2,0,5,0,4411,4949,2
5,511,2,20410,0,1,1,5,2,4412,4950,1
9,908,10,100130,0,2,0,7,0,4413,4951,1
14,1409,7,70150,0,2,0,7,0,4414,4952,1
14,1409,7,70150,0,2,0,7,0,4415,4953,1
14,1406,2,20060,0,2,0,9,0,4416,4954,1
1,104,12,120010,0,1,0,7,0,4417,4955,1
7,711,14,140030,0,2,0,7,0,4418,4956,1
5,534,2,20410,0,2,0,7,0,4419,4957,1
5,524,1,10600,0,2,2,8,1,4420,4958,1
14,1410,7,70080,0,2,0,9,0,4421,4959,1
2,202,10,100035,0,1,0,9,0,4421,4960,2
5,536,1,10090,0,1,1,8,1,4422,4961,1
11,1106,13,130020,0,3,0,9,0,4423,4962,1
1,101,2,20150,0,2,1,5,2,4424,4963,1
4,422,14,140050,0,2,1,6,1,4425,4964,1
4,422,14,140050,0,2,1,6,1,4426,4965,1
6,602,8,80030,0,1,0,7,0,4427,4966,1
6,602,8,80030,0,1,0,7,0,4428,4967,1
8,824,1,10220,1,1,0,5,0,4429,4968,1
8,815,1,10330,0,1,1,5,3,4430,4969,1
8,824,1,10220,1,2,1,3,2,4431,4970,1
4,427,9,90160,0,3,0,5,0,4432,4971,2
7,709,14,140030,0,2,0,5,0,4432,4972,1
8,810,1,10570,0,2,0,5,0,4433,4973,1
19,1904,8,80070,0,2,0,6,0,4434,4974,1
7,702,14,140030,0,3,0,6,0,4434,4975,2
18,1805,12,120010,0,1,0,7,0,4435,4976,1
8,823,9,90520,0,1,0,7,0,4436,4977,1
8,807,1,10570,0,1,0,5,0,4437,4978,1
5,536,1,10090,0,1,0,5,0,4438,4979,1
4,420,9,90330,0,3,0,6,0,4439,4980,1
5,534,4,40010,0,1,1,7,1,4440,4981,1
8,810,1,10570,0,1,0,6,0,4441,4982,2
8,826,1,10570,0,1,0,6,0,4441,4983,1
18,1805,12,120010,0,1,0,7,0,4442,4984,1
2,210,9,90120,0,3,0,7,0,4443,4985,1
8,812,1,10570,0,2,1,3,2,4444,4986,1
5,515,2,20410,0,2,0,7,0,4445,4987,1
8,816,1,10330,0,1,0,7,0,4446,4988,1
5,518,2,20410,0,2,0,9,0,4447,4989,1
2,215,9,90120,0,1,0,7,0,4448,4990,1
2,215,9,90120,0,1,0,7,0,4449,4991,1
8,832,1,10560,0,2,1,4,4,4450,4992,1
8,832,1,10560,0,2,1,5,3,4451,4993,1
8,832,1,10560,0,1,1,6,2,4452,4994,1
8,832,1,10560,0,1,0,8,0,4453,4995,1
8,832,1,10560,0,1,0,8,0,4454,4996,1
8,835,1,10200,1,1,1,4,3,4455,4997,1
8,832,1,10560,0,1,0,6,0,4456,4998,1
19,1906,8,80060,0,2,0,7,0,4457,4999,1
2,211,7,70010,0,1,0,7,0,4458,5000,1
2,212,9,90120,0,2,0,7,0,4459,5001,1
8,832,1,10560,0,2,0,7,0,4460,5002,1
8,832,1,10560,0,2,0,7,0,4461,5003,1
8,832,1,10560,0,2,0,7,0,4462,5004,1
8,834,1,10600,0,1,2,8,0,4463,5005,1
8,836,1,10600,1,2,0,8,0,4464,5006,1
8,837,1,10600,1,1,0,8,0,4465,5007,2
8,837,1,10600,0,2,0,8,0,4465,5008,1
9,912,10,100130,0,1,0,9,0,4466,5009,1
2,215,9,90120,0,3,0,6,3,4467,5010,1
8,840,1,10330,0,1,0,5,0,4468,5011,2
8,839,1,10600,0,1,0,5,0,4468,5012,1
19,1908,14,140060,0,1,0,4,3,4469,5013,2
19,1908,14,140060,0,3,0,4,3,4470,5014,2
19,1916,14,140060,0,1,0,7,0,4469,5015,1
19,1916,14,140060,0,3,0,7,0,4470,5016,1
19,1916,8,80070,0,2,0,7,0,4471,5017,1
5,508,2,20210,0,2,0,7,0,4472,5018,1
8,807,1,10060,0,1,0,5,0,4473,5019,2
8,824,1,10200,1,2,0,5,0,4473,5020,1
5,508,2,20210,0,1,0,7,0,4474,5021,1
8,813,1,10330,0,1,0,9,0,4475,5022,1
8,841,1,10360,0,2,0,9,0,4476,5023,1
8,813,1,10330,0,1,0,9,0,4477,5024,1
9,902,10,100130,0,2,0,9,0,4478,5025,1
18,1801,12,120010,0,2,1,4,3,4479,5026,1
7,711,14,140030,0,3,0,5,0,4480,5027,1
5,508,2,20150,0,1,0,7,0,4481,5028,1
9,911,2,20160,0,1,0,7,0,4481,5029,2
8,833,1,10600,0,2,0,7,0,4482,5030,1
8,824,1,10220,1,2,1,5,4,4483,5031,3
8,815,1,10330,1,2,1,5,4,4483,5032,1
8,815,1,10330,1,2,1,5,4,4483,5033,2
8,842,1,10010,0,1,1,6,1,4484,5034,1
8,832,1,10560,0,2,0,7,0,4485,5035,1
8,814,1,10330,0,1,1,4,3,4486,5036,1
8,813,1,10330,0,1,0,9,0,4487,5037,1
4,401,9,90120,0,2,1,5,4,4488,5038,1
8,814,1,10330,0,2,1,4,3,4489,5039,1
5,534,4,40010,0,1,0,5,0,4488,5040,2
9,911,10,100130,0,1,0,9,0,4490,5041,1
8,840,1,10330,0,2,2,6,1,4491,5042,1
5,526,1,10090,0,1,0,9,0,4492,5043,2
5,529,4,40040,0,1,0,9,0,4492,5044,1
5,534,2,40010,0,1,1,5,2,4493,5045,1
8,810,1,10570,0,1,0,9,0,4494,5046,1
1,106,2,20150,0,1,1,5,4,4495,5047,1
8,814,1,10330,0,1,0,7,0,4496,5048,1
8,824,1,10220,1,1,0,9,0,4497,5049,1
8,824,1,10220,1,2,1,4,1,4498,5050,1
8,808,1,10600,1,1,1,5,1,4499,5051,1
4,415,14,140050,0,3,0,8,1,4500,5052,1
8,824,1,10220,1,1,0,5,0,4501,5053,1
8,824,1,10220,1,1,0,5,0,4502,5054,1
8,832,1,10560,0,2,1,5,4,4503,5055,1
19,1907,8,80060,0,1,0,7,0,4504,5056,1
8,808,1,10600,0,1,1,6,1,4505,5057,1
2,215,9,90120,0,3,0,7,0,4506,5058,1
2,212,9,90120,0,3,0,4,3,4507,5059,1
8,807,1,10570,0,1,0,9,0,4508,5060,1
5,512,3,30200,0,1,1,6,3,4509,5061,2
12,1204,8,80180,0,2,0,7,0,4510,5062,1
12,1204,8,80180,0,3,0,7,0,4511,5063,1
12,1204,8,80180,0,3,0,7,0,4512,5064,1
5,508,2,20410,0,1,2,9,0,4509,5065,1
8,824,1,10600,1,1,0,7,0,4513,5066,3
5,504,1,10140,0,1,0,7,0,4513,5067,1
8,810,1,10570,1,1,0,7,0,4513,5068,2
8,815,1,10330,0,3,1,4,3,4514,5069,2
2,209,9,90120,0,3,0,7,2,4515,5070,1
8,814,1,10330,0,3,0,4,0,4514,5071,1
5,529,1,10600,0,1,0,5,0,4516,5072,1
8,808,1,10600,0,1,0,9,0,4517,5073,1
5,512,3,30010,0,2,0,9,0,4518,5074,1
5,534,4,40040,0,2,0,9,0,4519,5075,1
8,808,1,10600,0,2,1,6,1,4520,5076,1
8,808,1,10600,0,1,0,5,0,4521,5077,1
18,1801,12,120010,0,1,0,7,0,4522,5078,1
18,1801,12,120010,0,2,0,7,0,4523,5079,1
4,420,9,90360,0,2,0,9,0,4524,5080,1
4,420,9,90360,0,2,0,9,0,4525,5081,1
8,819,1,10330,0,1,0,9,0,4526,5082,1
9,911,10,100130,0,1,0,9,0,4527,5083,1
8,807,1,10600,0,1,0,5,0,4528,5084,1
8,836,1,10600,0,2,0,5,0,4529,5085,1
8,840,1,10330,0,2,0,7,0,4530,5086,3
13,1303,1,10600,0,1,0,7,0,4531,5087,2
13,1303,1,10600,0,2,0,7,0,4530,5088,2
5,519,2,20410,0,1,0,7,0,4531,5089,1
5,534,4,40040,0,1,0,7,0,4530,5090,1
5,534,4,40040,0,2,0,7,0,4532,5091,1
5,534,4,40040,0,2,0,7,0,4533,5092,1
4,401,9,90090,0,2,0,7,0,4532,5093,2
4,401,9,90090,0,2,0,7,0,4533,5094,2
4,429,14,140050,0,3,0,7,0,4534,5095,1
19,1901,14,140060,0,2,0,9,0,4535,5096,2
19,1914,14,140060,0,2,0,9,0,4535,5097,1
8,808,1,10370,0,1,1,4,1,4536,5098,1
8,810,1,10600,1,2,0,9,0,4537,5099,2
5,534,4,40010,0,2,0,9,0,4537,5100,1
8,815,4,40010,0,1,0,5,0,4538,5101,1
8,834,1,10600,0,2,0,5,0,4539,5102,1
5,539,1,10350,0,1,0,5,0,4540,5103,1
2,211,9,90120,0,3,0,8,1,4541,5104,1
2,215,9,90120,0,3,0,8,1,4541,5105,2
8,824,1,10220,1,1,0,9,0,4542,5106,1
1,101,2,20150,0,1,2,5,2,4543,5107,1
8,841,1,10600,0,2,0,7,0,4544,5108,1
8,825,1,10190,0,1,0,9,0,4545,5109,1
2,211,9,90120,0,3,0,7,0,4546,5110,1
2,215,9,90120,0,3,0,7,0,4546,5111,2
4,419,4,40050,0,1,0,7,0,4547,5112,2
2,210,9,90120,0,3,0,7,0,4547,5113,3
4,420,9,90330,0,2,0,7,0,4547,5114,1
2,215,9,90120,0,3,0,9,0,4548,5115,1
18,1804,12,120010,0,3,0,9,0,4548,5116,2
2,212,9,90120,0,3,0,7,0,4549,5117,1
14,1417,7,70080,0,1,0,7,0,4550,5118,2
4,425,9,90460,0,2,0,7,0,4550,5119,1
14,1417,14,140030,1,2,0,7,0,4551,5120,2
14,1410,7,70080,1,1,0,7,0,4551,5121,1
7,708,9,90100,1,3,0,7,0,4551,5122,3
2,210,9,90120,0,3,0,7,0,4552,5123,1
4,401,4,40010,1,1,0,9,0,4553,5124,2
5,534,4,40040,1,1,0,9,0,4553,5125,1
11,1110,13,130020,0,3,0,7,2,4554,5126,1
4,409,14,140050,0,3,0,7,0,4555,5127,1
17,1712,6,60040,0,3,0,9,0,4556,5128,1
14,1417,7,70200,0,3,0,6,1,4557,5129,1
2,215,9,90120,0,3,0,6,1,4557,5130,2
2,215,9,90120,0,3,0,6,1,4558,5131,1
4,402,14,140060,0,2,0,9,0,4559,5132,1
19,1916,14,140060,0,1,0,5,0,4560,5133,1
7,703,8,80070,0,1,0,7,0,4561,5134,1
4,408,14,140050,0,3,0,9,0,4562,5135,1
8,816,1,10330,0,1,0,9,0,4563,5136,1
8,808,1,10370,0,1,0,9,0,4564,5137,1
8,838,1,10570,0,1,0,9,0,4564,5138,2
2,208,9,90120,0,0,0,9,0,4565,5139,1
17,1707,8,80150,0,1,1,4,3,4566,5140,1
7,702,14,140030,0,3,0,7,0,4567,5141,1
7,708,14,140030,0,3,0,7,0,4567,5142,3
7,710,14,140030,0,3,0,7,0,4567,5143,2
4,422,14,140050,0,2,0,7,0,4568,5144,1
21,2102,13,130020,0,2,0,7,0,4569,5145,1
18,1805,12,120010,0,1,1,5,2,4570,5146,1
18,1805,12,120010,0,1,2,7,0,4571,5147,1
4,432,4,40010,0,3,0,7,0,4572,5148,2
19,1915,8,80070,0,1,0,7,0,4572,5149,1
4,432,4,40010,0,3,0,9,0,4573,5150,1
8,825,1,10190,0,2,0,9,0,4574,5151,1
18,1801,12,120010,0,2,0,7,0,4575,5152,1
8,824,1,10220,1,2,0,5,0,4576,5153,1
19,1916,2,20400,0,2,1,4,3,4577,5154,1
4,402,14,140050,0,1,0,7,0,4578,5155,1
4,402,14,140050,0,2,0,7,0,4579,5156,1
9,908,10,100130,0,2,0,9,0,4580,5157,1
5,511,13,20410,0,1,1,5,4,4581,5158,1
8,824,1,10220,1,1,1,4,1,4582,5159,1
19,1901,8,80070,0,2,0,7,0,4583,5160,1
7,709,14,140030,0,2,0,7,0,4583,5161,2
8,838,1,10440,0,1,0,5,0,4584,5162,1
8,808,1,10600,0,1,0,5,0,4585,5163,1
8,830,1,10600,0,2,0,9,0,4586,5164,1
8,812,1,10600,1,1,0,9,0,4587,5165,1
8,830,1,10600,0,3,0,9,0,4588,5166,1
19,1906,8,80070,0,1,0,7,0,4589,5167,1
19,1906,8,80060,0,1,0,7,0,4590,5168,1
6,614,14,140080,0,3,0,7,0,4591,5169,1
5,537,1,10050,0,2,2,5,4,4592,5170,1
8,823,1,10600,0,1,1,5,4,4593,5171,1
2,203,9,90520,0,2,0,9,0,4594,5172,1
1,103,2,20150,0,1,1,5,4,4595,5173,1
16,1601,4,40070,0,1,1,5,4,4595,5174,2
7,708,14,140030,0,3,0,5,0,4596,5175,1
19,1901,14,140060,0,2,0,5,0,4596,5176,2
8,808,1,10600,0,1,0,7,0,4597,5177,1
5,537,1,10050,0,1,0,9,0,4598,5178,1
5,519,1,20410,0,1,0,9,0,4598,5179,2
15,1504,5,50010,0,1,0,9,0,4599,5180,1
5,508,2,20410,0,2,1,1,1,4600,5181,2
5,511,2,20410,0,2,1,8,1,4600,5182,1
4,420,9,90330,0,2,0,7,0,4601,5183,1
8,823,9,90170,0,2,0,7,0,4602,5184,1
6,602,8,80030,0,3,0,9,0,4603,5185,2
13,1301,9,90090,0,3,0,9,0,4604,5186,1
4,420,9,90330,0,2,0,9,0,4603,5187,3
13,1304,13,130020,0,3,0,9,0,4603,5188,1
3,305,1,10480,0,2,0,9,0,4605,5189,2
3,305,1,10480,0,2,0,9,0,4606,5190,1
5,511,4,20410,0,1,0,9,0,4607,5191,2
5,512,3,30010,0,1,0,9,0,4607,5192,3
5,534,4,40010,0,1,0,9,0,4607,5193,1
2,213,9,90120,0,1,0,9,0,4608,5194,2
2,215,9,90120,0,1,0,9,0,4608,5195,1
2,215,9,90120,0,3,0,9,0,4605,5196,1
8,807,1,10600,0,1,0,7,0,4609,5197,1
8,842,1,10010,0,2,0,5,0,4610,5198,1
6,614,14,140080,0,3,0,7,0,4611,5199,1
14,1409,7,70150,0,2,0,9,0,4612,5200,1
19,1904,14,140060,0,1,0,9,0,4613,5201,1
5,537,1,10050,0,2,0,9,0,4614,5202,1
5,509,1,10330,0,2,0,9,0,4614,5203,2
4,419,4,40010,0,3,0,9,0,4615,5204,3
2,213,9,90120,0,3,0,9,0,4615,5205,2
2,215,9,90120,0,3,0,9,0,4615,5206,1
5,529,4,40050,0,2,1,5,2,4616,5207,1
4,401,4,40010,0,1,1,5,0,4617,5208,1
4,432,4,40010,0,2,0,7,0,4618,5209,1
8,813,1,10330,0,1,0,7,0,4619,5210,1
4,432,4,40010,0,1,0,9,0,4620,5211,1
5,512,3,30010,0,2,0,9,0,4621,5212,1
7,708,8,80080,0,2,1,6,1,4622,5213,1
7,708,8,80080,0,1,2,7,0,4623,5214,2
10,1004,14,140030,0,2,2,7,0,4623,5215,1
9,904,10,100080,0,2,0,9,0,4624,5216,1
9,902,10,100120,0,1,0,9,0,4624,5217,2
5,508,2,20410,0,1,1,6,3,4625,5218,1
7,720,14,140030,0,2,0,9,0,4626,5219,1
7,720,14,140030,0,2,0,9,0,4627,5220,1
8,838,1,10570,0,1,0,7,0,4628,5221,1
8,810,1,10600,1,1,1,7,2,4629,5222,1
19,1916,8,80060,0,2,0,7,0,4630,5223,1
8,807,1,10360,0,1,0,7,0,4631,5224,1
8,807,1,10360,0,2,0,7,0,4632,5225,1
8,838,1,10570,0,1,0,9,0,4633,5226,1
4,432,4,40010,0,3,0,5,4,4634,5227,1
19,1914,8,80060,0,2,1,5,4,4634,5228,2
12,1201,8,80190,0,3,0,4,3,4635,5229,1
4,422,14,140050,0,2,1,6,1,4636,5230,1
9,912,10,100130,0,1,0,7,0,4637,5231,1
8,818,1,10600,0,2,0,9,0,4638,5232,1
8,834,1,10330,0,1,1,8,1,4639,5233,1
4,432,4,40010,0,1,0,7,0,4640,5234,1
8,834,1,10600,0,1,0,5,0,4641,5235,1
11,1109,13,130020,0,3,0,7,2,4642,5236,1
8,838,1,10600,1,2,1,7,2,4643,5237,1
14,1414,7,70060,0,3,0,9,0,4644,5238,1
17,1713,8,80320,0,3,0,7,0,4645,5239,1
4,431,9,90500,0,1,0,7,0,4646,5240,1
7,708,14,140030,0,2,0,9,0,4647,5241,1
14,1402,7,70060,0,2,0,9,0,4648,5242,1
8,836,4,40010,0,2,0,5,0,4649,5243,1
7,709,14,140030,0,3,0,7,0,4650,5244,1
4,422,14,140050,0,1,0,7,0,4651,5245,1
18,1817,12,120010,0,1,0,7,0,4652,5246,1
18,1805,12,120010,0,1,0,9,0,4653,5247,1
18,1802,12,120010,0,1,0,9,0,4654,5248,1
8,836,4,40010,0,2,0,7,0,4655,5249,1
1,101,2,20150,0,1,0,9,0,4656,5250,1
15,1502,5,50010,0,1,0,9,0,4657,5251,1
8,823,1,10570,0,3,0,9,0,4658,5252,1
8,808,1,10600,0,2,1,5,4,4659,5253,1
8,813,1,10330,0,2,0,9,0,4660,5254,1
4,412,14,140040,0,3,0,9,0,4661,5255,1
8,820,1,10270,0,2,1,7,2,4662,5256,2
8,813,1,10330,0,1,2,7,2,4662,5257,1
7,709,14,140030,0,2,1,5,2,4663,5258,1
7,719,2,20100,0,1,0,3,2,4664,5259,1
5,537,1,10050,0,2,1,6,3,4665,5260,2
5,534,4,40010,0,3,0,0,3,4665,5261,1
13,1305,13,130020,0,3,0,7,0,4666,5262,1
4,401,14,140050,0,2,0,7,0,4667,5263,1
5,528,4,40040,0,2,2,7,2,4668,5264,1
9,911,10,100130,0,1,0,9,0,4669,5265,1
5,543,2,20010,0,2,1,5,4,4670,5266,1
5,508,2,20410,0,3,0,5,4,4670,5267,2
5,526,1,10110,1,2,1,8,1,4671,5268,1
8,807,1,10600,1,1,0,5,0,4672,5269,1
5,515,2,20410,0,2,2,9,0,4673,5270,1
2,215,9,90120,0,3,0,5,4,4674,5271,1
8,831,1,10600,0,1,0,5,0,4675,5272,1
5,537,1,10060,0,3,0,5,2,4676,5273,1
5,512,3,30060,0,2,0,9,0,4677,5274,1
5,534,4,40010,0,1,0,9,0,4677,5275,2
5,537,1,10050,0,1,0,9,0,4678,5276,2
5,537,1,10050,0,2,0,9,0,4679,5277,2
5,534,4,40010,0,2,0,9,0,4678,5278,1
5,534,4,40010,0,2,0,9,0,4679,5279,1
12,1204,8,80180,0,3,0,5,4,4680,5280,2
2,215,9,90120,0,3,0,5,4,4680,5281,1
12,1204,8,80180,0,3,0,9,0,4681,5282,2
2,215,9,90120,0,3,0,9,0,4681,5283,1
4,403,9,90440,0,2,0,7,0,4682,5284,1
4,413,9,90440,0,2,0,7,0,4682,5285,2
1,101,2,20150,0,1,0,9,0,4683,5286,1
1,103,2,20150,0,1,0,9,0,4683,5287,2
4,422,14,140050,0,1,0,9,0,4683,5288,3
8,813,1,10330,0,2,0,5,0,4684,5289,1
8,824,1,10220,1,2,0,5,0,4685,5290,1
6,601,13,130020,0,3,0,7,0,4686,5291,1
5,508,2,20410,0,1,1,5,4,4687,5292,1
5,534,4,40010,0,1,1,7,2,4687,5293,2
5,541,2,20410,0,1,1,6,1,4687,5294,3
5,508,2,20410,0,1,1,8,1,4688,5295,1
2,215,9,90120,0,3,0,7,2,4689,5296,1
19,1917,3,30030,0,1,0,9,0,4690,5297,1
8,824,1,10220,1,1,0,5,0,4691,5298,1
8,836,4,40010,0,2,0,5,0,4692,5299,1
5,543,2,20010,0,1,0,9,0,4693,5300,2
5,508,2,20410,0,1,0,9,0,4693,5301,3
9,912,10,100130,0,1,0,9,0,4693,5302,1
8,835,1,10600,1,1,1,3,2,4694,5303,1
8,808,1,10600,1,1,0,5,0,4694,5304,2
8,815,1,10330,0,1,0,7,0,4695,5305,1
8,824,1,10220,1,1,0,5,0,4696,5306,1
8,832,1,10560,0,1,0,9,0,4697,5307,1
15,1501,5,50040,0,1,0,9,0,4698,5308,1
4,422,14,140050,0,1,2,9,0,4699,5309,1
8,807,1,10460,0,3,0,9,0,4700,5310,1
8,836,4,40010,0,2,0,5,0,4701,5311,1
8,836,4,40010,0,1,0,5,0,4702,5312,1
8,836,4,40010,0,1,0,5,0,4703,5313,1
2,211,7,70120,0,2,0,7,0,4704,5314,1
2,211,7,70120,0,1,0,7,0,4705,5315,1
5,526,1,10090,0,2,0,5,0,4706,5316,2
8,824,1,10220,1,2,0,5,0,4706,5317,1
2,211,8,80160,0,3,0,7,0,4707,5318,1
7,709,14,140030,0,2,0,9,0,4708,5319,1
2,215,9,90120,0,3,0,7,0,4709,5320,1
2,215,9,90120,0,3,0,9,0,4710,5321,1
8,807,1,10380,0,1,0,5,0,4711,5322,1
5,539,1,10590,0,1,0,7,0,4712,5323,1
11,1110,13,130020,0,3,0,7,2,4713,5324,1
8,806,1,10080,0,1,0,7,0,4714,5325,1
4,420,9,90440,0,1,0,7,0,4715,5326,1
4,422,14,140050,0,2,0,9,0,4716,5327,1
4,422,14,140050,0,2,0,9,0,4717,5328,1
2,208,9,90120,0,2,1,6,3,4718,5329,1
2,215,9,90120,0,3,0,6,1,4719,5330,1
18,1817,12,120010,0,1,0,4,3,4720,5331,1
5,537,1,10050,0,2,0,9,0,4721,5332,1
5,501,2,20410,0,1,0,9,0,4721,5333,2
2,215,9,90460,0,3,0,6,3,4722,5334,1
8,811,9,90120,0,1,0,8,1,4723,5335,1
5,508,2,20410,0,2,0,9,0,4724,5336,1
2,208,4,40050,0,3,0,9,0,4725,5337,1
4,419,4,40050,0,1,0,9,0,4726,5338,1
5,543,2,20010,0,2,0,9,0,4727,5339,1
8,801,1,10600,0,1,0,9,0,4728,5340,1
4,420,4,40060,0,1,1,4,3,4729,5341,1
5,502,2,20410,0,1,0,7,0,4730,5342,1
14,1416,7,70010,0,2,1,7,2,4731,5343,1
8,812,1,10380,0,2,0,7,0,4732,5344,1
1,106,2,20150,0,1,0,9,0,4733,5345,1
1,101,2,20150,0,2,0,9,0,4734,5346,1
4,414,4,40050,0,3,0,8,0,4735,5347,1
8,809,1,10560,0,2,0,9,0,4736,5348,1
8,809,1,10560,0,2,0,9,0,4737,5349,1
8,809,1,10560,0,2,0,9,0,4738,5350,1
8,809,1,10560,0,2,0,9,0,4739,5351,1
8,809,1,10560,0,2,0,9,0,4740,5352,1
10,1001,8,80060,0,1,0,8,1,4741,5353,1
19,1915,8,80060,0,1,1,8,1,4742,5354,1
19,1915,8,80060,0,1,0,9,0,4743,5355,1
5,508,2,20410,0,2,0,9,0,4744,5356,2
2,203,9,90120,0,3,0,9,0,4744,5357,1
2,211,9,90120,0,1,0,9,0,4745,5358,1
8,814,1,10600,0,2,0,7,0,4746,5359,1
8,808,4,40010,0,1,0,7,0,4747,5360,1
7,709,14,140030,0,1,0,9,0,4748,5361,1
2,213,9,90120,0,3,0,9,0,4749,5362,1
2,210,9,90120,0,3,0,9,0,4750,5363,1
5,537,1,10050,0,1,0,9,0,4751,5364,2
8,814,1,10330,0,1,0,9,0,4751,5365,3
5,503,2,20410,0,2,1,5,4,4752,5367,1
2,215,9,90120,0,3,0,9,0,4753,5368,2
4,401,14,140050,0,3,0,9,0,4753,5369,1
4,429,14,140050,0,3,0,9,0,4754,5370,1
6,614,14,140080,0,2,0,5,2,4755,5371,1
5,524,1,10600,0,1,0,7,0,4756,5372,1
5,537,1,10050,0,2,2,9,0,4757,5373,1
4,429,14,140050,0,3,0,9,0,4758,5374,1
19,1906,14,140060,0,1,0,9,0,4758,5375,2
4,406,2,20350,0,2,1,6,3,4759,5376,1
4,432,4,40010,0,3,0,6,3,4759,5377,2
5,532,1,10160,0,2,0,9,0,4760,5378,2
5,534,4,40040,0,2,0,9,0,4760,5379,1
5,534,4,40010,0,1,2,6,3,4761,5380,1
13,1302,9,90440,0,2,1,6,3,4761,5381,2
8,832,1,10560,0,1,2,8,1,4762,5382,1
5,541,2,20410,0,1,0,9,0,4763,5383,2
5,534,4,40040,0,1,1,6,3,4763,5384,1
5,534,4,40040,0,1,1,6,3,4764,5385,1
5,512,3,30020,0,1,0,9,0,4765,5386,1
17,1712,8,80110,0,2,1,6,1,4766,5387,1
14,1409,7,70200,0,1,0,7,0,4767,5388,1
16,1607,8,140010,0,3,0,7,0,4768,5389,1
5,508,2,20410,0,1,1,6,3,4769,5390,2
5,534,4,40010,0,1,1,7,1,4769,5391,1
7,720,14,140030,0,3,2,6,3,4770,5392,1
8,820,4,40040,0,2,0,7,0,4771,5393,1
8,812,1,10430,0,2,0,7,0,4772,5394,1
7,709,14,140030,0,3,0,7,0,4773,5395,1
4,420,9,90510,0,3,0,5,0,4774,5396,1
7,708,14,140030,0,3,0,7,0,4775,5397,1
8,835,1,10330,0,1,0,7,0,4776,5398,1
19,1904,8,80070,0,2,0,7,0,4777,5399,1
18,1805,12,120020,0,2,0,7,0,4778,5400,1
4,423,9,90130,0,1,0,7,0,4779,5401,1
12,1201,8,80190,0,3,0,9,0,4780,5402,1
8,832,1,10560,0,1,0,7,0,4781,5403,1
4,412,14,140040,0,3,0,7,0,4782,5404,1
19,1915,14,140060,0,1,0,9,0,4783,5405,1
17,1707,8,80350,0,1,0,9,0,4784,5406,1
11,1109,13,130020,0,3,0,6,3,4785,5407,1
8,811,1,10600,0,2,0,9,0,4786,5408,1
8,811,11,10600,0,2,0,9,0,4787,5409,1
2,215,9,90120,0,3,0,9,0,4788,5410,1
8,807,1,10600,0,2,0,5,0,4789,5411,1
10,1009,13,130020,0,2,0,7,0,4790,5412,1
8,810,1,10330,0,1,0,9,0,4791,5413,1
6,611,8,80120,0,2,0,9,0,4792,5414,1
14,1416,7,70120,0,1,0,9,0,4793,5415,1
10,1011,13,130020,0,3,0,5,0,4794,5416,1
4,412,14,140050,0,2,0,7,0,4795,5417,1
5,542,2,20410,0,2,0,7,0,4796,5418,1
9,904,10,100130,0,2,0,7,0,4797,5419,1
5,512,3,30010,0,1,2,6,3,4798,5420,1
5,505,2,20010,0,1,0,9,0,4798,5421,3
5,511,2,20410,0,1,0,9,0,4798,5422,2
12,1204,8,80180,0,3,0,5,4,4799,5423,1
6,601,13,130020,0,3,2,5,2,4800,5424,1
19,1906,14,140060,0,3,0,7,0,4801,5425,1
4,417,9,90310,0,1,0,7,0,4802,5426,1
2,211,4,40060,0,3,0,4,3,4803,5427,1
17,1704,8,80130,0,1,1,6,3,4804,5428,1
2,211,4,40060,0,3,0,5,0,4805,5429,1
8,813,1,10330,0,1,0,5,0,4806,5430,1
4,419,4,40050,0,1,1,6,3,4807,5431,1
4,431,4,40020,0,2,1,7,2,4808,5432,1
8,812,1,10570,0,2,1,6,1,4809,5433,2
4,432,4,40060,0,2,0,7,0,4809,5434,1
5,534,4,40010,0,1,0,9,0,4807,5435,2
5,513,3,30160,0,2,1,5,4,4810,5436,1
2,213,4,40010,0,2,0,8,0,4811,5437,1
9,902,10,100130,0,2,1,8,1,4812,5438,1
5,513,3,30160,0,1,0,3,0,4811,5439,2
12,1201,8,80190,0,3,0,9,0,4813,5440,1
16,1604,14,140010,0,1,0,5,0,4814,5441,1
18,1808,12,120010,0,3,0,5,0,4815,5442,1
5,537,1,10050,0,2,0,7,0,4816,5443,1
5,537,1,10050,0,2,1,5,0,4817,5444,1
19,1917,3,30030,0,1,1,6,1,4818,5445,1
2,215,9,90120,0,3,0,7,0,4819,5446,2
14,1408,13,130020,0,3,0,7,0,4819,5447,1
14,1404,7,70200,0,1,0,7,0,4820,5448,1
17,1712,8,80070,0,1,0,5,0,4821,5449,1
8,816,1,10330,1,2,0,5,0,4822,5450,1
8,816,1,10330,1,2,0,5,0,4823,5451,1
17,1711,8,80270,0,1,1,4,2,4824,5452,1
21,2101,13,130020,0,3,0,5,0,4825,5453,1
19,1916,8,80060,0,2,0,6,0,4826,5454,1
5,526,1,10090,0,1,0,9,0,4827,5455,1
6,602,8,80030,0,3,0,5,0,4828,5456,1
6,602,8,80030,0,1,0,5,0,4829,5457,1
5,508,2,20140,0,1,0,7,0,4830,5458,1
5,508,2,20410,0,1,0,9,0,4831,5459,1
6,602,8,80030,0,3,0,6,0,4832,5460,1
10,1001,14,140060,0,3,0,6,0,4832,5461,2
5,537,1,10050,0,1,0,7,0,4833,5462,1
8,816,1,10330,0,2,0,7,0,4834,5463,1
5,537,1,10050,0,1,0,5,0,4835,5464,1
8,834,1,10330,0,2,0,7,0,4836,5465,1
8,834,1,10330,0,2,0,7,0,4837,5466,1
1,101,2,20150,0,1,0,7,0,4838,5467,1
1,101,2,20150,0,1,0,7,0,4839,5468,2
1,101,2,20150,0,2,0,7,0,4839,5469,1
8,823,9,90520,0,1,2,4,3,4840,5470,1
8,823,9,90520,0,1,1,5,2,4841,5471,1
7,714,14,140030,0,1,0,7,0,4842,5472,1
5,508,2,20410,0,1,0,7,0,4843,5473,1
5,534,4,40010,0,1,0,7,0,4843,5474,2
5,513,3,30160,0,2,0,9,0,4844,5475,3
9,904,10,100130,0,2,0,9,0,4844,5476,2
5,508,13,130020,0,1,0,9,0,4844,5477,1
8,816,1,10380,0,1,0,7,0,4845,5478,1
17,1704,8,80130,0,2,0,9,0,4846,5479,1
8,810,1,10600,1,1,1,6,1,4847,5480,1
8,824,1,10220,1,2,0,9,0,4848,5481,1
8,813,1,10330,0,1,0,9,0,4849,5483,1
8,838,1,10570,0,2,0,9,0,4850,5484,1
7,709,14,140030,0,2,1,5,2,4851,5485,1
8,834,1,10330,0,1,0,9,0,4852,5486,1
18,1802,12,120010,0,2,1,4,3,4853,5487,1
8,801,1,10600,0,1,0,7,0,4854,5488,1
5,512,3,30020,0,1,0,7,0,4855,5489,2
9,910,10,100130,0,1,0,7,0,4855,5490,1
2,211,9,90120,0,1,1,5,2,4856,5491,1
11,1113,9,90520,0,2,0,9,0,4857,5492,1
9,908,10,100130,0,2,0,9,0,4858,5493,1
7,708,8,80060,0,3,0,7,0,4859,5494,1
5,508,2,20410,0,1,0,7,0,4860,5495,1
5,518,2,20410,0,3,0,7,0,4861,5496,1
2,211,9,90120,0,3,0,7,0,4862,5497,1
8,808,9,90160,0,2,0,9,0,4863,5498,1
8,816,1,10330,0,2,0,9,0,4864,5499,1
9,909,10,100130,0,2,0,9,0,4865,5500,1
9,901,10,100130,0,3,0,7,0,4865,5501,2
16,1601,4,40070,0,1,0,9,0,4866,5502,1
8,810,1,10380,0,1,0,7,0,4867,5503,1
8,815,1,10330,0,1,0,7,0,4868,5504,1
8,808,9,90020,0,1,0,7,0,4869,5505,2
5,537,1,10050,0,1,0,7,0,4869,5506,1
4,434,14,140050,0,2,1,5,4,4870,5507,1
12,1204,8,80180,0,3,0,6,3,4871,5508,1
19,1904,8,80070,0,2,0,7,0,4872,5509,1
8,816,1,10330,0,1,0,7,0,4873,5510,1
8,824,1,10220,1,2,0,9,0,4874,5511,1
8,832,1,10560,0,1,1,5,2,4875,5512,1
4,412,14,140050,0,1,0,7,0,4876,5513,1
2,211,9,90120,0,3,0,9,0,4877,5514,1
5,534,2,20410,0,3,1,3,3,4878,5515,2
5,542,4,40010,0,3,1,4,3,4878,5516,1
7,709,14,140030,0,3,0,7,0,4879,5517,1
8,812,1,10380,0,1,0,7,0,4880,5518,1
4,409,14,140050,0,3,0,7,0,4881,5519,2
4,422,14,140050,0,3,0,7,0,4881,5520,1
5,531,1,10120,0,1,0,9,0,4882,5521,1
4,414,4,40050,0,1,0,8,0,4883,5522,1
8,812,1,10570,0,1,0,8,0,4884,5523,2
4,432,9,40010,0,1,0,8,0,4884,5524,1
8,816,1,10330,0,2,0,7,0,4885,5525,1
4,431,9,90500,0,3,0,9,0,4886,5526,1
1,101,2,20150,0,1,0,7,0,4887,5527,1
8,812,1,10600,0,2,1,5,4,4888,5528,1
4,420,9,90520,0,1,0,7,0,4889,5529,1
4,418,9,90120,0,3,0,9,0,4890,5530,1
8,812,1,10450,0,1,1,6,3,4891,5531,1
4,429,14,140050,0,1,0,3,0,4892,5532,1
9,911,10,100130,0,2,0,9,0,4893,5533,1
3,303,2,20110,0,1,0,7,0,4894,5534,1
8,816,1,10090,1,2,0,9,0,4895,5535,1
9,908,10,100130,0,1,0,7,0,4896,5536,1
18,1805,8,80100,0,2,0,7,0,4897,5537,1
18,1809,12,120010,0,2,0,9,0,4898,5538,1
18,1809,12,120010,0,1,0,9,0,4899,5539,1
9,904,10,100130,0,2,0,7,0,4900,5540,1
3,303,2,20260,0,2,1,7,2,4901,5541,1
19,1915,8,80060,0,3,0,9,0,4902,5542,1
4,433,9,10360,0,1,0,9,0,4903,5543,1
15,1504,5,50010,0,2,1,5,4,4904,5544,1
19,1915,8,80070,0,1,1,8,1,4905,5545,1
5,512,3,30020,0,1,1,6,1,4906,5546,2
17,1707,8,80110,0,1,1,6,1,4906,5547,1
11,1103,13,130020,0,3,0,8,1,4907,5548,1
4,409,9,90460,0,1,0,9,0,4908,5549,1
8,812,1,10440,0,1,0,7,0,4909,5550,1
5,537,1,10050,0,1,0,7,0,4910,5551,1
12,1205,8,80200,0,3,0,9,0,4911,5552,2
9,905,10,100130,0,2,0,9,0,4911,5553,1
8,824,1,10220,1,1,0,7,0,4912,5554,1
4,404,7,70080,0,2,1,6,1,4913,5555,1
1,101,2,20150,0,2,0,9,0,4914,5556,1
8,816,1,10330,0,1,1,5,4,4915,5557,1
7,719,14,140030,0,2,1,6,1,4916,5558,1
8,825,1,10230,0,1,0,7,0,4917,5559,1
8,824,1,10220,1,1,0,7,0,4918,5560,1
8,834,1,10330,0,1,0,7,0,4918,5561,2
5,517,2,20410,0,1,2,5,4,4919,5562,1
5,526,1,10090,0,1,0,7,0,4920,5563,1
8,824,1,10220,1,1,0,7,0,4921,5564,1
2,210,9,90120,0,3,0,9,0,4922,5565,1
8,833,1,10570,0,2,0,9,0,4923,5566,1
4,423,9,90130,0,3,0,7,0,4924,5567,1
8,812,1,10570,0,2,1,7,2,4925,5568,1
8,812,1,10570,0,2,1,7,2,4926,5569,1
5,514,1,10020,0,2,1,6,3,4927,5570,1
2,213,4,40040,0,2,1,6,3,4927,5571,2
13,1302,13,130020,0,1,0,9,0,4928,5572,1
5,504,1,10140,0,1,0,9,0,4929,5573,1
4,404,2,20140,0,2,0,7,0,4930,5574,1
14,1416,7,70120,0,1,1,4,3,4931,5575,1
19,1905,8,80070,0,2,0,7,0,4932,5576,1
2,211,9,90120,0,1,1,4,3,4933,5577,1
16,1601,4,40070,0,2,0,7,0,4934,5578,1
5,513,3,30160,0,2,0,8,0,4935,5579,1
2,211,9,90120,0,3,0,9,0,4936,5580,1
8,810,1,10220,1,1,0,7,0,4937,5581,1
8,836,1,10600,0,1,0,5,0,4938,5582,1
5,537,1,10060,0,2,0,5,0,4939,5583,1
8,822,1,10570,0,1,0,7,0,4940,5584,1
8,810,1,10570,0,1,0,7,0,4941,5585,1
2,211,9,90120,0,3,0,4,3,4942,5586,1
15,1501,5,50040,0,1,1,4,3,4943,5587,1
5,537,1,10050,0,1,1,4,3,4944,5588,1
8,824,1,10220,1,2,1,6,1,4945,5589,1
8,807,1,10360,0,1,1,3,2,4946,5590,1
19,1906,8,80070,0,1,0,7,0,4947,5591,1
2,211,7,70120,0,3,0,4,3,4948,5592,1
18,1812,12,120010,0,2,0,7,0,4949,5593,1
7,707,14,140030,0,3,0,7,0,4950,5594,1
12,1205,8,80200,0,3,0,8,0,4951,5595,1
12,1205,8,80200,0,3,0,9,0,4952,5596,1
6,602,8,80030,0,3,0,7,0,4953,5597,1
19,1909,1,10060,0,3,0,7,0,4953,5598,2
8,836,1,10600,0,1,0,5,0,4954,5599,1
11,1110,13,130020,0,3,0,7,0,4955,5600,1
14,1408,7,70200,0,1,0,7,0,4956,5601,1
8,832,1,10560,0,1,0,7,0,4957,5602,1
4,404,7,70200,0,1,0,9,0,4958,5603,1
19,1904,8,80080,0,3,0,9,0,4959,5604,1
15,1501,5,50040,0,1,0,9,0,4960,5605,1
10,1002,1,10570,0,2,0,7,0,4961,5606,1
13,1303,4,40040,0,1,0,9,0,4962,5607,1
5,534,4,40040,0,2,0,9,0,4963,5608,1
2,211,7,70120,0,3,0,7,1,4964,5609,1
4,429,14,140050,0,2,0,7,0,4965,5610,1
11,1103,13,130020,0,3,0,7,0,4966,5611,1
8,810,1,10570,1,2,0,5,0,4967,5612,1
15,1501,13,130020,0,2,0,7,0,4968,5613,1
8,823,1,10600,0,1,0,5,0,4969,5614,1
21,2102,13,130020,0,1,0,9,0,4970,5615,1
12,1201,8,80190,0,3,0,5,4,4971,5616,1
8,828,1,10050,0,2,0,5,2,4972,5617,1
4,406,9,90100,0,3,0,9,0,4973,5618,1
18,1802,12,120010,0,2,1,4,3,4974,5619,1
4,415,13,130020,0,3,0,7,2,4975,5620,1
8,824,1,10220,1,2,0,7,0,4976,5621,1
12,1204,8,80180,0,3,0,9,0,4977,5622,1
6,614,13,130020,0,3,0,5,0,4978,5623,1
8,816,1,10330,0,2,0,7,0,4979,5624,1
13,1301,13,130020,0,3,0,4,3,4980,5625,1
8,802,1,10570,0,2,0,7,0,4981,5626,1
1,101,2,20150,0,2,0,9,0,4982,5627,1
8,832,1,10560,0,2,0,7,0,4983,5628,1
8,832,1,10560,0,2,0,7,0,4984,5629,1
8,815,1,10330,0,2,0,7,0,4985,5630,1
1,106,2,20150,0,1,1,6,3,4986,5631,1
1,105,2,20150,0,2,1,4,3,4987,5632,1
18,1817,12,120010,0,1,0,9,0,4988,5633,1
4,406,14,140050,0,1,1,7,2,4989,5634,1
7,719,14,140030,0,3,0,5,4,4990,5635,1
14,1406,2,20410,0,1,0,9,0,4991,5636,1
8,836,4,40010,0,1,1,5,4,4992,5637,1
8,813,1,10330,0,2,1,6,3,4993,5638,1
19,1901,8,80070,0,1,0,9,0,4994,5639,1
4,420,9,90520,0,3,0,9,0,4995,5640,1
5,508,2,20410,0,1,0,9,0,4996,5641,3
2,213,4,40010,0,2,0,9,0,4996,5642,1
5,525,4,40040,0,2,0,9,0,4996,5643,2
5,508,2,20410,0,2,0,7,0,4997,5644,1
8,842,1,10010,0,1,0,5,2,4998,5645,1
5,512,3,30010,0,1,1,5,4,4999,5646,1
4,420,9,90330,0,3,0,9,0,5000,5647,1
2,210,9,90120,0,3,0,7,0,5001,5648,1
5,541,2,20410,0,2,1,5,4,5002,5649,1
8,810,1,10570,0,2,0,9,0,5003,5650,1
20,2004,14,140070,0,3,0,8,1,5004,5651,1
20,2004,14,140070,0,3,0,9,0,5005,5652,1
18,1812,8,80100,0,3,0,9,0,5006,5653,1
4,413,9,90520,0,2,0,9,0,5007,5654,1
5,531,1,10120,0,1,0,9,0,5008,5655,1
9,908,10,100120,0,2,0,7,0,5009,5656,1
9,907,10,100130,0,3,0,7,0,5009,5657,2
9,908,10,100120,0,2,0,7,0,5010,5658,1
10,1001,8,80060,0,3,0,5,4,5011,5659,1
8,807,1,10360,0,2,1,6,3,5012,5660,1
5,501,2,20410,0,1,0,9,0,5013,5661,1
5,511,2,20410,0,2,1,6,1,5014,5662,1
5,508,2,20410,0,1,0,7,0,5014,5663,2
8,813,1,10330,0,2,1,5,4,5015,5664,1
2,212,9,90120,0,3,0,7,0,5016,5665,1
5,512,3,30020,0,2,0,9,0,5017,5666,1
5,512,3,30010,0,3,0,8,1,5018,5667,1
5,537,1,10050,0,1,0,9,0,5019,5668,1
2,210,9,90120,0,2,0,7,0,5020,5669,1
4,420,9,90520,0,1,1,6,3,5021,5670,1
4,420,9,90520,0,1,0,7,0,5022,5671,1
7,705,14,140030,0,3,0,9,0,5021,5672,2
8,812,1,10440,0,1,0,9,0,5023,5673,1
12,1201,8,80190,0,3,0,7,2,5024,5674,1
8,838,1,10570,0,1,2,5,4,5025,5675,1
19,1906,8,80070,0,1,0,9,0,5026,5676,1
19,1906,8,80060,0,2,1,6,3,5027,5677,1
19,1914,8,80060,0,1,0,9,0,5027,5678,2
18,1808,12,120010,0,2,0,9,0,5028,5679,1
4,431,9,90500,0,1,1,8,1,5029,5680,1
6,611,8,80120,0,1,0,9,0,5030,5681,1
7,709,14,140030,0,1,0,9,0,5031,5682,1
7,709,14,140030,0,1,0,9,0,5032,5683,1
5,536,1,10090,0,1,2,6,3,5033,5684,1
8,840,1,10330,0,2,0,9,0,5034,5685,1
4,432,4,40010,0,1,0,7,0,5035,5686,1
7,703,8,80070,0,3,0,9,0,5036,5687,1
8,836,1,10600,0,1,1,5,2,5037,5688,1
8,810,1,10220,1,1,1,5,4,5038,5689,1
11,1106,14,140030,0,3,0,7,2,5039,5690,1
7,702,14,140030,0,3,0,7,0,5040,5691,1
8,840,1,10330,0,1,0,7,0,5041,5692,1
8,804,1,10330,0,2,0,7,0,5042,5693,1
19,1915,14,140060,0,3,0,9,0,5043,5694,1
19,1904,9,90100,0,1,0,9,0,5044,5695,1
8,812,1,10570,0,2,0,9,0,5045,5696,1
18,1817,12,120010,0,2,0,9,0,5046,5697,1
5,525,1,10140,0,1,0,9,0,5047,5698,1
4,408,14,140050,0,2,0,9,0,5048,5699,1
2,215,4,40030,0,1,0,9,0,5049,5700,1
8,821,1,10330,0,1,0,9,0,5050,5701,1
8,816,1,10330,0,2,0,7,0,5051,5702,1
2,213,4,40020,0,2,1,6,3,5052,5703,1
8,819,1,10360,0,1,0,9,0,5053,5704,1
4,422,14,140050,0,1,0,7,0,5054,5705,1
5,517,2,20410,0,2,0,9,0,5055,5706,1
8,816,1,10330,0,1,1,7,2,5056,5707,1
8,824,1,10220,1,2,0,5,0,5057,5708,1
5,537,1,10050,0,2,1,6,3,5058,5709,1
5,537,1,10050,0,2,1,6,3,5059,5710,1
14,1410,7,70080,0,1,1,6,1,5060,5711,1
8,832,1,10560,0,1,0,7,0,5061,5712,1
19,1906,8,80060,0,3,0,7,0,5062,5713,1
5,519,4,20410,0,1,0,9,0,5063,5714,1
2,215,9,90120,0,3,0,9,0,5063,5715,2
8,834,1,10360,0,2,0,7,0,5064,5716,1
5,534,4,40010,0,2,1,5,4,5065,5717,1
18,1805,12,120010,0,1,1,7,2,5066,5718,1
19,1906,14,140060,0,1,0,9,0,5067,5719,1
8,819,1,10160,0,2,0,9,0,5068,5720,1
4,429,9,90500,0,3,0,9,0,5069,5721,1
8,832,1,10560,0,1,1,8,1,5070,5722,1
8,824,1,10220,1,1,0,7,0,5071,5723,1
17,1712,14,140030,0,3,1,7,2,5072,5724,1
5,509,14,140040,0,2,0,7,0,5073,5725,1
8,807,1,10360,0,2,0,7,0,5074,5726,1
11,1109,13,130020,0,3,0,6,1,5075,5727,1
8,815,1,10330,0,1,0,7,0,5076,5728,1
6,605,14,140080,0,2,0,7,0,5077,5729,1
5,535,4,40020,0,2,0,9,0,5078,5730,1
8,815,1,10330,0,1,0,9,0,5079,5731,1
14,1410,7,70080,0,1,1,5,2,5080,5732,1
19,1917,3,30030,0,2,0,9,0,5081,5733,1
5,508,2,20070,0,2,0,9,0,5082,5734,1
19,1916,8,80060,0,3,0,7,0,5083,5735,1
15,1503,5,50010,0,3,0,7,0,5084,5736,1
14,1406,7,70010,0,1,0,9,0,5085,5737,1
14,1406,2,20410,0,3,0,7,0,5086,5738,1
18,1817,12,120010,0,2,1,4,3,5087,5739,1
8,832,1,10560,0,1,0,7,0,5088,5740,1
14,1406,2,20410,0,2,1,6,2,5089,5741,1
8,833,1,10330,0,2,0,7,0,5090,5742,1
11,1109,13,130020,0,3,0,7,0,5091,5743,1
4,411,1,10330,0,2,0,7,0,5092,5744,1
8,834,1,10360,0,1,0,7,0,5093,5745,1
8,834,1,10360,0,1,0,7,0,5094,5746,1
14,1404,14,140030,0,3,2,6,1,5095,5747,1
8,821,1,10330,0,2,0,5,0,5096,5748,1
8,819,1,10160,0,2,1,4,3,5097,5749,2
8,824,1,10220,1,2,1,4,3,5097,5750,1
8,835,1,10220,1,1,0,7,0,5098,5751,1
17,1717,8,80350,0,3,0,9,0,5099,5752,1
8,838,1,10570,1,1,0,7,0,5100,5753,1
8,836,1,10570,1,2,1,6,1,5101,5754,1
12,1204,8,80180,0,3,0,7,0,5102,5755,1
8,808,1,10600,0,2,1,5,3,5103,5756,1
8,832,1,10560,0,1,0,7,0,5104,5757,1
8,824,1,10220,1,2,1,8,0,5103,5758,2
16,1609,14,140010,0,3,0,6,0,5105,5759,1
5,537,1,10050,0,1,0,7,0,5106,5760,1
7,709,14,140030,0,3,0,4,3,5107,5761,1
8,834,1,10360,0,2,0,7,0,5108,5762,1
9,904,10,100130,0,2,0,7,0,5109,5763,1
18,1815,12,120010,0,2,1,4,3,5110,5764,1
8,837,1,10600,0,1,1,5,2,5111,5765,1
8,819,1,10160,0,3,0,9,0,5112,5766,1
8,835,1,10220,1,1,0,7,0,5113,5767,1
8,835,1,10220,1,1,0,7,0,5114,5768,1
14,1404,14,140030,0,2,0,7,0,5115,5769,1
4,422,14,140050,0,1,0,7,0,5116,5770,1
5,517,2,20410,0,3,0,7,0,5117,5771,1
1,103,2,20150,0,1,0,7,0,5118,5772,1
11,1107,13,130020,0,3,0,7,0,5119,5773,1
4,413,14,140050,0,2,0,7,0,5120,5774,1
2,215,9,90120,0,1,1,7,1,5121,5775,1
8,824,1,10220,1,1,0,7,0,5122,5776,1
8,833,1,10600,0,1,1,5,2,5123,5777,1
6,601,14,140080,0,1,0,5,0,5124,5778,1
4,413,4,40060,0,3,0,7,0,5125,5779,1
5,537,1,10050,0,1,0,7,0,5126,5780,1
8,808,1,10600,0,3,0,5,0,5127,5781,1
9,902,10,100130,0,1,0,7,0,5128,5782,1
18,1813,12,120010,0,1,0,9,0,5129,5783,1
8,832,1,10560,0,2,1,6,1,5130,5784,1
8,815,1,10330,1,1,1,5,4,5131,5785,1
8,822,1,10600,0,3,0,4,3,5132,5786,1
8,822,1,10600,0,3,0,6,1,5133,5787,1
8,822,1,10600,0,3,0,5,0,5134,5788,1
5,539,1,10590,0,2,0,7,0,5135,5789,1
8,813,1,10330,0,1,1,8,1,5136,5790,1
8,815,1,10330,1,1,1,5,2,5137,5791,1
18,1805,12,120010,0,2,1,5,2,5138,5792,1
5,508,2,20410,0,1,1,6,1,5139,5793,3
5,513,3,30160,0,1,1,6,1,5139,5794,2
5,534,2,20410,0,1,1,6,1,5139,5795,1
5,501,2,20410,0,2,0,8,0,5140,5796,1
5,503,2,20410,0,2,0,8,0,5140,5797,3
5,512,3,30010,0,2,0,8,0,5140,5798,2
5,531,1,10120,0,1,1,5,2,5141,5799,1
5,509,4,40010,0,2,1,6,1,5142,5800,1
8,838,1,10440,0,2,0,5,0,5143,5801,3
5,509,4,40040,0,2,0,5,0,5143,5802,2
5,525,4,40040,0,2,0,5,0,5143,5803,1
5,537,1,10050,0,1,0,7,0,5144,5804,1
8,824,1,10220,1,2,1,5,2,5145,5805,1
5,513,3,30160,0,1,1,4,3,5146,5806,1
5,532,4,10160,0,1,1,4,3,5147,5807,1
14,1408,7,70200,0,1,1,5,2,5148,5808,1
17,1713,8,80350,0,3,0,9,0,5149,5809,1
13,1303,9,90020,0,1,0,9,0,5150,5810,1
8,824,1,10220,1,1,1,7,2,5151,5811,1
4,402,14,140050,0,3,0,5,4,5152,5812,1
4,402,14,140050,0,3,0,5,4,5153,5813,1
8,808,1,10600,0,2,0,7,0,5154,5814,1
13,1303,9,90020,0,1,0,9,0,5155,5815,1
5,518,2,20410,0,2,0,7,0,5156,5816,1
19,1906,14,140060,0,1,0,9,0,5157,5817,1
18,1812,8,80100,0,1,0,7,0,5158,5818,1
17,1714,8,80350,0,3,0,9,0,5159,5819,1
19,1916,14,140060,0,1,0,7,0,5160,5820,1
8,818,14,140040,0,1,0,7,0,5161,5821,1
9,903,10,100130,0,1,1,6,3,5162,5822,1
14,1410,7,70080,0,1,1,6,3,5163,5823,1
14,1410,7,70080,0,1,1,6,3,5164,5824,1
8,812,1,10570,0,1,0,7,0,5165,5825,1
8,801,1,10600,0,2,1,5,2,5166,5826,1
8,808,1,10600,0,1,0,9,0,5167,5827,1
7,709,14,140030,0,1,0,9,0,5168,5828,1
8,810,1,10570,0,1,0,9,0,5169,5829,1
19,1917,3,30030,1,3,0,9,0,5170,5830,1
19,1917,3,30030,1,2,0,9,0,5171,5831,1
5,529,1,10270,0,1,0,9,0,5172,5832,1
17,1704,8,80130,0,3,0,7,0,5173,5833,1
5,534,2,20410,0,2,0,9,0,5174,5834,1
2,204,9,90120,0,1,0,9,0,5174,5835,2
7,703,8,80060,0,3,1,5,4,5175,5836,2
7,702,14,140030,0,3,0,9,0,5175,5837,1
19,1906,14,140060,0,3,0,9,0,5176,5838,1
5,503,2,20410,0,1,0,9,0,5177,5839,2
5,534,2,20410,0,2,0,9,0,5177,5840,1
5,537,1,10050,0,1,0,7,0,5178,5841,1
5,537,1,10050,0,2,1,4,3,5179,5842,1
8,810,1,10570,1,1,0,7,0,5180,5843,1
17,1712,6,60010,0,3,0,9,0,5181,5844,1
10,1001,8,80060,0,1,0,9,0,5182,5845,3
19,1906,8,80060,0,1,0,9,0,5182,5846,1
19,1915,8,80060,0,1,0,9,0,5182,5847,2
8,813,1,10360,0,1,0,9,0,5183,5848,1
8,812,1,10570,0,1,0,9,0,5184,5849,1
18,1811,8,80100,0,3,0,9,0,5185,5850,1
8,804,1,10600,0,1,1,5,2,5186,5851,1
5,537,1,10050,0,1,1,8,1,5187,5852,2
5,512,3,30010,0,1,1,8,1,5187,5853,1
8,818,14,140040,0,1,1,8,1,5187,5854,3
1,105,2,20150,0,1,1,5,4,5188,5855,2
17,1704,8,80130,0,2,1,5,4,5188,5856,1
8,835,1,10200,1,2,0,7,0,5189,5857,1
8,840,1,10330,0,2,0,7,0,5189,5858,2
13,1307,13,130020,0,3,0,9,0,5190,5859,1
8,842,1,10010,0,1,1,5,2,5191,5860,1
8,830,1,10600,0,1,1,8,1,5192,5861,1
5,503,2,20410,0,1,0,9,0,5193,5862,1
5,512,3,30010,0,1,0,7,0,5194,5863,1
5,537,1,10060,0,1,0,9,0,5195,5864,1
8,823,9,90510,0,1,0,3,0,5196,5865,1
8,838,1,10570,0,1,0,9,0,5197,5866,1
5,503,2,20410,0,2,0,9,0,5198,5867,1
14,1410,7,70080,0,2,0,5,4,5199,5868,1
14,1410,7,70080,0,1,0,9,0,5200,5869,1
14,1410,7,70080,0,1,0,9,0,5201,5870,1
5,537,1,10050,0,1,1,4,3,5202,5871,1
8,824,1,10220,1,1,0,9,0,5203,5872,1
7,709,14,140030,0,2,0,9,0,5204,5873,1
14,1408,7,70200,0,1,0,9,0,5205,5874,1
5,531,1,10120,0,1,1,5,4,5206,5875,1
5,531,1,10120,0,1,1,6,3,5207,5876,1
5,531,1,10120,0,1,0,9,0,5208,5877,1
9,907,10,100130,0,2,1,7,2,5209,5878,1
9,904,10,100130,0,2,1,8,1,5210,5879,1
9,908,10,100130,0,1,2,9,0,5209,5880,2
13,1307,9,90500,0,2,0,9,0,5211,5881,1
5,512,3,30010,0,2,0,9,0,5212,5882,2
4,412,14,140040,0,2,0,9,0,5212,5883,1
8,824,1,10220,1,1,0,7,0,5213,5884,1
1,103,2,20150,0,1,0,9,0,5214,5885,1
2,211,9,90120,0,3,0,9,0,5214,5886,2
4,422,14,140050,0,2,0,7,0,5215,5887,1
9,913,10,100130,0,3,0,9,0,5216,5888,1
9,913,10,100130,0,3,0,9,0,5217,5889,1
8,837,1,10600,0,1,0,7,0,5218,5890,1
6,610,8,80350,0,3,0,9,0,5219,5891,1
6,610,8,80350,0,3,0,9,0,5220,5892,1
8,810,1,10300,0,1,0,7,0,5221,5893,1
19,1904,9,90100,0,2,0,7,0,5222,5894,1
8,836,9,90320,0,1,0,7,0,5223,5895,1
8,808,6,60010,0,3,0,3,0,5224,5896,1
4,420,9,90510,0,2,0,3,0,5225,5897,1
1,101,2,20150,0,1,0,9,0,5226,5898,1
2,215,9,90120,0,3,0,9,0,5226,5899,2
5,537,1,10050,0,1,1,7,2,5227,5900,1
13,1303,9,90500,0,2,0,9,0,5228,5901,1
13,1303,9,90500,0,2,0,9,0,5229,5902,1
8,810,1,10600,0,1,0,7,0,5230,5903,1
6,602,8,80030,0,1,0,8,1,5231,5904,1
9,902,10,100130,0,3,0,8,1,5232,5905,1
4,429,14,140050,0,3,0,7,0,5233,5906,1
4,430,14,140050,0,3,0,7,0,5234,5907,1
4,429,14,140050,0,3,0,7,0,5235,5908,1
4,430,9,90330,0,3,0,7,0,5236,5909,1
4,420,9,90330,0,3,0,7,0,5237,5910,1
4,420,9,90330,0,3,0,7,0,5238,5911,1
2,211,9,90120,0,3,0,9,0,5239,5912,1
8,830,1,10600,0,1,0,9,0,5240,5913,1
5,512,3,30010,0,1,0,9,0,5241,5914,1
5,542,4,40010,0,1,0,9,0,5241,5915,2
8,834,1,10600,0,1,1,6,1,5242,5916,1
8,808,1,10600,0,3,0,9,0,5243,5917,1
5,534,4,40010,0,1,0,9,0,5244,5918,2
8,808,1,10600,0,1,0,9,0,5244,5919,1
2,211,9,90120,0,3,0,9,0,5245,5920,2
2,215,9,90120,0,3,0,9,0,5245,5921,1
8,824,1,10220,1,1,1,4,3,5246,5922,1
19,1917,3,30030,0,3,0,8,1,5247,5923,2
4,402,14,140050,0,3,0,8,1,5247,5924,1
11,1109,13,130020,0,3,0,7,0,5248,5925,2
11,1110,13,130020,0,3,0,7,0,5248,5926,3
11,1111,13,130020,0,3,0,7,0,5248,5927,1
9,914,10,100130,0,2,0,9,0,5249,5928,1
5,508,2,20410,0,1,0,9,0,5250,5929,1
8,824,1,10220,1,1,1,6,3,5251,5930,1
8,807,1,10600,0,1,1,6,1,5252,5931,1
7,719,14,140030,0,2,1,5,4,5253,5932,1
8,808,1,10600,0,1,0,7,0,5254,5933,1
8,840,1,10330,0,2,1,5,2,5255,5934,1
4,429,14,140050,0,3,0,9,0,5256,5935,1
8,812,1,10520,0,1,0,9,0,5257,5936,2
4,420,9,90340,0,1,0,9,0,5257,5937,1
5,508,2,20410,0,1,1,8,1,5258,5938,2
5,511,2,20410,0,1,1,8,1,5258,5939,1
5,537,1,10050,0,1,0,7,0,5259,5940,1
8,816,1,10330,0,2,0,9,0,5260,5941,1
10,1001,13,130020,0,3,0,9,0,5261,5942,3
16,1604,14,140010,0,3,0,9,0,5261,5943,1
19,1910,14,140060,0,3,0,9,0,5261,5944,2
10,1003,8,80060,0,1,0,9,0,5262,5945,2
4,424,14,140050,0,3,0,9,0,5262,5946,1
15,1501,5,50040,0,1,0,9,0,5263,5947,1
6,610,8,80120,0,3,0,7,0,5264,5948,1
12,1205,8,80200,0,3,0,7,0,5265,5949,1
8,838,1,10380,0,1,1,6,3,5266,5950,1
8,813,1,10330,0,1,1,5,2,5267,5951,1
3,305,1,10480,0,3,0,9,0,5268,5952,1
2,213,9,90120,0,3,0,9,0,5268,5953,2
8,836,1,10600,0,1,1,6,1,5269,5954,1
4,429,14,140050,0,3,0,3,0,5270,5955,1
5,537,1,10050,0,1,0,7,0,5271,5956,1
5,534,4,40010,0,1,0,9,0,5272,5957,1
11,1109,13,130020,0,3,0,7,0,5273,5958,1
18,1802,12,120010,0,1,1,4,3,5274,5959,1
5,508,2,20410,0,1,0,9,0,5275,5960,1
5,511,2,20410,0,1,0,9,0,5275,5961,3
5,534,4,40010,0,1,0,9,0,5275,5962,2
18,1808,12,120010,0,3,0,5,2,5276,5963,1
18,1808,12,120010,0,3,0,7,0,5277,5964,1
8,836,1,10600,0,1,1,5,4,5278,5965,1
19,1910,14,140060,0,3,0,9,0,5279,5966,1
8,832,1,10560,0,2,0,9,0,5280,5967,1
5,534,10,100130,0,2,0,9,0,5281,5968,1
9,902,10,100130,0,2,0,9,0,5281,5969,2
8,834,1,10600,0,2,0,9,0,5282,5970,1
5,536,1,10090,0,2,1,8,1,5283,5971,2
5,531,1,10120,0,2,1,8,1,5283,5972,3
5,530,4,40040,0,2,1,8,1,5283,5973,1
19,1917,3,30030,0,3,0,9,0,5284,5974,1
5,537,1,10050,0,1,0,5,0,5285,5975,1
8,810,1,10570,0,2,0,9,0,5286,5976,1
8,824,1,10220,1,1,1,3,2,5287,5977,1
8,812,1,10570,0,1,1,8,1,5288,5978,2
8,807,1,10570,0,2,1,8,1,5288,5979,1
2,215,9,90120,0,3,0,9,0,5289,5980,1
2,211,9,90120,0,3,0,7,0,5290,5981,1
8,824,1,10220,1,2,1,6,3,5291,5982,1
8,824,1,10220,1,1,0,9,0,5292,5983,1
1,101,2,20150,0,1,0,7,0,5293,5984,1
1,103,2,20150,0,1,0,7,0,5293,5985,2
14,1406,2,20410,0,2,0,9,0,5294,5986,1
8,810,1,10570,0,1,0,9,0,5295,5987,1
2,215,9,90120,0,3,0,7,0,5296,5988,1
9,908,10,100130,0,2,0,9,0,5297,5989,1
2,210,9,90120,0,3,0,9,0,5298,5990,1
2,215,9,90120,0,3,0,9,0,5298,5991,2
2,213,9,90120,0,3,0,7,0,5299,5992,1
18,1815,12,120010,0,2,0,9,0,5300,5993,1
11,1110,13,130020,0,3,0,7,0,5301,5994,1
11,1110,13,130020,0,3,0,7,0,5302,5995,1
9,905,10,100130,0,1,0,9,0,5303,5996,1
18,1817,12,120010,0,1,0,7,0,5304,5997,1
2,215,9,90120,0,3,0,7,0,5305,5998,1
15,1502,5,50040,0,2,1,6,3,5306,5999,2
15,1505,5,50010,0,2,1,6,3,5306,6000,1
17,1713,8,80320,0,3,0,9,0,5307,6001,1
8,816,1,10330,0,1,1,6,3,5308,6002,1
8,817,1,10330,0,1,0,7,0,5309,6003,1
5,513,3,30160,0,1,0,9,0,5310,6004,1
2,210,9,90120,0,3,0,9,0,5310,6005,2
17,1717,8,80350,0,3,0,7,0,5311,6006,1
4,413,14,140050,0,3,0,7,0,5312,6007,1
2,215,9,90120,0,3,0,7,0,5313,6008,1
8,812,1,10570,0,1,0,7,0,5314,6009,1
2,203,9,90120,0,3,0,7,0,5315,6010,1
8,832,1,10560,0,2,0,7,0,5316,6011,1
18,1810,12,120010,0,2,0,7,0,5317,6012,1
8,824,1,10220,1,1,0,7,0,5318,6013,1
5,537,1,10050,0,2,0,9,0,5319,6014,1
4,420,4,40060,0,3,0,7,0,5320,6015,1
4,413,4,40060,0,3,0,7,0,5321,6016,1
4,413,4,40060,0,3,0,7,0,5322,6017,1
18,1813,12,120010,0,2,0,7,0,5323,6018,1
8,817,1,10330,0,1,0,9,0,5324,6019,1
8,836,1,10600,0,1,1,5,2,5325,6020,1
9,913,10,100130,0,1,0,9,0,5326,6021,1
8,807,1,10570,0,1,0,7,0,5327,6022,1
8,812,1,10570,0,2,0,7,0,5328,6023,1
8,836,1,10600,0,2,0,7,0,5328,6024,2
19,1903,14,140060,0,3,0,6,1,5329,6025,2
19,1914,14,140060,0,3,0,6,1,5329,6026,1
8,807,1,10570,0,1,1,8,1,5330,6027,1
2,216,9,90120,0,3,0,9,0,5331,6028,1
4,429,8,80060,0,3,0,7,0,5332,6029,2
7,709,14,140030,0,3,0,7,0,5332,6030,1
8,810,1,10570,0,1,0,7,0,5333,6031,1
19,1901,14,140060,0,3,0,7,2,5334,6032,1
8,807,1,10570,0,1,0,7,0,5335,6033,1
12,1201,8,80190,0,3,0,5,4,5336,6034,1
12,1201,8,80190,0,3,0,5,4,5337,6035,2
2,215,9,90120,0,3,0,5,4,5337,6036,1
2,210,9,90120,0,3,0,9,0,5338,6037,1
12,1201,8,80190,0,3,0,9,0,5339,6038,1
2,215,9,90120,0,3,0,9,0,5339,6039,2
4,425,9,90460,0,1,0,7,0,5340,6040,1
8,812,1,10570,0,1,0,7,0,5341,6041,1
8,840,1,10330,0,1,0,7,0,5342,6042,2
8,812,1,10570,0,1,0,7,0,5342,6043,1
8,828,1,10560,0,1,0,7,0,5343,6044,1
4,432,4,40010,0,2,0,7,0,5344,6045,2
18,1805,12,120010,0,2,0,7,0,5344,6046,1
5,503,2,20410,0,2,0,7,0,5345,6047,2
8,831,1,10600,0,2,0,7,0,5345,6048,1
4,426,9,90310,0,3,0,9,0,5346,6049,1
4,431,14,140050,0,1,0,7,0,5347,6050,1
8,812,1,10380,0,1,0,9,0,5348,6051,1
8,836,1,10600,0,2,0,9,0,5349,6052,1
8,824,1,10200,1,1,1,5,4,5350,6053,1
8,834,1,10330,0,2,1,6,1,5351,6054,1
7,708,14,140030,0,1,1,6,1,5352,6055,1
7,719,14,140030,0,1,0,7,0,5352,6056,2
18,1802,12,120010,0,1,0,7,0,5353,6057,1
5,537,1,10050,0,1,1,6,1,5354,6058,1
8,834,1,10600,0,2,0,5,0,5355,6059,1
5,505,2,20410,0,3,0,4,3,5356,6060,1
8,812,1,10570,0,2,0,6,1,5357,6061,1
8,837,1,10600,0,3,0,6,1,5357,6062,2
8,810,1,10570,0,2,1,4,3,5358,6063,1
8,838,1,10570,0,2,1,4,3,5358,6064,2
5,526,1,10090,0,1,1,5,2,5359,6065,3
5,534,4,40010,0,1,1,5,2,5359,6066,2
5,522,4,40040,0,1,1,5,2,5359,6067,1
5,526,1,10090,0,1,1,6,3,5360,6068,1
12,1204,8,80180,0,3,0,7,0,5361,6069,1
5,508,2,20410,0,2,0,7,0,5362,6070,1
8,836,1,10600,0,1,0,7,0,5363,6071,1
8,812,1,10380,0,1,0,7,0,5364,6072,1
2,215,9,90120,0,3,0,7,0,5365,6073,1
2,210,9,90120,0,3,0,7,0,5366,6074,1
5,537,1,10050,0,1,1,5,2,5367,6075,1
6,602,8,80030,0,2,1,7,2,5368,6076,1
17,1713,8,80320,0,3,0,5,4,5369,6077,1
4,403,9,90440,0,3,0,5,4,5369,6078,2
8,834,1,10600,0,1,0,7,0,5370,6079,3
5,512,3,30010,0,1,0,7,0,5370,6080,1
5,534,4,40010,0,1,0,7,0,5370,6081,2
5,519,2,20410,0,1,0,7,0,5371,6082,1
2,213,9,90120,0,3,0,7,0,5371,6083,2
10,1003,8,80060,0,3,0,9,0,5372,6084,1
10,1007,14,140010,0,3,0,9,0,5372,6085,2
5,513,3,30160,0,2,2,6,1,5373,6086,2
5,529,4,40040,0,2,1,6,1,5373,6087,1
8,825,1,10190,0,1,0,9,0,5374,6088,1
8,825,1,10230,0,1,0,9,0,5375,6089,1
8,825,1,10230,0,1,0,9,0,5376,6090,1
8,812,1,10570,0,2,1,4,3,5377,6091,1
8,808,1,10600,0,1,0,7,0,5378,6092,1
8,832,1,10560,0,2,1,8,1,5379,6093,2
8,810,1,10570,0,1,0,9,0,5379,6094,1
8,808,1,10600,0,1,1,6,1,5380,6095,1
5,508,2,20410,0,1,1,5,4,5381,6096,1
14,1408,7,70200,0,1,1,5,2,5382,6097,1
8,807,1,10570,0,1,0,9,0,5383,6098,1
8,808,1,10600,0,1,0,5,0,5384,6099,1
8,808,1,10600,0,1,1,3,2,5385,6100,1
8,818,14,140040,0,2,1,6,2,5386,6101,1
5,512,3,30010,0,1,0,6,0,5387,6102,1
5,513,3,30160,0,1,0,6,0,5387,6103,3
2,215,9,90120,0,3,0,6,0,5387,6104,2
8,812,1,10570,1,1,0,7,0,5388,6105,1
16,1601,4,40070,0,1,0,9,0,5389,6106,1
1,103,2,20150,0,2,1,6,2,5390,6107,1
8,832,1,10560,0,2,0,7,0,5391,6108,1
8,808,1,10600,0,2,1,5,2,5392,6109,1
8,824,1,10220,1,2,0,7,0,5393,6110,1
19,1901,14,140060,0,3,0,7,0,5394,6111,1
4,429,14,140050,0,3,0,4,3,5395,6112,1
8,834,1,10600,0,1,0,5,0,5396,6113,1
8,824,1,10220,1,2,0,7,0,5397,6114,1
8,836,1,10600,0,1,0,7,0,5398,6115,1
5,539,1,10590,0,2,0,7,0,5399,6116,1
8,840,1,10330,0,1,0,5,0,5400,6117,1
8,812,1,10570,0,1,0,7,0,5401,6118,2
5,534,4,40010,0,1,0,7,0,5401,6119,1
4,401,4,40010,0,1,0,9,0,5402,6120,2
4,426,9,90310,0,3,0,9,0,5402,6121,1
8,810,1,10570,0,2,1,3,2,5403,6122,1
8,812,1,10570,0,2,0,7,0,5404,6123,1
18,1802,12,120010,0,1,0,9,0,5405,6124,1
19,1901,14,140060,0,3,0,9,0,5406,6125,1
8,816,1,10330,0,2,0,9,0,5407,6126,1
8,810,1,10570,1,1,1,6,1,5408,6127,1
10,1011,13,130020,0,3,0,7,0,5409,6128,1
14,1402,7,70010,0,2,1,6,3,5410,6129,1
2,215,9,90120,0,3,0,6,3,5410,6130,2
8,815,1,10330,0,2,0,9,0,5411,6131,1
3,305,1,10480,0,1,0,7,0,5412,6132,1
2,215,9,90120,0,3,0,7,0,5412,6133,2
4,429,14,140050,0,3,0,7,0,5413,6134,1
8,804,1,10600,0,1,0,5,0,5414,6135,1
17,1712,8,80070,0,3,0,9,0,5415,6136,1
3,304,2,20310,0,3,0,9,0,5416,6137,1
8,815,1,10330,0,2,1,5,2,5417,6138,1
4,430,14,140050,0,1,1,4,3,5418,6139,2
5,517,2,20410,0,1,1,4,3,5418,6140,1
8,808,9,90330,0,1,1,5,4,5460,6226,1
9,907,10,100130,0,1,0,9,0,5461,6227,1
9,908,10,100030,0,1,0,9,0,5461,6228,2
7,720,14,140030,0,1,0,7,0,5462,6229,1
14,1408,7,70210,0,2,1,5,2,5463,6230,1
5,519,1,10600,0,1,2,6,3,5464,6231,1
18,1815,12,120010,0,2,0,7,0,5469,6236,1
8,807,1,10050,0,1,1,5,4,5470,6237,1
8,807,1,10050,0,1,0,9,0,5471,6238,1
6,614,9,90100,0,2,0,7,0,5472,6239,1
17,1704,8,80130,0,2,0,7,0,5473,6240,1
8,808,1,10370,0,1,1,6,1,5474,6241,1
7,701,13,130020,0,3,1,5,2,5475,6242,1
8,810,1,10570,1,1,2,6,1,5476,6243,1
8,810,1,10570,1,1,1,5,2,5477,6244,1
17,1702,8,80010,0,1,1,7,2,5478,6245,1
4,402,14,140050,0,1,0,7,2,5478,6246,2
17,1702,8,80010,0,2,0,9,0,5479,6247,1
19,1916,14,140060,0,2,0,9,0,5479,6248,2
4,402,14,140050,0,2,0,9,0,5479,6249,3
21,2101,14,140060,0,2,0,9,0,5480,6250,1
4,402,14,140050,0,2,0,9,0,5480,6251,2
5,537,1,10050,0,2,0,9,0,5481,6252,1
5,509,1,10050,0,1,0,9,0,5481,6253,2
8,824,1,10150,1,1,1,6,1,5482,6254,1
8,840,1,10370,0,2,0,7,0,5482,6255,2
8,810,1,10600,0,2,0,9,0,5483,6256,1
8,812,1,10600,0,1,0,9,0,5484,6257,1
6,614,14,140020,0,1,1,6,1,5485,6259,1
5,511,3,30150,0,2,0,9,0,5486,6260,1
8,816,1,10370,0,1,0,5,0,5487,6261,1
8,812,1,10380,0,1,0,5,0,5488,6262,1
8,834,1,10370,0,1,0,5,0,5489,6263,1
4,420,14,140050,0,3,1,8,1,5490,6264,1
8,824,1,10220,1,1,0,7,0,5491,6265,1
5,514,1,10020,0,2,0,8,0,5492,6266,1
17,1710,8,80110,0,2,1,6,3,5493,6267,1
17,1706,8,80110,0,2,0,7,0,5494,6268,1
21,2101,14,140030,0,1,0,7,0,5495,6269,1
13,1305,9,90330,0,1,0,9,0,5496,6270,1
17,1705,8,80120,0,2,0,7,0,5497,6271,1
5,529,2,20240,0,1,0,9,0,5498,6272,1
8,834,1,10050,1,1,0,9,0,5499,6273,1
7,707,14,140030,0,3,0,7,0,5500,6274,1
7,707,14,140030,0,3,2,6,1,5501,6275,1
8,812,1,10570,0,1,0,7,0,5502,6276,1
1,104,12,120010,0,1,0,7,0,5503,6277,1
4,402,14,140050,0,2,0,7,0,5504,6278,1
7,708,14,140030,0,2,1,7,2,5505,6279,1
2,213,4,40010,0,3,2,6,3,5506,6280,1
7,707,14,140030,0,2,2,8,1,5507,6281,1
17,1714,8,80350,0,2,1,8,1,5508,6283,1
5,509,1,10120,0,1,1,3,2,5509,6284,1
7,702,14,140030,0,2,1,8,1,5510,6285,1
4,416,14,140050,0,1,1,5,4,5511,6286,1
4,429,14,140050,0,2,0,9,0,5512,6287,1
8,832,1,10560,0,2,0,7,0,5513,6288,1
5,534,4,40010,0,2,0,9,0,5514,6289,1
4,420,9,90330,0,2,0,9,0,5514,6290,2
12,1201,8,80190,0,3,0,7,0,5515,6292,1
14,1410,14,140030,0,2,0,7,0,5516,6293,1
6,602,8,80030,0,2,0,7,0,5517,6294,1
4,427,14,140050,0,2,1,5,4,5518,6295,1
19,1916,14,140060,0,2,1,5,4,5518,6296,2
8,832,1,10560,0,1,0,7,0,5519,6297,1
8,832,1,10560,0,2,0,7,0,5520,6298,1
8,817,1,10600,0,1,0,5,0,5521,6299,1
8,824,1,10220,1,1,0,5,0,5521,6300,2
21,2102,14,140060,0,1,1,4,1,5522,6301,1
14,1415,13,130020,0,1,0,7,0,5523,6302,1
13,1306,13,130020,0,3,1,6,3,5524,6303,1
4,402,14,140050,0,2,0,7,0,5525,6304,1
8,839,1,10120,0,1,0,7,0,5526,6305,1
5,537,1,10050,0,1,0,7,0,5527,6306,1
8,812,1,10440,0,1,0,7,0,5527,6307,2
8,816,1,10440,0,2,0,5,0,5528,6308,1
8,816,1,10190,0,1,0,5,0,5529,6309,1
5,539,1,10350,0,2,0,7,0,5530,6310,1
2,215,9,90120,0,2,0,9,0,5531,6312,1
15,1502,5,50040,0,2,0,7,0,5532,6314,1
2,210,9,90120,0,1,0,7,0,5533,6315,1
7,703,14,140030,0,2,1,8,1,5534,6316,1
9,904,10,100130,0,3,0,8,0,5535,6317,1
4,427,14,140050,0,3,0,7,0,5536,6318,1
4,427,14,140050,0,3,0,7,0,5537,6319,1
5,525,1,10050,0,2,0,5,0,5538,6320,1
8,834,1,10330,0,1,0,5,0,5539,6321,1
14,1408,8,80090,0,2,0,7,0,5540,6322,1
9,912,14,140020,0,2,1,7,0,5541,6323,1
19,1910,14,140060,0,3,2,8,1,5542,6324,1
5,522,4,40040,0,2,2,8,1,5543,6325,1
8,838,1,10570,0,1,1,8,1,5543,6326,2
8,824,1,10220,1,1,0,5,0,5544,6327,1
8,824,1,10220,1,1,2,7,0,5545,6328,1
8,803,1,10600,0,2,0,9,0,5546,6329,1
14,1407,7,70190,0,2,0,5,0,5547,6330,1
4,409,14,140050,0,2,0,7,0,5548,6331,1
8,816,1,10600,0,1,1,4,1,5549,6332,1
8,824,1,10220,1,2,0,5,0,5550,6333,1
8,816,1,10600,0,2,0,7,0,5551,6334,1
7,707,14,140030,0,3,0,7,0,5552,6335,1
9,908,10,100080,0,1,1,6,1,5553,6336,1
9,908,10,100030,0,2,0,9,0,5554,6337,1
9,908,10,100030,0,1,0,9,0,5555,6338,1
15,1501,5,50040,0,1,0,7,0,5556,6339,1
5,501,2,20110,0,1,0,6,0,5557,6340,1
4,412,13,130020,0,1,1,6,2,5557,6341,2
2,210,9,90380,0,3,0,1,0,5558,6342,1
4,419,13,130020,0,3,0,9,0,5559,6343,1
8,824,1,10220,1,1,0,5,0,5560,6344,1
14,1406,2,20410,0,1,0,7,0,5561,6345,1
8,812,1,10370,0,1,1,5,2,5562,6346,1
17,1715,8,80350,0,2,0,7,0,5563,6347,1
5,534,2,20240,0,1,0,9,0,5564,6348,1
5,517,3,30010,0,1,1,6,3,5565,6349,1
4,402,14,140050,0,1,1,5,4,5566,6350,1
4,402,14,140050,0,2,1,5,2,5567,6351,1
8,832,1,10560,0,2,0,7,0,5568,6352,1
4,420,9,90330,0,3,0,9,0,5570,6354,1
19,1904,14,140060,0,2,0,9,0,5571,6355,1
7,704,14,140030,0,1,0,7,0,5572,6357,1
12,1201,8,80190,0,1,2,7,2,5573,6358,1
6,602,8,80030,0,2,1,8,1,5574,6359,1
5,534,2,20110,0,2,0,7,0,5575,6360,1
14,1406,2,20210,0,1,1,6,3,5576,6361,1
5,539,1,10590,0,2,0,7,0,5577,6362,1
7,707,8,80160,0,1,1,5,4,5578,6363,1
5,534,2,20410,0,1,0,7,0,5579,6364,1
3,303,2,20270,0,2,0,7,0,5580,6365,1
6,611,8,80070,0,2,1,4,3,5581,6366,1
19,1908,14,140060,0,3,0,7,0,5582,6367,1
15,1504,5,50010,0,2,1,4,3,5583,6368,1
14,1403,7,70070,0,2,0,7,0,5584,6369,1
4,413,9,90140,0,2,1,4,3,5583,6370,2
4,415,9,90090,0,1,1,7,2,5585,6371,1
15,1503,5,50010,0,2,2,5,2,5586,6372,1
5,511,7,70130,0,1,2,5,2,5586,6373,2
8,812,1,10380,0,1,0,6,0,5587,6374,1
8,814,1,10370,0,2,2,5,2,5588,6375,1
5,509,2,20410,0,1,0,8,0,5589,6377,1
1,102,2,20410,0,2,0,8,0,5590,6378,1
14,1416,7,70120,0,2,1,5,2,5591,6379,1
3,304,9,90120,0,2,1,5,2,5592,6380,1
8,831,1,10360,0,1,1,6,1,5593,6381,1
13,1303,9,90120,0,1,1,4,3,5594,6382,1
8,824,1,10570,1,1,0,5,0,5595,6383,1
8,815,1,10370,0,3,0,5,0,5595,6384,2
8,804,1,10370,0,1,0,5,0,5596,6385,1
8,824,1,10220,1,2,0,5,0,5597,6386,1
8,832,1,10560,0,1,1,5,2,5598,6387,1
8,812,1,10380,0,1,2,4,3,5599,6388,1
8,812,1,10450,0,1,0,7,0,5600,6389,1
5,507,1,10170,0,2,0,8,0,5601,6390,1
8,824,1,10220,1,1,0,5,0,5602,6391,1
9,913,10,100130,0,3,1,6,1,5603,6392,1
8,815,1,10600,0,2,1,3,2,5604,6393,1
8,839,1,10120,0,1,0,7,0,5605,6394,1
11,1105,13,130020,0,3,0,6,3,5524,6395,2
5,508,2,20140,0,2,1,6,3,5606,6396,1
11,1109,13,130020,0,3,2,5,2,5607,6397,1
8,812,1,10570,0,1,0,5,0,5608,6398,1
9,913,10,100130,0,2,1,6,1,5609,6399,1
4,423,13,130020,0,3,0,9,0,5610,6400,1
5,537,1,10050,0,1,0,9,0,5611,6401,1
9,915,10,100130,0,1,0,7,0,5609,6402,2
2,211,9,90120,0,3,2,7,2,5612,6403,1
8,823,1,10600,0,3,0,9,0,5613,6404,1
8,824,1,10220,1,1,1,3,2,5614,6405,1
5,503,9,90380,0,1,2,5,4,5615,6406,1
5,508,2,20140,0,1,1,8,1,5617,6409,1
8,819,1,10600,0,1,0,7,0,5618,6410,1
8,832,1,10560,0,1,0,7,0,5619,6411,1
1,105,2,20160,0,1,0,7,0,5620,6412,1
4,425,9,90460,0,1,0,7,0,5621,6413,1
4,405,1,10080,0,2,1,6,3,5622,6415,1
7,707,8,80160,0,1,0,9,0,5623,6416,1
5,537,1,10060,0,1,1,3,2,5625,6418,1
2,210,9,90120,0,3,2,7,2,5626,6419,1
9,912,10,100130,0,2,0,9,0,5627,6420,1
2,215,9,90120,0,2,1,5,4,5628,6422,1
5,511,7,70200,0,2,0,7,2,5629,6423,1
19,1901,14,140060,0,3,2,4,3,5630,6424,1
8,814,1,10330,1,2,0,9,0,5631,6425,1
8,835,1,10220,1,2,0,5,0,5632,6426,1
8,816,1,10600,0,1,0,7,0,5633,6427,1
15,1502,5,50010,0,1,0,9,0,5634,6428,1
6,612,14,140080,0,3,2,8,1,5635,6429,1
4,412,13,130020,0,1,0,9,0,5636,6430,1
8,816,1,10600,0,1,0,5,0,5637,6431,1
8,810,1,10300,0,1,0,9,0,5638,6432,1
8,803,1,10570,0,2,0,9,0,5639,6433,1
2,215,9,90120,0,2,0,7,0,5640,6434,1
7,719,14,140030,0,3,2,7,2,5641,6435,1
8,815,1,10600,1,2,1,5,2,5642,6436,1
12,1204,8,80180,0,3,0,9,0,5643,6437,1
8,816,1,10600,0,1,1,5,4,5644,6438,1
8,810,1,10600,0,2,0,5,0,5645,6439,1
6,612,14,140080,0,2,0,9,0,5646,6440,1
11,1103,13,130020,0,3,0,9,0,5647,6441,1
2,209,9,90330,0,1,0,9,0,5648,6442,1
5,509,1,10600,0,1,0,5,0,5649,6443,1
4,416,9,90380,0,2,0,1,0,5650,6444,1
8,812,1,10300,0,1,0,7,0,5651,6445,1
19,1906,14,140060,0,1,1,5,4,5652,6447,1
1,101,2,20150,0,2,0,9,0,5653,6448,1
1,101,2,20150,0,1,0,9,0,5654,6449,1
2,210,13,130020,0,1,1,6,1,5655,6450,1
7,707,14,140030,0,3,2,6,3,5656,6451,1
13,1303,13,130020,0,1,0,9,0,5657,6452,1
8,816,1,10600,0,1,0,9,0,5658,6453,1
4,408,9,90090,0,3,0,7,0,5659,6454,1
4,411,14,140050,0,3,0,7,0,5660,6455,1
4,420,9,90360,0,2,0,7,0,5660,6456,2
4,422,14,140060,0,2,1,5,2,5661,6457,1
8,807,1,10600,0,1,0,5,0,5662,6458,1
8,815,1,10370,0,1,1,3,2,5663,6459,1
8,812,1,10570,0,1,0,5,0,5664,6460,1
8,812,1,10570,0,1,0,5,0,5665,6461,1
14,1401,7,70200,0,2,1,6,3,5666,6462,1
5,514,9,90040,0,2,1,6,1,5667,6463,1
3,303,2,20260,0,2,0,9,0,5668,6464,1
6,601,8,80070,0,2,1,5,4,5669,6465,1
8,834,1,10600,0,1,1,6,1,5670,6466,1
19,1906,14,140060,1,3,0,7,2,5671,6467,1
8,813,1,10600,0,1,1,4,1,5672,6468,1
8,824,1,10220,1,2,0,7,0,5673,6469,1
2,211,4,40060,0,3,0,6,3,5674,6470,1
16,1601,14,140010,0,3,0,7,0,5676,6472,1
2,210,9,90120,0,2,0,7,0,5677,6473,1
8,812,1,10510,0,1,0,7,0,5678,6474,1
8,812,1,10570,0,2,0,7,0,5679,6475,1
1,106,2,20150,0,2,0,9,0,5680,6476,1
8,832,1,10560,0,2,0,9,0,5681,6477,1
5,534,4,40040,0,2,0,9,0,5681,6478,2
19,1916,14,140060,0,1,1,5,4,5682,6479,1
8,807,13,130020,0,1,1,6,1,5683,6480,1
5,513,2,20150,0,1,1,7,2,5684,6481,1
1,101,2,20150,0,1,0,9,0,5684,6482,2
14,1402,7,70200,0,2,1,7,2,5685,6483,1
5,541,2,20410,0,1,0,7,2,5685,6484,2
2,215,9,90120,0,3,2,8,1,5686,6485,1
8,823,1,10600,0,1,1,6,1,5687,6486,1
1,101,2,20150,0,2,0,9,0,5688,6487,1
8,816,1,10050,0,2,1,5,2,5689,6488,1
5,537,1,10050,0,2,1,5,2,5689,6489,2
8,812,1,10570,0,1,1,4,1,5690,6490,1
8,832,1,10560,0,1,0,9,0,5691,6491,1
19,1914,14,140060,0,3,0,7,0,5692,6492,1
5,539,1,10350,0,1,0,9,0,5693,6493,1
8,819,1,10160,0,2,1,5,2,5694,6494,1
8,816,1,10370,0,1,1,6,1,5695,6495,1
5,537,1,10050,0,1,1,6,1,5696,6496,1
20,2009,14,140070,0,2,1,8,1,5697,6497,1
5,515,2,20060,0,2,1,6,3,5698,6498,1
19,1910,14,140060,0,2,1,4,3,5699,6499,1
5,504,1,10140,0,1,1,8,1,5700,6500,1
8,832,1,10140,0,1,1,8,1,5700,6501,2
5,539,4,40040,0,1,0,9,0,5701,6502,1
8,824,1,10220,1,1,1,5,2,5702,6503,1
8,823,9,90330,0,2,0,9,0,5703,6504,1
7,702,14,140030,0,3,0,6,3,5704,6506,1
8,808,1,10600,0,1,0,5,0,5705,6507,1
8,823,9,90330,0,2,0,9,0,5706,6508,1
8,808,1,10600,0,1,0,9,0,5706,6509,2
8,824,1,10220,1,1,1,7,2,5707,6510,1
9,906,10,100130,0,2,1,6,3,5708,6511,1
5,508,2,20140,0,2,1,6,3,5709,6512,1
8,820,1,10370,0,1,0,5,0,5710,6513,1
8,815,1,10330,0,1,1,3,2,5711,6514,1
5,531,1,10120,0,2,0,5,0,5712,6515,1
8,812,1,10600,0,1,0,9,0,5713,6516,1
2,216,13,130020,0,1,1,6,3,5714,6517,1
8,832,1,10560,0,2,1,6,3,5715,6518,1
5,504,1,10140,0,2,1,6,3,5715,6520,2
13,1307,4,40060,0,1,0,9,0,5717,6521,1
8,836,1,10600,0,1,0,5,0,5718,6522,1
8,824,1,10220,1,1,0,5,0,5719,6523,1
14,1406,2,20060,0,2,2,5,2,5716,6524,1
1,103,2,20150,0,2,1,5,4,5720,6525,1
8,830,1,10080,0,2,0,9,0,5721,6526,1
8,816,1,10600,0,1,0,7,0,5722,6527,1
5,531,4,40040,0,2,1,4,1,5723,6528,1
5,509,4,40040,0,2,1,4,1,5723,6529,2
10,1002,14,140080,0,2,1,6,1,5724,6530,1
8,834,1,10600,0,1,0,5,0,5725,6531,1
8,812,1,10600,0,2,0,5,0,5726,6532,1
4,429,9,90090,0,3,0,8,1,5727,6533,1
8,834,1,10600,0,1,1,4,1,5728,6534,1
14,1404,14,140030,0,2,0,7,0,5729,6535,1
8,812,1,10570,0,1,1,8,1,5730,6536,1
8,812,1,10600,0,1,0,9,0,5731,6537,1
8,807,1,10600,0,3,0,9,0,5731,6538,2
8,813,1,10010,0,2,0,7,0,5732,6539,1
17,1706,8,80350,0,3,0,9,0,5733,6540,1
4,434,9,90500,0,3,0,7,0,5734,6541,1
8,836,1,10380,1,1,1,3,2,5735,6542,1
8,832,1,10140,1,2,2,3,2,5735,6543,2
16,1608,14,140010,0,2,1,6,3,5736,6545,1
5,537,1,10060,0,1,0,5,0,5737,6546,1
4,432,9,90500,0,2,0,7,0,5738,6547,1
5,509,1,10360,0,2,0,7,0,5738,6548,2
16,1604,14,140010,0,1,0,9,0,5740,6550,1
7,707,14,140030,0,2,0,7,0,5739,6551,1
4,402,9,90310,0,2,0,7,0,5741,6552,1
18,1816,12,120010,0,2,0,6,0,5742,6553,1
7,707,8,80170,0,2,0,7,0,5741,6554,2
9,908,10,100130,0,2,0,7,0,5741,6555,3
8,812,1,10380,0,1,0,7,0,5743,6556,1
9,908,10,100130,0,1,0,7,0,5620,6558,2
5,537,1,10050,0,1,1,4,3,5744,6559,1
8,807,1,10570,0,2,0,5,0,5745,6560,1
5,510,7,70130,0,2,1,6,1,5746,6561,1
8,816,1,10330,0,1,1,6,1,5747,6563,1
5,511,7,70200,0,1,1,6,1,5748,6564,1
17,1702,8,80020,0,1,1,6,1,5749,6565,1
2,215,9,90120,0,3,1,5,1,5749,6566,2
5,510,7,70130,0,2,1,5,2,5750,6567,1
7,707,14,140030,0,2,0,7,0,5751,6568,1
5,541,5,50030,0,2,0,9,0,5752,6569,1
8,835,1,10220,1,1,0,7,0,5753,6570,1
8,810,1,10570,0,1,0,7,0,5754,6571,1
5,509,1,10050,0,1,0,7,0,5753,6572,2
9,911,2,20180,0,2,1,6,1,5755,6573,1
5,534,1,10360,0,3,0,9,0,5756,6574,1
5,537,2,20410,0,2,0,7,0,5757,6575,1
8,832,1,10560,0,1,0,7,0,5758,6576,1
8,816,1,10600,0,1,0,5,0,5759,6577,1
8,817,1,10600,0,2,0,7,0,5760,6578,1
14,1410,14,140030,0,2,0,7,0,5761,6579,1
8,817,1,10600,1,1,0,5,0,5763,6581,1
8,834,1,10600,0,1,0,5,0,5764,6582,1
5,513,3,30160,0,2,0,7,0,5765,6583,1
8,841,4,40050,0,1,0,5,0,5766,6584,1
8,829,1,10030,0,1,1,4,3,5768,6586,1
2,211,4,40060,0,3,0,9,0,5769,6587,1
17,1712,4,40010,0,3,0,6,3,5770,6588,1
4,420,14,140060,0,1,1,6,3,5771,6589,1
4,404,14,140060,0,3,0,6,1,5772,6590,1
8,828,1,10600,0,2,1,7,2,5773,6591,1
5,509,1,10060,0,1,0,5,0,5774,6592,1
5,539,1,10590,0,1,1,5,2,5775,6593,1
13,1305,9,90090,0,1,1,6,1,5776,6594,1
9,902,10,100130,0,2,1,5,4,5777,6595,1
5,504,1,10140,0,2,1,6,3,5778,6596,1
5,534,2,20410,0,1,1,6,1,5776,6597,2
8,824,1,10220,1,1,0,5,0,5779,6598,1
8,824,1,10220,1,2,0,5,0,5780,6599,1
4,408,14,140040,0,3,2,6,1,5781,6600,1
2,215,9,90120,0,3,0,9,0,5782,6601,1
5,513,3,30160,0,2,0,9,0,5782,6602,2
4,405,14,140050,0,3,0,7,0,5783,6603,1
6,611,8,80120,0,1,0,7,0,5784,6604,1
7,709,14,140030,0,3,0,7,0,5785,6605,1
12,1204,8,80180,0,3,0,9,0,5786,6606,1
4,418,9,90520,0,3,0,9,0,5787,6607,1
1,106,2,20150,0,1,0,9,0,5789,6609,1
5,513,2,20410,0,3,0,7,2,5790,6610,1
5,513,2,20410,0,3,0,7,2,5791,6611,1
8,832,1,10600,0,2,2,6,1,5792,6612,1
4,422,14,140050,0,3,0,9,0,5793,6613,1
4,420,10,100130,0,3,2,5,4,5794,6614,1
7,706,14,140030,0,2,1,6,2,5795,6615,1
5,518,2,20410,0,2,0,7,0,5796,6616,1
5,537,1,10050,0,2,0,7,0,5797,6617,1
4,410,14,140050,0,3,0,7,0,5798,6618,1
5,503,2,20400,0,2,0,6,0,5799,6619,1
8,812,1,10380,0,1,1,6,1,5800,6620,1
9,907,10,100030,0,2,0,8,0,5801,6621,1
5,537,1,10050,0,1,1,8,1,5802,6622,1
5,539,1,10350,0,2,0,7,0,5803,6623,1
15,1503,5,50010,0,3,0,7,0,5804,6624,1
8,818,1,10600,0,3,0,9,0,5805,6625,1
4,404,14,140050,0,3,0,9,0,5806,6626,1
4,420,7,70120,0,2,1,7,2,5807,6627,1
4,414,4,40050,0,3,0,7,0,5808,6628,1
5,514,1,10020,0,2,0,9,0,5809,6629,1
8,803,1,10600,0,1,0,7,0,5810,6630,1
8,825,1,10580,0,1,1,5,2,5811,6631,1
8,810,1,10570,0,2,0,9,0,5812,6632,1
5,508,2,20150,0,1,0,7,0,5813,6633,1
13,1303,1,10600,0,1,0,9,0,5814,6634,1
14,1415,7,70190,0,2,1,6,1,5815,6635,1
5,539,1,10350,0,2,1,6,3,5816,6636,1
5,539,1,10350,0,2,0,9,0,5817,6637,1
13,1303,1,10600,0,1,0,9,0,5818,6638,1
8,810,1,10570,0,1,0,7,0,5819,6639,1
5,541,2,20410,0,2,0,7,0,5820,6640,1
19,1916,14,140060,0,1,0,8,0,5821,6641,1
1,103,2,20150,0,1,0,9,0,5822,6642,1
8,834,1,10600,1,1,0,9,0,5823,6643,1
7,706,14,140030,0,2,1,7,2,5824,6644,1
7,707,14,140030,0,3,0,7,0,5825,6645,1
4,420,9,90330,0,1,0,9,0,5826,6646,1
8,824,1,10220,1,2,0,5,0,5827,6647,1
5,508,2,20410,0,1,0,7,0,5828,6648,1
5,537,1,10050,0,1,0,7,0,5829,6649,1
9,902,9,90330,0,1,0,7,0,5830,6650,1
5,508,2,20210,0,2,0,9,0,5831,6651,1
5,503,9,90420,0,2,1,7,2,5831,6652,2
13,1302,9,90520,0,2,0,7,0,5832,6653,1
8,806,1,10080,0,1,0,5,0,5833,6654,1
7,709,14,140030,0,2,0,9,0,5834,6655,1
8,819,1,10160,0,1,1,8,1,5835,6656,1
8,831,9,90510,0,1,0,9,0,5836,6657,1
7,719,14,140030,0,3,1,7,1,5838,6659,1
8,816,1,10330,0,1,1,3,2,5839,6660,1
18,1803,12,120010,0,2,1,8,1,5840,6661,1
6,606,14,140080,0,3,0,7,0,5841,6662,1
17,1711,8,80350,0,1,1,6,1,5842,6663,1
17,1711,8,80350,0,3,0,7,0,5843,6664,1
4,429,9,90520,0,3,0,1,0,5844,6665,1
18,1804,12,120010,0,3,0,9,0,5845,6666,1
9,905,8,80120,0,2,0,9,0,5846,6667,1
8,834,1,10600,0,1,0,5,0,5847,6668,1
4,420,9,90410,0,2,1,5,4,5848,6669,1
8,810,1,10300,0,1,0,9,0,5849,6670,1
8,816,1,10600,1,1,0,5,0,5850,6671,1
5,517,2,20410,0,2,0,9,0,5851,6672,1
10,1009,14,140030,0,2,1,7,2,5852,6673,1
8,819,1,10160,0,1,0,9,0,5854,6675,1
8,834,1,10330,0,1,1,4,1,5855,6676,1
5,539,1,10350,0,2,0,9,0,5856,6677,1
8,834,1,10600,0,1,1,8,1,5858,6679,1
6,612,14,140030,0,3,0,8,1,5859,6680,1
5,537,1,10050,0,2,0,9,0,5860,6681,1
5,531,1,10120,0,1,0,3,2,5861,6682,1
8,834,4,40010,0,1,0,5,0,5862,6683,1
5,504,1,10140,0,2,1,7,2,5863,6684,1
5,505,2,20010,0,2,1,5,2,5864,6685,1
5,503,4,40010,0,2,0,5,0,5865,6686,1
8,832,1,10560,0,1,0,5,0,5866,6687,1
17,1716,2,20190,0,2,1,7,2,5867,6688,1
17,1704,8,80130,0,2,1,5,2,5868,6689,1
6,614,14,140080,0,3,2,8,1,5869,6690,1
7,705,14,140030,0,3,2,8,1,5870,6691,1
14,1410,7,70010,0,2,1,6,3,5871,6692,1
4,420,4,40060,0,3,1,6,1,5872,6693,1
8,832,1,10560,0,2,1,7,2,5873,6694,1
13,1302,13,130020,0,1,1,5,2,5874,6695,1
8,838,1,10440,0,1,0,7,0,5875,6696,1
3,304,1,10480,0,1,1,5,2,5876,6697,1
8,817,1,10200,1,1,1,3,2,5877,6698,1
8,828,1,10600,0,1,0,9,0,5878,6699,1
8,834,1,10600,0,1,0,5,0,5879,6700,1
9,902,10,100130,0,2,1,5,4,5880,6701,1
5,528,1,10360,0,2,0,9,0,5881,6702,1
19,1916,14,140060,0,3,0,7,0,5882,6703,1
5,517,2,20410,0,2,0,9,0,5883,6704,1
5,509,1,10050,0,1,1,4,3,5884,6705,1
8,824,1,10370,1,1,2,4,3,5885,6706,1
5,509,1,10050,0,2,1,3,2,5886,6707,1
4,402,14,140050,0,2,1,6,3,5887,6708,1
8,834,1,10330,0,1,0,5,0,5888,6709,1
7,709,14,140030,0,3,0,9,0,5889,6710,1
4,422,14,140050,0,2,2,9,0,5887,6711,2
17,1705,13,130020,0,3,0,9,0,5891,6713,1
5,537,1,10060,0,2,1,6,1,5541,6714,2
8,838,1,10570,1,1,1,6,1,5892,6715,1
8,808,1,10370,0,1,0,9,0,5893,6716,1
5,538,2,20410,0,1,1,5,2,5894,6717,1
8,816,1,10370,0,2,2,5,2,5895,6718,1
4,402,14,140050,0,2,1,8,1,5896,6719,1
4,422,14,140050,0,2,1,8,1,5896,6720,2
12,1201,8,80190,0,3,2,4,3,5897,6721,1
2,202,6,60010,0,1,0,9,0,5898,6722,1
2,202,6,60010,0,2,0,9,0,5899,6723,1
15,1505,5,50040,0,3,1,8,1,5900,6724,1
5,525,2,20410,0,2,0,7,0,5901,6725,1
8,824,1,10220,1,1,0,5,0,5902,6726,1
8,832,1,10560,0,1,1,4,3,5903,6727,1
8,838,1,10510,0,1,0,5,0,5904,6728,1
13,1301,9,90090,0,2,2,6,1,5905,6729,1
21,2101,13,130020,0,3,2,6,3,5906,6730,1
8,832,1,10560,0,2,1,6,3,5907,6731,1
5,509,1,10050,0,1,1,5,4,5908,6732,1
4,402,14,140050,0,2,1,5,4,5909,6733,1
4,402,13,130020,0,2,1,6,3,5910,6734,1
5,504,1,10140,0,2,0,9,0,5911,6735,1
8,838,1,10570,0,2,1,5,2,5912,6736,1
5,539,1,10590,0,1,1,5,4,5913,6737,1
8,836,1,10220,1,1,0,7,0,5914,6738,1
7,714,14,140030,0,2,1,6,3,5915,6739,1
9,912,10,100130,0,1,0,9,0,5916,6740,1
19,1916,14,140060,0,2,0,9,0,5917,6741,1
7,707,14,140030,0,2,1,4,3,5918,6742,1
5,518,2,20410,0,2,2,7,2,5919,6743,1
14,1406,7,70210,0,2,0,7,0,5920,6744,1
7,702,14,140030,0,2,0,7,0,5921,6745,1
5,537,1,10050,0,1,1,4,3,5922,6746,1
5,503,2,20400,0,2,1,5,4,5923,6747,1
5,509,1,10050,0,1,0,9,0,5924,6748,1
8,814,1,10600,0,2,0,5,0,5925,6749,1
8,837,1,10600,0,1,0,7,0,5926,6750,1
8,810,1,10600,0,1,0,7,0,5927,6751,1
5,512,2,20020,0,2,0,7,0,5928,6752,1
7,707,14,140030,0,3,0,7,0,5929,6753,1
16,1602,14,140010,0,3,0,7,0,5930,6754,1
8,813,1,10600,1,1,1,6,1,5931,6755,1
8,813,1,10600,0,1,0,5,0,5932,6756,1
8,816,1,10600,0,1,0,5,0,5933,6757,1
8,813,1,10060,0,1,1,5,2,5934,6758,1
5,538,1,10580,0,1,0,9,0,5935,6759,1
5,538,1,10580,0,1,0,9,0,5936,6760,1
5,537,1,10050,0,2,1,5,2,5937,6761,1
8,820,1,10200,1,1,0,7,0,5938,6762,1
8,803,1,10600,0,2,0,9,0,5939,6763,1
17,1710,9,90330,0,1,1,6,1,5940,6764,1
17,1710,6,60030,0,3,0,5,2,5941,6765,1
21,2101,14,140030,0,2,0,7,0,5942,6766,1
8,819,1,10230,0,1,1,4,1,5943,6767,1
21,2101,13,130020,0,3,2,6,1,5944,6768,1
4,405,9,90520,0,2,0,9,0,5945,6769,1
14,1409,7,70130,0,3,0,9,0,5946,6770,1
5,541,2,20410,0,1,1,6,1,5947,6771,1
4,406,13,130020,0,1,1,7,2,5948,6772,1
5,528,13,130020,0,1,0,9,0,5949,6773,1
8,832,1,10560,0,1,0,5,0,5950,6774,1
5,529,4,40040,0,2,2,3,2,5951,6775,1
8,812,1,10570,1,1,0,9,0,5952,6776,1
17,1702,8,80010,0,3,1,5,2,5953,6777,1
19,1911,13,130020,0,3,0,7,0,5954,6778,1
13,1303,1,10600,0,1,1,5,2,5955,6779,1
5,517,2,20410,0,2,0,9,0,5956,6780,1
5,517,2,20410,0,2,0,9,0,5957,6781,1
12,1201,8,80190,0,2,0,9,0,5958,6782,1
5,541,2,20410,0,3,1,5,2,5959,6783,1
8,807,1,10600,0,1,0,7,0,5960,6784,1
8,807,1,10600,0,1,1,4,1,5961,6785,1
8,816,1,10600,0,1,1,3,2,5962,6786,1
8,807,1,10600,0,1,0,5,0,5964,6787,1
8,821,1,10600,0,1,0,5,0,5965,6788,1
1,101,13,130020,0,2,1,7,2,5966,6789,1
19,1916,13,130020,0,1,1,8,1,5967,6790,1
8,807,1,10600,0,1,0,8,1,5968,6791,1
5,508,2,20410,0,1,1,5,3,5968,6792,2
8,812,1,10570,0,1,1,8,1,5969,6793,1
8,812,1,10520,0,1,1,4,1,5970,6794,1
4,420,13,130020,0,3,0,9,0,5971,6795,1
4,431,13,130020,0,1,1,5,4,5972,6796,1
11,1103,13,130020,0,2,0,9,0,5973,6797,1
4,431,13,130020,0,2,0,9,0,5974,6798,1
8,825,1,10230,0,1,1,7,2,5977,6800,1
5,529,1,10600,0,1,1,8,1,5977,6801,2
1,103,2,20150,0,2,1,8,1,5978,6802,1
19,1916,14,140060,0,1,0,9,0,5979,6803,1
6,602,8,80030,0,3,1,5,4,5980,6804,1
4,422,9,90480,0,1,0,7,0,5981,6805,1
12,1201,8,80190,0,3,0,9,0,5982,6806,1
4,431,3,30010,0,1,1,8,1,5983,6807,1
5,512,3,30010,0,1,1,5,4,5984,6808,1
8,816,1,10600,0,1,0,9,0,5985,6809,1
5,509,1,10050,0,2,0,9,0,5987,6811,1
8,810,1,10570,1,1,1,8,1,5988,6812,1
8,812,1,10570,0,1,0,9,0,5989,6813,1
7,703,14,140030,0,3,1,9,0,5990,6814,1
19,1906,14,140060,0,2,0,7,0,5991,6815,1
14,1416,7,70210,0,3,0,6,1,5992,6816,1
5,515,2,20410,0,3,0,5,4,5993,6817,1
13,1302,14,140050,0,3,0,5,0,5994,6818,1
8,812,1,10570,0,1,1,5,2,5995,6819,1
8,832,1,10560,0,1,1,7,2,5997,6821,1
7,709,14,140030,0,1,0,7,0,5998,6822,1
5,503,2,20410,0,1,1,7,2,5999,6823,1
18,1810,12,120010,0,1,1,6,3,6000,6824,1
11,1106,13,130020,0,3,0,8,1,6001,6825,1
18,1810,12,120010,0,1,0,7,0,6002,6826,1
4,416,13,130020,0,3,0,1,0,5890,6828,1
5,539,1,10590,0,1,1,3,2,6345,6831,1
8,810,1,10300,0,2,1,5,4,6195,6832,1
13,1303,1,10600,0,1,1,4,3,6196,6833,1
9,906,10,100130,0,2,1,6,3,6197,6834,1
13,1303,1,10600,0,1,1,4,3,6198,6835,1
7,714,14,140030,0,3,0,7,0,6199,6836,1
5,534,4,40010,0,3,0,7,0,6200,6837,1
5,513,3,30160,0,1,1,7,2,6201,6838,1
8,808,1,10600,0,3,0,7,0,6202,6839,1
19,1904,8,80070,0,2,1,4,3,6203,6840,1
4,403,14,140060,0,1,0,7,0,6205,6842,1
5,539,1,10590,0,2,1,3,2,6206,6843,1
5,537,1,10050,0,1,0,9,0,6207,6844,1
4,419,4,40050,0,3,0,6,1,6208,6845,1
4,429,14,140050,0,3,0,5,0,6210,6847,1
4,401,4,40010,1,1,0,9,0,6212,6849,2
5,534,4,40040,1,1,0,9,0,6212,6850,1
8,823,1,10570,0,3,0,9,0,6213,6851,1
5,537,1,10050,0,2,1,0,3,6214,6852,2
5,534,4,40010,0,3,0,6,3,6214,6853,1
8,836,4,40010,0,1,0,5,0,6215,6854,1
5,508,2,20410,0,2,0,9,0,6216,6855,2
2,203,9,90120,0,3,0,9,0,6216,6856,1
5,532,1,10160,0,2,0,9,0,6217,6857,2
5,534,4,40040,0,2,0,9,0,6217,6858,1
5,541,2,20410,0,1,1,6,3,6218,6859,2
5,534,4,40040,0,1,1,6,3,6218,6860,1
6,602,8,80030,0,3,0,5,0,6219,6861,1
5,531,1,10120,0,1,1,7,2,6220,6862,1
1,101,2,20150,0,1,0,7,0,6221,6863,1
4,418,9,90120,0,3,0,9,0,6222,6864,1
3,303,2,20110,0,1,0,7,0,6223,6865,1
3,303,2,20260,0,2,1,7,2,6224,6866,1
5,537,1,10050,0,1,0,7,0,6225,6867,1
8,833,1,10570,0,2,0,9,0,6226,6868,1
14,1416,7,70120,0,1,1,4,3,6227,6869,1
8,810,1,10570,0,1,0,7,0,6228,6870,1
6,602,8,80030,0,3,0,7,0,6229,6871,1
19,1909,1,10060,0,3,0,7,0,6229,6872,2
8,832,1,10560,0,2,0,7,0,6230,6873,1
13,1303,4,40040,0,1,0,9,0,6231,6874,1
11,1103,13,130020,0,3,0,7,0,6232,6875,1
18,1802,12,120010,0,2,1,4,3,6233,6876,1
1,101,2,20150,0,2,0,9,0,6234,6877,1
5,503,2,20410,0,1,1,7,2,6235,6878,1
2,211,9,90120,0,3,2,7,2,6236,6879,1
7,714,14,140030,0,2,1,6,3,6237,6880,1
4,402,14,140050,0,2,1,8,1,6238,6881,1
4,422,13,130020,0,2,1,8,1,6238,6882,2
5,538,2,20410,0,1,1,5,2,6239,6883,1
5,504,1,10140,0,2,1,7,2,6240,6884,1
8,819,1,10160,0,1,1,8,1,6241,6885,1
7,709,14,140030,0,2,0,9,0,6242,6886,1
8,824,1,10220,1,2,0,7,0,6243,6887,1
8,812,1,10600,0,1,0,9,0,6244,6888,1
17,1710,9,90330,0,1,1,6,1,6245,6890,1
4,420,9,90330,0,3,0,9,0,6246,6891,1
5,529,2,20240,0,1,0,9,0,6247,6892,1
8,812,1,10510,0,1,0,7,0,6248,6893,1
6,611,8,80070,0,2,1,4,3,6249,6894,1
3,303,2,20270,0,2,0,7,0,6250,6895,1
5,534,2,20240,0,1,0,9,0,6251,6896,1
8,810,1,10570,0,2,0,9,0,6252,6897,1
5,504,1,10140,0,2,1,6,3,6253,6898,1
4,408,14,140040,0,3,2,6,1,6254,6899,1
12,1201,8,80190,0,3,0,7,0,6255,6900,1
21,2101,14,140030,0,1,0,7,0,6256,6901,1
17,1706,8,80110,0,2,0,7,0,6257,6902,1
8,825,1,10190,0,1,0,9,0,6258,6903,1
5,519,2,20410,0,1,0,7,0,6259,6904,1
2,213,9,90120,0,3,0,7,0,6259,6905,2
5,508,2,20410,0,2,0,7,0,6260,6906,1
4,425,9,90460,0,1,0,7,0,6261,6907,1
4,420,4,40060,0,3,0,7,0,6262,6908,1
18,1810,12,120010,0,2,0,7,0,6263,6909,1
8,832,1,10560,0,2,1,6,1,6264,6910,1
15,1502,5,50040,0,2,1,6,3,6265,6911,2
15,1505,5,50010,0,2,1,6,3,6265,6912,1
14,1406,2,20410,0,2,0,9,0,6266,6913,1
19,1910,14,140060,0,3,0,9,0,6267,6914,1
11,1109,13,130020,0,3,0,7,0,6268,6915,2
11,1110,13,130020,0,3,0,7,0,6268,6916,3
11,1111,13,130020,0,3,0,7,0,6268,6917,1
4,431,13,130020,0,3,0,9,0,6269,6918,2
4,412,14,140040,0,2,0,9,0,6269,6919,1
14,1410,7,70080,0,2,0,5,4,6270,6920,1
8,830,1,10600,0,1,1,8,1,6271,6921,1
18,1811,8,80100,0,3,0,9,0,6272,6922,1
18,1812,8,80100,0,1,0,7,0,6273,6923,1
5,518,2,20410,0,2,0,7,0,6274,6924,1
4,402,14,140050,0,3,0,5,4,6275,6925,1
17,1713,8,80350,0,3,0,9,0,6276,6926,1
8,815,1,10330,1,1,1,5,2,6277,6927,1
1,103,2,20150,0,1,0,7,0,6278,6928,1
8,835,1,10220,1,1,0,7,0,6279,6929,1
8,835,1,10220,1,1,0,7,0,6280,6930,1
9,904,10,100130,0,2,0,7,0,6281,6931,1
8,835,1,10220,1,1,0,7,0,6282,6932,1
8,832,1,10560,0,2,0,7,0,6283,6933,1
8,816,1,10330,0,1,1,7,2,6284,6934,1
7,703,8,80070,0,3,0,9,0,6285,6935,1
5,526,1,10090,0,1,0,7,0,6286,6936,1
7,709,14,140030,0,3,0,7,0,6287,6937,1
5,513,3,30160,0,2,1,5,4,6288,6938,1
4,406,2,20350,0,2,1,6,3,6289,6939,1
4,432,4,40010,0,3,0,6,3,6289,6940,2
19,1901,14,140060,0,2,0,9,0,6290,6941,2
19,1914,14,140060,0,2,0,9,0,6290,6942,1
8,807,1,10570,0,1,0,9,0,6291,6943,1
8,832,1,10560,0,3,0,9,0,6292,6944,1
12,1204,8,80180,0,3,0,7,0,6293,6945,1
8,817,1,10330,1,1,0,7,0,6294,6946,1
8,808,1,10600,0,1,0,9,0,6295,6947,1
5,514,1,10020,0,1,0,5,0,6296,6948,1
4,423,9,90130,0,3,0,9,0,6297,6949,1
2,203,9,90120,0,1,1,5,2,6298,6950,1
5,514,1,10020,0,1,0,5,0,6299,6951,1
5,537,1,10050,0,1,0,7,0,6300,6952,1
19,1917,3,30030,0,3,0,7,0,6301,6953,1
5,512,3,30020,0,3,0,9,0,6302,6954,1
8,810,1,10570,1,1,0,9,0,6303,6955,1
2,215,9,90120,0,3,0,7,0,6304,6956,1
14,1408,7,70200,0,3,0,7,0,6305,6957,1
18,1805,12,120010,0,1,0,5,0,6306,6958,1
8,812,1,10570,0,2,1,4,3,6307,6959,1
5,534,4,40010,0,1,0,7,0,6307,6960,2
5,534,4,40010,0,2,1,4,3,6308,6961,1
4,415,14,140050,0,2,0,9,0,6309,6962,1
9,903,10,100130,0,2,1,4,3,6310,6963,1
9,906,10,100130,0,2,1,4,3,6310,6964,2
5,534,4,40010,1,1,0,9,0,6311,6965,1
8,835,1,10220,1,2,1,6,0,6312,6966,1
5,518,2,20410,0,1,0,7,0,6313,6967,1
5,543,2,20010,0,2,0,9,0,6314,6968,1
5,515,2,20410,0,2,1,8,1,6315,6969,1
2,215,9,90120,0,3,0,8,1,6315,6970,2
5,539,1,10590,0,1,0,7,0,6316,6971,1
13,1304,13,130020,0,1,2,5,2,6317,6972,1
7,702,14,140030,0,3,0,4,2,6318,6973,2
19,1910,14,140060,0,3,0,4,2,6318,6974,1
5,539,1,10590,0,1,0,5,0,6319,6975,1
5,539,1,10590,0,1,0,5,0,6320,6976,1
12,1207,8,80350,0,3,0,4,0,6321,6977,1
7,704,14,140030,0,3,0,4,0,6322,6978,1
2,211,9,90120,0,3,0,5,1,6323,6979,1
9,906,10,100130,0,2,0,8,0,6324,6980,1
5,539,1,10590,0,1,0,7,0,6325,6981,1
5,522,4,40040,0,1,1,5,4,6326,6982,2
4,426,9,40010,0,2,0,6,0,6326,6983,3
5,534,4,40010,0,3,0,9,0,6326,6984,1
4,409,14,140050,0,2,0,7,0,6327,6985,1
5,512,3,30010,0,2,0,6,1,6328,6986,1
5,503,2,20410,0,2,0,6,0,6328,6987,2
5,501,2,20410,0,2,0,7,0,6328,6988,3
6,601,14,140080,0,1,0,5,0,6329,6989,1
4,432,9,90330,0,2,1,8,1,6330,6990,2
8,807,1,10570,0,1,0,9,0,6330,6991,1
19,1907,14,140060,0,1,1,5,2,6331,6992,1
8,810,1,10570,0,2,0,6,3,6332,6993,2
5,522,4,40040,0,1,0,8,1,6332,6994,1
8,808,1,10600,0,1,0,9,0,6332,6995,3
2,210,9,90120,0,3,0,7,0,6333,6996,1
13,1307,9,90500,0,3,0,7,0,6333,6997,2
18,1804,12,120010,0,3,0,7,0,6333,6998,3
4,427,9,90160,0,2,0,7,0,6334,6999,1
8,823,9,90330,0,1,2,5,0,6335,7000,1
8,823,9,90330,0,1,2,5,0,6336,7001,1
4,429,14,140050,0,3,0,3,0,6337,7002,1
4,424,14,140050,0,2,0,7,0,6338,7003,1
8,816,1,10330,0,2,1,8,1,6339,7004,1
8,812,1,10570,0,3,0,9,0,6339,7005,2
14,1406,2,20410,0,2,0,7,0,6340,7006,1
4,424,14,140050,0,2,0,7,0,6341,7007,1
8,807,1,10570,0,1,0,7,0,6342,7008,1
4,418,9,90330,0,3,1,5,2,6343,7009,1
8,808,1,10600,0,1,0,3,2,6344,7010,2
8,808,1,10600,0,2,0,4,1,6344,7011,3
8,808,1,10600,0,2,0,5,0,6344,7012,1
5,539,1,10590,0,1,1,3,2,6345,7013,1
4,420,14,140050,0,3,0,5,0,6346,7014,1
9,913,10,100130,0,1,0,7,0,6347,7015,1
5,538,1,10600,0,1,0,6,0,6348,7016,1
9,905,10,100130,0,2,0,6,0,6349,7017,1
7,703,14,140030,0,3,0,5,0,6350,7018,2
8,810,1,10570,0,1,0,5,0,6351,7020,1
5,508,2,20410,0,2,1,4,2,6352,7021,1
8,816,1,10330,0,1,2,4,0,6353,7022,1
2,211,9,90120,0,3,0,5,0,6354,7023,1
8,824,1,10220,1,1,0,5,0,6355,7024,1
8,816,1,10330,0,1,0,5,0,6356,7025,1
14,1406,2,20060,0,2,0,7,0,6357,7026,1
14,1406,2,20140,0,2,0,8,0,6358,7027,1
6,612,13,130020,0,1,0,6,0,6359,7028,1
8,810,1,10570,0,2,0,6,0,6360,7029,1
5,513,3,30160,0,1,1,6,1,6361,7030,1
9,911,10,100130,0,1,0,7,0,6361,7031,2
21,2102,13,130020,0,3,0,7,0,6362,7032,1
18,1802,12,120010,0,1,0,7,0,6363,7033,1
8,836,1,10600,0,1,0,7,0,6364,7034,1
8,808,1,10600,0,2,0,7,0,6365,7035,1
8,836,1,10600,0,2,0,7,0,6366,7036,1
8,807,1,10570,0,1,0,7,0,6367,7037,1
5,501,2,20410,0,2,0,3,0,6368,7038,2
5,534,4,40010,0,2,0,6,0,6368,7039,1
7,702,14,140030,0,3,0,6,0,6369,7040,2
19,1910,14,140060,0,3,0,6,0,6369,7041,1
2,211,9,90120,0,3,0,7,0,6370,7042,1
8,813,1,10330,0,1,1,4,2,6371,7043,1
9,911,10,100130,0,1,0,7,0,6372,7044,1
6,606,14,140080,0,3,0,7,0,6373,7045,1
18,1817,12,120010,0,1,0,7,0,6374,7046,1
2,210,9,90120,0,3,0,5,0,6375,7047,1
2,211,9,90120,0,3,0,7,0,6376,7048,1
4,417,14,140050,0,3,0,5,0,6377,7049,1
8,803,1,10360,0,1,0,5,0,6378,7050,1
8,837,1,10600,0,2,0,5,0,6379,7051,1
8,828,1,10020,0,2,0,9,0,6380,7052,1
19,1908,14,140060,0,3,0,5,0,6381,7053,1
8,831,1,10600,0,1,0,7,0,6382,7054,1
7,707,14,140030,0,3,0,7,0,6383,7055,1
8,808,1,10190,1,2,0,7,0,6384,7056,1
6,608,14,140080,0,3,0,4,3,6385,7057,1
8,807,1,10570,0,1,0,9,0,6386,7058,2
5,512,3,30010,0,1,0,9,0,6386,7059,1
4,420,10,100130,0,1,0,9,0,6386,7060,3
4,420,9,90330,0,1,0,7,0,6387,7061,1
4,429,9,90330,0,2,0,7,0,6387,7062,2
8,835,1,10220,1,1,0,9,0,6388,7063,1
8,816,1,10330,0,1,0,5,0,6389,7064,1
13,1301,9,90090,0,3,0,5,0,6389,7065,2
9,913,10,100130,0,3,1,7,2,6780,7066,1
9,906,10,100130,0,2,1,6,3,6781,7067,1
19,1904,8,80070,0,2,1,4,3,6782,7068,1
5,537,1,10050,0,2,1,6,3,6783,7069,2
5,534,4,40010,0,3,0,0,3,6783,7070,1
4,418,9,90120,0,3,0,9,0,6784,7071,1
2,210,9,90120,0,3,0,9,0,6785,7072,1
6,602,8,80030,0,3,0,7,0,6786,7073,1
19,1909,1,10060,0,3,0,7,0,6786,7074,2
6,602,8,80030,0,3,0,7,0,6787,7075,1
19,1909,1,10060,0,3,0,7,0,6787,7076,2
6,602,8,80030,0,3,0,7,0,6788,7077,1
19,1909,1,10060,0,3,0,7,0,6788,7078,2
6,602,8,80020,0,3,0,7,0,6789,7079,1
19,1909,1,10060,0,3,0,7,0,6789,7080,2
6,602,8,80030,0,3,0,7,0,6790,7081,1
19,1909,1,10060,0,3,0,7,0,6790,7082,2
6,602,8,80030,0,3,0,7,0,6791,7083,1
19,1909,1,10060,0,3,0,7,0,6791,7084,2
6,602,8,80030,0,3,0,7,0,6792,7085,1
19,1909,1,10060,0,3,0,7,0,6792,7086,2
6,602,8,80030,0,3,0,7,0,6793,7087,1
19,1909,1,10060,0,3,0,7,0,6793,7088,2
6,602,8,80030,0,3,0,7,0,6794,7089,1
19,1909,1,10060,0,3,0,7,0,6794,7090,2
6,602,8,80030,0,3,0,7,0,6795,7091,1
19,1909,1,10060,0,3,0,7,0,6795,7092,2
6,602,8,80030,0,3,0,7,0,6796,7093,1
19,1909,1,10060,0,3,0,7,0,6796,7094,2
11,1103,13,130020,0,3,0,7,0,6797,7095,1
11,1103,13,130020,0,3,0,7,0,6798,7096,1
5,504,1,10140,0,2,1,7,2,6799,7097,1
5,504,1,10140,0,2,1,7,2,6800,7098,1
6,611,8,80070,0,1,1,4,3,6801,7099,1
3,303,2,20270,0,2,0,7,0,6802,7100,1
5,534,2,20240,0,1,0,9,0,6803,7101,1
3,303,2,20270,0,2,0,7,0,6804,7102,1
12,1201,8,80190,0,3,0,7,0,6805,7103,1
12,1201,14,140020,0,3,0,7,0,6806,7104,1
8,825,1,10190,0,1,0,9,0,6807,7105,1
14,1406,2,20410,0,2,0,9,0,6808,7106,1
5,512,3,30010,0,2,0,9,0,6809,7107,2
4,412,14,140040,0,2,0,9,0,6809,7108,1
14,1410,7,70080,0,2,0,5,4,6810,7109,1
18,1812,8,80100,0,1,0,7,0,6811,7110,1
8,832,1,10560,0,1,0,7,0,6812,7111,1
8,832,1,10560,0,1,0,7,0,6813,7112,1
7,703,8,80070,0,3,0,9,0,6814,7113,1
5,534,4,40010,0,2,1,4,3,6815,7114,1
5,518,2,20410,0,1,0,7,0,6816,7115,1
5,518,2,20410,0,1,0,7,0,6817,7116,1
5,518,2,20410,0,1,0,7,0,6818,7117,1
5,539,1,10590,0,1,0,7,0,6819,7118,1
5,539,1,10590,0,1,0,7,0,6820,7119,1
5,539,1,10590,0,1,0,7,0,6821,7120,1
5,539,1,10590,0,1,0,7,0,6822,7121,1
5,539,1,10590,0,1,0,7,0,6823,7122,1
5,539,1,10590,0,1,0,7,0,6824,7123,1
5,512,3,30010,0,2,0,6,1,6825,7124,1
5,503,2,20410,0,2,0,6,0,6825,7125,2
5,501,2,20410,0,2,0,7,0,6825,7126,3
8,823,9,90330,0,1,2,5,0,6826,7127,1
8,823,9,90330,0,1,2,5,0,6827,7128,1
4,429,14,140050,0,3,0,3,0,6828,7129,1
8,807,1,10570,0,1,0,7,0,6829,7130,1
8,807,1,10570,0,1,0,7,0,6830,7131,1
9,913,10,100130,0,1,0,7,0,6831,7132,1
9,913,10,100130,0,1,0,7,0,6832,7133,1
8,816,1,10330,0,1,0,5,0,6833,7134,1
8,816,1,10330,0,1,0,5,0,6834,7135,1
8,810,1,10570,0,2,0,6,0,6835,7136,1
5,513,3,30160,0,1,1,6,1,6836,7137,1
9,911,10,100130,0,1,0,7,0,6836,7138,2
5,513,3,30160,0,1,1,6,1,6837,7139,1
9,911,10,100130,0,1,0,7,0,6837,7140,2
18,1802,12,120010,0,1,0,7,0,6838,7141,1
8,836,1,10600,0,2,0,7,0,6839,7142,1
18,1802,12,120010,0,1,0,7,0,6840,7143,1
8,807,1,10570,0,1,0,7,0,6841,7144,1
5,501,2,20410,0,2,0,3,0,6842,7145,2
5,534,4,40010,0,2,0,6,0,6842,7146,1
5,501,2,20410,0,2,0,3,0,6843,7147,2
5,534,4,40010,0,2,0,6,0,6843,7148,1
5,501,2,20410,0,2,0,3,0,6844,7149,2
5,534,4,40010,0,2,0,6,0,6844,7150,1
5,501,2,20410,0,2,0,3,0,6845,7151,2
5,534,4,40010,0,2,0,6,0,6845,7152,1
5,501,2,20410,0,2,0,3,0,6846,7153,2
5,534,4,40010,0,2,0,6,0,6846,7154,1
5,501,2,20410,0,2,0,3,0,6847,7155,2
5,534,4,40010,0,2,0,6,0,6847,7156,1
8,803,1,10360,0,1,0,5,0,6848,7157,1
18,1817,12,120010,0,1,0,7,0,6849,7158,1
2,210,9,90120,0,3,0,5,0,6850,7159,1
7,707,14,140030,0,3,0,7,0,6851,7160,1
8,836,1,10600,0,1,0,7,0,6204,7161,1
5,539,1,10590,0,1,1,8,1,6852,7162,1
6,602,8,80030,0,3,2,6,1,6853,7163,1
4,412,14,140040,0,3,0,6,3,6854,7164,1
5,531,1,10100,0,2,0,5,0,3378,7167,2
5,541,1,10040,0,2,1,7,2,5873,7168,2
5,509,1,10050,0,1,0,9,0,4021,7170,2
4,429,14,140050,0,3,0,5,0,6865,7173,1
5,503,2,20400,0,3,0,5,0,6862,7174,1
5,503,2,20410,0,3,0,5,0,6209,7175,1
9,913,10,100130,0,3,1,7,2,6855,7176,1
5,539,1,10590,0,1,0,7,0,6857,7177,1
18,1805,12,120010,0,1,0,5,0,6858,7178,1
5,514,1,10020,0,1,0,5,0,6859,7179,1
4,419,4,40050,0,3,1,6,1,6860,7180,1
4,419,4,40050,0,3,0,6,1,6861,7181,1
4,429,14,140050,0,3,0,5,0,6863,7183,1
5,503,2,20410,0,3,0,5,0,6864,7184,1
4,429,14,140050,0,3,0,5,0,6865,7185,1
8,807,1,10570,0,1,0,9,0,6866,7186,1
8,807,1,10570,0,1,0,9,0,6867,7187,1
8,807,1,10570,0,1,0,9,0,6868,7188,1
8,813,1,10330,0,1,1,4,2,6856,7189,1
11,1105,13,130020,0,3,0,9,0,6003,7190,1
11,1105,13,130020,0,3,0,9,0,5986,7191,1
8,841,1,10600,0,2,0,7,0,6211,7192,1
5,537,1,10050,0,1,0,5,0,6869,7193,1
5,539,1,10590,0,2,0,9,0,6870,7194,1
5,539,1,10590,0,1,0,9,0,6871,7195,1
8,812,1,10570,0,1,0,9,0,6872,7196,1
8,812,1,10570,0,1,0,9,0,6873,7197,1
8,834,1,10600,0,1,0,9,0,6874,7198,1
1,106,13,130020,0,2,0,9,0,6875,7199,1
8,807,1,10600,0,1,0,5,0,6876,7200,1
8,824,1,10220,1,2,1,5,4,6877,7201,1
8,816,1,10600,0,1,1,6,3,6878,7202,1
8,832,1,10560,0,1,2,9,0,6879,7203,1
5,537,1,10050,0,1,1,6,3,6880,7204,1
5,525,1,10600,0,2,0,7,0,6881,7205,1
5,509,1,10600,0,1,1,6,1,6881,7206,2
8,834,1,10600,0,1,0,5,0,6882,7207,1
8,810,1,10570,1,1,0,9,0,6883,7208,1
8,816,1,10600,0,1,0,9,0,5996,7210,1
5,531,1,10120,0,2,0,9,0,6885,7211,1
5,539,1,10590,0,1,1,8,1,6886,7212,1
5,534,1,10600,0,2,0,9,0,6887,7213,1
5,541,2,20410,0,2,0,9,0,6888,7214,1
8,816,1,10600,0,1,1,3,2,6889,7215,1
5,539,1,10590,0,1,0,5,0,6890,7216,1
11,1113,13,130020,0,3,2,8,1,6891,7217,1
5,504,1,10140,0,2,0,9,0,6892,7218,1
8,824,1,10220,1,1,0,9,0,6893,7219,1
18,1817,12,120010,0,2,1,8,1,6894,7220,1
4,426,2,20410,0,2,0,9,0,6895,7221,1
5,529,1,10270,0,3,2,6,3,6896,7222,1
5,529,1,10270,0,3,2,6,3,6897,7223,1
2,201,6,60030,0,1,1,8,1,6898,7224,1
12,1201,8,80190,0,3,0,9,0,6899,7225,1
8,812,1,10570,0,1,0,9,0,6900,7226,1
5,531,1,10120,0,2,1,5,4,6901,7227,1
8,812,1,10570,1,3,1,9,0,6902,7228,1
8,815,1,10600,0,1,1,7,2,6903,7229,1
8,842,1,10010,0,1,1,7,2,6904,7230,1
16,1601,4,40070,0,1,1,5,4,6905,7231,1
8,832,1,10560,0,1,1,7,2,6906,7232,1
5,534,1,10140,0,2,1,5,4,6907,7233,1
5,508,2,20410,0,1,1,5,4,6908,7234,1
8,824,1,10220,1,1,1,3,2,6909,7235,1
6,602,8,80030,0,3,0,9,0,6910,7236,1
18,1812,12,120010,0,2,0,7,0,6912,7238,1
12,1204,8,80180,0,3,2,8,1,6913,7239,1
8,810,1,10300,0,1,0,9,0,6914,7240,1
8,810,1,10300,0,1,0,9,0,6915,7241,1
8,810,1,10300,0,1,0,9,0,6916,7242,1
8,810,1,10300,0,1,0,9,0,6917,7243,1
4,412,14,140040,0,3,1,7,2,6918,7244,1
8,824,1,10220,1,2,0,5,0,6919,7245,1
8,807,1,10600,0,1,0,5,0,6920,7246,1
8,815,1,10600,0,1,0,7,0,6921,7247,1
11,1113,14,140050,0,3,1,5,4,6922,7248,1
8,807,1,10600,0,1,0,5,0,6923,7249,1
8,842,1,10010,0,1,1,5,4,6924,7250,1
8,842,1,10010,0,1,1,5,4,6925,7251,1
5,509,1,10600,0,1,1,5,4,6925,7252,2
5,509,1,10600,0,1,1,5,4,6924,7253,2
8,807,1,10600,0,3,2,6,1,6929,7260,1
8,812,1,10450,0,1,1,4,1,6931,7262,1
8,808,1,10600,0,1,0,6,0,6932,7264,1
15,1501,5,50040,0,1,0,7,0,6933,7266,1
8,815,1,10600,0,1,1,6,1,6934,7267,1
5,504,1,10140,0,2,1,8,1,6935,7268,1
5,504,1,10140,0,1,1,7,2,6936,7269,1
5,501,1,10050,0,1,0,8,0,6937,7270,1
8,807,1,10160,0,2,1,3,2,6938,7271,1
8,812,1,10600,0,1,0,6,0,6939,7272,1
5,537,1,10050,0,2,1,5,4,6940,7273,1
8,836,1,10600,0,3,0,7,0,6941,7274,1
8,807,1,10360,0,3,0,7,0,6942,7275,1
8,836,1,10330,1,1,0,5,0,6943,7276,1
5,508,2,20220,0,1,1,4,3,6944,7277,1
8,813,1,10600,0,1,1,6,1,6945,7278,1
8,808,1,10060,0,1,0,8,0,6946,7279,1
8,819,1,10060,0,2,0,8,0,6947,7280,1
9,912,10,100130,0,3,0,8,0,6948,7281,1
8,807,1,10360,0,2,0,8,0,6949,7282,1
5,539,1,10350,1,2,0,5,0,6950,7283,1
11,1106,14,140030,0,3,0,7,0,6951,7284,1
8,807,1,10600,0,1,0,7,0,6952,7285,1
19,1917,14,140060,0,2,1,6,1,6953,7286,1
18,1809,12,120010,0,2,1,7,1,6954,7287,1
5,534,2,20110,0,1,0,8,0,6955,7288,1
8,832,1,10560,0,2,0,8,0,6956,7289,1
8,824,1,10220,1,2,1,7,1,6957,7290,1
8,808,1,10120,0,1,0,7,0,6958,7291,1
3,303,2,20110,0,2,0,8,0,6959,7292,1
4,431,3,30010,0,3,0,7,0,6960,7293,1
9,904,10,100035,0,3,2,5,2,6961,7294,1
8,807,1,10220,1,1,0,5,0,6962,7295,1
6,605,14,140080,0,2,0,6,0,6963,7296,1
5,504,1,10560,0,3,2,6,1,6964,7297,1
4,431,3,30010,0,1,0,7,0,6965,7298,1
14,1407,7,70050,0,2,1,4,4,6966,7299,1
17,1705,8,80120,0,2,1,7,1,6967,7300,1
5,509,1,10060,0,1,1,3,2,6968,7301,1
8,824,1,10220,1,1,0,5,0,6969,7302,1
5,518,2,20410,1,2,0,7,0,6970,7303,1
8,838,1,10370,0,1,0,5,0,6971,7304,1
8,824,1,10220,1,2,1,4,1,6972,7305,1
9,904,10,100120,0,2,0,8,0,6975,7309,1
2,210,9,90120,0,2,0,9,0,6976,7310,1
8,804,1,10330,1,3,1,8,1,6977,7311,1
5,529,1,10360,0,1,1,6,1,6978,7312,1
8,808,2,20410,0,2,1,5,2,6979,7313,1
8,817,14,140040,0,3,1,7,2,6980,7314,1
8,824,1,10600,1,1,1,3,2,6981,7315,1
8,824,1,10600,1,1,1,3,2,6982,7316,1
8,812,1,10600,1,2,0,9,0,6984,7318,1
5,537,1,10070,0,1,1,4,1,6986,7320,1
8,835,1,10600,1,1,1,4,1,6987,7321,1
5,504,1,10560,0,2,1,6,1,6988,7322,1
8,813,1,10200,0,2,1,4,3,6989,7323,1
8,832,1,10560,0,2,1,5,4,6990,7324,1
8,808,1,10360,0,2,1,5,4,6991,7325,1
8,812,1,10570,1,3,1,7,2,6992,7326,1
5,537,1,10050,0,1,1,6,3,6993,7327,1
11,1105,,,,,,,,6994,7328,1
5,529,1,10360,0,1,1,6,1,6995,7329,1
5,529,1,10360,0,1,1,6,1,6996,7330,1
5,529,1,10360,0,1,1,6,1,6997,7331,1
5,529,1,10360,0,1,1,6,1,6998,7332,1
6,614,8,80160,0,1,1,7,2,6999,7333,1
1,105,8,80105,0,2,0,7,0,7000,7334,1
5,511,7,70130,0,1,0,7,0,7001,7335,1
16,1601,8,80150,0,1,0,7,0,7002,7336,1
4,402,10,100130,0,2,1,6,1,7003,7337,1
1,103,8,80060,0,2,1,8,1,7004,7338,1
2,210,9,90120,0,3,0,9,0,7005,7339,1
2,210,9,90120,0,0,0,9,0,7006,7340,1
6,602,8,80030,0,2,0,7,0,7007,7341,1
6,602,8,80030,0,2,0,7,0,7008,7342,1
17,1715,8,80260,0,2,0,9,0,7009,7343,1
6,602,8,80030,0,3,1,5,2,7010,7344,1
1,105,2,20150,1,1,0,9,0,7011,7345,1
5,503,2,20410,0,2,1,5,4,7012,7346,1
18,1817,12,120040,0,1,1,4,3,7013,7347,1
18,1817,12,120040,0,1,0,7,0,7014,7348,1
5,537,5,50010,0,2,0,7,0,7015,7349,1
4,431,3,30010,0,3,0,9,0,7016,7350,1
7,707,14,140030,0,1,1,6,1,7017,7351,1
5,515,2,20170,0,2,0,9,0,7018,7352,1
8,817,1,10190,1,2,1,5,2,7019,7354,1
3,303,13,130020,0,2,1,6,3,7020,7355,1
8,808,1,10600,0,2,0,7,0,7021,7356,1
8,816,1,10600,0,1,1,4,1,7022,7357,1
8,824,1,10220,1,2,1,7,2,7023,7358,1
8,810,1,10220,1,2,1,7,2,7023,7359,2
8,813,1,10570,0,2,0,9,0,7024,7360,1
8,812,1,10600,1,1,0,7,0,7026,7362,1
8,824,1,10600,1,1,1,6,1,7027,7363,1
8,812,1,10600,0,1,0,9,0,7028,7364,1
8,807,1,10600,0,1,0,5,0,7029,7365,1
8,816,1,10600,1,1,1,3,2,7030,7366,1
8,812,1,10600,0,1,0,5,0,7031,7367,1
4,401,14,140050,0,2,0,9,0,7033,7369,1
5,505,2,20010,0,2,1,5,4,7034,7370,1
5,522,2,20410,0,2,1,6,3,7035,7371,1
8,833,1,10600,0,2,1,7,2,7036,7372,1
8,833,1,10600,0,1,0,9,0,7037,7373,1
5,541,2,20140,0,1,0,9,0,7038,7374,1
8,807,1,10600,0,1,1,6,3,7039,7375,1
4,420,14,140050,0,1,1,5,4,7040,7376,1
16,1604,14,140010,0,1,1,5,4,7041,7377,1
8,832,1,10560,0,1,0,9,0,7042,7378,1
4,429,14,140050,0,1,0,9,,7043,7379,1
11,1113,9,90520,0,3,1,8,1,7044,7380,1
6,602,14,140080,0,1,1,6,3,7045,7381,1
8,812,1,10600,0,1,0,7,0,7046,7382,1
17,1713,13,130020,0,3,1,7,2,7047,7383,1
8,832,1,10560,0,2,0,9,0,7048,7384,1
9,907,10,100035,0,2,0,9,0,7049,7385,1
9,907,10,100035,0,2,0,9,0,7050,7386,1
8,807,1,10600,0,2,0,9,0,7051,7387,1
8,832,1,10560,0,1,1,8,1,7052,7388,1
8,801,1,10050,0,2,1,6,3,7053,7389,1
5,504,1,10140,0,2,1,5,4,7054,7390,1
8,816,1,10600,0,1,1,5,4,7055,7391,1
8,816,1,10600,0,1,1,8,1,7056,7392,1
8,816,1,10600,0,1,1,8,1,7058,7394,1
8,807,1,10600,0,1,0,7,0,7059,7395,1
2,201,4,40040,0,2,1,6,3,7060,7396,1
6,611,8,80350,0,2,1,8,1,7061,7397,1
8,807,1,10600,0,1,1,8,1,7062,7398,1
8,824,1,10600,1,1,1,6,3,7063,7399,1
8,816,1,10600,0,1,1,3,2,7064,7400,1
8,801,1,10600,0,2,0,9,0,7065,7401,1
7,719,14,140030,0,1,0,9,0,7066,7402,1
8,816,1,10600,1,1,1,3,2,7067,7403,1