primaryCaseID,justiceID,justiceName
1,37,ICRand
1,40,CHLocke
1,41,JRCartwright
1,43,DCAbbott
1,45,RMartland
2,36,RTaschereau
2,37,ICRand
2,42,JHGFauteux
2,43,DCAbbott
2,45,RMartland
3,34,PKerwin
3,36,RTaschereau
3,42,JHGFauteux
3,43,DCAbbott
3,46,WJudson
4,34,PKerwin
4,36,RTaschereau
4,42,JHGFauteux
4,43,DCAbbott
4,46,WJudson
5,34,PKerwin
5,36,RTaschereau
5,40,CHLocke
5,42,JHGFauteux
5,45,RMartland
6,36,RTaschereau
6,41,JRCartwright
6,42,JHGFauteux
6,43,DCAbbott
6,45,RMartland
7,36,RTaschereau
7,40,CHLocke
7,42,JHGFauteux
7,43,DCAbbott
7,45,RMartland
8,36,RTaschereau
8,40,CHLocke
8,41,JRCartwright
8,45,RMartland
8,46,WJudson
9,37,ICRand
9,41,JRCartwright
9,42,JHGFauteux
9,45,RMartland
9,46,WJudson
10,36,RTaschereau
10,37,ICRand
10,40,CHLocke
10,41,JRCartwright
10,43,DCAbbott
11,36,RTaschereau
11,37,ICRand
11,40,CHLocke
11,41,JRCartwright
11,42,JHGFauteux
11,43,DCAbbott
11,46,WJudson
12,36,RTaschereau
12,37,ICRand
12,42,JHGFauteux
12,43,DCAbbott
12,46,WJudson
13,36,RTaschereau
13,41,JRCartwright
13,42,JHGFauteux
13,43,DCAbbott
13,45,RMartland
14,34,PKerwin
14,36,RTaschereau
14,40,CHLocke
14,42,JHGFauteux
14,45,RMartland
15,36,RTaschereau
15,40,CHLocke
15,41,JRCartwright
15,43,DCAbbott
15,46,WJudson
16,36,RTaschereau
16,40,CHLocke
16,41,JRCartwright
16,42,JHGFauteux
16,45,RMartland
17,40,CHLocke
17,41,JRCartwright
17,42,JHGFauteux
17,43,DCAbbott
17,45,RMartland
18,36,RTaschereau
18,41,JRCartwright
18,42,JHGFauteux
18,43,DCAbbott
18,45,RMartland
19,40,CHLocke
19,41,JRCartwright
19,42,JHGFauteux
19,43,DCAbbott
19,45,RMartland
20,40,CHLocke
20,41,JRCartwright
20,42,JHGFauteux
20,43,DCAbbott
20,45,RMartland
21,36,RTaschereau
21,40,CHLocke
21,41,JRCartwright
21,45,RMartland
21,46,WJudson
22,34,PKerwin
22,36,RTaschereau
22,42,JHGFauteux
22,43,DCAbbott
22,46,WJudson
23,40,CHLocke
23,41,JRCartwright
23,42,JHGFauteux
23,43,DCAbbott
23,45,RMartland
24,34,PKerwin
24,41,JRCartwright
24,43,DCAbbott
24,45,RMartland
24,46,WJudson
25,34,PKerwin
25,40,CHLocke
25,41,JRCartwright
25,45,RMartland
25,46,WJudson
26,34,PKerwin
26,40,CHLocke
26,43,DCAbbott
26,45,RMartland
26,46,WJudson
27,34,PKerwin
27,36,RTaschereau
27,37,ICRand
27,40,CHLocke
27,41,JRCartwright
27,42,JHGFauteux
27,43,DCAbbott
27,45,RMartland
27,46,WJudson
28,36,RTaschereau
28,40,CHLocke
28,42,JHGFauteux
28,43,DCAbbott
28,46,WJudson
29,36,RTaschereau
29,41,JRCartwright
29,42,JHGFauteux
29,43,DCAbbott
29,46,WJudson
30,36,RTaschereau
30,40,CHLocke
30,42,JHGFauteux
30,43,DCAbbott
30,46,WJudson
31,40,CHLocke
31,41,JRCartwright
31,42,JHGFauteux
31,43,DCAbbott
31,45,RMartland
32,34,PKerwin
32,36,RTaschereau
32,41,JRCartwright
32,45,RMartland
32,46,WJudson
33,40,CHLocke
33,42,JHGFauteux
33,43,DCAbbott
33,45,RMartland
33,46,WJudson
34,34,PKerwin
34,36,RTaschereau
34,41,JRCartwright
34,43,DCAbbott
34,45,RMartland
35,40,CHLocke
35,41,JRCartwright
35,42,JHGFauteux
35,43,DCAbbott
35,45,RMartland
36,40,CHLocke
36,41,JRCartwright
36,43,DCAbbott
36,45,RMartland
36,46,WJudson
37,34,PKerwin
37,40,CHLocke
37,41,JRCartwright
37,45,RMartland
37,46,WJudson
38,40,CHLocke
38,41,JRCartwright
38,43,DCAbbott
38,45,RMartland
38,46,WJudson
39,34,PKerwin
39,41,JRCartwright
39,42,JHGFauteux
39,45,RMartland
39,46,WJudson
40,34,PKerwin
40,36,RTaschereau
40,40,CHLocke
40,41,JRCartwright
40,42,JHGFauteux
40,45,RMartland
40,46,WJudson
41,34,PKerwin
41,36,RTaschereau
41,40,CHLocke
41,41,JRCartwright
41,42,JHGFauteux
41,43,DCAbbott
41,45,RMartland
41,46,WJudson
41,47,RARitchie
42,34,PKerwin
42,36,RTaschereau
42,42,JHGFauteux
42,43,DCAbbott
42,46,WJudson
43,34,PKerwin
43,40,CHLocke
43,41,JRCartwright
43,45,RMartland
43,46,WJudson
44,40,CHLocke
44,42,JHGFauteux
44,43,DCAbbott
44,45,RMartland
44,46,WJudson
45,34,PKerwin
45,36,RTaschereau
45,40,CHLocke
45,46,WJudson
45,47,RARitchie
46,34,PKerwin
46,36,RTaschereau
46,40,CHLocke
46,45,RMartland
46,46,WJudson
47,36,RTaschereau
47,40,CHLocke
47,42,JHGFauteux
47,43,DCAbbott
47,45,RMartland
48,40,CHLocke
48,41,JRCartwright
48,42,JHGFauteux
48,43,DCAbbott
48,45,RMartland
49,36,RTaschereau
49,40,CHLocke
49,43,DCAbbott
49,45,RMartland
49,46,WJudson
50,36,RTaschereau
50,40,CHLocke
50,42,JHGFauteux
50,43,DCAbbott
50,45,RMartland
51,34,PKerwin
51,36,RTaschereau
51,41,JRCartwright
51,42,JHGFauteux
51,43,DCAbbott
52,34,PKerwin
52,40,CHLocke
52,41,JRCartwright
52,45,RMartland
52,46,WJudson
53,36,RTaschereau
53,41,JRCartwright
53,42,JHGFauteux
53,43,DCAbbott
53,47,RARitchie
54,34,PKerwin
54,36,RTaschereau
54,40,CHLocke
54,42,JHGFauteux
54,43,DCAbbott
55,36,RTaschereau
55,41,JRCartwright
55,45,RMartland
55,46,WJudson
55,47,RARitchie
56,41,JRCartwright
56,43,DCAbbott
56,45,RMartland
56,46,WJudson
56,47,RARitchie
57,36,RTaschereau
57,40,CHLocke
57,45,RMartland
57,46,WJudson
57,47,RARitchie
58,36,RTaschereau
58,40,CHLocke
58,45,RMartland
58,46,WJudson
58,47,RARitchie
59,34,PKerwin
59,37,ICRand
59,40,CHLocke
59,41,JRCartwright
59,42,JHGFauteux
60,34,PKerwin
60,37,ICRand
60,38,RLKellock
60,39,JWEstey
60,40,CHLocke
60,41,JRCartwright
60,42,JHGFauteux
61,27,TRinfret
61,36,RTaschereau
61,37,ICRand
61,41,JRCartwright
61,42,JHGFauteux
62,36,RTaschereau
62,37,ICRand
62,38,RLKellock
62,41,JRCartwright
62,42,JHGFauteux
63,34,PKerwin
63,36,RTaschereau
63,38,RLKellock
63,41,JRCartwright
63,42,JHGFauteux
64,36,RTaschereau
64,37,ICRand
64,39,JWEstey
64,41,JRCartwright
64,42,JHGFauteux
65,27,TRinfret
65,34,PKerwin
65,36,RTaschereau
65,37,ICRand
65,38,RLKellock
65,39,JWEstey
65,40,CHLocke
65,41,JRCartwright
65,42,JHGFauteux
66,27,TRinfret
66,36,RTaschereau
66,39,JWEstey
66,40,CHLocke
66,41,JRCartwright
67,27,TRinfret
67,34,PKerwin
67,36,RTaschereau
67,37,ICRand
67,38,RLKellock
67,39,JWEstey
67,41,JRCartwright
68,27,TRinfret
68,34,PKerwin
68,37,ICRand
68,38,RLKellock
68,39,JWEstey
68,40,CHLocke
68,42,JHGFauteux
69,34,PKerwin
69,36,RTaschereau
69,37,ICRand
69,40,CHLocke
69,41,JRCartwright
70,34,PKerwin
70,38,RLKellock
70,39,JWEstey
70,41,JRCartwright
70,42,JHGFauteux
71,34,PKerwin
71,36,RTaschereau
71,37,ICRand
71,38,RLKellock
71,39,JWEstey
71,40,CHLocke
71,41,JRCartwright
72,34,PKerwin
72,36,RTaschereau
72,37,ICRand
72,38,RLKellock
72,39,JWEstey
72,40,CHLocke
72,41,JRCartwright
73,34,PKerwin
73,36,RTaschereau
73,37,ICRand
73,38,RLKellock
73,39,JWEstey
73,40,CHLocke
73,41,JRCartwright
74,27,TRinfret
74,36,RTaschereau
74,38,RLKellock
74,39,JWEstey
74,42,JHGFauteux
75,34,PKerwin
75,37,ICRand
75,39,JWEstey
75,40,CHLocke
75,41,JRCartwright
76,27,TRinfret
76,36,RTaschereau
76,37,ICRand
76,38,RLKellock
76,39,JWEstey
77,27,TRinfret
77,36,RTaschereau
77,39,JWEstey
77,41,JRCartwright
77,42,JHGFauteux
78,27,TRinfret
78,34,PKerwin
78,36,RTaschereau
78,37,ICRand
78,38,RLKellock
78,39,JWEstey
78,40,CHLocke
78,41,JRCartwright
78,42,JHGFauteux
79,27,TRinfret
79,34,PKerwin
79,36,RTaschereau
79,37,ICRand
79,38,RLKellock
79,39,JWEstey
79,40,CHLocke
79,41,JRCartwright
79,42,JHGFauteux
80,27,TRinfret
80,36,RTaschereau
80,38,RLKellock
80,39,JWEstey
80,40,CHLocke
81,27,TRinfret
81,34,PKerwin
81,37,ICRand
81,39,JWEstey
81,42,JHGFauteux
82,34,PKerwin
82,37,ICRand
82,39,JWEstey
82,40,CHLocke
82,41,JRCartwright
83,34,PKerwin
83,36,RTaschereau
83,37,ICRand
83,40,CHLocke
83,41,JRCartwright
84,37,ICRand
84,38,RLKellock
84,39,JWEstey
84,41,JRCartwright
84,42,JHGFauteux
85,34,PKerwin
85,36,RTaschereau
85,37,ICRand
85,39,JWEstey
85,40,CHLocke
85,41,JRCartwright
86,27,TRinfret
86,34,PKerwin
86,36,RTaschereau
86,37,ICRand
86,38,RLKellock
86,39,JWEstey
86,42,JHGFauteux
87,27,TRinfret
87,37,ICRand
87,39,JWEstey
87,40,CHLocke
87,41,JRCartwright
88,27,TRinfret
88,34,PKerwin
88,37,ICRand
88,39,JWEstey
88,41,JRCartwright
89,27,TRinfret
89,37,ICRand
89,40,CHLocke
89,41,JRCartwright
89,42,JHGFauteux
90,27,TRinfret
90,36,RTaschereau
90,39,JWEstey
90,41,JRCartwright
90,42,JHGFauteux
91,27,TRinfret
91,36,RTaschereau
91,37,ICRand
91,39,JWEstey
91,40,CHLocke
91,41,JRCartwright
91,42,JHGFauteux
92,27,TRinfret
92,34,PKerwin
92,36,RTaschereau
92,37,ICRand
92,38,RLKellock
92,39,JWEstey
92,40,CHLocke
92,41,JRCartwright
92,42,JHGFauteux
93,34,PKerwin
93,36,RTaschereau
93,39,JWEstey
93,41,JRCartwright
93,42,JHGFauteux
94,27,TRinfret
94,36,RTaschereau
94,37,ICRand
94,41,JRCartwright
94,42,JHGFauteux
95,27,TRinfret
95,36,RTaschereau
95,37,ICRand
95,41,JRCartwright
95,42,JHGFauteux
96,34,PKerwin
96,36,RTaschereau
96,37,ICRand
96,40,CHLocke
96,41,JRCartwright
97,36,RTaschereau
97,38,RLKellock
97,40,CHLocke
97,41,JRCartwright
97,42,JHGFauteux
98,36,RTaschereau
98,37,ICRand
98,39,JWEstey
98,40,CHLocke
98,42,JHGFauteux
99,34,PKerwin
99,38,RLKellock
99,39,JWEstey
99,40,CHLocke
99,41,JRCartwright
100,34,PKerwin
100,36,RTaschereau
100,37,ICRand
100,40,CHLocke
100,41,JRCartwright
101,36,RTaschereau
101,38,RLKellock
101,39,JWEstey
101,41,JRCartwright
101,42,JHGFauteux
102,27,TRinfret
102,37,ICRand
102,38,RLKellock
102,40,CHLocke
102,42,JHGFauteux
103,27,TRinfret
103,36,RTaschereau
103,39,JWEstey
103,40,CHLocke
103,41,JRCartwright
104,37,ICRand
104,38,RLKellock
104,39,JWEstey
104,41,JRCartwright
104,42,JHGFauteux
105,34,PKerwin
105,37,ICRand
105,39,JWEstey
105,40,CHLocke
105,41,JRCartwright
106,27,TRinfret
106,37,ICRand
106,38,RLKellock
106,39,JWEstey
106,40,CHLocke
107,36,RTaschereau
107,37,ICRand
107,39,JWEstey
107,40,CHLocke
107,42,JHGFauteux
108,27,TRinfret
108,36,RTaschereau
108,37,ICRand
108,41,JRCartwright
108,42,JHGFauteux
109,34,PKerwin
109,36,RTaschereau
109,39,JWEstey
109,40,CHLocke
109,41,JRCartwright
110,34,PKerwin
110,37,ICRand
110,39,JWEstey
110,40,CHLocke
110,41,JRCartwright
111,34,PKerwin
111,37,ICRand
111,38,RLKellock
111,39,JWEstey
111,41,JRCartwright
112,34,PKerwin
112,37,ICRand
112,39,JWEstey
112,40,CHLocke
112,41,JRCartwright
113,34,PKerwin
113,38,RLKellock
113,39,JWEstey
113,40,CHLocke
113,42,JHGFauteux
114,34,PKerwin
114,36,RTaschereau
114,37,ICRand
114,38,RLKellock
114,39,JWEstey
114,40,CHLocke
114,41,JRCartwright
114,42,JHGFauteux
114,43,DCAbbott
115,34,PKerwin
115,38,RLKellock
115,39,JWEstey
115,40,CHLocke
115,41,JRCartwright
116,34,PKerwin
116,37,ICRand
116,39,JWEstey
116,40,CHLocke
116,42,JHGFauteux
117,34,PKerwin
117,36,RTaschereau
117,37,ICRand
117,38,RLKellock
117,39,JWEstey
117,40,CHLocke
117,41,JRCartwright
117,42,JHGFauteux
117,43,DCAbbott
118,36,RTaschereau
118,38,RLKellock
118,39,JWEstey
118,40,CHLocke
118,43,DCAbbott
119,36,RTaschereau
119,37,ICRand
119,40,CHLocke
119,42,JHGFauteux
119,43,DCAbbott
120,34,PKerwin
120,36,RTaschereau
120,37,ICRand
120,38,RLKellock
120,39,JWEstey
120,40,CHLocke
120,41,JRCartwright
120,42,JHGFauteux
120,43,DCAbbott
121,34,PKerwin
121,37,ICRand
121,38,RLKellock
121,39,JWEstey
121,41,JRCartwright
122,34,PKerwin
122,36,RTaschereau
122,40,CHLocke
122,42,JHGFauteux
122,43,DCAbbott
123,34,PKerwin
123,36,RTaschereau
123,38,RLKellock
123,42,JHGFauteux
123,43,DCAbbott
124,37,ICRand
124,39,JWEstey
124,40,CHLocke
124,41,JRCartwright
124,43,DCAbbott
125,34,PKerwin
125,37,ICRand
125,39,JWEstey
125,40,CHLocke
125,41,JRCartwright
126,37,ICRand
126,38,RLKellock
126,39,JWEstey
126,40,CHLocke
126,41,JRCartwright
127,34,PKerwin
127,37,ICRand
127,38,RLKellock
127,40,CHLocke
127,41,JRCartwright
128,34,PKerwin
128,37,ICRand
128,38,RLKellock
128,41,JRCartwright
128,42,JHGFauteux
129,34,PKerwin
129,37,ICRand
129,38,RLKellock
129,39,JWEstey
129,40,CHLocke
129,41,JRCartwright
129,42,JHGFauteux
129,43,DCAbbott
130,34,PKerwin
130,36,RTaschereau
130,37,ICRand
130,38,RLKellock
130,41,JRCartwright
131,34,PKerwin
131,36,RTaschereau
131,37,ICRand
131,38,RLKellock
131,39,JWEstey
131,40,CHLocke
131,41,JRCartwright
131,42,JHGFauteux
131,43,DCAbbott
132,36,RTaschereau
132,40,CHLocke
132,41,JRCartwright
132,42,JHGFauteux
132,43,DCAbbott
133,36,RTaschereau
133,37,ICRand
133,41,JRCartwright
133,42,JHGFauteux
133,43,DCAbbott
134,34,PKerwin
134,37,ICRand
134,38,RLKellock
134,39,JWEstey
134,41,JRCartwright
135,34,PKerwin
135,37,ICRand
135,39,JWEstey
135,40,CHLocke
135,43,DCAbbott
136,34,PKerwin
136,36,RTaschereau
136,37,ICRand
136,38,RLKellock
136,39,JWEstey
136,40,CHLocke
136,41,JRCartwright
136,42,JHGFauteux
136,43,DCAbbott
137,34,PKerwin
137,36,RTaschereau
137,41,JRCartwright
137,42,JHGFauteux
137,43,DCAbbott
138,37,ICRand
138,38,RLKellock
138,39,JWEstey
138,40,CHLocke
138,42,JHGFauteux
139,34,PKerwin
139,36,RTaschereau
139,37,ICRand
139,39,JWEstey
139,42,JHGFauteux
140,36,RTaschereau
140,38,RLKellock
140,39,JWEstey
140,42,JHGFauteux
140,43,DCAbbott
141,34,PKerwin
141,36,RTaschereau
141,37,ICRand
141,38,RLKellock
141,39,JWEstey
141,40,CHLocke
141,41,JRCartwright
141,42,JHGFauteux
141,43,DCAbbott
142,36,RTaschereau
142,39,JWEstey
142,40,CHLocke
142,41,JRCartwright
142,43,DCAbbott
143,36,RTaschereau
143,38,RLKellock
143,39,JWEstey
143,40,CHLocke
143,42,JHGFauteux
144,34,PKerwin
144,39,JWEstey
144,40,CHLocke
144,42,JHGFauteux
144,43,DCAbbott
145,36,RTaschereau
145,38,RLKellock
145,40,CHLocke
145,42,JHGFauteux
145,43,DCAbbott
146,34,PKerwin
146,36,RTaschereau
146,37,ICRand
146,40,CHLocke
146,41,JRCartwright
147,34,PKerwin
147,36,RTaschereau
147,37,ICRand
147,38,RLKellock
147,39,JWEstey
147,40,CHLocke
147,41,JRCartwright
147,42,JHGFauteux
147,43,DCAbbott
148,34,PKerwin
148,36,RTaschereau
148,37,ICRand
148,38,RLKellock
148,39,JWEstey
148,40,CHLocke
148,41,JRCartwright
148,42,JHGFauteux
148,43,DCAbbott
149,34,PKerwin
149,37,ICRand
149,38,RLKellock
149,41,JRCartwright
149,43,DCAbbott
150,37,ICRand
150,38,RLKellock
150,41,JRCartwright
150,42,JHGFauteux
150,43,DCAbbott
151,37,ICRand
151,38,RLKellock
151,41,JRCartwright
151,42,JHGFauteux
151,43,DCAbbott
152,34,PKerwin
152,37,ICRand
152,39,JWEstey
152,41,JRCartwright
152,43,DCAbbott
153,34,PKerwin
153,39,JWEstey
153,40,CHLocke
153,41,JRCartwright
153,42,JHGFauteux
154,36,RTaschereau
154,37,ICRand
154,38,RLKellock
154,42,JHGFauteux
154,43,DCAbbott
155,34,PKerwin
155,37,ICRand
155,39,JWEstey
155,40,CHLocke
155,41,JRCartwright
156,34,PKerwin
156,36,RTaschereau
156,37,ICRand
156,38,RLKellock
156,39,JWEstey
156,40,CHLocke
156,41,JRCartwright
156,42,JHGFauteux
156,43,DCAbbott
157,36,RTaschereau
157,37,ICRand
157,38,RLKellock
157,41,JRCartwright
157,42,JHGFauteux
158,36,RTaschereau
158,39,JWEstey
158,40,CHLocke
158,41,JRCartwright
158,42,JHGFauteux
159,34,PKerwin
159,36,RTaschereau
159,41,JRCartwright
159,42,JHGFauteux
159,43,DCAbbott
160,34,PKerwin
160,36,RTaschereau
160,38,RLKellock
160,42,JHGFauteux
160,43,DCAbbott
161,37,ICRand
161,38,RLKellock
161,39,JWEstey
161,40,CHLocke
161,42,JHGFauteux
162,36,RTaschereau
162,37,ICRand
162,39,JWEstey
162,40,CHLocke
162,41,JRCartwright
163,36,RTaschereau
163,37,ICRand
163,38,RLKellock
163,42,JHGFauteux
163,43,DCAbbott
164,34,PKerwin
164,37,ICRand
164,39,JWEstey
164,40,CHLocke
164,41,JRCartwright
165,36,RTaschereau
165,37,ICRand
165,38,RLKellock
165,39,JWEstey
165,40,CHLocke
166,34,PKerwin
166,36,RTaschereau
166,41,JRCartwright
166,42,JHGFauteux
166,43,DCAbbott
167,34,PKerwin
167,36,RTaschereau
167,39,JWEstey
167,40,CHLocke
167,41,JRCartwright
168,34,PKerwin
168,39,JWEstey
168,40,CHLocke
168,41,JRCartwright
168,42,JHGFauteux
169,36,RTaschereau
169,37,ICRand
169,39,JWEstey
169,42,JHGFauteux
169,43,DCAbbott
170,36,RTaschereau
170,37,ICRand
170,39,JWEstey
170,40,CHLocke
170,41,JRCartwright
171,34,PKerwin
171,36,RTaschereau
171,37,ICRand
171,38,RLKellock
171,42,JHGFauteux
172,34,PKerwin
172,38,RLKellock
172,39,JWEstey
172,40,CHLocke
172,41,JRCartwright
173,34,PKerwin
173,37,ICRand
173,38,RLKellock
173,39,JWEstey
173,40,CHLocke
174,37,ICRand
174,38,RLKellock
174,39,JWEstey
174,40,CHLocke
174,41,JRCartwright
175,34,PKerwin
175,38,RLKellock
175,39,JWEstey
175,40,CHLocke
175,41,JRCartwright
176,34,PKerwin
176,38,RLKellock
176,39,JWEstey
176,40,CHLocke
176,43,DCAbbott
177,34,PKerwin
177,36,RTaschereau
177,37,ICRand
177,42,JHGFauteux
177,43,DCAbbott
178,34,PKerwin
178,37,ICRand
178,39,JWEstey
178,41,JRCartwright
178,42,JHGFauteux
179,34,PKerwin
179,36,RTaschereau
179,37,ICRand
179,38,RLKellock
179,39,JWEstey
179,40,CHLocke
179,41,JRCartwright
179,42,JHGFauteux
179,43,DCAbbott
180,37,ICRand
180,39,JWEstey
180,40,CHLocke
180,41,JRCartwright
180,42,JHGFauteux
181,34,PKerwin
181,37,ICRand
181,38,RLKellock
181,39,JWEstey
181,40,CHLocke
182,37,ICRand
182,39,JWEstey
182,40,CHLocke
182,41,JRCartwright
182,42,JHGFauteux
183,34,PKerwin
183,38,RLKellock
183,39,JWEstey
183,40,CHLocke
183,41,JRCartwright
184,34,PKerwin
184,38,RLKellock
184,39,JWEstey
184,40,CHLocke
184,41,JRCartwright
185,34,PKerwin
185,36,RTaschereau
185,37,ICRand
185,38,RLKellock
185,39,JWEstey
185,40,CHLocke
185,43,DCAbbott
186,34,PKerwin
186,36,RTaschereau
186,37,ICRand
186,38,RLKellock
186,40,CHLocke
186,41,JRCartwright
186,43,DCAbbott
187,34,PKerwin
187,36,RTaschereau
187,37,ICRand
187,38,RLKellock
187,39,JWEstey
187,40,CHLocke
187,41,JRCartwright
187,42,JHGFauteux
187,43,DCAbbott
188,36,RTaschereau
188,38,RLKellock
188,41,JRCartwright
188,42,JHGFauteux
188,43,DCAbbott
189,34,PKerwin
189,36,RTaschereau
189,37,ICRand
189,39,JWEstey
189,40,CHLocke
189,41,JRCartwright
189,42,JHGFauteux
190,34,PKerwin
190,36,RTaschereau
190,37,ICRand
190,39,JWEstey
190,40,CHLocke
190,41,JRCartwright
190,42,JHGFauteux
191,36,RTaschereau
191,38,RLKellock
191,39,JWEstey
191,41,JRCartwright
191,42,JHGFauteux
192,34,PKerwin
192,36,RTaschereau
192,37,ICRand
192,38,RLKellock
192,40,CHLocke
192,41,JRCartwright
192,42,JHGFauteux
193,34,PKerwin
193,38,RLKellock
193,39,JWEstey
193,41,JRCartwright
193,43,DCAbbott
194,34,PKerwin
194,37,ICRand
194,40,CHLocke
194,41,JRCartwright
194,43,DCAbbott
195,34,PKerwin
195,36,RTaschereau
195,37,ICRand
195,38,RLKellock
195,39,JWEstey
195,40,CHLocke
195,43,DCAbbott
196,34,PKerwin
196,36,RTaschereau
196,37,ICRand
196,38,RLKellock
196,39,JWEstey
196,40,CHLocke
196,41,JRCartwright
196,42,JHGFauteux
196,43,DCAbbott
197,34,PKerwin
197,37,ICRand
197,40,CHLocke
197,41,JRCartwright
197,44,HGNolan
198,34,PKerwin
198,36,RTaschereau
198,37,ICRand
198,38,RLKellock
198,40,CHLocke
198,41,JRCartwright
198,42,JHGFauteux
199,37,ICRand
199,38,RLKellock
199,39,JWEstey
199,40,CHLocke
199,43,DCAbbott
200,34,PKerwin
200,37,ICRand
200,39,JWEstey
200,41,JRCartwright
200,43,DCAbbott
201,37,ICRand
201,38,RLKellock
201,40,CHLocke
201,42,JHGFauteux
201,43,DCAbbott
202,34,PKerwin
202,36,RTaschereau
202,37,ICRand
202,38,RLKellock
202,42,JHGFauteux
203,37,ICRand
203,38,RLKellock
203,39,JWEstey
203,40,CHLocke
203,41,JRCartwright
204,36,RTaschereau
204,40,CHLocke
204,41,JRCartwright
204,42,JHGFauteux
204,43,DCAbbott
205,34,PKerwin
205,36,RTaschereau
205,37,ICRand
205,38,RLKellock
205,39,JWEstey
205,40,CHLocke
205,42,JHGFauteux
206,34,PKerwin
206,36,RTaschereau
206,40,CHLocke
206,41,JRCartwright
206,43,DCAbbott
207,36,RTaschereau
207,38,RLKellock
207,39,JWEstey
207,40,CHLocke
207,43,DCAbbott
208,36,RTaschereau
208,39,JWEstey
208,40,CHLocke
208,41,JRCartwright
208,42,JHGFauteux
209,34,PKerwin
209,38,RLKellock
209,41,JRCartwright
209,42,JHGFauteux
209,43,DCAbbott
210,34,PKerwin
210,37,ICRand
210,38,RLKellock
210,40,CHLocke
210,43,DCAbbott
211,34,PKerwin
211,37,ICRand
211,40,CHLocke
211,41,JRCartwright
211,43,DCAbbott
212,34,PKerwin
212,37,ICRand
212,38,RLKellock
212,39,JWEstey
212,40,CHLocke
212,42,JHGFauteux
212,43,DCAbbott
213,34,PKerwin
213,36,RTaschereau
213,41,JRCartwright
213,42,JHGFauteux
213,43,DCAbbott
214,36,RTaschereau
214,37,ICRand
214,40,CHLocke
214,41,JRCartwright
214,43,DCAbbott
215,34,PKerwin
215,37,ICRand
215,38,RLKellock
215,40,CHLocke
215,41,JRCartwright
216,34,PKerwin
216,38,RLKellock
216,40,CHLocke
216,41,JRCartwright
216,42,JHGFauteux
217,36,RTaschereau
217,37,ICRand
217,38,RLKellock
217,42,JHGFauteux
217,43,DCAbbott
218,36,RTaschereau
218,38,RLKellock
218,40,CHLocke
218,41,JRCartwright
218,42,JHGFauteux
219,34,PKerwin
219,37,ICRand
219,40,CHLocke
219,41,JRCartwright
219,42,JHGFauteux
220,34,PKerwin
220,36,RTaschereau
220,38,RLKellock
220,40,CHLocke
220,42,JHGFauteux
221,34,PKerwin
221,36,RTaschereau
221,37,ICRand
221,38,RLKellock
221,40,CHLocke
221,41,JRCartwright
221,42,JHGFauteux
222,36,RTaschereau
222,37,ICRand
222,40,CHLocke
222,41,JRCartwright
222,43,DCAbbott
223,34,PKerwin
223,36,RTaschereau
223,37,ICRand
223,38,RLKellock
223,40,CHLocke
223,41,JRCartwright
223,42,JHGFauteux
224,36,RTaschereau
224,37,ICRand
224,40,CHLocke
224,42,JHGFauteux
224,43,DCAbbott
225,34,PKerwin
225,36,RTaschereau
225,41,JRCartwright
225,42,JHGFauteux
225,43,DCAbbott
226,34,PKerwin
226,36,RTaschereau
226,40,CHLocke
226,42,JHGFauteux
226,43,DCAbbott
227,37,ICRand
227,38,RLKellock
227,40,CHLocke
227,41,JRCartwright
227,43,DCAbbott
228,34,PKerwin
228,36,RTaschereau
228,37,ICRand
228,38,RLKellock
228,40,CHLocke
228,42,JHGFauteux
228,43,DCAbbott
229,34,PKerwin
229,37,ICRand
229,38,RLKellock
229,40,CHLocke
229,41,JRCartwright
230,37,ICRand
230,38,RLKellock
230,40,CHLocke
230,41,JRCartwright
230,43,DCAbbott
231,34,PKerwin
231,37,ICRand
231,40,CHLocke
231,41,JRCartwright
231,44,HGNolan
232,34,PKerwin
232,36,RTaschereau
232,37,ICRand
232,40,CHLocke
232,41,JRCartwright
233,36,RTaschereau
233,37,ICRand
233,42,JHGFauteux
233,43,DCAbbott
233,44,HGNolan
234,34,PKerwin
234,36,RTaschereau
234,37,ICRand
234,40,CHLocke
234,41,JRCartwright
234,42,JHGFauteux
234,44,HGNolan
235,34,PKerwin
235,36,RTaschereau
235,41,JRCartwright
235,42,JHGFauteux
235,44,HGNolan
236,34,PKerwin
236,37,ICRand
236,42,JHGFauteux
236,43,DCAbbott
236,44,HGNolan
237,37,ICRand
237,40,CHLocke
237,41,JRCartwright
237,42,JHGFauteux
237,43,DCAbbott
238,34,PKerwin
238,36,RTaschereau
238,37,ICRand
238,42,JHGFauteux
238,43,DCAbbott
239,36,RTaschereau
239,40,CHLocke
239,41,JRCartwright
239,42,JHGFauteux
239,44,HGNolan
240,34,PKerwin
240,36,RTaschereau
240,37,ICRand
240,38,RLKellock
240,41,JRCartwright
240,42,JHGFauteux
240,43,DCAbbott
241,34,PKerwin
241,36,RTaschereau
241,37,ICRand
241,40,CHLocke
241,41,JRCartwright
241,42,JHGFauteux
241,44,HGNolan
242,36,RTaschereau
242,41,JRCartwright
242,42,JHGFauteux
242,43,DCAbbott
242,44,HGNolan
243,34,PKerwin
243,36,RTaschereau
243,37,ICRand
243,41,JRCartwright
243,42,JHGFauteux
244,34,PKerwin
244,37,ICRand
244,41,JRCartwright
244,43,DCAbbott
244,44,HGNolan
245,34,PKerwin
245,36,RTaschereau
245,40,CHLocke
245,42,JHGFauteux
245,43,DCAbbott
246,34,PKerwin
246,36,RTaschereau
246,40,CHLocke
246,41,JRCartwright
246,43,DCAbbott
247,37,ICRand
247,40,CHLocke
247,41,JRCartwright
247,42,JHGFauteux
247,44,HGNolan
248,34,PKerwin
248,37,ICRand
248,40,CHLocke
248,43,DCAbbott
248,44,HGNolan
249,36,RTaschereau
249,40,CHLocke
249,41,JRCartwright
249,42,JHGFauteux
249,44,HGNolan
250,34,PKerwin
250,37,ICRand
250,40,CHLocke
250,41,JRCartwright
250,44,HGNolan
251,34,PKerwin
251,37,ICRand
251,38,RLKellock
251,40,CHLocke
251,41,JRCartwright
252,36,RTaschereau
252,37,ICRand
252,40,CHLocke
252,41,JRCartwright
252,44,HGNolan
253,34,PKerwin
253,36,RTaschereau
253,41,JRCartwright
253,42,JHGFauteux
253,43,DCAbbott
254,36,RTaschereau
254,37,ICRand
254,40,CHLocke
254,42,JHGFauteux
254,44,HGNolan
255,34,PKerwin
255,36,RTaschereau
255,42,JHGFauteux
255,43,DCAbbott
255,44,HGNolan
256,34,PKerwin
256,37,ICRand
256,42,JHGFauteux
256,43,DCAbbott
256,44,HGNolan
257,36,RTaschereau
257,41,JRCartwright
257,42,JHGFauteux
257,43,DCAbbott
257,44,HGNolan
258,34,PKerwin
258,36,RTaschereau
258,40,CHLocke
258,41,JRCartwright
258,43,DCAbbott
259,34,PKerwin
259,36,RTaschereau
259,40,CHLocke
259,41,JRCartwright
259,43,DCAbbott
260,34,PKerwin
260,37,ICRand
260,40,CHLocke
260,41,JRCartwright
260,44,HGNolan
261,34,PKerwin
261,36,RTaschereau
261,37,ICRand
261,40,CHLocke
261,42,JHGFauteux
261,43,DCAbbott
261,44,HGNolan
262,34,PKerwin
262,36,RTaschereau
262,37,ICRand
262,38,RLKellock
262,40,CHLocke
262,41,JRCartwright
262,42,JHGFauteux
262,43,DCAbbott
262,44,HGNolan
263,34,PKerwin
263,36,RTaschereau
263,37,ICRand
263,40,CHLocke
263,41,JRCartwright
264,34,PKerwin
264,36,RTaschereau
264,38,RLKellock
264,42,JHGFauteux
264,43,DCAbbott
265,34,PKerwin
265,37,ICRand
265,38,RLKellock
265,41,JRCartwright
265,42,JHGFauteux
266,34,PKerwin
266,41,JRCartwright
266,44,HGNolan
267,34,PKerwin
267,37,ICRand
267,38,RLKellock
267,40,CHLocke
267,41,JRCartwright
268,36,RTaschereau
268,37,ICRand
268,38,RLKellock
268,42,JHGFauteux
268,43,DCAbbott
269,34,PKerwin
269,38,RLKellock
269,40,CHLocke
269,41,JRCartwright
269,42,JHGFauteux
270,37,ICRand
270,40,CHLocke
270,41,JRCartwright
270,43,DCAbbott
270,44,HGNolan
271,37,ICRand
271,40,CHLocke
271,42,JHGFauteux
271,43,DCAbbott
271,44,HGNolan
272,36,RTaschereau
272,37,ICRand
272,38,RLKellock
272,42,JHGFauteux
272,43,DCAbbott
273,36,RTaschereau
273,37,ICRand
273,38,RLKellock
273,42,JHGFauteux
273,43,DCAbbott
274,36,RTaschereau
274,40,CHLocke
274,42,JHGFauteux
274,43,DCAbbott
274,44,HGNolan
275,34,PKerwin
275,36,RTaschereau
275,37,ICRand
275,40,CHLocke
275,41,JRCartwright
275,42,JHGFauteux
275,43,DCAbbott
275,44,HGNolan
276,34,PKerwin
276,36,RTaschereau
276,37,ICRand
276,38,RLKellock
276,40,CHLocke
276,41,JRCartwright
276,42,JHGFauteux
276,43,DCAbbott
276,44,HGNolan
277,34,PKerwin
277,36,RTaschereau
277,37,ICRand
277,42,JHGFauteux
277,43,DCAbbott
278,34,PKerwin
278,37,ICRand
278,38,RLKellock
278,40,CHLocke
278,43,DCAbbott
279,34,PKerwin
279,36,RTaschereau
279,38,RLKellock
279,41,JRCartwright
279,44,HGNolan
280,36,RTaschereau
280,40,CHLocke
280,42,JHGFauteux
280,43,DCAbbott
280,44,HGNolan
281,34,PKerwin
281,38,RLKellock
281,40,CHLocke
281,41,JRCartwright
281,44,HGNolan
282,34,PKerwin
282,36,RTaschereau
282,37,ICRand
282,40,CHLocke
282,41,JRCartwright
282,42,JHGFauteux
282,43,DCAbbott
283,42,JHGFauteux
283,43,DCAbbott
283,44,HGNolan
284,36,RTaschereau
284,37,ICRand
284,38,RLKellock
284,40,CHLocke
284,43,DCAbbott
285,34,PKerwin
285,37,ICRand
285,40,CHLocke
285,41,JRCartwright
285,42,JHGFauteux
286,34,PKerwin
286,36,RTaschereau
286,37,ICRand
286,38,RLKellock
286,40,CHLocke
286,41,JRCartwright
286,42,JHGFauteux
286,43,DCAbbott
286,44,HGNolan
287,34,PKerwin
287,36,RTaschereau
287,40,CHLocke
287,41,JRCartwright
287,43,DCAbbott
288,34,PKerwin
288,37,ICRand
288,38,RLKellock
288,40,CHLocke
288,41,JRCartwright
289,34,PKerwin
289,37,ICRand
289,40,CHLocke
289,41,JRCartwright
289,42,JHGFauteux
290,34,PKerwin
290,36,RTaschereau
290,38,RLKellock
290,43,DCAbbott
290,44,HGNolan
291,34,PKerwin
291,40,CHLocke
291,41,JRCartwright
291,42,JHGFauteux
291,43,DCAbbott
292,34,PKerwin
292,36,RTaschereau
292,41,JRCartwright
292,42,JHGFauteux
292,43,DCAbbott
293,37,ICRand
293,38,RLKellock
293,40,CHLocke
293,41,JRCartwright
293,44,HGNolan
294,34,PKerwin
294,36,RTaschereau
294,37,ICRand
294,38,RLKellock
294,40,CHLocke
294,41,JRCartwright
294,44,HGNolan
295,34,PKerwin
295,36,RTaschereau
295,37,ICRand
295,41,JRCartwright
295,43,DCAbbott
296,36,RTaschereau
296,37,ICRand
296,41,JRCartwright
296,42,JHGFauteux
296,43,DCAbbott
297,34,PKerwin
297,36,RTaschereau
297,41,JRCartwright
297,42,JHGFauteux
297,43,DCAbbott
298,36,RTaschereau
298,38,RLKellock
298,42,JHGFauteux
298,43,DCAbbott
298,44,HGNolan
299,37,ICRand
299,40,CHLocke
299,41,JRCartwright
299,43,DCAbbott
299,44,HGNolan
300,34,PKerwin
300,36,RTaschereau
300,37,ICRand
300,38,RLKellock
300,42,JHGFauteux
301,36,RTaschereau
301,38,RLKellock
301,42,JHGFauteux
301,43,DCAbbott
301,44,HGNolan
302,34,PKerwin
302,37,ICRand
302,38,RLKellock
302,40,CHLocke
302,41,JRCartwright
303,34,PKerwin
303,37,ICRand
303,40,CHLocke
303,41,JRCartwright
303,43,DCAbbott
304,37,ICRand
304,40,CHLocke
304,41,JRCartwright
304,42,JHGFauteux
304,43,DCAbbott
305,34,PKerwin
305,36,RTaschereau
305,37,ICRand
305,40,CHLocke
305,41,JRCartwright
305,42,JHGFauteux
305,43,DCAbbott
306,37,ICRand
306,40,CHLocke
306,41,JRCartwright
306,43,DCAbbott
306,44,HGNolan
307,37,ICRand
307,38,RLKellock
307,40,CHLocke
307,41,JRCartwright
307,44,HGNolan
308,34,PKerwin
308,36,RTaschereau
308,37,ICRand
308,40,CHLocke
308,41,JRCartwright
309,34,PKerwin
309,36,RTaschereau
309,40,CHLocke
309,41,JRCartwright
309,42,JHGFauteux
310,34,PKerwin
310,36,RTaschereau
310,37,ICRand
310,40,CHLocke
310,41,JRCartwright
311,36,RTaschereau
311,37,ICRand
311,40,CHLocke
311,42,JHGFauteux
311,44,HGNolan
312,36,RTaschereau
312,37,ICRand
312,40,CHLocke
312,42,JHGFauteux
312,43,DCAbbott
313,36,RTaschereau
313,37,ICRand
313,41,JRCartwright
313,42,JHGFauteux
313,44,HGNolan
314,36,RTaschereau
314,41,JRCartwright
314,42,JHGFauteux
314,43,DCAbbott
314,44,HGNolan
315,34,PKerwin
315,40,CHLocke
315,41,JRCartwright
315,43,DCAbbott
315,44,HGNolan
316,34,PKerwin
316,36,RTaschereau
316,37,ICRand
316,40,CHLocke
316,41,JRCartwright
316,42,JHGFauteux
316,43,DCAbbott
317,37,ICRand
317,40,CHLocke
317,41,JRCartwright
317,42,JHGFauteux
317,43,DCAbbott
318,34,PKerwin
318,36,RTaschereau
318,37,ICRand
318,40,CHLocke
318,41,JRCartwright
318,43,DCAbbott
318,44,HGNolan
319,34,PKerwin
319,40,CHLocke
319,41,JRCartwright
319,42,JHGFauteux
319,44,HGNolan
320,34,PKerwin
320,36,RTaschereau
320,41,JRCartwright
320,42,JHGFauteux
320,43,DCAbbott
321,34,PKerwin
321,36,RTaschereau
321,37,ICRand
321,40,CHLocke
321,41,JRCartwright
322,34,PKerwin
322,37,ICRand
322,40,CHLocke
322,41,JRCartwright
322,42,JHGFauteux
323,36,RTaschereau
323,37,ICRand
323,41,JRCartwright
323,42,JHGFauteux
323,44,HGNolan
324,34,PKerwin
324,40,CHLocke
324,41,JRCartwright
324,42,JHGFauteux
324,43,DCAbbott
325,36,RTaschereau
325,37,ICRand
325,40,CHLocke
325,42,JHGFauteux
325,43,DCAbbott
326,34,PKerwin
326,36,RTaschereau
326,37,ICRand
326,40,CHLocke
326,41,JRCartwright
327,34,PKerwin
327,37,ICRand
327,40,CHLocke
327,41,JRCartwright
327,43,DCAbbott
328,36,RTaschereau
328,37,ICRand
328,41,JRCartwright
328,42,JHGFauteux
328,44,HGNolan
329,34,PKerwin
329,37,ICRand
329,40,CHLocke
329,41,JRCartwright
329,44,HGNolan
330,34,PKerwin
330,36,RTaschereau
330,40,CHLocke
330,41,JRCartwright
330,43,DCAbbott
331,34,PKerwin
331,36,RTaschereau
331,41,JRCartwright
331,42,JHGFauteux
331,43,DCAbbott
332,34,PKerwin
332,36,RTaschereau
332,37,ICRand
332,41,JRCartwright
332,42,JHGFauteux
333,34,PKerwin
333,36,RTaschereau
333,37,ICRand
333,40,CHLocke
333,41,JRCartwright
333,43,DCAbbott
333,44,HGNolan
334,34,PKerwin
334,36,RTaschereau
334,37,ICRand
334,38,RLKellock
334,41,JRCartwright
334,42,JHGFauteux
334,43,DCAbbott
335,36,RTaschereau
335,37,ICRand
335,41,JRCartwright
335,42,JHGFauteux
335,43,DCAbbott
336,36,RTaschereau
336,37,ICRand
336,41,JRCartwright
336,42,JHGFauteux
336,43,DCAbbott
337,36,RTaschereau
337,37,ICRand
337,41,JRCartwright
337,42,JHGFauteux
337,43,DCAbbott
338,36,RTaschereau
338,37,ICRand
338,40,CHLocke
338,42,JHGFauteux
338,43,DCAbbott
339,36,RTaschereau
339,40,CHLocke
339,41,JRCartwright
339,42,JHGFauteux
339,43,DCAbbott
340,34,PKerwin
340,37,ICRand
340,41,JRCartwright
340,42,JHGFauteux
340,43,DCAbbott
341,34,PKerwin
341,36,RTaschereau
341,37,ICRand
341,40,CHLocke
341,41,JRCartwright
342,34,PKerwin
342,36,RTaschereau
342,41,JRCartwright
342,42,JHGFauteux
342,43,DCAbbott
343,34,PKerwin
343,37,ICRand
343,41,JRCartwright
343,42,JHGFauteux
343,43,DCAbbott
344,36,RTaschereau
344,37,ICRand
344,40,CHLocke
344,42,JHGFauteux
344,43,DCAbbott
345,36,RTaschereau
345,37,ICRand
345,40,CHLocke
345,42,JHGFauteux
345,43,DCAbbott
346,34,PKerwin
346,37,ICRand
346,40,CHLocke
346,41,JRCartwright
346,43,DCAbbott
347,34,PKerwin
347,40,CHLocke
347,41,JRCartwright
347,42,JHGFauteux
347,43,DCAbbott
348,36,RTaschereau
348,37,ICRand
348,40,CHLocke
348,41,JRCartwright
348,42,JHGFauteux
349,34,PKerwin
349,40,CHLocke
349,41,JRCartwright
349,42,JHGFauteux
349,43,DCAbbott
350,36,RTaschereau
350,37,ICRand
350,41,JRCartwright
350,42,JHGFauteux
350,43,DCAbbott
351,36,RTaschereau
351,37,ICRand
351,40,CHLocke
351,41,JRCartwright
351,43,DCAbbott
352,34,PKerwin
352,36,RTaschereau
352,37,ICRand
352,40,CHLocke
352,41,JRCartwright
353,34,PKerwin
353,36,RTaschereau
353,37,ICRand
353,40,CHLocke
353,41,JRCartwright
354,34,PKerwin
354,36,RTaschereau
354,37,ICRand
354,40,CHLocke
354,41,JRCartwright
354,42,JHGFauteux
354,43,DCAbbott
355,34,PKerwin
355,36,RTaschereau
355,37,ICRand
355,40,CHLocke
355,41,JRCartwright
356,34,PKerwin
356,40,CHLocke
356,41,JRCartwright
356,42,JHGFauteux
356,43,DCAbbott
357,34,PKerwin
357,36,RTaschereau
357,37,ICRand
357,41,JRCartwright
357,42,JHGFauteux
358,36,RTaschereau
358,40,CHLocke
358,41,JRCartwright
358,42,JHGFauteux
358,43,DCAbbott
359,34,PKerwin
359,36,RTaschereau
359,37,ICRand
359,41,JRCartwright
359,43,DCAbbott
360,36,RTaschereau
360,37,ICRand
360,42,JHGFauteux
360,43,DCAbbott
360,46,WJudson
361,36,RTaschereau
361,37,ICRand
361,42,JHGFauteux
361,43,DCAbbott
361,46,WJudson
362,36,RTaschereau
362,40,CHLocke
362,41,JRCartwright
362,43,DCAbbott
362,46,WJudson
363,34,PKerwin
363,36,RTaschereau
363,42,JHGFauteux
363,43,DCAbbott
363,46,WJudson
364,36,RTaschereau
364,40,CHLocke
364,41,JRCartwright
364,43,DCAbbott
364,46,WJudson
365,34,PKerwin
365,37,ICRand
365,40,CHLocke
365,41,JRCartwright
365,42,JHGFauteux
366,37,ICRand
366,40,CHLocke
366,41,JRCartwright
366,42,JHGFauteux
366,43,DCAbbott
367,34,PKerwin
367,37,ICRand
367,40,CHLocke
367,42,JHGFauteux
367,43,DCAbbott
368,34,PKerwin
368,36,RTaschereau
368,40,CHLocke
368,41,JRCartwright
368,43,DCAbbott
369,34,PKerwin
369,37,ICRand
369,40,CHLocke
369,42,JHGFauteux
369,43,DCAbbott
370,36,RTaschereau
370,37,ICRand
370,40,CHLocke
370,41,JRCartwright
370,42,JHGFauteux
371,34,PKerwin
371,40,CHLocke
371,41,JRCartwright
371,42,JHGFauteux
371,46,WJudson
372,34,PKerwin
372,36,RTaschereau
372,37,ICRand
372,40,CHLocke
372,43,DCAbbott
373,37,ICRand
373,40,CHLocke
373,41,JRCartwright
373,42,JHGFauteux
373,43,DCAbbott
374,34,PKerwin
374,36,RTaschereau
374,37,ICRand
374,40,CHLocke
374,42,JHGFauteux
375,34,PKerwin
375,37,ICRand
375,41,JRCartwright
375,42,JHGFauteux
375,43,DCAbbott
376,34,PKerwin
376,36,RTaschereau
376,41,JRCartwright
376,43,DCAbbott
376,45,RMartland
377,34,PKerwin
377,41,JRCartwright
377,43,DCAbbott
377,45,RMartland
377,46,WJudson
378,37,ICRand
378,40,CHLocke
378,41,JRCartwright
378,45,RMartland
378,46,WJudson
379,34,PKerwin
379,36,RTaschereau
379,40,CHLocke
379,42,JHGFauteux
379,45,RMartland
380,34,PKerwin
380,36,RTaschereau
380,37,ICRand
380,40,CHLocke
380,41,JRCartwright
380,42,JHGFauteux
380,43,DCAbbott
381,34,PKerwin
381,40,CHLocke
381,41,JRCartwright
381,45,RMartland
381,46,WJudson
382,34,PKerwin
382,41,JRCartwright
382,43,DCAbbott
382,45,RMartland
382,46,WJudson
383,34,PKerwin
383,36,RTaschereau
383,37,ICRand
383,40,CHLocke
383,41,JRCartwright
383,43,DCAbbott
383,45,RMartland
384,34,PKerwin
384,37,ICRand
384,41,JRCartwright
384,45,RMartland
384,46,WJudson
385,34,PKerwin
385,36,RTaschereau
385,37,ICRand
385,40,CHLocke
385,41,JRCartwright
386,34,PKerwin
386,40,CHLocke
386,42,JHGFauteux
386,45,RMartland
386,46,WJudson
387,34,PKerwin
387,36,RTaschereau
387,40,CHLocke
387,41,JRCartwright
387,46,WJudson
388,34,PKerwin
388,36,RTaschereau
388,37,ICRand
388,45,RMartland
388,46,WJudson
389,36,RTaschereau
389,37,ICRand
389,40,CHLocke
389,43,DCAbbott
389,45,RMartland
390,34,PKerwin
390,36,RTaschereau
390,37,ICRand
390,40,CHLocke
390,41,JRCartwright
390,42,JHGFauteux
390,43,DCAbbott
390,45,RMartland
390,46,WJudson
391,36,RTaschereau
391,40,CHLocke
391,41,JRCartwright
391,42,JHGFauteux
391,46,WJudson
392,37,ICRand
392,40,CHLocke
392,41,JRCartwright
392,43,DCAbbott
392,46,WJudson
393,36,RTaschereau
393,37,ICRand
393,42,JHGFauteux
393,45,RMartland
393,46,WJudson
394,34,PKerwin
394,36,RTaschereau
394,40,CHLocke
394,41,JRCartwright
394,45,RMartland
395,36,RTaschereau
395,37,ICRand
395,41,JRCartwright
395,42,JHGFauteux
395,46,WJudson
396,34,PKerwin
396,36,RTaschereau
396,41,JRCartwright
396,42,JHGFauteux
396,43,DCAbbott
397,34,PKerwin
397,36,RTaschereau
397,37,ICRand
397,40,CHLocke
397,41,JRCartwright
397,42,JHGFauteux
397,43,DCAbbott
398,34,PKerwin
398,36,RTaschereau
398,37,ICRand
398,40,CHLocke
398,41,JRCartwright
398,42,JHGFauteux
398,43,DCAbbott
398,45,RMartland
398,46,WJudson
399,34,PKerwin
399,36,RTaschereau
399,37,ICRand
399,40,CHLocke
399,41,JRCartwright
399,42,JHGFauteux
399,43,DCAbbott
400,37,ICRand
400,41,JRCartwright
400,43,DCAbbott
400,45,RMartland
400,46,WJudson
401,36,RTaschereau
401,40,CHLocke
401,41,JRCartwright
401,42,JHGFauteux
401,43,DCAbbott
402,36,RTaschereau
402,37,ICRand
402,42,JHGFauteux
402,43,DCAbbott
402,46,WJudson
403,40,CHLocke
403,41,JRCartwright
403,42,JHGFauteux
403,45,RMartland
403,46,WJudson
404,34,PKerwin
404,36,RTaschereau
404,37,ICRand
404,40,CHLocke
404,41,JRCartwright
404,42,JHGFauteux
404,43,DCAbbott
404,45,RMartland
404,46,WJudson
405,34,PKerwin
405,37,ICRand
405,40,CHLocke
405,41,JRCartwright
405,45,RMartland
406,40,CHLocke
406,41,JRCartwright
406,42,JHGFauteux
406,45,RMartland
406,46,WJudson
407,36,RTaschereau
407,41,JRCartwright
407,43,DCAbbott
407,45,RMartland
407,46,WJudson
408,37,ICRand
408,40,CHLocke
408,41,JRCartwright
408,45,RMartland
408,46,WJudson
409,40,CHLocke
409,41,JRCartwright
409,42,JHGFauteux
409,45,RMartland
409,46,WJudson
410,36,RTaschereau
410,41,JRCartwright
410,42,JHGFauteux
410,43,DCAbbott
410,45,RMartland
411,36,RTaschereau
411,37,ICRand
411,42,JHGFauteux
411,43,DCAbbott
411,46,WJudson
412,36,RTaschereau
412,41,JRCartwright
412,42,JHGFauteux
412,43,DCAbbott
412,46,WJudson
413,36,RTaschereau
413,40,CHLocke
413,42,JHGFauteux
413,43,DCAbbott
413,45,RMartland
414,36,RTaschereau
414,37,ICRand
414,42,JHGFauteux
414,43,DCAbbott
414,46,WJudson
415,36,RTaschereau
415,37,ICRand
415,42,JHGFauteux
415,43,DCAbbott
415,45,RMartland
416,34,PKerwin
416,36,RTaschereau
416,40,CHLocke
416,41,JRCartwright
416,42,JHGFauteux
416,43,DCAbbott
416,46,WJudson
417,36,RTaschereau
417,37,ICRand
417,40,CHLocke
417,41,JRCartwright
417,42,JHGFauteux
417,43,DCAbbott
417,46,WJudson
418,34,PKerwin
418,36,RTaschereau
418,37,ICRand
418,40,CHLocke
418,41,JRCartwright
418,42,JHGFauteux
418,43,DCAbbott
418,45,RMartland
418,46,WJudson
419,34,PKerwin
419,36,RTaschereau
419,37,ICRand
419,40,CHLocke
419,41,JRCartwright
419,42,JHGFauteux
419,43,DCAbbott
419,45,RMartland
419,46,WJudson
420,37,ICRand
420,40,CHLocke
420,41,JRCartwright
420,43,DCAbbott
420,46,WJudson
421,37,ICRand
421,40,CHLocke
421,41,JRCartwright
421,43,DCAbbott
421,45,RMartland
422,40,CHLocke
422,41,JRCartwright
422,43,DCAbbott
422,45,RMartland
422,46,WJudson
423,37,ICRand
423,40,CHLocke
423,41,JRCartwright
423,43,DCAbbott
423,46,WJudson
424,40,CHLocke
424,41,JRCartwright
424,42,JHGFauteux
424,45,RMartland
424,46,WJudson
425,36,RTaschereau
425,40,CHLocke
425,41,JRCartwright
425,42,JHGFauteux
425,45,RMartland
426,36,RTaschereau
426,37,ICRand
426,40,CHLocke
426,41,JRCartwright
426,42,JHGFauteux
426,45,RMartland
426,46,WJudson
427,36,RTaschereau
427,37,ICRand
427,40,CHLocke
427,41,JRCartwright
427,42,JHGFauteux
427,45,RMartland
427,46,WJudson
428,34,PKerwin
428,36,RTaschereau
428,37,ICRand
428,40,CHLocke
428,41,JRCartwright
428,42,JHGFauteux
428,43,DCAbbott
428,45,RMartland
428,46,WJudson
429,37,ICRand
429,41,JRCartwright
429,43,DCAbbott
429,45,RMartland
429,46,WJudson
430,36,RTaschereau
430,40,CHLocke
430,41,JRCartwright
430,42,JHGFauteux
430,43,DCAbbott
430,45,RMartland
430,46,WJudson
431,37,ICRand
431,40,CHLocke
431,41,JRCartwright
431,45,RMartland
431,46,WJudson
432,36,RTaschereau
432,42,JHGFauteux
432,43,DCAbbott
432,45,RMartland
432,46,WJudson
433,36,RTaschereau
433,42,JHGFauteux
433,43,DCAbbott
433,46,WJudson
433,47,RARitchie
434,41,JRCartwright
434,42,JHGFauteux
434,43,DCAbbott
434,46,WJudson
434,47,RARitchie
435,34,PKerwin
435,40,CHLocke
435,41,JRCartwright
435,43,DCAbbott
435,45,RMartland
435,46,WJudson
435,47,RARitchie
436,34,PKerwin
436,36,RTaschereau
436,40,CHLocke
436,41,JRCartwright
436,42,JHGFauteux
436,43,DCAbbott
436,45,RMartland
436,46,WJudson
436,47,RARitchie
437,40,CHLocke
437,41,JRCartwright
437,43,DCAbbott
437,45,RMartland
437,46,WJudson
438,36,RTaschereau
438,41,JRCartwright
438,42,JHGFauteux
438,43,DCAbbott
438,45,RMartland
438,46,WJudson
438,47,RARitchie
439,41,JRCartwright
439,42,JHGFauteux
439,45,RMartland
439,46,WJudson
439,47,RARitchie
440,41,JRCartwright
440,42,JHGFauteux
440,45,RMartland
440,46,WJudson
440,47,RARitchie
441,34,PKerwin
441,36,RTaschereau
441,42,JHGFauteux
441,43,DCAbbott
441,45,RMartland
442,34,PKerwin
442,36,RTaschereau
442,42,JHGFauteux
442,43,DCAbbott
442,45,RMartland
443,36,RTaschereau
443,40,CHLocke
443,41,JRCartwright
443,42,JHGFauteux
443,43,DCAbbott
444,36,RTaschereau
444,41,JRCartwright
444,45,RMartland
444,46,WJudson
444,47,RARitchie
445,36,RTaschereau
445,40,CHLocke
445,41,JRCartwright
445,45,RMartland
445,46,WJudson
446,34,PKerwin
446,40,CHLocke
446,41,JRCartwright
446,45,RMartland
446,46,WJudson
447,34,PKerwin
447,40,CHLocke
447,41,JRCartwright
447,43,DCAbbott
447,46,WJudson
448,34,PKerwin
448,36,RTaschereau
448,40,CHLocke
448,41,JRCartwright
448,45,RMartland
449,41,JRCartwright
449,42,JHGFauteux
449,43,DCAbbott
449,45,RMartland
449,47,RARitchie
450,34,PKerwin
450,36,RTaschereau
450,40,CHLocke
450,41,JRCartwright
450,42,JHGFauteux
450,45,RMartland
450,46,WJudson
451,36,RTaschereau
451,41,JRCartwright
451,42,JHGFauteux
451,43,DCAbbott
451,45,RMartland
451,46,WJudson
451,47,RARitchie
452,34,PKerwin
452,41,JRCartwright
452,42,JHGFauteux
452,43,DCAbbott
452,45,RMartland
452,46,WJudson
452,47,RARitchie
453,36,RTaschereau
453,41,JRCartwright
453,42,JHGFauteux
453,43,DCAbbott
453,45,RMartland
453,46,WJudson
453,47,RARitchie
454,34,PKerwin
454,36,RTaschereau
454,40,CHLocke
454,41,JRCartwright
454,42,JHGFauteux
454,43,DCAbbott
454,45,RMartland
454,46,WJudson
454,47,RARitchie
455,34,PKerwin
455,36,RTaschereau
455,40,CHLocke
455,41,JRCartwright
455,42,JHGFauteux
455,43,DCAbbott
455,45,RMartland
455,46,WJudson
455,47,RARitchie
456,36,RTaschereau
456,41,JRCartwright
456,42,JHGFauteux
456,46,WJudson
456,47,RARitchie
457,34,PKerwin
457,36,RTaschereau
457,42,JHGFauteux
457,43,DCAbbott
457,46,WJudson
458,41,JRCartwright
458,43,DCAbbott
458,45,RMartland
458,46,WJudson
458,47,RARitchie
459,36,RTaschereau
459,41,JRCartwright
459,42,JHGFauteux
459,43,DCAbbott
459,45,RMartland
459,46,WJudson
459,47,RARitchie
460,34,PKerwin
460,36,RTaschereau
460,40,CHLocke
460,42,JHGFauteux
460,47,RARitchie
461,36,RTaschereau
461,40,CHLocke
461,42,JHGFauteux
461,45,RMartland
461,47,RARitchie
462,41,JRCartwright
462,43,DCAbbott
462,45,RMartland
462,46,WJudson
462,47,RARitchie
463,36,RTaschereau
463,42,JHGFauteux
463,46,WJudson
463,47,RARitchie
463,48,EMHall
464,36,RTaschereau
464,41,JRCartwright
464,43,DCAbbott
464,45,RMartland
464,46,WJudson
465,34,PKerwin
465,43,DCAbbott
465,45,RMartland
465,47,RARitchie
465,48,EMHall
466,36,RTaschereau
466,41,JRCartwright
466,42,JHGFauteux
466,46,WJudson
466,48,EMHall
467,36,RTaschereau
467,41,JRCartwright
467,42,JHGFauteux
467,43,DCAbbott
467,46,WJudson
468,34,PKerwin
468,36,RTaschereau
468,45,RMartland
468,46,WJudson
468,47,RARitchie
469,36,RTaschereau
469,41,JRCartwright
469,42,JHGFauteux
469,43,DCAbbott
469,46,WJudson
470,36,RTaschereau
470,41,JRCartwright
470,45,RMartland
470,46,WJudson
470,48,EMHall
471,41,JRCartwright
471,42,JHGFauteux
471,45,RMartland
471,46,WJudson
471,47,RARitchie
472,36,RTaschereau
472,41,JRCartwright
472,45,RMartland
472,46,WJudson
472,47,RARitchie
473,36,RTaschereau
473,45,RMartland
473,46,WJudson
473,47,RARitchie
473,48,EMHall
474,36,RTaschereau
474,41,JRCartwright
474,43,DCAbbott
474,45,RMartland
474,47,RARitchie
475,41,JRCartwright
475,45,RMartland
475,46,WJudson
475,47,RARitchie
475,48,EMHall
476,36,RTaschereau
476,43,DCAbbott
476,45,RMartland
476,46,WJudson
476,47,RARitchie
477,36,RTaschereau
477,42,JHGFauteux
477,43,DCAbbott
477,46,WJudson
477,48,EMHall
478,41,JRCartwright
478,42,JHGFauteux
478,46,WJudson
478,47,RARitchie
478,48,EMHall
479,36,RTaschereau
479,42,JHGFauteux
479,43,DCAbbott
479,45,RMartland
479,46,WJudson
480,36,RTaschereau
480,41,JRCartwright
480,42,JHGFauteux
480,43,DCAbbott
480,46,WJudson
480,47,RARitchie
480,48,EMHall
481,36,RTaschereau
481,41,JRCartwright
481,42,JHGFauteux
481,43,DCAbbott
481,45,RMartland
481,46,WJudson
481,47,RARitchie
482,36,RTaschereau
482,41,JRCartwright
482,43,DCAbbott
482,46,WJudson
482,48,EMHall
483,36,RTaschereau
483,41,JRCartwright
483,43,DCAbbott
483,45,RMartland
483,46,WJudson
484,36,RTaschereau
484,41,JRCartwright
484,42,JHGFauteux
484,43,DCAbbott
484,48,EMHall
485,36,RTaschereau
485,41,JRCartwright
485,45,RMartland
485,46,WJudson
485,47,RARitchie
486,36,RTaschereau
486,41,JRCartwright
486,43,DCAbbott
486,45,RMartland
486,48,EMHall
487,36,RTaschereau
487,42,JHGFauteux
487,43,DCAbbott
487,45,RMartland
487,46,WJudson
488,36,RTaschereau
488,42,JHGFauteux
488,43,DCAbbott
488,45,RMartland
488,47,RARitchie
489,36,RTaschereau
489,41,JRCartwright
489,42,JHGFauteux
489,43,DCAbbott
489,48,EMHall
490,41,JRCartwright
490,42,JHGFauteux
490,46,WJudson
490,47,RARitchie
490,48,EMHall
491,45,RMartland
491,46,WJudson
491,47,RARitchie
491,49,WFSpence
491,50,LPPigeon
491,51,BLaskin
491,52,RGBDickson
491,53,JBeetz
491,54,LPGrandpre
492,45,RMartland
492,46,WJudson
492,47,RARitchie
492,49,WFSpence
492,50,LPPigeon
492,51,BLaskin
492,52,RGBDickson
492,53,JBeetz
492,54,LPGrandpre
493,46,WJudson
493,47,RARitchie
493,49,WFSpence
493,51,BLaskin
493,54,LPGrandpre
494,46,WJudson
494,49,WFSpence
494,50,LPPigeon
494,53,JBeetz
494,54,LPGrandpre
495,46,WJudson
495,50,LPPigeon
495,52,RGBDickson
495,53,JBeetz
495,54,LPGrandpre
496,46,WJudson
496,47,RARitchie
496,49,WFSpence
496,50,LPPigeon
496,51,BLaskin
496,52,RGBDickson
496,53,JBeetz
496,54,LPGrandpre
497,45,RMartland
497,46,WJudson
497,47,RARitchie
497,49,WFSpence
497,50,LPPigeon
497,51,BLaskin
497,52,RGBDickson
497,53,JBeetz
498,45,RMartland
498,46,WJudson
498,47,RARitchie
498,49,WFSpence
498,50,LPPigeon
498,51,BLaskin
498,52,RGBDickson
498,53,JBeetz
498,54,LPGrandpre
499,45,RMartland
499,46,WJudson
499,47,RARitchie
499,49,WFSpence
499,50,LPPigeon
499,51,BLaskin
499,52,RGBDickson
499,53,JBeetz
499,54,LPGrandpre
500,45,RMartland
500,46,WJudson
500,47,RARitchie
500,49,WFSpence
500,50,LPPigeon
500,51,BLaskin
500,52,RGBDickson
500,53,JBeetz
500,54,LPGrandpre
501,45,RMartland
501,46,WJudson
501,47,RARitchie
501,49,WFSpence
501,50,LPPigeon
501,51,BLaskin
501,52,RGBDickson
501,53,JBeetz
501,54,LPGrandpre
502,45,RMartland
502,47,RARitchie
502,49,WFSpence
502,52,RGBDickson
502,53,JBeetz
503,45,RMartland
503,46,WJudson
503,47,RARitchie
503,49,WFSpence
503,50,LPPigeon
503,51,BLaskin
503,53,JBeetz
504,45,RMartland
504,46,WJudson
504,47,RARitchie
504,49,WFSpence
504,50,LPPigeon
504,51,BLaskin
504,52,RGBDickson
504,53,JBeetz
504,54,LPGrandpre
505,45,RMartland
505,46,WJudson
505,47,RARitchie
505,49,WFSpence
505,50,LPPigeon
505,51,BLaskin
505,52,RGBDickson
505,53,JBeetz
505,54,LPGrandpre
506,45,RMartland
506,46,WJudson
506,47,RARitchie
506,49,WFSpence
506,50,LPPigeon
506,51,BLaskin
506,52,RGBDickson
506,53,JBeetz
506,54,LPGrandpre
507,45,RMartland
507,47,RARitchie
507,50,LPPigeon
507,52,RGBDickson
507,54,LPGrandpre
508,45,RMartland
508,47,RARitchie
508,49,WFSpence
508,52,RGBDickson
508,53,JBeetz
509,45,RMartland
509,46,WJudson
509,47,RARitchie
509,49,WFSpence
509,50,LPPigeon
509,51,BLaskin
509,53,JBeetz
509,54,LPGrandpre
510,45,RMartland
510,46,WJudson
510,47,RARitchie
510,49,WFSpence
510,50,LPPigeon
510,51,BLaskin
510,52,RGBDickson
510,53,JBeetz
510,54,LPGrandpre
511,45,RMartland
511,46,WJudson
511,47,RARitchie
511,49,WFSpence
511,50,LPPigeon
511,51,BLaskin
511,52,RGBDickson
511,53,JBeetz
511,54,LPGrandpre
512,45,RMartland
512,46,WJudson
512,47,RARitchie
512,49,WFSpence
512,50,LPPigeon
512,51,BLaskin
512,52,RGBDickson
512,53,JBeetz
512,54,LPGrandpre
513,45,RMartland
513,46,WJudson
513,47,RARitchie
513,49,WFSpence
513,50,LPPigeon
513,51,BLaskin
513,52,RGBDickson
513,53,JBeetz
513,54,LPGrandpre
514,45,RMartland
514,46,WJudson
514,47,RARitchie
514,49,WFSpence
514,50,LPPigeon
514,51,BLaskin
514,52,RGBDickson
514,53,JBeetz
514,54,LPGrandpre
515,45,RMartland
515,46,WJudson
515,47,RARitchie
515,49,WFSpence
515,50,LPPigeon
515,51,BLaskin
515,52,RGBDickson
515,53,JBeetz
515,54,LPGrandpre
516,45,RMartland
516,46,WJudson
516,47,RARitchie
516,49,WFSpence
516,50,LPPigeon
516,51,BLaskin
516,52,RGBDickson
516,53,JBeetz
516,54,LPGrandpre
517,45,RMartland
517,46,WJudson
517,47,RARitchie
517,49,WFSpence
517,50,LPPigeon
517,51,BLaskin
517,52,RGBDickson
517,53,JBeetz
517,54,LPGrandpre
518,45,RMartland
518,46,WJudson
518,47,RARitchie
518,49,WFSpence
518,50,LPPigeon
518,51,BLaskin
518,52,RGBDickson
518,53,JBeetz
518,54,LPGrandpre
519,45,RMartland
519,46,WJudson
519,47,RARitchie
519,50,LPPigeon
519,51,BLaskin
519,52,RGBDickson
519,53,JBeetz
519,54,LPGrandpre
520,53,JBeetz
520,55,WZEstey
520,57,WRMcIntyre
520,59,ALamer
520,60,BWilson
521,55,WZEstey
521,57,WRMcIntyre
521,59,ALamer
521,60,BWilson
521,63,CLHDube
522,55,WZEstey
522,57,WRMcIntyre
522,60,BWilson
522,62,GLForest
522,63,CLHDube
523,55,WZEstey
523,57,WRMcIntyre
523,60,BWilson
523,61,GELDain
523,62,GLForest
524,52,RGBDickson
524,53,JBeetz
524,57,WRMcIntyre
524,59,ALamer
524,60,BWilson
524,62,GLForest
524,63,CLHDube
525,52,RGBDickson
525,53,JBeetz
525,57,WRMcIntyre
525,59,ALamer
525,60,BWilson
525,61,GELDain
525,62,GLForest
526,52,RGBDickson
526,53,JBeetz
526,57,WRMcIntyre
526,59,ALamer
526,60,BWilson
527,53,JBeetz
527,59,ALamer
527,60,BWilson
527,61,GELDain
527,63,CLHDube
528,52,RGBDickson
528,53,JBeetz
528,57,WRMcIntyre
528,60,BWilson
528,62,GLForest
529,52,RGBDickson
529,53,JBeetz
529,55,WZEstey
529,57,WRMcIntyre
529,60,BWilson
529,61,GELDain
529,62,GLForest
530,55,WZEstey
530,59,ALamer
530,60,BWilson
530,61,GELDain
530,63,CLHDube
531,55,WZEstey
531,59,ALamer
531,60,BWilson
531,62,GLForest
531,63,CLHDube
532,57,WRMcIntyre
532,59,ALamer
532,60,BWilson
532,61,GELDain
532,62,GLForest
533,52,RGBDickson
533,55,WZEstey
533,59,ALamer
533,60,BWilson
533,61,GELDain
533,62,GLForest
533,63,CLHDube
534,52,RGBDickson
534,53,JBeetz
534,55,WZEstey
534,57,WRMcIntyre
534,60,BWilson
534,61,GELDain
534,62,GLForest
535,52,RGBDickson
535,53,JBeetz
535,55,WZEstey
535,57,WRMcIntyre
535,60,BWilson
535,61,GELDain
535,62,GLForest
536,52,RGBDickson
536,55,WZEstey
536,57,WRMcIntyre
536,59,ALamer
536,60,BWilson
536,62,GLForest
536,63,CLHDube
537,53,JBeetz
537,57,WRMcIntyre
537,59,ALamer
537,60,BWilson
537,61,GELDain
537,62,GLForest
537,63,CLHDube
538,52,RGBDickson
538,57,WRMcIntyre
538,59,ALamer
538,60,BWilson
538,63,CLHDube
539,53,JBeetz
539,59,ALamer
539,61,GELDain
539,62,GLForest
539,63,CLHDube
540,52,RGBDickson
540,57,WRMcIntyre
540,59,ALamer
540,60,BWilson
540,61,GELDain
540,62,GLForest
540,63,CLHDube
541,55,WZEstey
541,57,WRMcIntyre
541,59,ALamer
541,60,BWilson
541,62,GLForest
542,52,RGBDickson
542,53,JBeetz
542,55,WZEstey
542,57,WRMcIntyre
542,59,ALamer
542,61,GELDain
542,62,GLForest
543,53,JBeetz
543,55,WZEstey
543,59,ALamer
543,61,GELDain
543,62,GLForest
544,53,JBeetz
544,59,ALamer
544,61,GELDain
544,62,GLForest
544,63,CLHDube
545,59,ALamer
545,62,GLForest
545,63,CLHDube
545,64,JSopinka
545,65,CDGonthier
545,66,PCCory
545,67,BMcLachlin
546,62,GLForest
546,63,CLHDube
546,65,CDGonthier
546,66,PCCory
546,67,BMcLachlin
547,63,CLHDube
547,66,PCCory
547,67,BMcLachlin
547,68,WStevenson
547,69,FIacobucci
548,59,ALamer
548,64,JSopinka
548,65,CDGonthier
548,68,WStevenson
548,69,FIacobucci
549,59,ALamer
549,62,GLForest
549,63,CLHDube
549,64,JSopinka
549,65,CDGonthier
549,66,PCCory
549,67,BMcLachlin
550,62,GLForest
550,64,JSopinka
550,65,CDGonthier
550,66,PCCory
550,67,BMcLachlin
550,68,WStevenson
550,69,FIacobucci
551,60,BWilson
551,62,GLForest
551,64,JSopinka
551,66,PCCory
551,67,BMcLachlin
552,62,GLForest
552,63,CLHDube
552,65,CDGonthier
552,66,PCCory
552,68,WStevenson
553,60,BWilson
553,62,GLForest
553,63,CLHDube
553,64,JSopinka
553,65,CDGonthier
553,66,PCCory
553,67,BMcLachlin
554,62,GLForest
554,64,JSopinka
554,65,CDGonthier
554,66,PCCory
554,67,BMcLachlin
554,68,WStevenson
554,69,FIacobucci
555,59,ALamer
555,64,JSopinka
555,65,CDGonthier
555,66,PCCory
555,67,BMcLachlin
556,59,ALamer
556,62,GLForest
556,65,CDGonthier
556,67,BMcLachlin
556,68,WStevenson
557,59,ALamer
557,62,GLForest
557,64,JSopinka
557,65,CDGonthier
557,66,PCCory
557,67,BMcLachlin
557,68,WStevenson
558,59,ALamer
558,62,GLForest
558,63,CLHDube
558,64,JSopinka
558,65,CDGonthier
558,66,PCCory
558,67,BMcLachlin
558,68,WStevenson
558,69,FIacobucci
559,59,ALamer
559,62,GLForest
559,63,CLHDube
559,64,JSopinka
559,65,CDGonthier
559,66,PCCory
559,67,BMcLachlin
560,59,ALamer
560,62,GLForest
560,63,CLHDube
560,64,JSopinka
560,65,CDGonthier
560,66,PCCory
560,67,BMcLachlin
561,62,GLForest
561,63,CLHDube
561,64,JSopinka
561,65,CDGonthier
561,67,BMcLachlin
561,68,WStevenson
561,69,FIacobucci
562,59,ALamer
562,63,CLHDube
562,64,JSopinka
562,65,CDGonthier
562,67,BMcLachlin
562,68,WStevenson
562,69,FIacobucci
563,62,GLForest
563,63,CLHDube
563,64,JSopinka
563,66,PCCory
563,67,BMcLachlin
563,68,WStevenson
563,69,FIacobucci
564,59,ALamer
564,62,GLForest
564,63,CLHDube
564,64,JSopinka
564,66,PCCory
564,68,WStevenson
564,69,FIacobucci
565,62,GLForest
565,63,CLHDube
565,64,JSopinka
565,65,CDGonthier
565,66,PCCory
565,68,WStevenson
565,69,FIacobucci
566,62,GLForest
566,63,CLHDube
566,64,JSopinka
566,66,PCCory
566,67,BMcLachlin
566,68,WStevenson
566,69,FIacobucci
567,59,ALamer
567,62,GLForest
567,63,CLHDube
567,64,JSopinka
567,65,CDGonthier
567,66,PCCory
567,67,BMcLachlin
567,68,WStevenson
567,69,FIacobucci
568,59,ALamer
568,62,GLForest
568,64,JSopinka
568,65,CDGonthier
568,67,BMcLachlin
568,68,WStevenson
568,69,FIacobucci
569,62,GLForest
569,63,CLHDube
569,65,CDGonthier
569,66,PCCory
569,67,BMcLachlin
569,68,WStevenson
569,69,FIacobucci
570,59,ALamer
570,62,GLForest
570,64,JSopinka
570,65,CDGonthier
570,67,BMcLachlin
570,68,WStevenson
570,69,FIacobucci
571,59,ALamer
571,62,GLForest
571,63,CLHDube
571,64,JSopinka
571,65,CDGonthier
571,66,PCCory
571,67,BMcLachlin
571,69,FIacobucci
571,70,JCMajor
572,64,JSopinka
572,65,CDGonthier
572,67,BMcLachlin
572,69,FIacobucci
572,70,JCMajor
573,59,ALamer
573,62,GLForest
573,63,CLHDube
573,64,JSopinka
573,65,CDGonthier
573,66,PCCory
573,67,BMcLachlin
573,69,FIacobucci
573,70,JCMajor
574,59,ALamer
574,62,GLForest
574,63,CLHDube
574,64,JSopinka
574,65,CDGonthier
574,66,PCCory
574,67,BMcLachlin
574,69,FIacobucci
574,70,JCMajor
575,59,ALamer
575,62,GLForest
575,63,CLHDube
575,64,JSopinka
575,65,CDGonthier
575,66,PCCory
575,67,BMcLachlin
575,69,FIacobucci
575,70,JCMajor
576,59,ALamer
576,64,JSopinka
576,65,CDGonthier
576,66,PCCory
576,67,BMcLachlin
576,69,FIacobucci
576,70,JCMajor
577,59,ALamer
577,62,GLForest
577,63,CLHDube
577,64,JSopinka
577,65,CDGonthier
577,66,PCCory
577,67,BMcLachlin
577,69,FIacobucci
577,70,JCMajor
578,59,ALamer
578,63,CLHDube
578,66,PCCory
578,67,BMcLachlin
578,69,FIacobucci
579,59,ALamer
579,62,GLForest
579,63,CLHDube
579,64,JSopinka
579,65,CDGonthier
579,66,PCCory
579,67,BMcLachlin
579,69,FIacobucci
579,70,JCMajor
580,59,ALamer
580,62,GLForest
580,63,CLHDube
580,64,JSopinka
580,65,CDGonthier
580,66,PCCory
580,67,BMcLachlin
580,69,FIacobucci
580,70,JCMajor
581,64,JSopinka
581,65,CDGonthier
581,66,PCCory
581,69,FIacobucci
581,70,JCMajor
582,62,GLForest
582,63,CLHDube
582,64,JSopinka
582,65,CDGonthier
582,66,PCCory
582,67,BMcLachlin
582,70,JCMajor
583,62,GLForest
583,63,CLHDube
583,64,JSopinka
583,65,CDGonthier
583,66,PCCory
583,67,BMcLachlin
583,69,FIacobucci
584,62,GLForest
584,64,JSopinka
584,65,CDGonthier
584,66,PCCory
584,67,BMcLachlin
584,69,FIacobucci
584,70,JCMajor
585,59,ALamer
585,62,GLForest
585,63,CLHDube
585,64,JSopinka
585,65,CDGonthier
585,66,PCCory
585,67,BMcLachlin
585,69,FIacobucci
585,70,JCMajor
586,59,ALamer
586,62,GLForest
586,63,CLHDube
586,64,JSopinka
586,65,CDGonthier
586,66,PCCory
586,67,BMcLachlin
586,69,FIacobucci
586,70,JCMajor
587,59,ALamer
587,62,GLForest
587,63,CLHDube
587,64,JSopinka
587,65,CDGonthier
587,66,PCCory
587,67,BMcLachlin
587,69,FIacobucci
587,70,JCMajor
588,59,ALamer
588,62,GLForest
588,63,CLHDube
588,64,JSopinka
588,65,CDGonthier
588,66,PCCory
588,67,BMcLachlin
588,69,FIacobucci
588,70,JCMajor
589,59,ALamer
589,62,GLForest
589,63,CLHDube
589,64,JSopinka
589,65,CDGonthier
589,66,PCCory
589,67,BMcLachlin
589,69,FIacobucci
589,70,JCMajor
590,59,ALamer
590,62,GLForest
590,63,CLHDube
590,64,JSopinka
590,65,CDGonthier
590,66,PCCory
590,67,BMcLachlin
590,69,FIacobucci
590,70,JCMajor
591,59,ALamer
591,62,GLForest
591,63,CLHDube
591,64,JSopinka
591,65,CDGonthier
591,66,PCCory
591,70,JCMajor
592,59,ALamer
592,62,GLForest
592,63,CLHDube
592,64,JSopinka
592,65,CDGonthier
592,66,PCCory
592,67,BMcLachlin
592,69,FIacobucci
592,70,JCMajor
593,59,ALamer
593,62,GLForest
593,63,CLHDube
593,64,JSopinka
593,65,CDGonthier
593,66,PCCory
593,67,BMcLachlin
593,69,FIacobucci
593,70,JCMajor
594,59,ALamer
594,62,GLForest
594,63,CLHDube
594,64,JSopinka
594,65,CDGonthier
594,66,PCCory
594,67,BMcLachlin
594,69,FIacobucci
594,70,JCMajor
595,59,ALamer
595,65,CDGonthier
595,66,PCCory
595,67,BMcLachlin
595,69,FIacobucci
596,59,ALamer
596,62,GLForest
596,63,CLHDube
596,64,JSopinka
596,65,CDGonthier
596,66,PCCory
596,67,BMcLachlin
596,69,FIacobucci
596,70,JCMajor
597,59,ALamer
597,62,GLForest
597,63,CLHDube
597,64,JSopinka
597,65,CDGonthier
597,66,PCCory
597,67,BMcLachlin
597,69,FIacobucci
597,70,JCMajor
598,62,GLForest
598,64,JSopinka
598,65,CDGonthier
598,66,PCCory
598,67,BMcLachlin
598,69,FIacobucci
598,70,JCMajor
599,59,ALamer
599,62,GLForest
599,63,CLHDube
599,64,JSopinka
599,65,CDGonthier
599,66,PCCory
599,67,BMcLachlin
599,69,FIacobucci
599,70,JCMajor
600,62,GLForest
600,63,CLHDube
600,64,JSopinka
600,65,CDGonthier
600,66,PCCory
600,69,FIacobucci
600,70,JCMajor
601,62,GLForest
601,63,CLHDube
601,64,JSopinka
601,65,CDGonthier
601,66,PCCory
601,69,FIacobucci
601,70,JCMajor
602,63,CLHDube
602,64,JSopinka
602,65,CDGonthier
602,66,PCCory
602,69,FIacobucci
603,59,ALamer
603,62,GLForest
603,63,CLHDube
603,64,JSopinka
603,65,CDGonthier
603,66,PCCory
603,67,BMcLachlin
603,69,FIacobucci
603,70,JCMajor
604,59,ALamer
604,62,GLForest
604,63,CLHDube
604,64,JSopinka
604,65,CDGonthier
604,66,PCCory
604,69,FIacobucci
604,70,JCMajor
605,59,ALamer
605,62,GLForest
605,63,CLHDube
605,64,JSopinka
605,65,CDGonthier
605,66,PCCory
605,67,BMcLachlin
605,69,FIacobucci
605,70,JCMajor
606,59,ALamer
606,62,GLForest
606,63,CLHDube
606,64,JSopinka
606,65,CDGonthier
606,66,PCCory
606,67,BMcLachlin
606,69,FIacobucci
606,70,JCMajor
607,62,GLForest
607,63,CLHDube
607,64,JSopinka
607,65,CDGonthier
607,66,PCCory
607,67,BMcLachlin
607,69,FIacobucci
608,64,JSopinka
608,65,CDGonthier
608,66,PCCory
608,69,FIacobucci
608,70,JCMajor
609,59,ALamer
609,62,GLForest
609,63,CLHDube
609,64,JSopinka
609,65,CDGonthier
609,66,PCCory
609,69,FIacobucci
609,70,JCMajor
610,63,CLHDube
610,64,JSopinka
610,65,CDGonthier
610,66,PCCory
610,69,FIacobucci
610,70,JCMajor
611,64,JSopinka
611,65,CDGonthier
611,66,PCCory
611,69,FIacobucci
611,70,JCMajor
612,59,ALamer
612,63,CLHDube
612,64,JSopinka
612,65,CDGonthier
612,66,PCCory
612,69,FIacobucci
612,70,JCMajor
613,59,ALamer
613,62,GLForest
613,63,CLHDube
613,64,JSopinka
613,65,CDGonthier
613,66,PCCory
613,67,BMcLachlin
613,69,FIacobucci
613,70,JCMajor
614,62,GLForest
614,64,JSopinka
614,67,BMcLachlin
614,69,FIacobucci
614,70,JCMajor
615,59,ALamer
615,62,GLForest
615,63,CLHDube
615,64,JSopinka
615,65,CDGonthier
615,69,FIacobucci
615,70,JCMajor
616,63,CLHDube
616,64,JSopinka
616,65,CDGonthier
616,66,PCCory
616,67,BMcLachlin
616,69,FIacobucci
616,70,JCMajor
617,59,ALamer
617,62,GLForest
617,63,CLHDube
617,65,CDGonthier
617,66,PCCory
617,69,FIacobucci
617,70,JCMajor
618,59,ALamer
618,62,GLForest
618,63,CLHDube
618,64,JSopinka
618,65,CDGonthier
618,66,PCCory
618,67,BMcLachlin
618,69,FIacobucci
618,70,JCMajor
619,59,ALamer
619,62,GLForest
619,63,CLHDube
619,64,JSopinka
619,65,CDGonthier
619,66,PCCory
619,67,BMcLachlin
619,69,FIacobucci
619,70,JCMajor
620,62,GLForest
620,63,CLHDube
620,64,JSopinka
620,65,CDGonthier
620,67,BMcLachlin
620,69,FIacobucci
620,70,JCMajor
621,62,GLForest
621,63,CLHDube
621,64,JSopinka
621,65,CDGonthier
621,67,BMcLachlin
621,69,FIacobucci
621,70,JCMajor
622,36,RTaschereau
622,41,JRCartwright
622,42,JHGFauteux
622,43,DCAbbott
622,46,WJudson
623,34,PKerwin
623,40,CHLocke
623,43,DCAbbott
623,45,RMartland
623,47,RARitchie
624,34,PKerwin
624,36,RTaschereau
624,40,CHLocke
624,42,JHGFauteux
624,46,WJudson
625,34,PKerwin
625,40,CHLocke
625,41,JRCartwright
625,43,DCAbbott
625,46,WJudson
626,34,PKerwin
626,40,CHLocke
626,41,JRCartwright
626,45,RMartland
626,46,WJudson
627,34,PKerwin
627,36,RTaschereau
627,40,CHLocke
627,41,JRCartwright
627,42,JHGFauteux
627,43,DCAbbott
627,46,WJudson
628,34,PKerwin
628,36,RTaschereau
628,40,CHLocke
628,41,JRCartwright
628,42,JHGFauteux
628,45,RMartland
628,47,RARitchie
629,34,PKerwin
629,36,RTaschereau
629,40,CHLocke
629,41,JRCartwright
629,42,JHGFauteux
629,43,DCAbbott
629,45,RMartland
629,46,WJudson
629,47,RARitchie
630,34,PKerwin
630,40,CHLocke
630,41,JRCartwright
630,45,RMartland
630,46,WJudson
631,34,PKerwin
631,40,CHLocke
631,41,JRCartwright
631,45,RMartland
631,46,WJudson
632,40,CHLocke
632,41,JRCartwright
632,43,DCAbbott
632,45,RMartland
632,46,WJudson
633,34,PKerwin
633,36,RTaschereau
633,40,CHLocke
633,41,JRCartwright
633,42,JHGFauteux
633,43,DCAbbott
633,45,RMartland
633,46,WJudson
633,47,RARitchie
634,34,PKerwin
634,41,JRCartwright
634,45,RMartland
634,46,WJudson
634,47,RARitchie
635,40,CHLocke
635,41,JRCartwright
635,45,RMartland
635,46,WJudson
635,47,RARitchie
636,34,PKerwin
636,36,RTaschereau
636,42,JHGFauteux
636,43,DCAbbott
636,45,RMartland
637,40,CHLocke
637,41,JRCartwright
637,43,DCAbbott
637,45,RMartland
637,46,WJudson
638,34,PKerwin
638,41,JRCartwright
638,45,RMartland
638,46,WJudson
638,47,RARitchie
639,40,CHLocke
639,41,JRCartwright
639,45,RMartland
639,46,WJudson
639,47,RARitchie
640,34,PKerwin
640,36,RTaschereau
640,40,CHLocke
640,41,JRCartwright
640,42,JHGFauteux
640,43,DCAbbott
640,45,RMartland
640,46,WJudson
640,47,RARitchie
641,34,PKerwin
641,36,RTaschereau
641,40,CHLocke
641,41,JRCartwright
641,42,JHGFauteux
641,43,DCAbbott
641,45,RMartland
641,46,WJudson
641,47,RARitchie
642,36,RTaschereau
642,42,JHGFauteux
642,43,DCAbbott
642,46,WJudson
642,47,RARitchie
643,34,PKerwin
643,41,JRCartwright
643,43,DCAbbott
643,45,RMartland
643,46,WJudson
644,34,PKerwin
644,36,RTaschereau
644,42,JHGFauteux
644,43,DCAbbott
644,45,RMartland
645,36,RTaschereau
645,41,JRCartwright
645,42,JHGFauteux
645,43,DCAbbott
645,46,WJudson
646,36,RTaschereau
646,42,JHGFauteux
646,43,DCAbbott
646,46,WJudson
646,47,RARitchie
647,40,CHLocke
647,41,JRCartwright
647,45,RMartland
647,46,WJudson
647,47,RARitchie
648,34,PKerwin
648,36,RTaschereau
648,40,CHLocke
648,41,JRCartwright
648,42,JHGFauteux
648,43,DCAbbott
648,45,RMartland
648,46,WJudson
648,47,RARitchie
649,34,PKerwin
649,36,RTaschereau
649,40,CHLocke
649,41,JRCartwright
649,45,RMartland
649,46,WJudson
649,47,RARitchie
650,34,PKerwin
650,36,RTaschereau
650,40,CHLocke
650,41,JRCartwright
650,42,JHGFauteux
650,43,DCAbbott
650,45,RMartland
650,46,WJudson
650,47,RARitchie
651,34,PKerwin
651,36,RTaschereau
651,40,CHLocke
651,41,JRCartwright
651,42,JHGFauteux
651,43,DCAbbott
651,45,RMartland
651,46,WJudson
651,47,RARitchie
652,34,PKerwin
652,36,RTaschereau
652,40,CHLocke
652,41,JRCartwright
652,42,JHGFauteux
652,43,DCAbbott
652,45,RMartland
652,46,WJudson
652,47,RARitchie
653,34,PKerwin
653,40,CHLocke
653,41,JRCartwright
653,45,RMartland
653,47,RARitchie
654,34,PKerwin
654,36,RTaschereau
654,41,JRCartwright
654,45,RMartland
654,47,RARitchie
655,40,CHLocke
655,41,JRCartwright
655,42,JHGFauteux
655,45,RMartland
655,46,WJudson
656,36,RTaschereau
656,41,JRCartwright
656,42,JHGFauteux
656,43,DCAbbott
656,47,RARitchie
657,36,RTaschereau
657,42,JHGFauteux
657,43,DCAbbott
658,40,CHLocke
658,41,JRCartwright
658,45,RMartland
658,46,WJudson
658,47,RARitchie
659,34,PKerwin
659,41,JRCartwright
659,45,RMartland
659,46,WJudson
659,47,RARitchie
660,36,RTaschereau
660,42,JHGFauteux
660,45,RMartland
660,46,WJudson
660,47,RARitchie
661,41,JRCartwright
661,42,JHGFauteux
661,45,RMartland
661,46,WJudson
661,47,RARitchie
662,40,CHLocke
662,41,JRCartwright
662,43,DCAbbott
662,45,RMartland
662,46,WJudson
663,36,RTaschereau
663,40,CHLocke
663,42,JHGFauteux
663,45,RMartland
663,47,RARitchie
664,34,PKerwin
664,36,RTaschereau
664,40,CHLocke
664,42,JHGFauteux
664,43,DCAbbott
665,34,PKerwin
665,36,RTaschereau
665,45,RMartland
665,46,WJudson
665,47,RARitchie
666,40,CHLocke
666,41,JRCartwright
666,43,DCAbbott
666,45,RMartland
666,46,WJudson
667,34,PKerwin
667,36,RTaschereau
667,40,CHLocke
667,41,JRCartwright
667,42,JHGFauteux
667,43,DCAbbott
667,45,RMartland
667,46,WJudson
667,47,RARitchie
668,36,RTaschereau
668,41,JRCartwright
668,42,JHGFauteux
668,43,DCAbbott
668,46,WJudson
669,34,PKerwin
669,36,RTaschereau
669,40,CHLocke
669,41,JRCartwright
669,42,JHGFauteux
669,43,DCAbbott
669,45,RMartland
669,46,WJudson
669,47,RARitchie
670,36,RTaschereau
670,42,JHGFauteux
670,43,DCAbbott
670,46,WJudson
670,47,RARitchie
671,34,PKerwin
671,36,RTaschereau
671,40,CHLocke
671,41,JRCartwright
671,42,JHGFauteux
671,43,DCAbbott
671,45,RMartland
671,46,WJudson
671,47,RARitchie
672,34,PKerwin
672,41,JRCartwright
672,43,DCAbbott
672,45,RMartland
672,46,WJudson
673,36,RTaschereau
673,41,JRCartwright
673,42,JHGFauteux
673,43,DCAbbott
673,47,RARitchie
674,34,PKerwin
674,36,RTaschereau
674,42,JHGFauteux
674,43,DCAbbott
674,46,WJudson
675,34,PKerwin
675,40,CHLocke
675,41,JRCartwright
675,45,RMartland
675,46,WJudson
676,41,JRCartwright
676,42,JHGFauteux
676,43,DCAbbott
676,45,RMartland
676,47,RARitchie
677,36,RTaschereau
677,40,CHLocke
677,42,JHGFauteux
677,45,RMartland
677,46,WJudson
678,34,PKerwin
678,36,RTaschereau
678,40,CHLocke
678,41,JRCartwright
678,46,WJudson
679,36,RTaschereau
679,41,JRCartwright
679,42,JHGFauteux
679,43,DCAbbott
679,47,RARitchie
680,36,RTaschereau
680,41,JRCartwright
680,42,JHGFauteux
680,43,DCAbbott
680,45,RMartland
681,34,PKerwin
681,40,CHLocke
681,42,JHGFauteux
681,43,DCAbbott
681,45,RMartland
682,34,PKerwin
682,36,RTaschereau
682,40,CHLocke
682,41,JRCartwright
682,42,JHGFauteux
682,43,DCAbbott
682,45,RMartland
682,46,WJudson
682,47,RARitchie
683,34,PKerwin
683,36,RTaschereau
683,40,CHLocke
683,41,JRCartwright
683,42,JHGFauteux
683,43,DCAbbott
683,45,RMartland
683,46,WJudson
683,47,RARitchie
684,34,PKerwin
684,40,CHLocke
684,41,JRCartwright
684,43,DCAbbott
684,46,WJudson
685,34,PKerwin
685,36,RTaschereau
685,40,CHLocke
685,42,JHGFauteux
685,43,DCAbbott
686,36,RTaschereau
686,40,CHLocke
686,42,JHGFauteux
686,45,RMartland
686,47,RARitchie
687,40,CHLocke
687,42,JHGFauteux
687,43,DCAbbott
687,45,RMartland
687,47,RARitchie
688,36,RTaschereau
688,40,CHLocke
688,45,RMartland
688,46,WJudson
688,47,RARitchie
689,34,PKerwin
689,36,RTaschereau
689,41,JRCartwright
689,42,JHGFauteux
689,43,DCAbbott
689,45,RMartland
689,47,RARitchie
690,36,RTaschereau
690,40,CHLocke
690,42,JHGFauteux
690,45,RMartland
690,47,RARitchie
691,34,PKerwin
691,41,JRCartwright
691,43,DCAbbott
691,45,RMartland
691,46,WJudson
692,34,PKerwin
692,40,CHLocke
692,41,JRCartwright
692,46,WJudson
692,47,RARitchie
693,34,PKerwin
693,45,RMartland
693,47,RARitchie
694,34,PKerwin
694,36,RTaschereau
694,40,CHLocke
694,41,JRCartwright
694,42,JHGFauteux
694,43,DCAbbott
694,45,RMartland
694,46,WJudson
694,47,RARitchie
695,34,PKerwin
695,40,CHLocke
695,41,JRCartwright
695,43,DCAbbott
695,46,WJudson
696,34,PKerwin
696,36,RTaschereau
696,41,JRCartwright
696,42,JHGFauteux
696,43,DCAbbott
697,36,RTaschereau
697,42,JHGFauteux
697,43,DCAbbott
698,34,PKerwin
698,36,RTaschereau
698,41,JRCartwright
698,42,JHGFauteux
698,46,WJudson
699,36,RTaschereau
699,42,JHGFauteux
699,43,DCAbbott
699,45,RMartland
699,47,RARitchie
700,34,PKerwin
700,40,CHLocke
700,45,RMartland
700,46,WJudson
700,47,RARitchie
701,36,RTaschereau
701,40,CHLocke
701,45,RMartland
701,46,WJudson
701,47,RARitchie
702,34,PKerwin
702,40,CHLocke
702,41,JRCartwright
702,46,WJudson
702,47,RARitchie
703,34,PKerwin
703,36,RTaschereau
703,40,CHLocke
703,41,JRCartwright
703,42,JHGFauteux
703,45,RMartland
703,46,WJudson
703,47,RARitchie
704,34,PKerwin
704,36,RTaschereau
704,40,CHLocke
704,41,JRCartwright
704,42,JHGFauteux
704,43,DCAbbott
704,45,RMartland
704,46,WJudson
704,47,RARitchie
705,34,PKerwin
705,40,CHLocke
705,41,JRCartwright
705,46,WJudson
705,47,RARitchie
706,40,CHLocke
706,41,JRCartwright
706,42,JHGFauteux
706,45,RMartland
706,47,RARitchie
707,36,RTaschereau
707,40,CHLocke
707,42,JHGFauteux
707,43,DCAbbott
707,46,WJudson
708,34,PKerwin
708,41,JRCartwright
708,42,JHGFauteux
708,43,DCAbbott
708,46,WJudson
709,34,PKerwin
709,41,JRCartwright
709,45,RMartland
709,46,WJudson
709,47,RARitchie
710,34,PKerwin
710,40,CHLocke
710,41,JRCartwright
710,43,DCAbbott
710,46,WJudson
711,36,RTaschereau
711,40,CHLocke
711,42,JHGFauteux
711,43,DCAbbott
711,45,RMartland
711,46,WJudson
711,47,RARitchie
712,34,PKerwin
712,36,RTaschereau
712,40,CHLocke
712,41,JRCartwright
712,42,JHGFauteux
712,43,DCAbbott
712,45,RMartland
712,46,WJudson
712,47,RARitchie
713,34,PKerwin
713,36,RTaschereau
713,40,CHLocke
713,41,JRCartwright
713,42,JHGFauteux
713,43,DCAbbott
713,45,RMartland
713,46,WJudson
713,47,RARitchie
714,34,PKerwin
714,40,CHLocke
714,43,DCAbbott
714,45,RMartland
714,46,WJudson
715,34,PKerwin
715,36,RTaschereau
715,42,JHGFauteux
715,43,DCAbbott
715,47,RARitchie
716,36,RTaschereau
716,42,JHGFauteux
716,43,DCAbbott
716,45,RMartland
716,47,RARitchie
717,36,RTaschereau
717,41,JRCartwright
717,42,JHGFauteux
717,43,DCAbbott
717,47,RARitchie
718,34,PKerwin
718,36,RTaschereau
718,41,JRCartwright
718,46,WJudson
718,47,RARitchie
719,34,PKerwin
719,36,RTaschereau
719,42,JHGFauteux
719,43,DCAbbott
719,45,RMartland
720,36,RTaschereau
720,42,JHGFauteux
720,43,DCAbbott
720,45,RMartland
720,47,RARitchie
721,34,PKerwin
721,36,RTaschereau
721,40,CHLocke
721,41,JRCartwright
721,42,JHGFauteux
721,43,DCAbbott
721,45,RMartland
721,46,WJudson
721,47,RARitchie
722,36,RTaschereau
722,40,CHLocke
722,42,JHGFauteux
722,45,RMartland
722,47,RARitchie
723,34,PKerwin
723,36,RTaschereau
723,40,CHLocke
723,41,JRCartwright
723,42,JHGFauteux
723,43,DCAbbott
723,45,RMartland
723,46,WJudson
723,47,RARitchie
724,40,CHLocke
724,41,JRCartwright
724,42,JHGFauteux
724,43,DCAbbott
724,45,RMartland
725,34,PKerwin
725,41,JRCartwright
725,42,JHGFauteux
725,45,RMartland
725,47,RARitchie
726,34,PKerwin
726,36,RTaschereau
726,43,DCAbbott
726,46,WJudson
726,47,RARitchie
727,34,PKerwin
727,36,RTaschereau
727,41,JRCartwright
727,42,JHGFauteux
727,43,DCAbbott
728,36,RTaschereau
728,41,JRCartwright
728,42,JHGFauteux
728,43,DCAbbott
728,45,RMartland
729,34,PKerwin
729,36,RTaschereau
729,40,CHLocke
729,43,DCAbbott
729,46,WJudson
730,34,PKerwin
730,36,RTaschereau
730,40,CHLocke
730,41,JRCartwright
730,42,JHGFauteux
730,43,DCAbbott
730,45,RMartland
730,46,WJudson
730,47,RARitchie
731,34,PKerwin
731,36,RTaschereau
731,40,CHLocke
731,41,JRCartwright
731,42,JHGFauteux
731,43,DCAbbott
731,45,RMartland
731,46,WJudson
731,47,RARitchie
732,34,PKerwin
732,36,RTaschereau
732,40,CHLocke
732,41,JRCartwright
732,42,JHGFauteux
732,43,DCAbbott
732,45,RMartland
732,46,WJudson
732,47,RARitchie
733,36,RTaschereau
733,42,JHGFauteux
733,43,DCAbbott
733,45,RMartland
733,47,RARitchie
734,34,PKerwin
734,36,RTaschereau
734,42,JHGFauteux
734,43,DCAbbott
734,45,RMartland
735,34,PKerwin
735,41,JRCartwright
735,42,JHGFauteux
735,43,DCAbbott
735,46,WJudson
736,34,PKerwin
736,36,RTaschereau
736,40,CHLocke
736,41,JRCartwright
736,42,JHGFauteux
736,46,WJudson
736,47,RARitchie
737,36,RTaschereau
737,42,JHGFauteux
737,43,DCAbbott
737,46,WJudson
737,47,RARitchie
738,36,RTaschereau
738,40,CHLocke
738,42,JHGFauteux
738,43,DCAbbott
738,45,RMartland
739,36,RTaschereau
739,42,JHGFauteux
739,45,RMartland
739,46,WJudson
739,47,RARitchie
740,36,RTaschereau
740,42,JHGFauteux
740,43,DCAbbott
740,45,RMartland
740,46,WJudson
741,40,CHLocke
741,41,JRCartwright
741,43,DCAbbott
741,46,WJudson
741,47,RARitchie
742,36,RTaschereau
742,42,JHGFauteux
742,43,DCAbbott
742,45,RMartland
742,47,RARitchie
743,36,RTaschereau
743,42,JHGFauteux
743,43,DCAbbott
743,46,WJudson
743,47,RARitchie
744,34,PKerwin
744,40,CHLocke
744,41,JRCartwright
744,46,WJudson
744,47,RARitchie
745,34,PKerwin
745,36,RTaschereau
745,40,CHLocke
745,41,JRCartwright
745,42,JHGFauteux
745,43,DCAbbott
745,45,RMartland
745,46,WJudson
745,47,RARitchie
746,34,PKerwin
746,36,RTaschereau
746,40,CHLocke
746,41,JRCartwright
746,42,JHGFauteux
746,43,DCAbbott
746,45,RMartland
746,46,WJudson
746,47,RARitchie
747,34,PKerwin
747,36,RTaschereau
747,40,CHLocke
747,41,JRCartwright
747,42,JHGFauteux
747,43,DCAbbott
747,45,RMartland
747,46,WJudson
747,47,RARitchie
748,34,PKerwin
748,40,CHLocke
748,41,JRCartwright
748,46,WJudson
748,47,RARitchie
749,40,CHLocke
749,41,JRCartwright
749,43,DCAbbott
749,45,RMartland
749,47,RARitchie
750,34,PKerwin
750,41,JRCartwright
750,42,JHGFauteux
750,46,WJudson
750,47,RARitchie
751,34,PKerwin
751,36,RTaschereau
751,41,JRCartwright
751,43,DCAbbott
751,45,RMartland
751,46,WJudson
751,47,RARitchie
752,34,PKerwin
752,36,RTaschereau
752,42,JHGFauteux
752,43,DCAbbott
752,46,WJudson
753,34,PKerwin
753,41,JRCartwright
753,42,JHGFauteux
753,46,WJudson
753,47,RARitchie
754,36,RTaschereau
754,42,JHGFauteux
754,43,DCAbbott
754,45,RMartland
754,46,WJudson
755,40,CHLocke
755,43,DCAbbott
755,45,RMartland
755,46,WJudson
755,47,RARitchie
756,34,PKerwin
756,41,JRCartwright
756,42,JHGFauteux
756,45,RMartland
756,47,RARitchie
757,34,PKerwin
757,40,CHLocke
757,41,JRCartwright
757,45,RMartland
757,47,RARitchie
758,36,RTaschereau
758,40,CHLocke
758,45,RMartland
758,46,WJudson
758,47,RARitchie
759,34,PKerwin
759,36,RTaschereau
759,42,JHGFauteux
759,43,DCAbbott
759,46,WJudson
760,36,RTaschereau
760,40,CHLocke
760,42,JHGFauteux
760,45,RMartland
760,47,RARitchie
761,36,RTaschereau
761,41,JRCartwright
761,42,JHGFauteux
761,43,DCAbbott
761,47,RARitchie
762,40,CHLocke
762,41,JRCartwright
762,45,RMartland
762,46,WJudson
762,47,RARitchie
763,34,PKerwin
763,36,RTaschereau
763,40,CHLocke
763,42,JHGFauteux
763,43,DCAbbott
764,34,PKerwin
764,40,CHLocke
764,41,JRCartwright
764,45,RMartland
764,46,WJudson
765,34,PKerwin
765,36,RTaschereau
765,41,JRCartwright
765,43,DCAbbott
765,45,RMartland
765,46,WJudson
765,47,RARitchie
766,34,PKerwin
766,40,CHLocke
766,41,JRCartwright
766,43,DCAbbott
766,45,RMartland
766,46,WJudson
766,47,RARitchie
767,34,PKerwin
767,36,RTaschereau
767,40,CHLocke
767,41,JRCartwright
767,42,JHGFauteux
767,43,DCAbbott
767,45,RMartland
767,46,WJudson
767,47,RARitchie
768,36,RTaschereau
768,41,JRCartwright
768,43,DCAbbott
768,46,WJudson
768,47,RARitchie
769,34,PKerwin
769,36,RTaschereau
769,40,CHLocke
769,42,JHGFauteux
769,43,DCAbbott
770,40,CHLocke
770,42,JHGFauteux
770,45,RMartland
770,46,WJudson
770,47,RARitchie
771,40,CHLocke
771,41,JRCartwright
771,42,JHGFauteux
771,45,RMartland
771,47,RARitchie
772,40,CHLocke
772,41,JRCartwright
772,42,JHGFauteux
772,43,DCAbbott
772,45,RMartland
773,36,RTaschereau
773,41,JRCartwright
773,42,JHGFauteux
773,43,DCAbbott
773,46,WJudson
774,36,RTaschereau
774,42,JHGFauteux
774,43,DCAbbott
774,45,RMartland
774,47,RARitchie
775,36,RTaschereau
775,41,JRCartwright
775,42,JHGFauteux
775,43,DCAbbott
775,47,RARitchie
776,40,CHLocke
776,41,JRCartwright
776,43,DCAbbott
776,45,RMartland
776,46,WJudson
777,34,PKerwin
777,40,CHLocke
777,41,JRCartwright
777,43,DCAbbott
777,47,RARitchie
778,34,PKerwin
778,36,RTaschereau
778,40,CHLocke
778,41,JRCartwright
778,42,JHGFauteux
778,43,DCAbbott
778,45,RMartland
778,46,WJudson
778,47,RARitchie
779,34,PKerwin
779,40,CHLocke
779,41,JRCartwright
779,46,WJudson
779,47,RARitchie
780,34,PKerwin
780,40,CHLocke
780,41,JRCartwright
780,46,WJudson
780,47,RARitchie
781,40,CHLocke
781,43,DCAbbott
781,45,RMartland
781,46,WJudson
781,47,RARitchie
782,40,CHLocke
782,41,JRCartwright
782,43,DCAbbott
782,46,WJudson
782,47,RARitchie
783,34,PKerwin
783,36,RTaschereau
783,40,CHLocke
783,41,JRCartwright
783,42,JHGFauteux
783,43,DCAbbott
783,45,RMartland
783,46,WJudson
783,47,RARitchie
784,36,RTaschereau
784,40,CHLocke
784,41,JRCartwright
784,42,JHGFauteux
784,45,RMartland
785,40,CHLocke
785,41,JRCartwright
785,45,RMartland
785,46,WJudson
785,47,RARitchie
786,36,RTaschereau
786,40,CHLocke
786,41,JRCartwright
786,45,RMartland
786,46,WJudson
787,36,RTaschereau
787,41,JRCartwright
787,42,JHGFauteux
787,46,WJudson
787,47,RARitchie
788,34,PKerwin
788,36,RTaschereau
788,43,DCAbbott
788,45,RMartland
788,47,RARitchie
789,34,PKerwin
789,36,RTaschereau
789,40,CHLocke
789,41,JRCartwright
789,45,RMartland
790,34,PKerwin
790,36,RTaschereau
790,40,CHLocke
790,46,WJudson
790,47,RARitchie
791,34,PKerwin
791,36,RTaschereau
791,40,CHLocke
791,41,JRCartwright
791,45,RMartland
792,34,PKerwin
792,36,RTaschereau
792,40,CHLocke
792,41,JRCartwright
792,42,JHGFauteux
792,43,DCAbbott
792,45,RMartland
792,46,WJudson
792,47,RARitchie
793,36,RTaschereau
793,41,JRCartwright
793,42,JHGFauteux
793,46,WJudson
793,47,RARitchie
794,41,JRCartwright
794,42,JHGFauteux
794,43,DCAbbott
794,46,WJudson
794,47,RARitchie
795,40,CHLocke
795,42,JHGFauteux
795,45,RMartland
795,46,WJudson
795,47,RARitchie
796,40,CHLocke
796,42,JHGFauteux
796,43,DCAbbott
796,45,RMartland
796,47,RARitchie
797,41,JRCartwright
797,43,DCAbbott
797,45,RMartland
797,46,WJudson
797,47,RARitchie
798,41,JRCartwright
798,43,DCAbbott
798,45,RMartland
798,46,WJudson
798,47,RARitchie
799,36,RTaschereau
799,42,JHGFauteux
799,43,DCAbbott
799,45,RMartland
799,47,RARitchie
800,36,RTaschereau
800,41,JRCartwright
800,42,JHGFauteux
800,43,DCAbbott
800,46,WJudson
801,36,RTaschereau
801,42,JHGFauteux
801,43,DCAbbott
801,45,RMartland
801,46,WJudson
802,36,RTaschereau
802,42,JHGFauteux
802,43,DCAbbott
802,45,RMartland
802,47,RARitchie
803,34,PKerwin
803,36,RTaschereau
803,40,CHLocke
803,45,RMartland
803,47,RARitchie
804,36,RTaschereau
804,40,CHLocke
804,42,JHGFauteux
804,43,DCAbbott
804,47,RARitchie
805,40,CHLocke
805,43,DCAbbott
805,45,RMartland
805,46,WJudson
805,47,RARitchie
806,34,PKerwin
806,36,RTaschereau
806,40,CHLocke
806,41,JRCartwright
806,42,JHGFauteux
806,43,DCAbbott
806,45,RMartland
806,46,WJudson
806,47,RARitchie
807,34,PKerwin
807,40,CHLocke
807,41,JRCartwright
807,45,RMartland
807,47,RARitchie
808,34,PKerwin
808,36,RTaschereau
808,42,JHGFauteux
808,43,DCAbbott
808,47,RARitchie
809,36,RTaschereau
809,40,CHLocke
809,41,JRCartwright
809,43,DCAbbott
809,45,RMartland
809,46,WJudson
809,47,RARitchie
810,41,JRCartwright
810,45,RMartland
810,46,WJudson
811,36,RTaschereau
811,42,JHGFauteux
811,43,DCAbbott
811,45,RMartland
811,47,RARitchie
812,34,PKerwin
812,36,RTaschereau
812,42,JHGFauteux
812,43,DCAbbott
812,47,RARitchie
813,40,CHLocke
813,43,DCAbbott
813,45,RMartland
813,46,WJudson
813,47,RARitchie
814,34,PKerwin
814,41,JRCartwright
814,45,RMartland
814,46,WJudson
814,47,RARitchie
815,36,RTaschereau
815,42,JHGFauteux
815,43,DCAbbott
815,46,WJudson
815,47,RARitchie
816,36,RTaschereau
816,42,JHGFauteux
816,43,DCAbbott
816,45,RMartland
816,46,WJudson
817,34,PKerwin
817,41,JRCartwright
817,42,JHGFauteux
817,43,DCAbbott
817,46,WJudson
818,36,RTaschereau
818,42,JHGFauteux
818,43,DCAbbott
818,46,WJudson
818,47,RARitchie
819,36,RTaschereau
819,40,CHLocke
819,42,JHGFauteux
819,43,DCAbbott
819,45,RMartland
819,46,WJudson
819,47,RARitchie
820,34,PKerwin
820,36,RTaschereau
820,40,CHLocke
820,42,JHGFauteux
820,43,DCAbbott
821,34,PKerwin
821,41,JRCartwright
821,45,RMartland
821,46,WJudson
821,47,RARitchie
822,36,RTaschereau
822,40,CHLocke
822,45,RMartland
822,46,WJudson
822,47,RARitchie
823,40,CHLocke
823,41,JRCartwright
823,43,DCAbbott
823,45,RMartland
823,46,WJudson
824,34,PKerwin
824,36,RTaschereau
824,41,JRCartwright
824,42,JHGFauteux
824,43,DCAbbott
824,45,RMartland
824,47,RARitchie
825,36,RTaschereau
825,42,JHGFauteux
825,43,DCAbbott
825,45,RMartland
825,46,WJudson
826,34,PKerwin
826,41,JRCartwright
826,43,DCAbbott
826,46,WJudson
826,47,RARitchie
827,34,PKerwin
827,40,CHLocke
827,45,RMartland
827,46,WJudson
827,47,RARitchie
828,34,PKerwin
828,40,CHLocke
828,41,JRCartwright
828,45,RMartland
828,46,WJudson
829,36,RTaschereau
829,40,CHLocke
829,45,RMartland
829,46,WJudson
829,47,RARitchie
830,40,CHLocke
830,42,JHGFauteux
830,45,RMartland
830,46,WJudson
830,47,RARitchie
831,34,PKerwin
831,36,RTaschereau
831,40,CHLocke
831,41,JRCartwright
831,42,JHGFauteux
831,43,DCAbbott
831,45,RMartland
831,46,WJudson
831,47,RARitchie
832,34,PKerwin
832,36,RTaschereau
832,40,CHLocke
832,41,JRCartwright
832,42,JHGFauteux
832,43,DCAbbott
832,45,RMartland
832,46,WJudson
832,47,RARitchie
833,34,PKerwin
833,41,JRCartwright
833,42,JHGFauteux
833,45,RMartland
833,46,WJudson
834,36,RTaschereau
834,41,JRCartwright
834,42,JHGFauteux
834,43,DCAbbott
834,46,WJudson
835,40,CHLocke
835,42,JHGFauteux
835,43,DCAbbott
835,45,RMartland
835,47,RARitchie
836,36,RTaschereau
836,41,JRCartwright
836,42,JHGFauteux
836,43,DCAbbott
836,47,RARitchie
837,34,PKerwin
837,41,JRCartwright
837,45,RMartland
837,46,WJudson
837,47,RARitchie
838,36,RTaschereau
838,42,JHGFauteux
838,43,DCAbbott
838,46,WJudson
838,47,RARitchie
839,36,RTaschereau
839,42,JHGFauteux
839,43,DCAbbott
839,45,RMartland
839,47,RARitchie
840,34,PKerwin
840,41,JRCartwright
840,45,RMartland
840,46,WJudson
840,47,RARitchie
841,34,PKerwin
841,36,RTaschereau
841,41,JRCartwright
841,42,JHGFauteux
841,43,DCAbbott
842,41,JRCartwright
842,42,JHGFauteux
842,43,DCAbbott
842,45,RMartland
842,46,WJudson
843,40,CHLocke
843,41,JRCartwright
843,45,RMartland
843,46,WJudson
843,47,RARitchie
844,41,JRCartwright
844,45,RMartland
844,47,RARitchie
845,34,PKerwin
845,41,JRCartwright
845,43,DCAbbott
845,45,RMartland
845,46,WJudson
846,36,RTaschereau
846,41,JRCartwright
846,42,JHGFauteux
846,43,DCAbbott
846,47,RARitchie
847,36,RTaschereau
847,41,JRCartwright
847,42,JHGFauteux
847,43,DCAbbott
847,45,RMartland
848,34,PKerwin
848,36,RTaschereau
848,41,JRCartwright
848,45,RMartland
848,47,RARitchie
849,34,PKerwin
849,36,RTaschereau
849,41,JRCartwright
849,45,RMartland
849,47,RARitchie
850,34,PKerwin
850,36,RTaschereau
850,41,JRCartwright
850,42,JHGFauteux
850,46,WJudson
851,36,RTaschereau
851,41,JRCartwright
851,43,DCAbbott
851,45,RMartland
851,47,RARitchie
852,34,PKerwin
852,36,RTaschereau
852,41,JRCartwright
852,42,JHGFauteux
852,43,DCAbbott
853,34,PKerwin
853,41,JRCartwright
853,43,DCAbbott
853,45,RMartland
853,47,RARitchie
854,34,PKerwin
854,41,JRCartwright
854,45,RMartland
854,46,WJudson
854,47,RARitchie
855,34,PKerwin
855,41,JRCartwright
855,45,RMartland
855,46,WJudson
855,47,RARitchie
856,36,RTaschereau
856,42,JHGFauteux
856,45,RMartland
856,46,WJudson
856,47,RARitchie
857,34,PKerwin
857,41,JRCartwright
857,43,DCAbbott
857,45,RMartland
857,47,RARitchie
858,41,JRCartwright
858,42,JHGFauteux
858,43,DCAbbott
858,45,RMartland
858,47,RARitchie
859,36,RTaschereau
859,42,JHGFauteux
859,43,DCAbbott
859,46,WJudson
859,47,RARitchie
860,34,PKerwin
860,41,JRCartwright
860,42,JHGFauteux
860,43,DCAbbott
860,46,WJudson
861,36,RTaschereau
861,41,JRCartwright
861,42,JHGFauteux
861,45,RMartland
861,47,RARitchie
862,34,PKerwin
862,42,JHGFauteux
862,43,DCAbbott
862,45,RMartland
862,46,WJudson
862,47,RARitchie
862,48,EMHall
863,34,PKerwin
863,36,RTaschereau
863,41,JRCartwright
863,42,JHGFauteux
863,43,DCAbbott
864,34,PKerwin
864,41,JRCartwright
864,43,DCAbbott
864,45,RMartland
864,47,RARitchie
865,41,JRCartwright
865,43,DCAbbott
865,45,RMartland
865,47,RARitchie
865,48,EMHall
866,36,RTaschereau
866,41,JRCartwright
866,43,DCAbbott
866,45,RMartland
866,47,RARitchie
867,41,JRCartwright
867,43,DCAbbott
867,45,RMartland
867,46,WJudson
867,47,RARitchie
868,34,PKerwin
868,36,RTaschereau
868,41,JRCartwright
868,42,JHGFauteux
868,43,DCAbbott
869,36,RTaschereau
869,42,JHGFauteux
869,43,DCAbbott
869,45,RMartland
869,46,WJudson
870,41,JRCartwright
870,43,DCAbbott
870,45,RMartland
870,46,WJudson
870,47,RARitchie
871,36,RTaschereau
871,42,JHGFauteux
871,43,DCAbbott
871,45,RMartland
871,46,WJudson
872,41,JRCartwright
872,45,RMartland
872,46,WJudson
872,47,RARitchie
872,48,EMHall
873,41,JRCartwright
873,42,JHGFauteux
873,43,DCAbbott
873,45,RMartland
873,46,WJudson
874,34,PKerwin
874,43,DCAbbott
874,45,RMartland
874,47,RARitchie
874,48,EMHall
875,36,RTaschereau
875,42,JHGFauteux
875,45,RMartland
875,46,WJudson
875,47,RARitchie
876,36,RTaschereau
876,42,JHGFauteux
876,46,WJudson
876,47,RARitchie
876,48,EMHall
877,41,JRCartwright
877,42,JHGFauteux
877,45,RMartland
877,47,RARitchie
877,48,EMHall
878,36,RTaschereau
878,42,JHGFauteux
878,43,DCAbbott
878,45,RMartland
878,47,RARitchie
879,36,RTaschereau
879,42,JHGFauteux
879,43,DCAbbott
879,45,RMartland
879,47,RARitchie
880,41,JRCartwright
880,42,JHGFauteux
880,45,RMartland
880,46,WJudson
880,48,EMHall
881,41,JRCartwright
881,42,JHGFauteux
881,43,DCAbbott
881,45,RMartland
881,46,WJudson
882,41,JRCartwright
882,45,RMartland
882,47,RARitchie
883,41,JRCartwright
883,45,RMartland
883,46,WJudson
883,47,RARitchie
883,48,EMHall
884,41,JRCartwright
884,42,JHGFauteux
884,43,DCAbbott
884,45,RMartland
884,46,WJudson
885,41,JRCartwright
885,43,DCAbbott
885,45,RMartland
885,46,WJudson
885,48,EMHall
886,41,JRCartwright
886,42,JHGFauteux
886,45,RMartland
886,46,WJudson
886,47,RARitchie
887,41,JRCartwright
887,42,JHGFauteux
887,43,DCAbbott
887,47,RARitchie
887,48,EMHall
888,36,RTaschereau
888,41,JRCartwright
888,42,JHGFauteux
888,43,DCAbbott
888,47,RARitchie
889,36,RTaschereau
889,41,JRCartwright
889,42,JHGFauteux
889,43,DCAbbott
889,45,RMartland
889,46,WJudson
889,47,RARitchie
890,36,RTaschereau
890,41,JRCartwright
890,45,RMartland
890,46,WJudson
890,47,RARitchie
891,36,RTaschereau
891,41,JRCartwright
891,42,JHGFauteux
891,43,DCAbbott
891,46,WJudson
892,42,JHGFauteux
892,43,DCAbbott
892,45,RMartland
892,46,WJudson
892,49,WFSpence
893,41,JRCartwright
893,42,JHGFauteux
893,43,DCAbbott
893,47,RARitchie
893,48,EMHall
894,45,RMartland
894,46,WJudson
894,47,RARitchie
894,48,EMHall
894,49,WFSpence
895,36,RTaschereau
895,41,JRCartwright
895,42,JHGFauteux
895,43,DCAbbott
895,47,RARitchie
896,36,RTaschereau
896,41,JRCartwright
896,42,JHGFauteux
896,45,RMartland
896,46,WJudson
896,47,RARitchie
896,48,EMHall
897,36,RTaschereau
897,45,RMartland
897,46,WJudson
897,47,RARitchie
897,48,EMHall
898,43,DCAbbott
898,45,RMartland
898,46,WJudson
898,48,EMHall
898,49,WFSpence
899,43,DCAbbott
899,45,RMartland
899,46,WJudson
899,47,RARitchie
899,49,WFSpence
900,41,JRCartwright
900,42,JHGFauteux
900,43,DCAbbott
900,46,WJudson
900,48,EMHall
901,45,RMartland
901,46,WJudson
901,47,RARitchie
901,48,EMHall
901,49,WFSpence
902,36,RTaschereau
902,43,DCAbbott
902,46,WJudson
902,47,RARitchie
902,49,WFSpence
903,36,RTaschereau
903,45,RMartland
903,46,WJudson
903,48,EMHall
903,49,WFSpence
904,36,RTaschereau
904,41,JRCartwright
904,42,JHGFauteux
904,43,DCAbbott
904,48,EMHall
905,36,RTaschereau
905,42,JHGFauteux
905,43,DCAbbott
905,45,RMartland
905,47,RARitchie
906,36,RTaschereau
906,41,JRCartwright
906,42,JHGFauteux
906,46,WJudson
906,48,EMHall
907,42,JHGFauteux
907,43,DCAbbott
907,45,RMartland
907,47,RARitchie
907,49,WFSpence
908,36,RTaschereau
908,41,JRCartwright
908,42,JHGFauteux
908,43,DCAbbott
908,45,RMartland
908,46,WJudson
908,47,RARitchie
908,48,EMHall
908,49,WFSpence
909,36,RTaschereau
909,41,JRCartwright
909,42,JHGFauteux
909,43,DCAbbott
909,45,RMartland
909,46,WJudson
909,47,RARitchie
909,48,EMHall
909,49,WFSpence
910,36,RTaschereau
910,42,JHGFauteux
910,45,RMartland
910,46,WJudson
910,48,EMHall
911,36,RTaschereau
911,41,JRCartwright
911,42,JHGFauteux
911,43,DCAbbott
911,45,RMartland
911,46,WJudson
911,47,RARitchie
911,48,EMHall
911,49,WFSpence
912,41,JRCartwright
912,45,RMartland
912,46,WJudson
912,47,RARitchie
912,49,WFSpence
913,41,JRCartwright
913,45,RMartland
913,46,WJudson
913,47,RARitchie
913,48,EMHall
914,36,RTaschereau
914,45,RMartland
914,47,RARitchie
914,48,EMHall
914,49,WFSpence
915,41,JRCartwright
915,42,JHGFauteux
915,45,RMartland
915,47,RARitchie
915,48,EMHall
916,41,JRCartwright
916,42,JHGFauteux
916,46,WJudson
916,47,RARitchie
916,49,WFSpence
917,36,RTaschereau
917,41,JRCartwright
917,42,JHGFauteux
917,43,DCAbbott
917,48,EMHall
918,36,RTaschereau
918,41,JRCartwright
918,42,JHGFauteux
918,43,DCAbbott
918,45,RMartland
918,46,WJudson
918,47,RARitchie
918,48,EMHall
918,49,WFSpence
919,41,JRCartwright
919,45,RMartland
919,47,RARitchie
919,48,EMHall
919,49,WFSpence
920,36,RTaschereau
920,41,JRCartwright
920,45,RMartland
920,46,WJudson
920,47,RARitchie
920,48,EMHall
920,49,WFSpence
921,41,JRCartwright
921,43,DCAbbott
921,45,RMartland
921,46,WJudson
921,47,RARitchie
922,41,JRCartwright
922,45,RMartland
922,46,WJudson
922,47,RARitchie
922,48,EMHall
923,36,RTaschereau
923,41,JRCartwright
923,42,JHGFauteux
923,43,DCAbbott
923,45,RMartland
923,46,WJudson
923,47,RARitchie
923,48,EMHall
923,49,WFSpence
924,36,RTaschereau
924,41,JRCartwright
924,42,JHGFauteux
924,43,DCAbbott
924,45,RMartland
924,46,WJudson
924,47,RARitchie
924,48,EMHall
924,49,WFSpence
925,36,RTaschereau
925,41,JRCartwright
925,42,JHGFauteux
925,43,DCAbbott
925,46,WJudson
926,36,RTaschereau
926,42,JHGFauteux
926,43,DCAbbott
926,46,WJudson
926,47,RARitchie
927,41,JRCartwright
927,43,DCAbbott
927,45,RMartland
927,46,WJudson
927,49,WFSpence
928,36,RTaschereau
928,45,RMartland
928,47,RARitchie
928,48,EMHall
928,49,WFSpence
929,41,JRCartwright
929,42,JHGFauteux
929,46,WJudson
929,48,EMHall
929,49,WFSpence
930,41,JRCartwright
930,42,JHGFauteux
930,47,RARitchie
930,48,EMHall
930,49,WFSpence
931,36,RTaschereau
931,41,JRCartwright
931,46,WJudson
931,47,RARitchie
931,49,WFSpence
932,41,JRCartwright
932,43,DCAbbott
932,46,WJudson
932,48,EMHall
932,49,WFSpence
933,36,RTaschereau
933,42,JHGFauteux
933,47,RARitchie
933,48,EMHall
933,49,WFSpence
934,41,JRCartwright
934,42,JHGFauteux
934,45,RMartland
934,47,RARitchie
934,48,EMHall
935,36,RTaschereau
935,41,JRCartwright
935,42,JHGFauteux
935,43,DCAbbott
935,49,WFSpence
936,41,JRCartwright
936,45,RMartland
936,46,WJudson
936,47,RARitchie
936,48,EMHall
937,41,JRCartwright
937,45,RMartland
937,46,WJudson
937,47,RARitchie
937,49,WFSpence
938,41,JRCartwright
938,45,RMartland
938,46,WJudson
938,47,RARitchie
938,49,WFSpence
939,36,RTaschereau
939,42,JHGFauteux
939,43,DCAbbott
939,46,WJudson
939,47,RARitchie
940,41,JRCartwright
940,43,DCAbbott
940,46,WJudson
940,47,RARitchie
940,48,EMHall
941,41,JRCartwright
941,42,JHGFauteux
941,46,WJudson
941,48,EMHall
941,49,WFSpence
942,36,RTaschereau
942,41,JRCartwright
942,42,JHGFauteux
942,43,DCAbbott
942,46,WJudson
943,36,RTaschereau
943,41,JRCartwright
943,42,JHGFauteux
943,43,DCAbbott
943,45,RMartland
943,46,WJudson
943,47,RARitchie
943,48,EMHall
943,49,WFSpence
944,42,JHGFauteux
944,43,DCAbbott
944,45,RMartland
944,46,WJudson
944,47,RARitchie
944,48,EMHall
944,49,WFSpence
945,36,RTaschereau
945,41,JRCartwright
945,42,JHGFauteux
945,45,RMartland
945,47,RARitchie
945,48,EMHall
945,49,WFSpence
946,36,RTaschereau
946,41,JRCartwright
946,42,JHGFauteux
946,43,DCAbbott
946,45,RMartland
946,46,WJudson
946,47,RARitchie
946,48,EMHall
946,49,WFSpence
947,36,RTaschereau
947,41,JRCartwright
947,42,JHGFauteux
947,43,DCAbbott
947,45,RMartland
947,46,WJudson
947,47,RARitchie
947,48,EMHall
947,49,WFSpence
948,36,RTaschereau
948,41,JRCartwright
948,42,JHGFauteux
948,43,DCAbbott
948,45,RMartland
948,46,WJudson
948,47,RARitchie
948,48,EMHall
948,49,WFSpence
949,41,JRCartwright
949,43,DCAbbott
949,46,WJudson
949,48,EMHall
949,49,WFSpence
950,41,JRCartwright
950,42,JHGFauteux
950,46,WJudson
950,48,EMHall
950,49,WFSpence
951,45,RMartland
951,46,WJudson
951,47,RARitchie
951,48,EMHall
951,49,WFSpence
952,41,JRCartwright
952,42,JHGFauteux
952,43,DCAbbott
952,45,RMartland
952,46,WJudson
952,47,RARitchie
952,48,EMHall
953,41,JRCartwright
953,42,JHGFauteux
953,45,RMartland
953,46,WJudson
953,47,RARitchie
953,48,EMHall
953,49,WFSpence
954,41,JRCartwright
954,43,DCAbbott
954,45,RMartland
954,46,WJudson
954,49,WFSpence
955,36,RTaschereau
955,41,JRCartwright
955,42,JHGFauteux
955,43,DCAbbott
955,49,WFSpence
956,36,RTaschereau
956,42,JHGFauteux
956,43,DCAbbott
956,47,RARitchie
956,48,EMHall
957,41,JRCartwright
957,43,DCAbbott
957,47,RARitchie
957,48,EMHall
957,49,WFSpence
958,36,RTaschereau
958,41,JRCartwright
958,42,JHGFauteux
958,43,DCAbbott
958,48,EMHall
959,41,JRCartwright
959,43,DCAbbott
959,46,WJudson
959,47,RARitchie
959,49,WFSpence
960,45,RMartland
960,46,WJudson
960,47,RARitchie
960,48,EMHall
960,49,WFSpence
961,36,RTaschereau
961,41,JRCartwright
961,46,WJudson
961,47,RARitchie
961,49,WFSpence
962,36,RTaschereau
962,41,JRCartwright
962,42,JHGFauteux
962,43,DCAbbott
962,45,RMartland
962,46,WJudson
962,47,RARitchie
962,48,EMHall
962,49,WFSpence
963,43,DCAbbott
963,45,RMartland
963,46,WJudson
963,47,RARitchie
963,48,EMHall
964,45,RMartland
964,46,WJudson
964,47,RARitchie
964,48,EMHall
964,49,WFSpence
965,41,JRCartwright
965,45,RMartland
965,46,WJudson
965,47,RARitchie
965,49,WFSpence
966,36,RTaschereau
966,41,JRCartwright
966,43,DCAbbott
966,45,RMartland
966,49,WFSpence
967,36,RTaschereau
967,41,JRCartwright
967,42,JHGFauteux
967,43,DCAbbott
967,49,WFSpence
968,41,JRCartwright
968,43,DCAbbott
968,45,RMartland
968,46,WJudson
968,49,WFSpence
969,36,RTaschereau
969,42,JHGFauteux
969,43,DCAbbott
969,45,RMartland
969,46,WJudson
969,47,RARitchie
969,48,EMHall
970,36,RTaschereau
970,41,JRCartwright
970,42,JHGFauteux
970,43,DCAbbott
970,45,RMartland
970,47,RARitchie
970,48,EMHall
971,41,JRCartwright
971,43,DCAbbott
971,45,RMartland
971,46,WJudson
971,49,WFSpence
972,41,JRCartwright
972,46,WJudson
972,47,RARitchie
972,48,EMHall
972,49,WFSpence
973,41,JRCartwright
973,45,RMartland
973,47,RARitchie
974,36,RTaschereau
974,41,JRCartwright
974,42,JHGFauteux
974,43,DCAbbott
974,45,RMartland
974,47,RARitchie
974,49,WFSpence
975,36,RTaschereau
975,41,JRCartwright
975,46,WJudson
975,47,RARitchie
975,49,WFSpence
976,36,RTaschereau
976,41,JRCartwright
976,42,JHGFauteux
976,47,RARitchie
976,49,WFSpence
977,36,RTaschereau
977,43,DCAbbott
977,45,RMartland
977,46,WJudson
977,47,RARitchie
978,36,RTaschereau
978,42,JHGFauteux
978,46,WJudson
978,47,RARitchie
978,49,WFSpence
979,36,RTaschereau
979,41,JRCartwright
979,42,JHGFauteux
979,43,DCAbbott
979,45,RMartland
979,46,WJudson
979,47,RARitchie
979,48,EMHall
979,49,WFSpence
980,36,RTaschereau
980,41,JRCartwright
980,42,JHGFauteux
980,43,DCAbbott
980,48,EMHall
981,41,JRCartwright
981,46,WJudson
981,47,RARitchie
981,48,EMHall
981,49,WFSpence
982,41,JRCartwright
982,45,RMartland
982,46,WJudson
982,48,EMHall
982,49,WFSpence
983,41,JRCartwright
983,45,RMartland
983,46,WJudson
983,47,RARitchie
983,49,WFSpence
984,36,RTaschereau
984,41,JRCartwright
984,42,JHGFauteux
984,46,WJudson
984,49,WFSpence
985,45,RMartland
985,46,WJudson
985,47,RARitchie
985,48,EMHall
985,49,WFSpence
986,41,JRCartwright
986,42,JHGFauteux
986,43,DCAbbott
986,45,RMartland
986,47,RARitchie
987,36,RTaschereau
987,42,JHGFauteux
987,43,DCAbbott
987,46,WJudson
987,47,RARitchie
988,36,RTaschereau
988,42,JHGFauteux
988,43,DCAbbott
988,47,RARitchie
988,49,WFSpence
989,41,JRCartwright
989,45,RMartland
989,46,WJudson
989,47,RARitchie
989,49,WFSpence
990,43,DCAbbott
990,45,RMartland
990,46,WJudson
990,47,RARitchie
990,49,WFSpence
991,41,JRCartwright
991,45,RMartland
991,46,WJudson
991,47,RARitchie
991,49,WFSpence
992,41,JRCartwright
992,45,RMartland
992,46,WJudson
992,47,RARitchie
992,49,WFSpence
993,43,DCAbbott
993,45,RMartland
993,46,WJudson
993,47,RARitchie
993,48,EMHall
994,41,JRCartwright
994,45,RMartland
994,46,WJudson
994,47,RARitchie
994,48,EMHall
995,41,JRCartwright
995,46,WJudson
995,47,RARitchie
995,48,EMHall
995,49,WFSpence
996,41,JRCartwright
996,46,WJudson
996,47,RARitchie
996,48,EMHall
996,49,WFSpence
997,41,JRCartwright
997,43,DCAbbott
997,45,RMartland
997,46,WJudson
997,49,WFSpence
998,41,JRCartwright
998,43,DCAbbott
998,47,RARitchie
998,48,EMHall
998,49,WFSpence
999,36,RTaschereau
999,41,JRCartwright
999,45,RMartland
999,46,WJudson
999,48,EMHall
1000,36,RTaschereau
1000,41,JRCartwright
1000,42,JHGFauteux
1000,45,RMartland
1000,46,WJudson
1000,47,RARitchie
1000,49,WFSpence
1001,36,RTaschereau
1001,41,JRCartwright
1001,43,DCAbbott
1001,45,RMartland
1001,48,EMHall
1002,41,JRCartwright
1002,45,RMartland
1002,46,WJudson
1002,48,EMHall
1002,49,WFSpence
1003,45,RMartland
1003,46,WJudson
1003,47,RARitchie
1003,48,EMHall
1003,49,WFSpence
1004,41,JRCartwright
1004,46,WJudson
1004,47,RARitchie
1004,48,EMHall
1004,49,WFSpence
1005,41,JRCartwright
1005,43,DCAbbott
1005,45,RMartland
1005,46,WJudson
1005,47,RARitchie
1005,48,EMHall
1005,49,WFSpence
1006,36,RTaschereau
1006,41,JRCartwright
1006,42,JHGFauteux
1006,43,DCAbbott
1006,45,RMartland
1006,46,WJudson
1006,47,RARitchie
1006,48,EMHall
1006,49,WFSpence
1007,36,RTaschereau
1007,41,JRCartwright
1007,42,JHGFauteux
1007,43,DCAbbott
1007,45,RMartland
1007,46,WJudson
1007,47,RARitchie
1007,48,EMHall
1007,49,WFSpence
1008,43,DCAbbott
1008,45,RMartland
1008,46,WJudson
1008,47,RARitchie
1008,48,EMHall
1009,41,JRCartwright
1009,45,RMartland
1009,46,WJudson
1009,48,EMHall
1009,49,WFSpence
1010,41,JRCartwright
1010,42,JHGFauteux
1010,45,RMartland
1010,46,WJudson
1010,49,WFSpence
1011,36,RTaschereau
1011,43,DCAbbott
1011,45,RMartland
1011,47,RARitchie
1011,48,EMHall
1012,41,JRCartwright
1012,43,DCAbbott
1012,46,WJudson
1012,48,EMHall
1012,49,WFSpence
1013,36,RTaschereau
1013,41,JRCartwright
1013,42,JHGFauteux
1013,43,DCAbbott
1013,45,RMartland
1013,46,WJudson
1013,47,RARitchie
1013,48,EMHall
1013,49,WFSpence
1014,41,JRCartwright
1014,45,RMartland
1014,46,WJudson
1014,47,RARitchie
1014,49,WFSpence
1015,36,RTaschereau
1015,42,JHGFauteux
1015,46,WJudson
1015,48,EMHall
1015,49,WFSpence
1016,41,JRCartwright
1016,45,RMartland
1016,46,WJudson
1016,47,RARitchie
1016,49,WFSpence
1017,41,JRCartwright
1017,43,DCAbbott
1017,45,RMartland
1017,46,WJudson
1017,48,EMHall
1018,41,JRCartwright
1018,46,WJudson
1018,47,RARitchie
1018,48,EMHall
1018,49,WFSpence
1019,36,RTaschereau
1019,43,DCAbbott
1019,45,RMartland
1019,47,RARitchie
1019,48,EMHall
1020,36,RTaschereau
1020,43,DCAbbott
1020,46,WJudson
1020,48,EMHall
1020,49,WFSpence
1021,41,JRCartwright
1021,45,RMartland
1021,46,WJudson
1021,47,RARitchie
1021,49,WFSpence
1022,36,RTaschereau
1022,41,JRCartwright
1022,42,JHGFauteux
1022,43,DCAbbott
1022,45,RMartland
1022,46,WJudson
1022,47,RARitchie
1022,48,EMHall
1022,49,WFSpence
1023,36,RTaschereau
1023,41,JRCartwright
1023,43,DCAbbott
1023,46,WJudson
1023,47,RARitchie
1023,48,EMHall
1023,49,WFSpence
1024,41,JRCartwright
1024,45,RMartland
1024,46,WJudson
1024,47,RARitchie
1024,49,WFSpence
1025,41,JRCartwright
1025,43,DCAbbott
1025,46,WJudson
1025,47,RARitchie
1025,49,WFSpence
1026,36,RTaschereau
1026,41,JRCartwright
1026,43,DCAbbott
1026,45,RMartland
1026,46,WJudson
1026,47,RARitchie
1026,48,EMHall
1027,41,JRCartwright
1027,45,RMartland
1027,46,WJudson
1027,47,RARitchie
1027,49,WFSpence
1028,41,JRCartwright
1028,45,RMartland
1028,46,WJudson
1028,47,RARitchie
1028,49,WFSpence
1029,42,JHGFauteux
1029,43,DCAbbott
1029,45,RMartland
1029,48,EMHall
1029,49,WFSpence
1030,36,RTaschereau
1030,43,DCAbbott
1030,45,RMartland
1030,47,RARitchie
1030,49,WFSpence
1031,41,JRCartwright
1031,43,DCAbbott
1031,45,RMartland
1031,48,EMHall
1031,49,WFSpence
1032,41,JRCartwright
1032,43,DCAbbott
1032,45,RMartland
1032,46,WJudson
1032,48,EMHall
1033,41,JRCartwright
1033,45,RMartland
1033,46,WJudson
1033,47,RARitchie
1033,49,WFSpence
1034,36,RTaschereau
1034,42,JHGFauteux
1034,43,DCAbbott
1034,47,RARitchie
1034,48,EMHall
1035,36,RTaschereau
1035,43,DCAbbott
1035,46,WJudson
1035,48,EMHall
1035,49,WFSpence
1036,41,JRCartwright
1036,45,RMartland
1036,46,WJudson
1036,47,RARitchie
1036,49,WFSpence
1037,41,JRCartwright
1037,45,RMartland
1037,46,WJudson
1037,47,RARitchie
1037,48,EMHall
1038,36,RTaschereau
1038,41,JRCartwright
1038,43,DCAbbott
1038,47,RARitchie
1038,49,WFSpence
1039,41,JRCartwright
1039,45,RMartland
1039,46,WJudson
1039,47,RARitchie
1039,49,WFSpence
1040,36,RTaschereau
1040,41,JRCartwright
1040,42,JHGFauteux
1040,43,DCAbbott
1040,45,RMartland
1041,43,DCAbbott
1041,45,RMartland
1041,46,WJudson
1041,47,RARitchie
1041,48,EMHall
1042,36,RTaschereau
1042,42,JHGFauteux
1042,45,RMartland
1042,46,WJudson
1042,48,EMHall
1043,41,JRCartwright
1043,45,RMartland
1043,46,WJudson
1043,47,RARitchie
1043,49,WFSpence
1044,43,DCAbbott
1044,45,RMartland
1044,46,WJudson
1044,47,RARitchie
1044,48,EMHall
1045,41,JRCartwright
1045,45,RMartland
1045,46,WJudson
1045,47,RARitchie
1045,48,EMHall
1046,45,RMartland
1046,46,WJudson
1046,47,RARitchie
1046,48,EMHall
1046,49,WFSpence
1047,45,RMartland
1047,46,WJudson
1047,47,RARitchie
1047,48,EMHall
1047,49,WFSpence
1048,43,DCAbbott
1048,46,WJudson
1048,47,RARitchie
1048,48,EMHall
1048,49,WFSpence
1049,41,JRCartwright
1049,42,JHGFauteux
1049,45,RMartland
1049,46,WJudson
1049,47,RARitchie
1050,42,JHGFauteux
1050,43,DCAbbott
1050,46,WJudson
1050,47,RARitchie
1050,49,WFSpence
1051,42,JHGFauteux
1051,43,DCAbbott
1051,47,RARitchie
1051,48,EMHall
1051,49,WFSpence
1052,43,DCAbbott
1052,46,WJudson
1052,47,RARitchie
1052,48,EMHall
1052,49,WFSpence
1053,41,JRCartwright
1053,42,JHGFauteux
1053,45,RMartland
1053,46,WJudson
1053,48,EMHall
1054,45,RMartland
1054,46,WJudson
1054,47,RARitchie
1054,48,EMHall
1054,49,WFSpence
1055,45,RMartland
1055,46,WJudson
1055,47,RARitchie
1055,48,EMHall
1055,49,WFSpence
1056,41,JRCartwright
1056,42,JHGFauteux
1056,45,RMartland
1056,47,RARitchie
1056,48,EMHall
1057,42,JHGFauteux
1057,45,RMartland
1057,46,WJudson
1057,48,EMHall
1057,49,WFSpence
1058,45,RMartland
1058,46,WJudson
1058,47,RARitchie
1058,48,EMHall
1058,49,WFSpence
1059,41,JRCartwright
1059,45,RMartland
1059,46,WJudson
1059,47,RARitchie
1059,49,WFSpence
1060,41,JRCartwright
1060,42,JHGFauteux
1060,43,DCAbbott
1060,45,RMartland
1060,46,WJudson
1060,47,RARitchie
1060,48,EMHall
1061,43,DCAbbott
1061,45,RMartland
1061,47,RARitchie
1061,48,EMHall
1061,49,WFSpence
1062,43,DCAbbott
1062,46,WJudson
1062,47,RARitchie
1062,48,EMHall
1062,49,WFSpence
1063,42,JHGFauteux
1063,43,DCAbbott
1063,47,RARitchie
1063,48,EMHall
1063,49,WFSpence
1064,43,DCAbbott
1064,46,WJudson
1064,47,RARitchie
1064,48,EMHall
1064,49,WFSpence
1065,43,DCAbbott
1065,45,RMartland
1065,46,WJudson
1065,48,EMHall
1065,49,WFSpence
1066,41,JRCartwright
1066,42,JHGFauteux
1066,43,DCAbbott
1066,45,RMartland
1066,46,WJudson
1066,47,RARitchie
1066,49,WFSpence
1067,41,JRCartwright
1067,42,JHGFauteux
1067,43,DCAbbott
1067,45,RMartland
1067,46,WJudson
1067,47,RARitchie
1067,49,WFSpence
1068,41,JRCartwright
1068,42,JHGFauteux
1068,43,DCAbbott
1068,45,RMartland
1068,46,WJudson
1068,47,RARitchie
1068,49,WFSpence
1069,36,RTaschereau
1069,41,JRCartwright
1069,42,JHGFauteux
1069,45,RMartland
1069,46,WJudson
1070,42,JHGFauteux
1070,43,DCAbbott
1070,45,RMartland
1070,46,WJudson
1070,48,EMHall
1071,42,JHGFauteux
1071,43,DCAbbott
1071,45,RMartland
1071,48,EMHall
1071,49,WFSpence
1072,41,JRCartwright
1072,45,RMartland
1072,46,WJudson
1072,47,RARitchie
1072,48,EMHall
1073,41,JRCartwright
1073,43,DCAbbott
1073,46,WJudson
1073,47,RARitchie
1073,49,WFSpence
1074,45,RMartland
1074,46,WJudson
1074,47,RARitchie
1074,48,EMHall
1074,49,WFSpence
1075,36,RTaschereau
1075,41,JRCartwright
1075,45,RMartland
1075,48,EMHall
1075,49,WFSpence
1076,36,RTaschereau
1076,41,JRCartwright
1076,45,RMartland
1076,47,RARitchie
1076,48,EMHall
1077,41,JRCartwright
1077,45,RMartland
1077,46,WJudson
1077,48,EMHall
1077,49,WFSpence
1078,43,DCAbbott
1078,45,RMartland
1078,46,WJudson
1078,47,RARitchie
1078,49,WFSpence
1079,36,RTaschereau
1079,45,RMartland
1079,46,WJudson
1079,48,EMHall
1079,49,WFSpence
1080,43,DCAbbott
1080,46,WJudson
1080,47,RARitchie
1080,48,EMHall
1080,49,WFSpence
1081,43,DCAbbott
1081,45,RMartland
1081,46,WJudson
1081,47,RARitchie
1081,49,WFSpence
1082,36,RTaschereau
1082,42,JHGFauteux
1082,45,RMartland
1082,47,RARitchie
1082,48,EMHall
1083,36,RTaschereau
1083,46,WJudson
1083,47,RARitchie
1083,48,EMHall
1083,49,WFSpence
1084,45,RMartland
1084,46,WJudson
1084,47,RARitchie
1084,48,EMHall
1084,49,WFSpence
1085,36,RTaschereau
1085,42,JHGFauteux
1085,47,RARitchie
1085,48,EMHall
1085,49,WFSpence
1086,41,JRCartwright
1086,45,RMartland
1086,46,WJudson
1086,47,RARitchie
1086,49,WFSpence
1087,41,JRCartwright
1087,43,DCAbbott
1087,46,WJudson
1087,48,EMHall
1087,49,WFSpence
1088,41,JRCartwright
1088,45,RMartland
1088,46,WJudson
1088,47,RARitchie
1088,48,EMHall
1089,36,RTaschereau
1089,41,JRCartwright
1089,42,JHGFauteux
1089,43,DCAbbott
1089,45,RMartland
1089,46,WJudson
1089,47,RARitchie
1089,48,EMHall
1089,49,WFSpence
1090,42,JHGFauteux
1090,45,RMartland
1090,46,WJudson
1090,47,RARitchie
1090,48,EMHall
1091,36,RTaschereau
1091,42,JHGFauteux
1091,43,DCAbbott
1091,46,WJudson
1091,49,WFSpence
1092,36,RTaschereau
1092,42,JHGFauteux
1092,43,DCAbbott
1092,45,RMartland
1092,46,WJudson
1092,47,RARitchie
1092,49,WFSpence
1093,41,JRCartwright
1093,45,RMartland
1093,46,WJudson
1093,47,RARitchie
1093,48,EMHall
1094,42,JHGFauteux
1094,43,DCAbbott
1094,45,RMartland
1094,46,WJudson
1094,47,RARitchie
1095,42,JHGFauteux
1095,45,RMartland
1095,46,WJudson
1095,47,RARitchie
1095,48,EMHall
1096,42,JHGFauteux
1096,46,WJudson
1096,47,RARitchie
1096,48,EMHall
1096,49,WFSpence
1097,43,DCAbbott
1097,45,RMartland
1097,46,WJudson
1097,47,RARitchie
1097,48,EMHall
1098,43,DCAbbott
1098,45,RMartland
1098,47,RARitchie
1098,48,EMHall
1098,49,WFSpence
1099,36,RTaschereau
1099,42,JHGFauteux
1099,43,DCAbbott
1099,45,RMartland
1099,49,WFSpence
1100,36,RTaschereau
1100,43,DCAbbott
1100,46,WJudson
1100,47,RARitchie
1100,48,EMHall
1101,36,RTaschereau
1101,42,JHGFauteux
1101,43,DCAbbott
1101,46,WJudson
1101,47,RARitchie
1102,36,RTaschereau
1102,42,JHGFauteux
1102,43,DCAbbott
1102,45,RMartland
1102,49,WFSpence
1103,43,DCAbbott
1103,45,RMartland
1103,46,WJudson
1103,47,RARitchie
1103,48,EMHall
1104,36,RTaschereau
1104,41,JRCartwright
1104,42,JHGFauteux
1104,43,DCAbbott
1104,45,RMartland
1104,46,WJudson
1104,47,RARitchie
1104,48,EMHall
1104,49,WFSpence
1105,36,RTaschereau
1105,45,RMartland
1105,47,RARitchie
1105,48,EMHall
1105,49,WFSpence
1106,36,RTaschereau
1106,45,RMartland
1106,46,WJudson
1106,47,RARitchie
1106,48,EMHall
1107,36,RTaschereau
1107,41,JRCartwright
1107,42,JHGFauteux
1107,43,DCAbbott
1107,45,RMartland
1107,46,WJudson
1107,47,RARitchie
1107,48,EMHall
1107,49,WFSpence
1108,36,RTaschereau
1108,42,JHGFauteux
1108,46,WJudson
1108,48,EMHall
1108,49,WFSpence
1109,41,JRCartwright
1109,45,RMartland
1109,46,WJudson
1109,47,RARitchie
1109,49,WFSpence
1110,36,RTaschereau
1110,42,JHGFauteux
1110,45,RMartland
1110,47,RARitchie
1110,48,EMHall
1111,41,JRCartwright
1111,42,JHGFauteux
1111,43,DCAbbott
1111,46,WJudson
1111,49,WFSpence
1112,41,JRCartwright
1112,45,RMartland
1112,46,WJudson
1112,47,RARitchie
1112,49,WFSpence
1113,41,JRCartwright
1113,43,DCAbbott
1113,45,RMartland
1113,47,RARitchie
1113,49,WFSpence
1114,41,JRCartwright
1114,43,DCAbbott
1114,45,RMartland
1114,47,RARitchie
1114,49,WFSpence
1115,41,JRCartwright
1115,43,DCAbbott
1115,46,WJudson
1115,47,RARitchie
1115,48,EMHall
1116,41,JRCartwright
1116,43,DCAbbott
1116,45,RMartland
1116,46,WJudson
1116,49,WFSpence
1117,36,RTaschereau
1117,42,JHGFauteux
1117,43,DCAbbott
1117,47,RARitchie
1117,48,EMHall
1118,41,JRCartwright
1118,46,WJudson
1118,47,RARitchie
1118,48,EMHall
1118,49,WFSpence
1119,45,RMartland
1119,46,WJudson
1119,47,RARitchie
1119,48,EMHall
1119,49,WFSpence
1120,41,JRCartwright
1120,45,RMartland
1120,46,WJudson
1120,47,RARitchie
1120,48,EMHall
1121,36,RTaschereau
1121,42,JHGFauteux
1121,43,DCAbbott
1121,45,RMartland
1121,47,RARitchie
1122,43,DCAbbott
1122,45,RMartland
1122,46,WJudson
1122,47,RARitchie
1122,49,WFSpence
1123,41,JRCartwright
1123,43,DCAbbott
1123,45,RMartland
1123,47,RARitchie
1123,49,WFSpence
1124,41,JRCartwright
1124,43,DCAbbott
1124,45,RMartland
1124,46,WJudson
1124,48,EMHall
1125,41,JRCartwright
1125,43,DCAbbott
1125,45,RMartland
1125,48,EMHall
1125,49,WFSpence
1126,43,DCAbbott
1126,45,RMartland
1126,46,WJudson
1126,47,RARitchie
1126,49,WFSpence
1127,42,JHGFauteux
1127,45,RMartland
1127,46,WJudson
1127,47,RARitchie
1127,49,WFSpence
1128,41,JRCartwright
1128,45,RMartland
1128,46,WJudson
1128,47,RARitchie
1128,49,WFSpence
1129,43,DCAbbott
1129,45,RMartland
1129,46,WJudson
1129,47,RARitchie
1129,48,EMHall
1130,41,JRCartwright
1130,42,JHGFauteux
1130,45,RMartland
1130,47,RARitchie
1130,49,WFSpence
1131,42,JHGFauteux
1131,43,DCAbbott
1131,46,WJudson
1131,48,EMHall
1131,49,WFSpence
1132,36,RTaschereau
1132,42,JHGFauteux
1132,45,RMartland
1132,46,WJudson
1132,49,WFSpence
1133,36,RTaschereau
1133,45,RMartland
1133,46,WJudson
1133,48,EMHall
1133,49,WFSpence
1134,36,RTaschereau
1134,45,RMartland
1134,46,WJudson
1134,48,EMHall
1134,49,WFSpence
1135,36,RTaschereau
1135,45,RMartland
1135,46,WJudson
1135,48,EMHall
1135,49,WFSpence
1136,36,RTaschereau
1136,45,RMartland
1136,46,WJudson
1136,47,RARitchie
1136,49,WFSpence
1137,41,JRCartwright
1137,42,JHGFauteux
1137,45,RMartland
1137,46,WJudson
1137,47,RARitchie
1137,48,EMHall
1137,49,WFSpence
1138,36,RTaschereau
1138,41,JRCartwright
1138,42,JHGFauteux
1138,43,DCAbbott
1138,49,WFSpence
1139,42,JHGFauteux
1139,43,DCAbbott
1139,45,RMartland
1139,47,RARitchie
1139,49,WFSpence
1140,36,RTaschereau
1140,41,JRCartwright
1140,42,JHGFauteux
1140,43,DCAbbott
1140,45,RMartland
1141,41,JRCartwright
1141,47,RARitchie
1141,49,WFSpence
1142,41,JRCartwright
1142,45,RMartland
1142,46,WJudson
1142,47,RARitchie
1142,49,WFSpence
1143,41,JRCartwright
1143,43,DCAbbott
1143,46,WJudson
1143,47,RARitchie
1143,48,EMHall
1144,36,RTaschereau
1144,42,JHGFauteux
1144,45,RMartland
1144,47,RARitchie
1144,49,WFSpence
1145,36,RTaschereau
1145,41,JRCartwright
1145,42,JHGFauteux
1145,45,RMartland
1145,49,WFSpence
1146,36,RTaschereau
1146,41,JRCartwright
1146,42,JHGFauteux
1146,43,DCAbbott
1146,45,RMartland
1146,47,RARitchie
1146,48,EMHall
1147,42,JHGFauteux
1147,45,RMartland
1147,46,WJudson
1147,47,RARitchie
1147,48,EMHall
1148,45,RMartland
1148,46,WJudson
1148,47,RARitchie
1148,48,EMHall
1148,49,WFSpence
1149,36,RTaschereau
1149,41,JRCartwright
1149,42,JHGFauteux
1149,43,DCAbbott
1149,45,RMartland
1149,46,WJudson
1149,47,RARitchie
1149,48,EMHall
1149,49,WFSpence
1150,36,RTaschereau
1150,41,JRCartwright
1150,42,JHGFauteux
1150,46,WJudson
1150,49,WFSpence
1151,41,JRCartwright
1151,43,DCAbbott
1151,45,RMartland
1151,46,WJudson
1151,47,RARitchie
1152,45,RMartland
1152,46,WJudson
1152,47,RARitchie
1152,48,EMHall
1152,49,WFSpence
1153,41,JRCartwright
1153,45,RMartland
1153,46,WJudson
1153,47,RARitchie
1153,49,WFSpence
1154,43,DCAbbott
1154,45,RMartland
1154,46,WJudson
1154,47,RARitchie
1154,48,EMHall
1155,41,JRCartwright
1155,42,JHGFauteux
1155,45,RMartland
1155,47,RARitchie
1155,49,WFSpence
1156,36,RTaschereau
1156,42,JHGFauteux
1156,43,DCAbbott
1156,45,RMartland
1156,49,WFSpence
1157,43,DCAbbott
1157,45,RMartland
1157,46,WJudson
1157,48,EMHall
1157,49,WFSpence
1158,36,RTaschereau
1158,41,JRCartwright
1158,42,JHGFauteux
1158,46,WJudson
1158,49,WFSpence
1159,41,JRCartwright
1159,43,DCAbbott
1159,46,WJudson
1159,48,EMHall
1159,49,WFSpence
1160,45,RMartland
1160,46,WJudson
1160,47,RARitchie
1160,48,EMHall
1160,49,WFSpence
1161,41,JRCartwright
1161,42,JHGFauteux
1161,45,RMartland
1161,46,WJudson
1161,47,RARitchie
1162,41,JRCartwright
1162,45,RMartland
1162,46,WJudson
1162,47,RARitchie
1162,49,WFSpence
1163,41,JRCartwright
1163,42,JHGFauteux
1163,47,RARitchie
1163,48,EMHall
1163,49,WFSpence
1164,41,JRCartwright
1164,45,RMartland
1164,47,RARitchie
1164,48,EMHall
1164,49,WFSpence
1165,42,JHGFauteux
1165,43,DCAbbott
1165,45,RMartland
1165,46,WJudson
1165,47,RARitchie
1166,36,RTaschereau
1166,42,JHGFauteux
1166,43,DCAbbott
1166,45,RMartland
1166,47,RARitchie
1167,42,JHGFauteux
1167,43,DCAbbott
1167,45,RMartland
1167,46,WJudson
1167,47,RARitchie
1168,45,RMartland
1168,46,WJudson
1168,47,RARitchie
1168,48,EMHall
1168,49,WFSpence
1169,41,JRCartwright
1169,43,DCAbbott
1169,45,RMartland
1169,46,WJudson
1169,49,WFSpence
1170,41,JRCartwright
1170,45,RMartland
1170,46,WJudson
1170,48,EMHall
1170,49,WFSpence
1171,36,RTaschereau
1171,41,JRCartwright
1171,46,WJudson
1171,47,RARitchie
1171,49,WFSpence
1172,42,JHGFauteux
1172,45,RMartland
1172,46,WJudson
1172,47,RARitchie
1172,48,EMHall
1173,41,JRCartwright
1173,45,RMartland
1173,46,WJudson
1173,47,RARitchie
1173,48,EMHall
1174,36,RTaschereau
1174,42,JHGFauteux
1174,43,DCAbbott
1174,48,EMHall
1174,49,WFSpence
1175,41,JRCartwright
1175,45,RMartland
1175,46,WJudson
1175,47,RARitchie
1175,49,WFSpence
1176,43,DCAbbott
1176,45,RMartland
1176,46,WJudson
1176,47,RARitchie
1176,49,WFSpence
1177,41,JRCartwright
1177,45,RMartland
1177,47,RARitchie
1177,48,EMHall
1177,49,WFSpence
1178,41,JRCartwright
1178,45,RMartland
1178,47,RARitchie
1178,48,EMHall
1178,49,WFSpence
1179,41,JRCartwright
1179,45,RMartland
1179,46,WJudson
1179,48,EMHall
1179,49,WFSpence
1180,43,DCAbbott
1180,45,RMartland
1180,47,RARitchie
1180,48,EMHall
1180,49,WFSpence
1181,41,JRCartwright
1181,45,RMartland
1181,47,RARitchie
1181,48,EMHall
1181,49,WFSpence
1182,41,JRCartwright
1182,43,DCAbbott
1182,45,RMartland
1182,47,RARitchie
1182,48,EMHall
1183,41,JRCartwright
1183,45,RMartland
1183,46,WJudson
1183,47,RARitchie
1183,48,EMHall
1184,41,JRCartwright
1184,42,JHGFauteux
1184,46,WJudson
1184,47,RARitchie
1184,48,EMHall
1185,42,JHGFauteux
1185,43,DCAbbott
1185,46,WJudson
1185,47,RARitchie
1185,48,EMHall
1186,36,RTaschereau
1186,41,JRCartwright
1186,42,JHGFauteux
1186,43,DCAbbott
1186,49,WFSpence
1187,41,JRCartwright
1187,45,RMartland
1187,47,RARitchie
1187,48,EMHall
1187,49,WFSpence
1188,36,RTaschereau
1188,41,JRCartwright
1188,42,JHGFauteux
1188,43,DCAbbott
1188,45,RMartland
1188,46,WJudson
1188,47,RARitchie
1189,36,RTaschereau
1189,41,JRCartwright
1189,42,JHGFauteux
1189,45,RMartland
1189,47,RARitchie
1189,48,EMHall
1189,49,WFSpence
1190,41,JRCartwright
1190,45,RMartland
1190,46,WJudson
1190,47,RARitchie
1190,48,EMHall
1191,41,JRCartwright
1191,43,DCAbbott
1191,45,RMartland
1191,47,RARitchie
1191,48,EMHall
1192,41,JRCartwright
1192,45,RMartland
1192,47,RARitchie
1192,49,WFSpence
1192,50,LPPigeon
1193,41,JRCartwright
1193,45,RMartland
1193,46,WJudson
1193,47,RARitchie
1193,50,LPPigeon
1194,41,JRCartwright
1194,42,JHGFauteux
1194,46,WJudson
1194,48,EMHall
1194,49,WFSpence
1195,41,JRCartwright
1195,42,JHGFauteux
1195,43,DCAbbott
1195,45,RMartland
1195,46,WJudson
1195,47,RARitchie
1195,49,WFSpence
1196,41,JRCartwright
1196,42,JHGFauteux
1196,45,RMartland
1196,46,WJudson
1196,47,RARitchie
1196,48,EMHall
1196,50,LPPigeon
1197,41,JRCartwright
1197,43,DCAbbott
1197,45,RMartland
1197,46,WJudson
1197,47,RARitchie
1197,48,EMHall
1197,49,WFSpence
1198,41,JRCartwright
1198,46,WJudson
1198,47,RARitchie
1198,48,EMHall
1198,49,WFSpence
1199,41,JRCartwright
1199,46,WJudson
1199,47,RARitchie
1199,48,EMHall
1199,49,WFSpence
1200,41,JRCartwright
1200,45,RMartland
1200,47,RARitchie
1200,48,EMHall
1200,49,WFSpence
1201,45,RMartland
1201,46,WJudson
1201,47,RARitchie
1201,48,EMHall
1201,49,WFSpence
1202,45,RMartland
1202,46,WJudson
1202,47,RARitchie
1202,48,EMHall
1202,49,WFSpence
1203,41,JRCartwright
1203,42,JHGFauteux
1203,47,RARitchie
1203,49,WFSpence
1203,50,LPPigeon
1204,41,JRCartwright
1204,42,JHGFauteux
1204,43,DCAbbott
1204,45,RMartland
1204,46,WJudson
1204,47,RARitchie
1204,48,EMHall
1204,49,WFSpence
1204,50,LPPigeon
1205,41,JRCartwright
1205,45,RMartland
1205,47,RARitchie
1205,48,EMHall
1205,49,WFSpence
1206,41,JRCartwright
1206,42,JHGFauteux
1206,48,EMHall
1207,42,JHGFauteux
1207,43,DCAbbott
1207,46,WJudson
1207,48,EMHall
1207,49,WFSpence
1208,41,JRCartwright
1208,45,RMartland
1208,46,WJudson
1208,47,RARitchie
1208,48,EMHall
1209,41,JRCartwright
1209,43,DCAbbott
1209,46,WJudson
1209,47,RARitchie
1209,49,WFSpence
1210,45,RMartland
1210,46,WJudson
1210,47,RARitchie
1210,48,EMHall
1210,49,WFSpence
1211,45,RMartland
1211,46,WJudson
1211,47,RARitchie
1211,48,EMHall
1211,49,WFSpence
1212,42,JHGFauteux
1212,43,DCAbbott
1212,45,RMartland
1212,46,WJudson
1212,47,RARitchie
1212,48,EMHall
1212,49,WFSpence
1213,41,JRCartwright
1213,45,RMartland
1213,46,WJudson
1213,47,RARitchie
1213,49,WFSpence
1214,41,JRCartwright
1214,43,DCAbbott
1214,48,EMHall
1214,49,WFSpence
1214,50,LPPigeon
1215,41,JRCartwright
1215,43,DCAbbott
1215,48,EMHall
1215,49,WFSpence
1215,50,LPPigeon
1216,41,JRCartwright
1216,43,DCAbbott
1216,46,WJudson
1216,47,RARitchie
1216,50,LPPigeon
1217,41,JRCartwright
1217,42,JHGFauteux
1217,43,DCAbbott
1217,45,RMartland
1217,46,WJudson
1217,47,RARitchie
1217,48,EMHall
1217,49,WFSpence
1217,50,LPPigeon
1218,41,JRCartwright
1218,45,RMartland
1218,46,WJudson
1218,47,RARitchie
1218,48,EMHall
1219,41,JRCartwright
1219,46,WJudson
1219,47,RARitchie
1219,48,EMHall
1219,49,WFSpence
1220,42,JHGFauteux
1220,46,WJudson
1220,47,RARitchie
1221,41,JRCartwright
1221,45,RMartland
1221,46,WJudson
1221,48,EMHall
1221,49,WFSpence
1222,41,JRCartwright
1222,42,JHGFauteux
1222,43,DCAbbott
1222,45,RMartland
1222,46,WJudson
1222,47,RARitchie
1222,48,EMHall
1222,49,WFSpence
1222,50,LPPigeon
1223,41,JRCartwright
1223,42,JHGFauteux
1223,43,DCAbbott
1223,45,RMartland
1223,46,WJudson
1223,47,RARitchie
1223,48,EMHall
1223,49,WFSpence
1223,50,LPPigeon
1224,42,JHGFauteux
1224,43,DCAbbott
1224,45,RMartland
1224,47,RARitchie
1224,48,EMHall
1225,43,DCAbbott
1225,46,WJudson
1225,47,RARitchie
1225,48,EMHall
1225,49,WFSpence
1226,41,JRCartwright
1226,45,RMartland
1226,48,EMHall
1227,41,JRCartwright
1227,45,RMartland
1227,46,WJudson
1227,48,EMHall
1227,49,WFSpence
1228,46,WJudson
1228,47,RARitchie
1228,48,EMHall
1228,49,WFSpence
1228,50,LPPigeon
1229,41,JRCartwright
1229,45,RMartland
1229,46,WJudson
1229,47,RARitchie
1229,50,LPPigeon
1230,41,JRCartwright
1230,43,DCAbbott
1230,45,RMartland
1230,46,WJudson
1230,47,RARitchie
1231,41,JRCartwright
1231,43,DCAbbott
1231,47,RARitchie
1231,48,EMHall
1231,49,WFSpence
1232,41,JRCartwright
1232,42,JHGFauteux
1232,43,DCAbbott
1232,45,RMartland
1232,49,WFSpence
1233,42,JHGFauteux
1233,45,RMartland
1233,47,RARitchie
1233,49,WFSpence
1233,50,LPPigeon
1234,41,JRCartwright
1234,42,JHGFauteux
1234,43,DCAbbott
1234,45,RMartland
1234,46,WJudson
1234,47,RARitchie
1234,49,WFSpence
1235,41,JRCartwright
1235,42,JHGFauteux
1235,43,DCAbbott
1235,45,RMartland
1235,46,WJudson
1235,47,RARitchie
1235,48,EMHall
1235,49,WFSpence
1235,50,LPPigeon
1236,41,JRCartwright
1236,42,JHGFauteux
1236,45,RMartland
1236,46,WJudson
1236,50,LPPigeon
1237,42,JHGFauteux
1237,43,DCAbbott
1237,46,WJudson
1237,48,EMHall
1237,49,WFSpence
1238,41,JRCartwright
1238,45,RMartland
1238,47,RARitchie
1238,48,EMHall
1238,50,LPPigeon
1239,41,JRCartwright
1239,46,WJudson
1239,47,RARitchie
1239,48,EMHall
1239,49,WFSpence
1240,41,JRCartwright
1240,45,RMartland
1240,46,WJudson
1240,48,EMHall
1240,50,LPPigeon
1241,41,JRCartwright
1241,45,RMartland
1241,47,RARitchie
1241,48,EMHall
1241,49,WFSpence
1242,45,RMartland
1242,46,WJudson
1242,47,RARitchie
1242,48,EMHall
1242,49,WFSpence
1243,46,WJudson
1243,47,RARitchie
1243,48,EMHall
1243,49,WFSpence
1243,50,LPPigeon
1244,41,JRCartwright
1244,45,RMartland
1244,47,RARitchie
1244,48,EMHall
1244,50,LPPigeon
1245,41,JRCartwright
1245,45,RMartland
1245,46,WJudson
1245,47,RARitchie
1245,49,WFSpence
1246,41,JRCartwright
1246,45,RMartland
1246,47,RARitchie
1246,48,EMHall
1246,49,WFSpence
1247,41,JRCartwright
1247,42,JHGFauteux
1247,46,WJudson
1247,47,RARitchie
1247,48,EMHall
1248,41,JRCartwright
1248,45,RMartland
1248,46,WJudson
1248,48,EMHall
1248,49,WFSpence
1249,41,JRCartwright
1249,46,WJudson
1249,47,RARitchie
1249,49,WFSpence
1249,50,LPPigeon
1250,41,JRCartwright
1250,46,WJudson
1250,47,RARitchie
1250,48,EMHall
1250,49,WFSpence
1251,41,JRCartwright
1251,45,RMartland
1251,46,WJudson
1251,47,RARitchie
1251,48,EMHall
1252,41,JRCartwright
1252,46,WJudson
1252,47,RARitchie
1252,48,EMHall
1252,49,WFSpence
1253,42,JHGFauteux
1253,45,RMartland
1253,46,WJudson
1253,47,RARitchie
1253,50,LPPigeon
1254,45,RMartland
1254,46,WJudson
1254,47,RARitchie
1254,49,WFSpence
1254,50,LPPigeon
1255,41,JRCartwright
1255,45,RMartland
1255,46,WJudson
1255,48,EMHall
1255,49,WFSpence
1256,41,JRCartwright
1256,45,RMartland
1256,46,WJudson
1256,47,RARitchie
1256,48,EMHall
1257,41,JRCartwright
1257,45,RMartland
1257,46,WJudson
1257,48,EMHall
1257,49,WFSpence
1258,41,JRCartwright
1258,45,RMartland
1258,46,WJudson
1258,47,RARitchie
1258,49,WFSpence
1259,41,JRCartwright
1259,45,RMartland
1259,46,WJudson
1259,48,EMHall
1259,49,WFSpence
1260,41,JRCartwright
1260,42,JHGFauteux
1260,45,RMartland
1260,48,EMHall
1260,50,LPPigeon
1261,41,JRCartwright
1261,42,JHGFauteux
1261,45,RMartland
1261,46,WJudson
1261,47,RARitchie
1261,49,WFSpence
1261,50,LPPigeon
1262,41,JRCartwright
1262,45,RMartland
1262,46,WJudson
1262,47,RARitchie
1262,49,WFSpence
1263,41,JRCartwright
1263,42,JHGFauteux
1263,45,RMartland
1263,48,EMHall
1263,50,LPPigeon
1264,42,JHGFauteux
1264,46,WJudson
1264,47,RARitchie
1264,48,EMHall
1264,49,WFSpence
1265,41,JRCartwright
1265,45,RMartland
1265,46,WJudson
1265,47,RARitchie
1265,49,WFSpence
1266,41,JRCartwright
1266,46,WJudson
1266,47,RARitchie
1266,49,WFSpence
1266,50,LPPigeon
1267,42,JHGFauteux
1267,45,RMartland
1267,48,EMHall
1267,49,WFSpence
1267,50,LPPigeon
1268,45,RMartland
1268,46,WJudson
1268,47,RARitchie
1268,48,EMHall
1268,49,WFSpence
1269,41,JRCartwright
1269,46,WJudson
1269,47,RARitchie
1269,48,EMHall
1269,49,WFSpence
1270,45,RMartland
1270,46,WJudson
1270,47,RARitchie
1270,48,EMHall
1270,49,WFSpence
1271,41,JRCartwright
1271,42,JHGFauteux
1271,46,WJudson
1271,48,EMHall
1271,50,LPPigeon
1272,41,JRCartwright
1272,42,JHGFauteux
1272,43,DCAbbott
1272,45,RMartland
1272,46,WJudson
1272,47,RARitchie
1272,48,EMHall
1272,49,WFSpence
1272,50,LPPigeon
1273,45,RMartland
1273,46,WJudson
1273,48,EMHall
1273,49,WFSpence
1273,50,LPPigeon
1274,41,JRCartwright
1274,45,RMartland
1274,46,WJudson
1274,47,RARitchie
1274,49,WFSpence
1275,46,WJudson
1275,47,RARitchie
1275,48,EMHall
1275,49,WFSpence
1275,50,LPPigeon
1276,41,JRCartwright
1276,42,JHGFauteux
1276,45,RMartland
1276,46,WJudson
1276,47,RARitchie
1277,41,JRCartwright
1277,46,WJudson
1277,47,RARitchie
1277,48,EMHall
1277,49,WFSpence
1278,43,DCAbbott
1278,45,RMartland
1278,47,RARitchie
1278,49,WFSpence
1278,50,LPPigeon
1279,45,RMartland
1279,46,WJudson
1279,47,RARitchie
1279,48,EMHall
1279,49,WFSpence
1280,45,RMartland
1280,46,WJudson
1280,47,RARitchie
1280,48,EMHall
1280,49,WFSpence
1281,45,RMartland
1281,46,WJudson
1281,47,RARitchie
1281,48,EMHall
1281,49,WFSpence
1282,43,DCAbbott
1282,46,WJudson
1282,47,RARitchie
1282,48,EMHall
1282,49,WFSpence
1283,41,JRCartwright
1283,46,WJudson
1283,47,RARitchie
1283,48,EMHall
1283,50,LPPigeon
1284,41,JRCartwright
1284,43,DCAbbott
1284,45,RMartland
1284,46,WJudson
1284,48,EMHall
1285,41,JRCartwright
1285,45,RMartland
1285,46,WJudson
1285,47,RARitchie
1285,49,WFSpence
1286,41,JRCartwright
1286,42,JHGFauteux
1286,45,RMartland
1286,47,RARitchie
1286,49,WFSpence
1287,42,JHGFauteux
1287,45,RMartland
1287,47,RARitchie
1287,49,WFSpence
1287,50,LPPigeon
1288,45,RMartland
1288,47,RARitchie
1288,48,EMHall
1288,49,WFSpence
1288,50,LPPigeon
1289,41,JRCartwright
1289,42,JHGFauteux
1289,48,EMHall
1289,49,WFSpence
1289,50,LPPigeon
1290,43,DCAbbott
1290,45,RMartland
1290,48,EMHall
1290,49,WFSpence
1290,50,LPPigeon
1291,41,JRCartwright
1291,45,RMartland
1291,46,WJudson
1291,47,RARitchie
1291,50,LPPigeon
1292,41,JRCartwright
1292,42,JHGFauteux
1292,45,RMartland
1292,47,RARitchie
1292,50,LPPigeon
1293,41,JRCartwright
1293,42,JHGFauteux
1293,45,RMartland
1293,46,WJudson
1293,47,RARitchie
1293,49,WFSpence
1293,50,LPPigeon
1294,41,JRCartwright
1294,45,RMartland
1294,47,RARitchie
1294,48,EMHall
1294,50,LPPigeon
1295,41,JRCartwright
1295,45,RMartland
1295,46,WJudson
1295,47,RARitchie
1295,49,WFSpence
1296,41,JRCartwright
1296,45,RMartland
1296,46,WJudson
1296,47,RARitchie
1296,48,EMHall
1297,41,JRCartwright
1297,45,RMartland
1297,46,WJudson
1297,47,RARitchie
1297,48,EMHall
1298,41,JRCartwright
1298,45,RMartland
1298,46,WJudson
1298,47,RARitchie
1298,49,WFSpence
1299,41,JRCartwright
1299,45,RMartland
1299,46,WJudson
1299,47,RARitchie
1299,48,EMHall
1300,41,JRCartwright
1300,42,JHGFauteux
1300,43,DCAbbott
1300,45,RMartland
1300,46,WJudson
1300,47,RARitchie
1300,48,EMHall
1300,49,WFSpence
1300,50,LPPigeon
1301,43,DCAbbott
1301,46,WJudson
1301,48,EMHall
1301,49,WFSpence
1301,50,LPPigeon
1302,41,JRCartwright
1302,45,RMartland
1302,47,RARitchie
1302,48,EMHall
1302,49,WFSpence
1303,41,JRCartwright
1303,45,RMartland
1303,46,WJudson
1303,48,EMHall
1303,49,WFSpence
1304,41,JRCartwright
1304,42,JHGFauteux
1304,45,RMartland
1304,47,RARitchie
1304,48,EMHall
1305,41,JRCartwright
1305,43,DCAbbott
1305,46,WJudson
1305,49,WFSpence
1305,50,LPPigeon
1306,41,JRCartwright
1306,46,WJudson
1306,47,RARitchie
1306,49,WFSpence
1306,50,LPPigeon
1307,45,RMartland
1307,46,WJudson
1307,47,RARitchie
1307,48,EMHall
1307,49,WFSpence
1308,43,DCAbbott
1308,46,WJudson
1308,47,RARitchie
1308,48,EMHall
1308,50,LPPigeon
1309,41,JRCartwright
1309,46,WJudson
1309,47,RARitchie
1309,48,EMHall
1309,49,WFSpence
1310,43,DCAbbott
1310,46,WJudson
1310,47,RARitchie
1310,48,EMHall
1310,49,WFSpence
1311,45,RMartland
1311,46,WJudson
1311,47,RARitchie
1311,48,EMHall
1311,49,WFSpence
1312,42,JHGFauteux
1312,43,DCAbbott
1312,45,RMartland
1312,48,EMHall
1312,50,LPPigeon
1313,42,JHGFauteux
1313,46,WJudson
1313,47,RARitchie
1313,48,EMHall
1313,50,LPPigeon
1314,41,JRCartwright
1314,46,WJudson
1314,48,EMHall
1314,49,WFSpence
1314,50,LPPigeon
1315,41,JRCartwright
1315,42,JHGFauteux
1315,43,DCAbbott
1315,45,RMartland
1315,46,WJudson
1315,47,RARitchie
1315,48,EMHall
1315,49,WFSpence
1315,50,LPPigeon
1316,41,JRCartwright
1316,45,RMartland
1316,46,WJudson
1316,48,EMHall
1316,49,WFSpence
1317,41,JRCartwright
1317,42,JHGFauteux
1317,46,WJudson
1317,47,RARitchie
1317,50,LPPigeon
1318,41,JRCartwright
1318,43,DCAbbott
1318,47,RARitchie
1318,48,EMHall
1318,50,LPPigeon
1319,42,JHGFauteux
1319,43,DCAbbott
1319,47,RARitchie
1319,48,EMHall
1319,50,LPPigeon
1320,41,JRCartwright
1320,45,RMartland
1320,48,EMHall
1320,49,WFSpence
1320,50,LPPigeon
1321,41,JRCartwright
1321,42,JHGFauteux
1321,43,DCAbbott
1321,45,RMartland
1321,46,WJudson
1321,47,RARitchie
1321,48,EMHall
1321,49,WFSpence
1321,50,LPPigeon
1322,41,JRCartwright
1322,45,RMartland
1322,47,RARitchie
1322,48,EMHall
1322,49,WFSpence
1323,42,JHGFauteux
1323,43,DCAbbott
1323,46,WJudson
1323,49,WFSpence
1323,50,LPPigeon
1324,41,JRCartwright
1324,43,DCAbbott
1324,45,RMartland
1324,49,WFSpence
1324,50,LPPigeon
1325,41,JRCartwright
1325,42,JHGFauteux
1325,46,WJudson
1325,48,EMHall
1325,50,LPPigeon
1326,42,JHGFauteux
1326,46,WJudson
1326,47,RARitchie
1326,48,EMHall
1326,50,LPPigeon
1327,45,RMartland
1327,47,RARitchie
1327,48,EMHall
1327,49,WFSpence
1327,50,LPPigeon
1328,41,JRCartwright
1328,46,WJudson
1328,47,RARitchie
1328,48,EMHall
1328,49,WFSpence
1329,41,JRCartwright
1329,45,RMartland
1329,46,WJudson
1329,47,RARitchie
1329,49,WFSpence
1330,41,JRCartwright
1330,43,DCAbbott
1330,47,RARitchie
1330,48,EMHall
1330,50,LPPigeon
1331,41,JRCartwright
1331,45,RMartland
1331,46,WJudson
1331,47,RARitchie
1331,49,WFSpence
1332,41,JRCartwright
1332,42,JHGFauteux
1332,43,DCAbbott
1332,45,RMartland
1332,46,WJudson
1332,47,RARitchie
1332,48,EMHall
1332,49,WFSpence
1332,50,LPPigeon
1333,41,JRCartwright
1333,45,RMartland
1333,46,WJudson
1333,47,RARitchie
1333,48,EMHall
1334,42,JHGFauteux
1334,43,DCAbbott
1334,45,RMartland
1334,47,RARitchie
1334,48,EMHall
1335,42,JHGFauteux
1335,46,WJudson
1335,47,RARitchie
1335,49,WFSpence
1335,50,LPPigeon
1336,41,JRCartwright
1336,45,RMartland
1336,47,RARitchie
1336,48,EMHall
1336,50,LPPigeon
1337,45,RMartland
1337,46,WJudson
1337,47,RARitchie
1337,48,EMHall
1337,49,WFSpence
1338,42,JHGFauteux
1338,43,DCAbbott
1338,46,WJudson
1338,47,RARitchie
1338,50,LPPigeon
1339,41,JRCartwright
1339,45,RMartland
1339,46,WJudson
1339,48,EMHall
1339,49,WFSpence
1340,41,JRCartwright
1340,43,DCAbbott
1340,46,WJudson
1340,48,EMHall
1340,49,WFSpence
1341,41,JRCartwright
1341,42,JHGFauteux
1341,43,DCAbbott
1341,45,RMartland
1341,46,WJudson
1341,47,RARitchie
1341,48,EMHall
1341,49,WFSpence
1341,50,LPPigeon
1342,41,JRCartwright
1342,45,RMartland
1342,46,WJudson
1342,47,RARitchie
1342,49,WFSpence
1343,41,JRCartwright
1343,45,RMartland
1343,47,RARitchie
1343,48,EMHall
1343,49,WFSpence
1344,41,JRCartwright
1344,47,RARitchie
1344,48,EMHall
1344,49,WFSpence
1344,50,LPPigeon
1345,41,JRCartwright
1345,42,JHGFauteux
1345,48,EMHall
1345,49,WFSpence
1345,50,LPPigeon
1346,41,JRCartwright
1346,45,RMartland
1346,47,RARitchie
1346,48,EMHall
1346,49,WFSpence
1347,41,JRCartwright
1347,45,RMartland
1347,46,WJudson
1347,47,RARitchie
1347,48,EMHall
1347,49,WFSpence
1347,50,LPPigeon
1348,41,JRCartwright
1348,43,DCAbbott
1348,47,RARitchie
1348,48,EMHall
1348,49,WFSpence
1349,41,JRCartwright
1349,42,JHGFauteux
1349,43,DCAbbott
1349,45,RMartland
1349,46,WJudson
1349,47,RARitchie
1349,48,EMHall
1349,49,WFSpence
1349,50,LPPigeon
1350,41,JRCartwright
1350,45,RMartland
1350,46,WJudson
1350,47,RARitchie
1350,49,WFSpence
1351,45,RMartland
1351,46,WJudson
1351,47,RARitchie
1351,48,EMHall
1351,49,WFSpence
1352,45,RMartland
1352,46,WJudson
1352,47,RARitchie
1352,48,EMHall
1352,49,WFSpence
1353,41,JRCartwright
1353,42,JHGFauteux
1353,43,DCAbbott
1353,45,RMartland
1353,46,WJudson
1353,47,RARitchie
1353,48,EMHall
1353,49,WFSpence
1353,50,LPPigeon
1354,41,JRCartwright
1354,45,RMartland
1354,46,WJudson
1354,48,EMHall
1354,49,WFSpence
1355,46,WJudson
1355,47,RARitchie
1355,48,EMHall
1355,49,WFSpence
1355,50,LPPigeon
1356,41,JRCartwright
1356,42,JHGFauteux
1356,43,DCAbbott
1356,45,RMartland
1356,46,WJudson
1356,47,RARitchie
1356,48,EMHall
1356,49,WFSpence
1356,50,LPPigeon
1357,45,RMartland
1357,46,WJudson
1357,48,EMHall
1357,49,WFSpence
1357,50,LPPigeon
1358,42,JHGFauteux
1358,45,RMartland
1358,46,WJudson
1358,47,RARitchie
1358,48,EMHall
1358,49,WFSpence
1358,50,LPPigeon
1359,42,JHGFauteux
1359,43,DCAbbott
1359,45,RMartland
1359,46,WJudson
1359,47,RARitchie
1359,48,EMHall
1359,50,LPPigeon
1360,45,RMartland
1360,46,WJudson
1360,47,RARitchie
1360,48,EMHall
1360,50,LPPigeon
1361,42,JHGFauteux
1361,43,DCAbbott
1361,46,WJudson
1361,49,WFSpence
1361,50,LPPigeon
1362,42,JHGFauteux
1362,43,DCAbbott
1362,47,RARitchie
1362,49,WFSpence
1362,50,LPPigeon
1363,46,WJudson
1363,47,RARitchie
1363,48,EMHall
1363,49,WFSpence
1363,50,LPPigeon
1364,43,DCAbbott
1364,45,RMartland
1364,46,WJudson
1364,47,RARitchie
1364,50,LPPigeon
1365,41,JRCartwright
1365,45,RMartland
1365,48,EMHall
1365,49,WFSpence
1365,50,LPPigeon
1366,42,JHGFauteux
1366,43,DCAbbott
1366,47,RARitchie
1366,49,WFSpence
1366,50,LPPigeon
1367,41,JRCartwright
1367,42,JHGFauteux
1367,43,DCAbbott
1367,45,RMartland
1367,46,WJudson
1367,47,RARitchie
1367,48,EMHall
1367,49,WFSpence
1367,50,LPPigeon
1368,45,RMartland
1368,46,WJudson
1368,47,RARitchie
1368,48,EMHall
1368,50,LPPigeon
1369,41,JRCartwright
1369,45,RMartland
1369,46,WJudson
1369,49,WFSpence
1369,50,LPPigeon
1370,42,JHGFauteux
1370,43,DCAbbott
1370,46,WJudson
1370,48,EMHall
1370,50,LPPigeon
1371,42,JHGFauteux
1371,43,DCAbbott
1371,50,LPPigeon
1372,42,JHGFauteux
1372,43,DCAbbott
1372,50,LPPigeon
1373,41,JRCartwright
1373,43,DCAbbott
1373,48,EMHall
1373,49,WFSpence
1373,50,LPPigeon
1374,41,JRCartwright
1374,43,DCAbbott
1374,47,RARitchie
1374,48,EMHall
1374,49,WFSpence
1375,45,RMartland
1375,46,WJudson
1375,47,RARitchie
1375,48,EMHall
1375,49,WFSpence
1376,41,JRCartwright
1376,42,JHGFauteux
1376,43,DCAbbott
1376,45,RMartland
1376,46,WJudson
1376,47,RARitchie
1376,48,EMHall
1376,49,WFSpence
1376,50,LPPigeon
1377,41,JRCartwright
1377,42,JHGFauteux
1377,43,DCAbbott
1377,45,RMartland
1377,46,WJudson
1377,47,RARitchie
1377,48,EMHall
1377,49,WFSpence
1377,50,LPPigeon
1378,41,JRCartwright
1378,42,JHGFauteux
1378,43,DCAbbott
1378,45,RMartland
1378,46,WJudson
1378,47,RARitchie
1378,48,EMHall
1378,49,WFSpence
1378,50,LPPigeon
1379,42,JHGFauteux
1379,43,DCAbbott
1379,45,RMartland
1379,47,RARitchie
1379,49,WFSpence
1380,41,JRCartwright
1380,42,JHGFauteux
1380,43,DCAbbott
1380,45,RMartland
1380,46,WJudson
1380,47,RARitchie
1380,48,EMHall
1380,49,WFSpence
1380,50,LPPigeon
1381,45,RMartland
1381,46,WJudson
1381,47,RARitchie
1381,48,EMHall
1381,49,WFSpence
1382,41,JRCartwright
1382,45,RMartland
1382,47,RARitchie
1382,48,EMHall
1382,49,WFSpence
1383,41,JRCartwright
1383,45,RMartland
1383,46,WJudson
1383,47,RARitchie
1383,49,WFSpence
1384,41,JRCartwright
1384,42,JHGFauteux
1384,45,RMartland
1384,48,EMHall
1384,49,WFSpence
1385,41,JRCartwright
1385,45,RMartland
1385,46,WJudson
1385,47,RARitchie
1385,49,WFSpence
1386,42,JHGFauteux
1386,43,DCAbbott
1386,45,RMartland
1386,47,RARitchie
1386,48,EMHall
1386,49,WFSpence
1386,50,LPPigeon
1387,41,JRCartwright
1387,42,JHGFauteux
1387,43,DCAbbott
1387,45,RMartland
1387,46,WJudson
1387,47,RARitchie
1387,48,EMHall
1387,49,WFSpence
1387,50,LPPigeon
1388,41,JRCartwright
1388,43,DCAbbott
1388,48,EMHall
1388,49,WFSpence
1388,50,LPPigeon
1389,42,JHGFauteux
1389,43,DCAbbott
1389,45,RMartland
1389,46,WJudson
1389,48,EMHall
1390,43,DCAbbott
1390,45,RMartland
1390,46,WJudson
1390,47,RARitchie
1390,48,EMHall
1390,49,WFSpence
1390,50,LPPigeon
1391,42,JHGFauteux
1391,43,DCAbbott
1391,45,RMartland
1391,48,EMHall
1391,50,LPPigeon
1392,42,JHGFauteux
1392,43,DCAbbott
1392,45,RMartland
1392,47,RARitchie
1392,48,EMHall
1393,43,DCAbbott
1393,45,RMartland
1393,47,RARitchie
1393,48,EMHall
1393,50,LPPigeon
1394,41,JRCartwright
1394,45,RMartland
1394,47,RARitchie
1394,49,WFSpence
1394,50,LPPigeon
1395,42,JHGFauteux
1395,43,DCAbbott
1395,47,RARitchie
1395,48,EMHall
1395,50,LPPigeon
1396,41,JRCartwright
1396,46,WJudson
1396,47,RARitchie
1396,48,EMHall
1396,49,WFSpence
1397,41,JRCartwright
1397,43,DCAbbott
1397,47,RARitchie
1397,48,EMHall
1397,49,WFSpence
1398,41,JRCartwright
1398,43,DCAbbott
1398,45,RMartland
1398,47,RARitchie
1398,50,LPPigeon
1399,42,JHGFauteux
1399,43,DCAbbott
1399,47,RARitchie
1399,48,EMHall
1399,50,LPPigeon
1400,42,JHGFauteux
1400,43,DCAbbott
1400,47,RARitchie
1400,48,EMHall
1400,50,LPPigeon
1401,41,JRCartwright
1401,45,RMartland
1401,47,RARitchie
1401,48,EMHall
1401,49,WFSpence
1402,41,JRCartwright
1402,45,RMartland
1402,48,EMHall
1402,49,WFSpence
1402,50,LPPigeon
1403,43,DCAbbott
1403,46,WJudson
1403,47,RARitchie
1403,48,EMHall
1403,49,WFSpence
1404,42,JHGFauteux
1404,45,RMartland
1404,46,WJudson
1404,47,RARitchie
1404,48,EMHall
1405,41,JRCartwright
1405,42,JHGFauteux
1405,43,DCAbbott
1405,45,RMartland
1405,46,WJudson
1405,47,RARitchie
1405,48,EMHall
1405,49,WFSpence
1405,50,LPPigeon
1406,41,JRCartwright
1406,43,DCAbbott
1406,47,RARitchie
1406,48,EMHall
1406,49,WFSpence
1407,41,JRCartwright
1407,45,RMartland
1407,47,RARitchie
1407,48,EMHall
1407,49,WFSpence
1408,42,JHGFauteux
1408,43,DCAbbott
1408,47,RARitchie
1408,48,EMHall
1408,50,LPPigeon
1409,41,JRCartwright
1409,45,RMartland
1409,48,EMHall
1409,49,WFSpence
1409,50,LPPigeon
1410,42,JHGFauteux
1410,45,RMartland
1410,46,WJudson
1410,47,RARitchie
1410,49,WFSpence
1411,42,JHGFauteux
1411,43,DCAbbott
1411,45,RMartland
1411,46,WJudson
1411,47,RARitchie
1411,49,WFSpence
1411,50,LPPigeon
1412,41,JRCartwright
1412,42,JHGFauteux
1412,43,DCAbbott
1412,45,RMartland
1412,46,WJudson
1412,47,RARitchie
1412,48,EMHall
1412,49,WFSpence
1412,50,LPPigeon
1413,41,JRCartwright
1413,45,RMartland
1413,46,WJudson
1413,47,RARitchie
1413,49,WFSpence
1414,41,JRCartwright
1414,45,RMartland
1414,47,RARitchie
1414,48,EMHall
1414,49,WFSpence
1415,45,RMartland
1415,46,WJudson
1415,48,EMHall
1415,49,WFSpence
1415,50,LPPigeon
1416,43,DCAbbott
1416,46,WJudson
1416,47,RARitchie
1416,48,EMHall
1416,49,WFSpence
1417,41,JRCartwright
1417,42,JHGFauteux
1417,43,DCAbbott
1417,45,RMartland
1417,46,WJudson
1417,47,RARitchie
1417,48,EMHall
1417,49,WFSpence
1417,50,LPPigeon
1418,41,JRCartwright
1418,42,JHGFauteux
1418,43,DCAbbott
1418,45,RMartland
1418,46,WJudson
1418,47,RARitchie
1418,48,EMHall
1418,49,WFSpence
1418,50,LPPigeon
1419,41,JRCartwright
1419,43,DCAbbott
1419,48,EMHall
1419,49,WFSpence
1419,50,LPPigeon
1420,41,JRCartwright
1420,42,JHGFauteux
1420,43,DCAbbott
1420,45,RMartland
1420,46,WJudson
1420,47,RARitchie
1420,48,EMHall
1420,49,WFSpence
1420,50,LPPigeon
1421,41,JRCartwright
1421,42,JHGFauteux
1421,43,DCAbbott
1421,45,RMartland
1421,46,WJudson
1421,47,RARitchie
1421,48,EMHall
1421,49,WFSpence
1421,50,LPPigeon
1422,41,JRCartwright
1422,42,JHGFauteux
1422,43,DCAbbott
1422,45,RMartland
1422,46,WJudson
1422,47,RARitchie
1422,48,EMHall
1422,49,WFSpence
1422,50,LPPigeon
1423,42,JHGFauteux
1423,43,DCAbbott
1423,45,RMartland
1423,47,RARitchie
1423,48,EMHall
1423,49,WFSpence
1423,50,LPPigeon
1424,41,JRCartwright
1424,43,DCAbbott
1424,46,WJudson
1424,47,RARitchie
1424,49,WFSpence
1425,42,JHGFauteux
1425,43,DCAbbott
1425,45,RMartland
1425,46,WJudson
1425,47,RARitchie
1425,49,WFSpence
1425,50,LPPigeon
1426,43,DCAbbott
1426,46,WJudson
1426,48,EMHall
1426,49,WFSpence
1426,50,LPPigeon
1427,41,JRCartwright
1427,47,RARitchie
1427,48,EMHall
1427,49,WFSpence
1427,50,LPPigeon
1428,41,JRCartwright
1428,45,RMartland
1428,47,RARitchie
1428,48,EMHall
1428,49,WFSpence
1429,42,JHGFauteux
1429,43,DCAbbott
1429,45,RMartland
1429,49,WFSpence
1429,50,LPPigeon
1430,43,DCAbbott
1430,45,RMartland
1430,47,RARitchie
1430,48,EMHall
1430,49,WFSpence
1431,45,RMartland
1431,46,WJudson
1431,47,RARitchie
1431,48,EMHall
1431,49,WFSpence
1432,45,RMartland
1432,46,WJudson
1432,47,RARitchie
1432,48,EMHall
1432,49,WFSpence
1433,41,JRCartwright
1433,43,DCAbbott
1433,47,RARitchie
1433,49,WFSpence
1433,50,LPPigeon
1434,41,JRCartwright
1434,43,DCAbbott
1434,45,RMartland
1434,47,RARitchie
1434,49,WFSpence
1435,43,DCAbbott
1435,45,RMartland
1435,46,WJudson
1435,47,RARitchie
1435,50,LPPigeon
1436,45,RMartland
1436,46,WJudson
1436,47,RARitchie
1436,48,EMHall
1436,49,WFSpence
1437,41,JRCartwright
1437,45,RMartland
1437,46,WJudson
1437,47,RARitchie
1437,48,EMHall
1437,49,WFSpence
1437,50,LPPigeon
1438,43,DCAbbott
1438,48,EMHall
1438,49,WFSpence
1438,50,LPPigeon
1438,51,BLaskin
1439,43,DCAbbott
1439,46,WJudson
1439,47,RARitchie
1439,49,WFSpence
1439,50,LPPigeon
1440,42,JHGFauteux
1440,43,DCAbbott
1440,45,RMartland
1440,46,WJudson
1440,47,RARitchie
1440,48,EMHall
1440,49,WFSpence
1440,50,LPPigeon
1440,51,BLaskin
1441,42,JHGFauteux
1441,43,DCAbbott
1441,45,RMartland
1441,46,WJudson
1441,47,RARitchie
1441,48,EMHall
1441,49,WFSpence
1441,50,LPPigeon
1441,51,BLaskin
1442,42,JHGFauteux
1442,43,DCAbbott
1442,45,RMartland
1442,46,WJudson
1442,47,RARitchie
1442,48,EMHall
1442,49,WFSpence
1442,50,LPPigeon
1442,51,BLaskin
1443,41,JRCartwright
1443,42,JHGFauteux
1443,43,DCAbbott
1443,45,RMartland
1443,46,WJudson
1443,47,RARitchie
1443,48,EMHall
1443,49,WFSpence
1443,50,LPPigeon
1444,42,JHGFauteux
1444,45,RMartland
1444,46,WJudson
1444,47,RARitchie
1444,50,LPPigeon
1445,41,JRCartwright
1445,42,JHGFauteux
1445,43,DCAbbott
1445,45,RMartland
1445,46,WJudson
1445,47,RARitchie
1445,48,EMHall
1445,49,WFSpence
1445,50,LPPigeon
1446,41,JRCartwright
1446,46,WJudson
1446,47,RARitchie
1446,48,EMHall
1446,49,WFSpence
1447,41,JRCartwright
1447,42,JHGFauteux
1447,43,DCAbbott
1447,45,RMartland
1447,46,WJudson
1447,47,RARitchie
1447,48,EMHall
1447,49,WFSpence
1447,50,LPPigeon
1448,43,DCAbbott
1448,48,EMHall
1448,49,WFSpence
1448,50,LPPigeon
1448,51,BLaskin
1449,45,RMartland
1449,46,WJudson
1449,47,RARitchie
1449,48,EMHall
1449,49,WFSpence
1450,45,RMartland
1450,46,WJudson
1450,47,RARitchie
1450,50,LPPigeon
1450,51,BLaskin
1451,45,RMartland
1451,46,WJudson
1451,47,RARitchie
1451,48,EMHall
1451,49,WFSpence
1452,42,JHGFauteux
1452,43,DCAbbott
1452,46,WJudson
1452,50,LPPigeon
1452,51,BLaskin
1453,42,JHGFauteux
1453,43,DCAbbott
1453,45,RMartland
1453,47,RARitchie
1453,50,LPPigeon
1454,41,JRCartwright
1454,42,JHGFauteux
1454,43,DCAbbott
1454,45,RMartland
1454,46,WJudson
1454,47,RARitchie
1454,48,EMHall
1454,49,WFSpence
1454,50,LPPigeon
1455,45,RMartland
1455,46,WJudson
1455,47,RARitchie
1455,48,EMHall
1455,49,WFSpence
1456,45,RMartland
1456,47,RARitchie
1456,48,EMHall
1456,49,WFSpence
1456,50,LPPigeon
1457,42,JHGFauteux
1457,43,DCAbbott
1457,49,WFSpence
1457,50,LPPigeon
1457,51,BLaskin
1458,43,DCAbbott
1458,47,RARitchie
1458,48,EMHall
1458,49,WFSpence
1458,50,LPPigeon
1459,42,JHGFauteux
1459,43,DCAbbott
1459,47,RARitchie
1459,49,WFSpence
1459,50,LPPigeon
1460,42,JHGFauteux
1460,43,DCAbbott
1460,45,RMartland
1460,47,RARitchie
1460,50,LPPigeon
1461,45,RMartland
1461,47,RARitchie
1461,49,WFSpence
1461,50,LPPigeon
1461,51,BLaskin
1462,45,RMartland
1462,46,WJudson
1462,48,EMHall
1462,49,WFSpence
1462,50,LPPigeon
1463,42,JHGFauteux
1463,45,RMartland
1463,46,WJudson
1463,47,RARitchie
1463,49,WFSpence
1464,45,RMartland
1464,46,WJudson
1464,48,EMHall
1464,49,WFSpence
1464,51,BLaskin
1465,42,JHGFauteux
1465,45,RMartland
1465,46,WJudson
1465,47,RARitchie
1465,48,EMHall
1465,49,WFSpence
1465,50,LPPigeon
1466,42,JHGFauteux
1466,43,DCAbbott
1466,45,RMartland
1466,46,WJudson
1466,47,RARitchie
1466,48,EMHall
1466,49,WFSpence
1466,50,LPPigeon
1466,51,BLaskin
1467,47,RARitchie
1467,48,EMHall
1467,49,WFSpence
1467,50,LPPigeon
1467,51,BLaskin
1468,42,JHGFauteux
1468,46,WJudson
1468,49,WFSpence
1468,50,LPPigeon
1468,51,BLaskin
1469,43,DCAbbott
1469,47,RARitchie
1469,49,WFSpence
1469,50,LPPigeon
1469,51,BLaskin
1470,42,JHGFauteux
1470,43,DCAbbott
1470,47,RARitchie
1470,48,EMHall
1470,50,LPPigeon
1471,42,JHGFauteux
1471,43,DCAbbott
1471,45,RMartland
1471,48,EMHall
1471,50,LPPigeon
1472,42,JHGFauteux
1472,43,DCAbbott
1472,45,RMartland
1472,46,WJudson
1472,47,RARitchie
1472,48,EMHall
1472,49,WFSpence
1472,50,LPPigeon
1472,51,BLaskin
1473,45,RMartland
1473,46,WJudson
1473,48,EMHall
1473,49,WFSpence
1473,51,BLaskin
1474,45,RMartland
1474,46,WJudson
1474,47,RARitchie
1474,48,EMHall
1474,49,WFSpence
1475,45,RMartland
1475,46,WJudson
1475,47,RARitchie
1475,48,EMHall
1475,51,BLaskin
1476,45,RMartland
1476,46,WJudson
1476,47,RARitchie
1476,48,EMHall
1476,51,BLaskin
1477,42,JHGFauteux
1477,43,DCAbbott
1477,46,WJudson
1477,47,RARitchie
1477,50,LPPigeon
1478,45,RMartland
1478,46,WJudson
1478,47,RARitchie
1478,49,WFSpence
1478,51,BLaskin
1479,42,JHGFauteux
1479,43,DCAbbott
1479,45,RMartland
1479,46,WJudson
1479,47,RARitchie
1479,48,EMHall
1479,49,WFSpence
1479,50,LPPigeon
1479,51,BLaskin
1480,47,RARitchie
1480,48,EMHall
1480,49,WFSpence
1480,50,LPPigeon
1480,51,BLaskin
1481,45,RMartland
1481,46,WJudson
1481,48,EMHall
1481,49,WFSpence
1481,51,BLaskin
1482,45,RMartland
1482,47,RARitchie
1482,49,WFSpence
1482,50,LPPigeon
1482,51,BLaskin
1483,45,RMartland
1483,46,WJudson
1483,48,EMHall
1483,49,WFSpence
1483,51,BLaskin
1484,47,RARitchie
1484,48,EMHall
1484,49,WFSpence
1484,50,LPPigeon
1484,51,BLaskin
1485,45,RMartland
1485,46,WJudson
1485,48,EMHall
1485,49,WFSpence
1485,51,BLaskin
1486,42,JHGFauteux
1486,45,RMartland
1486,46,WJudson
1486,49,WFSpence
1486,51,BLaskin
1487,46,WJudson
1487,47,RARitchie
1487,49,WFSpence
1487,50,LPPigeon
1487,51,BLaskin
1488,42,JHGFauteux
1488,45,RMartland
1488,46,WJudson
1488,49,WFSpence
1488,51,BLaskin
1489,42,JHGFauteux
1489,43,DCAbbott
1489,45,RMartland
1489,46,WJudson
1489,47,RARitchie
1489,48,EMHall
1489,49,WFSpence
1490,42,JHGFauteux
1490,45,RMartland
1490,46,WJudson
1490,47,RARitchie
1490,48,EMHall
1490,49,WFSpence
1490,50,LPPigeon
1491,45,RMartland
1491,46,WJudson
1491,47,RARitchie
1491,48,EMHall
1491,49,WFSpence
1492,45,RMartland
1492,46,WJudson
1492,47,RARitchie
1492,48,EMHall
1492,51,BLaskin
1493,42,JHGFauteux
1493,43,DCAbbott
1493,46,WJudson
1493,50,LPPigeon
1493,51,BLaskin
1494,45,RMartland
1494,46,WJudson
1494,47,RARitchie
1494,49,WFSpence
1494,51,BLaskin
1495,45,RMartland
1495,46,WJudson
1495,47,RARitchie
1495,49,WFSpence
1495,50,LPPigeon
1496,42,JHGFauteux
1496,45,RMartland
1496,46,WJudson
1496,47,RARitchie
1496,51,BLaskin
1497,45,RMartland
1497,46,WJudson
1497,48,EMHall
1497,49,WFSpence
1497,51,BLaskin
1498,43,DCAbbott
1498,48,EMHall
1498,49,WFSpence
1498,50,LPPigeon
1498,51,BLaskin
1499,42,JHGFauteux
1499,43,DCAbbott
1499,45,RMartland
1499,46,WJudson
1499,47,RARitchie
1499,48,EMHall
1499,49,WFSpence
1499,50,LPPigeon
1499,51,BLaskin
1500,47,RARitchie
1500,48,EMHall
1500,49,WFSpence
1500,50,LPPigeon
1500,51,BLaskin
1501,42,JHGFauteux
1501,43,DCAbbott
1501,49,WFSpence
1501,50,LPPigeon
1501,51,BLaskin
1502,42,JHGFauteux
1502,43,DCAbbott
1502,45,RMartland
1502,46,WJudson
1502,47,RARitchie
1502,48,EMHall
1502,49,WFSpence
1502,50,LPPigeon
1502,51,BLaskin
1503,43,DCAbbott
1503,48,EMHall
1503,50,LPPigeon
1504,42,JHGFauteux
1504,43,DCAbbott
1504,45,RMartland
1504,46,WJudson
1504,47,RARitchie
1504,48,EMHall
1504,49,WFSpence
1504,50,LPPigeon
1504,51,BLaskin
1505,42,JHGFauteux
1505,43,DCAbbott
1505,45,RMartland
1505,46,WJudson
1505,47,RARitchie
1505,48,EMHall
1505,49,WFSpence
1505,50,LPPigeon
1505,51,BLaskin
1506,46,WJudson
1506,47,RARitchie
1506,48,EMHall
1506,49,WFSpence
1506,51,BLaskin
1507,47,RARitchie
1507,48,EMHall
1507,49,WFSpence
1507,50,LPPigeon
1507,51,BLaskin
1508,45,RMartland
1508,47,RARitchie
1508,48,EMHall
1508,50,LPPigeon
1508,51,BLaskin
1509,45,RMartland
1509,46,WJudson
1509,47,RARitchie
1509,49,WFSpence
1509,51,BLaskin
1510,42,JHGFauteux
1510,43,DCAbbott
1510,45,RMartland
1510,46,WJudson
1510,50,LPPigeon
1511,43,DCAbbott
1511,46,WJudson
1511,48,EMHall
1511,49,WFSpence
1511,51,BLaskin
1512,45,RMartland
1512,46,WJudson
1512,47,RARitchie
1512,48,EMHall
1512,49,WFSpence
1513,45,RMartland
1513,46,WJudson
1513,47,RARitchie
1513,48,EMHall
1513,49,WFSpence
1514,43,DCAbbott
1514,45,RMartland
1514,46,WJudson
1514,47,RARitchie
1514,49,WFSpence
1515,42,JHGFauteux
1515,43,DCAbbott
1515,47,RARitchie
1515,48,EMHall
1515,50,LPPigeon
1516,42,JHGFauteux
1516,43,DCAbbott
1516,49,WFSpence
1516,50,LPPigeon
1516,51,BLaskin
1517,43,DCAbbott
1517,45,RMartland
1517,46,WJudson
1517,48,EMHall
1517,51,BLaskin
1518,45,RMartland
1518,46,WJudson
1518,48,EMHall
1518,49,WFSpence
1518,51,BLaskin
1519,45,RMartland
1519,47,RARitchie
1519,48,EMHall
1519,49,WFSpence
1519,50,LPPigeon
1520,47,RARitchie
1520,48,EMHall
1520,49,WFSpence
1520,50,LPPigeon
1520,51,BLaskin
1521,45,RMartland
1521,46,WJudson
1521,47,RARitchie
1521,48,EMHall
1521,49,WFSpence
1522,42,JHGFauteux
1522,43,DCAbbott
1522,47,RARitchie
1522,48,EMHall
1522,50,LPPigeon
1523,45,RMartland
1523,46,WJudson
1523,48,EMHall
1523,49,WFSpence
1523,51,BLaskin
1524,45,RMartland
1524,46,WJudson
1524,47,RARitchie
1524,48,EMHall
1524,49,WFSpence
1525,42,JHGFauteux
1525,43,DCAbbott
1525,45,RMartland
1525,46,WJudson
1525,50,LPPigeon
1526,42,JHGFauteux
1526,43,DCAbbott
1526,45,RMartland
1526,46,WJudson
1526,50,LPPigeon
1527,45,RMartland
1527,47,RARitchie
1527,48,EMHall
1527,49,WFSpence
1527,51,BLaskin
1528,42,JHGFauteux
1528,43,DCAbbott
1528,45,RMartland
1528,47,RARitchie
1528,50,LPPigeon
1529,42,JHGFauteux
1529,43,DCAbbott
1529,46,WJudson
1529,47,RARitchie
1529,50,LPPigeon
1530,43,DCAbbott
1530,45,RMartland
1530,46,WJudson
1530,47,RARitchie
1530,48,EMHall
1530,49,WFSpence
1530,50,LPPigeon
1531,46,WJudson
1531,47,RARitchie
1531,48,EMHall
1531,49,WFSpence
1531,51,BLaskin
1532,42,JHGFauteux
1532,43,DCAbbott
1532,45,RMartland
1532,46,WJudson
1532,47,RARitchie
1532,48,EMHall
1532,49,WFSpence
1532,50,LPPigeon
1532,51,BLaskin
1533,43,DCAbbott
1533,45,RMartland
1533,46,WJudson
1533,47,RARitchie
1533,50,LPPigeon
1534,42,JHGFauteux
1534,43,DCAbbott
1534,45,RMartland
1534,48,EMHall
1534,50,LPPigeon
1535,42,JHGFauteux
1535,43,DCAbbott
1535,45,RMartland
1535,46,WJudson
1535,50,LPPigeon
1536,46,WJudson
1536,47,RARitchie
1536,48,EMHall
1536,49,WFSpence
1536,51,BLaskin
1537,42,JHGFauteux
1537,43,DCAbbott
1537,46,WJudson
1537,48,EMHall
1537,50,LPPigeon
1538,42,JHGFauteux
1538,43,DCAbbott
1538,45,RMartland
1538,47,RARitchie
1538,48,EMHall
1539,42,JHGFauteux
1539,43,DCAbbott
1539,45,RMartland
1539,46,WJudson
1539,47,RARitchie
1539,48,EMHall
1539,49,WFSpence
1539,50,LPPigeon
1539,51,BLaskin
1540,45,RMartland
1540,46,WJudson
1540,47,RARitchie
1540,48,EMHall
1540,51,BLaskin
1541,43,DCAbbott
1541,46,WJudson
1541,47,RARitchie
1541,50,LPPigeon
1541,51,BLaskin
1542,45,RMartland
1542,46,WJudson
1542,47,RARitchie
1542,48,EMHall
1542,51,BLaskin
1543,42,JHGFauteux
1543,43,DCAbbott
1543,48,EMHall
1543,49,WFSpence
1543,50,LPPigeon
1544,42,JHGFauteux
1544,43,DCAbbott
1544,45,RMartland
1544,48,EMHall
1544,50,LPPigeon
1545,46,WJudson
1545,47,RARitchie
1545,48,EMHall
1545,49,WFSpence
1545,51,BLaskin
1546,46,WJudson
1546,47,RARitchie
1546,48,EMHall
1546,49,WFSpence
1546,50,LPPigeon
1547,45,RMartland
1547,46,WJudson
1547,47,RARitchie
1547,48,EMHall
1547,50,LPPigeon
1548,46,WJudson
1548,47,RARitchie
1548,48,EMHall
1548,49,WFSpence
1548,51,BLaskin
1549,42,JHGFauteux
1549,43,DCAbbott
1549,45,RMartland
1549,46,WJudson
1549,47,RARitchie
1549,48,EMHall
1549,49,WFSpence
1550,42,JHGFauteux
1550,43,DCAbbott
1550,45,RMartland
1550,46,WJudson
1550,47,RARitchie
1550,48,EMHall
1550,49,WFSpence
1550,50,LPPigeon
1550,51,BLaskin
1551,42,JHGFauteux
1551,43,DCAbbott
1551,45,RMartland
1551,46,WJudson
1551,47,RARitchie
1551,48,EMHall
1551,49,WFSpence
1551,50,LPPigeon
1551,51,BLaskin
1552,46,WJudson
1552,47,RARitchie
1552,48,EMHall
1552,49,WFSpence
1552,51,BLaskin
1553,45,RMartland
1553,47,RARitchie
1553,48,EMHall
1553,49,WFSpence
1553,51,BLaskin
1554,47,RARitchie
1554,48,EMHall
1554,49,WFSpence
1554,50,LPPigeon
1554,51,BLaskin
1555,42,JHGFauteux
1555,43,DCAbbott
1555,47,RARitchie
1555,48,EMHall
1555,50,LPPigeon
1556,45,RMartland
1556,46,WJudson
1556,47,RARitchie
1556,48,EMHall
1556,49,WFSpence
1557,45,RMartland
1557,47,RARitchie
1557,48,EMHall
1557,49,WFSpence
1557,51,BLaskin
1558,46,WJudson
1558,47,RARitchie
1558,48,EMHall
1558,49,WFSpence
1558,50,LPPigeon
1559,45,RMartland
1559,46,WJudson
1559,48,EMHall
1559,49,WFSpence
1559,51,BLaskin
1560,43,DCAbbott
1560,48,EMHall
1560,49,WFSpence
1560,50,LPPigeon
1560,51,BLaskin
1561,46,WJudson
1561,48,EMHall
1561,49,WFSpence
1561,50,LPPigeon
1561,51,BLaskin
1562,46,WJudson
1562,47,RARitchie
1562,48,EMHall
1562,49,WFSpence
1562,50,LPPigeon
1563,45,RMartland
1563,46,WJudson
1563,47,RARitchie
1563,49,WFSpence
1563,50,LPPigeon
1564,42,JHGFauteux
1564,46,WJudson
1564,47,RARitchie
1564,48,EMHall
1564,49,WFSpence
1565,42,JHGFauteux
1565,43,DCAbbott
1565,45,RMartland
1565,48,EMHall
1565,50,LPPigeon
1566,42,JHGFauteux
1566,43,DCAbbott
1566,45,RMartland
1566,46,WJudson
1566,47,RARitchie
1566,48,EMHall
1566,49,WFSpence
1566,50,LPPigeon
1566,51,BLaskin
1567,43,DCAbbott
1567,45,RMartland
1567,47,RARitchie
1567,48,EMHall
1567,49,WFSpence
1568,43,DCAbbott
1568,45,RMartland
1568,46,WJudson
1568,49,WFSpence
1568,51,BLaskin
1569,43,DCAbbott
1569,45,RMartland
1569,46,WJudson
1569,49,WFSpence
1569,51,BLaskin
1570,47,RARitchie
1570,48,EMHall
1570,49,WFSpence
1570,50,LPPigeon
1570,51,BLaskin
1571,45,RMartland
1571,46,WJudson
1571,47,RARitchie
1571,48,EMHall
1571,49,WFSpence
1571,50,LPPigeon
1571,51,BLaskin
1572,43,DCAbbott
1572,46,WJudson
1572,49,WFSpence
1572,50,LPPigeon
1572,51,BLaskin
1573,45,RMartland
1573,46,WJudson
1573,48,EMHall
1573,49,WFSpence
1573,51,BLaskin
1574,43,DCAbbott
1574,45,RMartland
1574,46,WJudson
1574,50,LPPigeon
1574,51,BLaskin
1575,42,JHGFauteux
1575,43,DCAbbott
1575,45,RMartland
1575,46,WJudson
1575,47,RARitchie
1575,49,WFSpence
1575,50,LPPigeon
1576,42,JHGFauteux
1576,43,DCAbbott
1576,47,RARitchie
1576,48,EMHall
1576,50,LPPigeon
1577,46,WJudson
1577,47,RARitchie
1577,48,EMHall
1577,49,WFSpence
1577,50,LPPigeon
1578,46,WJudson
1578,47,RARitchie
1578,48,EMHall
1578,49,WFSpence
1578,50,LPPigeon
1579,42,JHGFauteux
1579,43,DCAbbott
1579,46,WJudson
1579,48,EMHall
1579,49,WFSpence
1580,43,DCAbbott
1580,48,EMHall
1580,49,WFSpence
1580,50,LPPigeon
1580,51,BLaskin
1581,42,JHGFauteux
1581,43,DCAbbott
1581,45,RMartland
1581,48,EMHall
1581,50,LPPigeon
1582,45,RMartland
1582,46,WJudson
1582,48,EMHall
1582,49,WFSpence
1582,51,BLaskin
1583,42,JHGFauteux
1583,43,DCAbbott
1583,45,RMartland
1583,48,EMHall
1583,50,LPPigeon
1584,42,JHGFauteux
1584,43,DCAbbott
1584,46,WJudson
1584,48,EMHall
1584,50,LPPigeon
1585,46,WJudson
1585,48,EMHall
1585,49,WFSpence
1585,50,LPPigeon
1585,51,BLaskin
1586,43,DCAbbott
1586,46,WJudson
1586,48,EMHall
1586,50,LPPigeon
1586,51,BLaskin
1587,43,DCAbbott
1587,46,WJudson
1587,47,RARitchie
1587,48,EMHall
1587,49,WFSpence
1587,50,LPPigeon
1587,51,BLaskin
1588,45,RMartland
1588,46,WJudson
1588,47,RARitchie
1588,48,EMHall
1588,49,WFSpence
1588,50,LPPigeon
1588,51,BLaskin
1589,43,DCAbbott
1589,45,RMartland
1589,48,EMHall
1589,50,LPPigeon
1589,51,BLaskin
1590,43,DCAbbott
1590,45,RMartland
1590,47,RARitchie
1590,48,EMHall
1590,50,LPPigeon
1591,42,JHGFauteux
1591,43,DCAbbott
1591,47,RARitchie
1591,49,WFSpence
1591,50,LPPigeon
1592,45,RMartland
1592,46,WJudson
1592,47,RARitchie
1592,49,WFSpence
1592,50,LPPigeon
1593,43,DCAbbott
1593,45,RMartland
1593,49,WFSpence
1593,50,LPPigeon
1593,51,BLaskin
1594,45,RMartland
1594,46,WJudson
1594,47,RARitchie
1594,48,EMHall
1594,51,BLaskin
1595,46,WJudson
1595,47,RARitchie
1595,48,EMHall
1595,50,LPPigeon
1595,51,BLaskin
1596,47,RARitchie
1596,48,EMHall
1596,49,WFSpence
1596,50,LPPigeon
1596,51,BLaskin
1597,45,RMartland
1597,46,WJudson
1597,49,WFSpence
1597,50,LPPigeon
1597,51,BLaskin
1598,47,RARitchie
1598,48,EMHall
1598,49,WFSpence
1598,50,LPPigeon
1598,51,BLaskin
1599,43,DCAbbott
1599,45,RMartland
1599,47,RARitchie
1599,50,LPPigeon
1599,51,BLaskin
1600,45,RMartland
1600,46,WJudson
1600,47,RARitchie
1600,49,WFSpence
1600,51,BLaskin
1601,43,DCAbbott
1601,45,RMartland
1601,46,WJudson
1601,50,LPPigeon
1601,51,BLaskin
1602,43,DCAbbott
1602,45,RMartland
1602,47,RARitchie
1602,49,WFSpence
1602,51,BLaskin
1603,45,RMartland
1603,47,RARitchie
1603,48,EMHall
1603,49,WFSpence
1603,51,BLaskin
1604,43,DCAbbott
1604,46,WJudson
1604,47,RARitchie
1604,48,EMHall
1604,49,WFSpence
1605,46,WJudson
1605,47,RARitchie
1605,48,EMHall
1605,49,WFSpence
1605,51,BLaskin
1606,43,DCAbbott
1606,46,WJudson
1606,47,RARitchie
1606,50,LPPigeon
1606,51,BLaskin
1607,45,RMartland
1607,47,RARitchie
1607,48,EMHall
1607,49,WFSpence
1607,51,BLaskin
1608,45,RMartland
1608,46,WJudson
1608,47,RARitchie
1608,49,WFSpence
1608,50,LPPigeon
1609,42,JHGFauteux
1609,43,DCAbbott
1609,47,RARitchie
1609,48,EMHall
1609,50,LPPigeon
1610,42,JHGFauteux
1610,45,RMartland
1610,46,WJudson
1610,47,RARitchie
1610,48,EMHall
1610,49,WFSpence
1610,50,LPPigeon
1611,45,RMartland
1611,46,WJudson
1611,47,RARitchie
1611,48,EMHall
1611,49,WFSpence
1611,50,LPPigeon
1611,51,BLaskin
1612,45,RMartland
1612,46,WJudson
1612,47,RARitchie
1612,48,EMHall
1612,49,WFSpence
1612,50,LPPigeon
1612,51,BLaskin
1613,42,JHGFauteux
1613,43,DCAbbott
1613,45,RMartland
1613,46,WJudson
1613,47,RARitchie
1613,48,EMHall
1613,49,WFSpence
1613,50,LPPigeon
1613,51,BLaskin
1614,42,JHGFauteux
1614,43,DCAbbott
1614,45,RMartland
1614,46,WJudson
1614,47,RARitchie
1614,48,EMHall
1614,49,WFSpence
1614,50,LPPigeon
1614,51,BLaskin
1615,42,JHGFauteux
1615,43,DCAbbott
1615,45,RMartland
1615,46,WJudson
1615,47,RARitchie
1615,48,EMHall
1615,49,WFSpence
1615,50,LPPigeon
1615,51,BLaskin
1616,42,JHGFauteux
1616,43,DCAbbott
1616,45,RMartland
1616,46,WJudson
1616,47,RARitchie
1616,48,EMHall
1616,49,WFSpence
1616,50,LPPigeon
1616,51,BLaskin
1617,42,JHGFauteux
1617,43,DCAbbott
1617,46,WJudson
1617,50,LPPigeon
1617,51,BLaskin
1618,45,RMartland
1618,46,WJudson
1618,47,RARitchie
1618,49,WFSpence
1618,51,BLaskin
1619,43,DCAbbott
1619,46,WJudson
1619,49,WFSpence
1619,50,LPPigeon
1619,51,BLaskin
1620,42,JHGFauteux
1620,43,DCAbbott
1620,46,WJudson
1620,48,EMHall
1620,49,WFSpence
1621,42,JHGFauteux
1621,43,DCAbbott
1621,46,WJudson
1621,49,WFSpence
1621,50,LPPigeon
1622,46,WJudson
1622,47,RARitchie
1622,48,EMHall
1622,49,WFSpence
1622,51,BLaskin
1623,43,DCAbbott
1623,45,RMartland
1623,47,RARitchie
1623,50,LPPigeon
1623,51,BLaskin
1624,42,JHGFauteux
1624,45,RMartland
1624,46,WJudson
1624,48,EMHall
1624,49,WFSpence
1625,47,RARitchie
1625,48,EMHall
1625,49,WFSpence
1625,50,LPPigeon
1625,51,BLaskin
1626,43,DCAbbott
1626,46,WJudson
1626,47,RARitchie
1626,49,WFSpence
1626,50,LPPigeon
1627,42,JHGFauteux
1627,43,DCAbbott
1627,45,RMartland
1627,46,WJudson
1627,47,RARitchie
1627,48,EMHall
1627,49,WFSpence
1627,50,LPPigeon
1627,51,BLaskin
1628,45,RMartland
1628,46,WJudson
1628,47,RARitchie
1628,49,WFSpence
1628,51,BLaskin
1629,42,JHGFauteux
1629,43,DCAbbott
1629,45,RMartland
1629,46,WJudson
1629,47,RARitchie
1629,48,EMHall
1629,51,BLaskin
1630,45,RMartland
1630,47,RARitchie
1630,48,EMHall
1630,49,WFSpence
1630,51,BLaskin
1631,45,RMartland
1631,46,WJudson
1631,47,RARitchie
1631,48,EMHall
1631,49,WFSpence
1632,43,DCAbbott
1632,45,RMartland
1632,46,WJudson
1632,47,RARitchie
1632,51,BLaskin
1633,42,JHGFauteux
1633,43,DCAbbott
1633,45,RMartland
1633,46,WJudson
1633,47,RARitchie
1633,48,EMHall
1633,49,WFSpence
1633,50,LPPigeon
1633,51,BLaskin
1634,42,JHGFauteux
1634,43,DCAbbott
1634,45,RMartland
1634,46,WJudson
1634,47,RARitchie
1634,48,EMHall
1634,49,WFSpence
1634,50,LPPigeon
1634,51,BLaskin
1635,42,JHGFauteux
1635,43,DCAbbott
1635,47,RARitchie
1635,48,EMHall
1635,50,LPPigeon
1636,45,RMartland
1636,46,WJudson
1636,47,RARitchie
1636,48,EMHall
1636,49,WFSpence
1637,45,RMartland
1637,46,WJudson
1637,47,RARitchie
1637,50,LPPigeon
1637,51,BLaskin
1638,46,WJudson
1638,47,RARitchie
1638,48,EMHall
1638,49,WFSpence
1638,51,BLaskin
1639,46,WJudson
1639,47,RARitchie
1639,48,EMHall
1639,50,LPPigeon
1639,51,BLaskin
1640,43,DCAbbott
1640,46,WJudson
1640,47,RARitchie
1640,50,LPPigeon
1640,51,BLaskin
1641,45,RMartland
1641,46,WJudson
1641,47,RARitchie
1641,49,WFSpence
1641,50,LPPigeon
1642,46,WJudson
1642,47,RARitchie
1642,48,EMHall
1642,49,WFSpence
1642,51,BLaskin
1643,45,RMartland
1643,46,WJudson
1643,47,RARitchie
1643,49,WFSpence
1643,51,BLaskin
1644,43,DCAbbott
1644,46,WJudson
1644,48,EMHall
1644,49,WFSpence
1644,50,LPPigeon
1645,43,DCAbbott
1645,45,RMartland
1645,47,RARitchie
1645,50,LPPigeon
1645,51,BLaskin
1646,42,JHGFauteux
1646,43,DCAbbott
1646,45,RMartland
1646,50,LPPigeon
1646,51,BLaskin
1647,42,JHGFauteux
1647,43,DCAbbott
1647,45,RMartland
1647,46,WJudson
1647,48,EMHall
1647,49,WFSpence
1647,50,LPPigeon
1648,42,JHGFauteux
1648,43,DCAbbott
1648,45,RMartland
1648,46,WJudson
1648,47,RARitchie
1648,48,EMHall
1648,49,WFSpence
1648,50,LPPigeon
1648,51,BLaskin
1649,42,JHGFauteux
1649,43,DCAbbott
1649,45,RMartland
1649,46,WJudson
1649,47,RARitchie
1649,48,EMHall
1649,49,WFSpence
1649,50,LPPigeon
1649,51,BLaskin
1650,42,JHGFauteux
1650,43,DCAbbott
1650,45,RMartland
1650,46,WJudson
1650,47,RARitchie
1650,48,EMHall
1650,49,WFSpence
1650,50,LPPigeon
1650,51,BLaskin
1651,46,WJudson
1651,47,RARitchie
1651,48,EMHall
1651,49,WFSpence
1651,51,BLaskin
1652,46,WJudson
1652,47,RARitchie
1652,48,EMHall
1652,49,WFSpence
1652,51,BLaskin
1653,42,JHGFauteux
1653,43,DCAbbott
1653,45,RMartland
1653,46,WJudson
1653,47,RARitchie
1653,49,WFSpence
1653,50,LPPigeon
1654,43,DCAbbott
1654,46,WJudson
1654,47,RARitchie
1654,49,WFSpence
1654,50,LPPigeon
1655,43,DCAbbott
1655,48,EMHall
1655,49,WFSpence
1655,50,LPPigeon
1655,51,BLaskin
1656,42,JHGFauteux
1656,43,DCAbbott
1656,45,RMartland
1656,47,RARitchie
1656,50,LPPigeon
1657,42,JHGFauteux
1657,43,DCAbbott
1657,48,EMHall
1657,49,WFSpence
1657,50,LPPigeon
1658,46,WJudson
1658,48,EMHall
1658,49,WFSpence
1658,50,LPPigeon
1658,51,BLaskin
1659,42,JHGFauteux
1659,43,DCAbbott
1659,45,RMartland
1659,50,LPPigeon
1659,51,BLaskin
1660,43,DCAbbott
1660,47,RARitchie
1660,48,EMHall
1660,50,LPPigeon
1660,51,BLaskin
1661,45,RMartland
1661,46,WJudson
1661,47,RARitchie
1661,48,EMHall
1661,49,WFSpence
1662,45,RMartland
1662,47,RARitchie
1662,48,EMHall
1662,49,WFSpence
1662,50,LPPigeon
1663,45,RMartland
1663,46,WJudson
1663,47,RARitchie
1663,49,WFSpence
1663,50,LPPigeon
1664,42,JHGFauteux
1664,43,DCAbbott
1664,45,RMartland
1664,50,LPPigeon
1664,51,BLaskin
1665,42,JHGFauteux
1665,43,DCAbbott
1665,45,RMartland
1665,46,WJudson
1665,47,RARitchie
1665,49,WFSpence
1665,50,LPPigeon
1666,42,JHGFauteux
1666,43,DCAbbott
1666,46,WJudson
1666,47,RARitchie
1666,50,LPPigeon
1667,42,JHGFauteux
1667,43,DCAbbott
1667,45,RMartland
1667,46,WJudson
1667,47,RARitchie
1667,48,EMHall
1667,49,WFSpence
1667,50,LPPigeon
1667,51,BLaskin
1668,43,DCAbbott
1668,45,RMartland
1668,48,EMHall
1668,49,WFSpence
1668,51,BLaskin
1669,46,WJudson
1669,47,RARitchie
1669,49,WFSpence
1669,50,LPPigeon
1669,51,BLaskin
1670,43,DCAbbott
1670,45,RMartland
1670,47,RARitchie
1670,49,WFSpence
1670,51,BLaskin
1671,42,JHGFauteux
1671,43,DCAbbott
1671,45,RMartland
1671,48,EMHall
1671,50,LPPigeon
1672,42,JHGFauteux
1672,43,DCAbbott
1672,48,EMHall
1672,49,WFSpence
1672,50,LPPigeon
1673,42,JHGFauteux
1673,43,DCAbbott
1673,45,RMartland
1673,46,WJudson
1673,47,RARitchie
1673,48,EMHall
1673,49,WFSpence
1673,50,LPPigeon
1673,51,BLaskin
1674,47,RARitchie
1674,48,EMHall
1674,49,WFSpence
1674,50,LPPigeon
1674,51,BLaskin
1675,45,RMartland
1675,47,RARitchie
1675,48,EMHall
1675,49,WFSpence
1675,51,BLaskin
1676,42,JHGFauteux
1676,43,DCAbbott
1676,45,RMartland
1676,46,WJudson
1676,47,RARitchie
1676,48,EMHall
1676,49,WFSpence
1676,50,LPPigeon
1676,51,BLaskin
1677,45,RMartland
1677,47,RARitchie
1677,48,EMHall
1677,50,LPPigeon
1677,51,BLaskin
1678,43,DCAbbott
1678,45,RMartland
1678,47,RARitchie
1678,48,EMHall
1678,49,WFSpence
1679,47,RARitchie
1679,48,EMHall
1679,49,WFSpence
1679,50,LPPigeon
1679,51,BLaskin
1680,42,JHGFauteux
1680,43,DCAbbott
1680,47,RARitchie
1680,48,EMHall
1680,50,LPPigeon
1681,45,RMartland
1681,46,WJudson
1681,47,RARitchie
1681,48,EMHall
1681,49,WFSpence
1681,50,LPPigeon
1681,51,BLaskin
1682,45,RMartland
1682,47,RARitchie
1682,48,EMHall
1682,49,WFSpence
1682,51,BLaskin
1683,46,WJudson
1683,48,EMHall
1683,49,WFSpence
1683,50,LPPigeon
1683,51,BLaskin
1684,42,JHGFauteux
1684,43,DCAbbott
1684,45,RMartland
1684,46,WJudson
1684,51,BLaskin
1685,45,RMartland
1685,47,RARitchie
1685,48,EMHall
1685,49,WFSpence
1685,51,BLaskin
1686,42,JHGFauteux
1686,43,DCAbbott
1686,46,WJudson
1686,48,EMHall
1686,50,LPPigeon
1687,45,RMartland
1687,46,WJudson
1687,47,RARitchie
1687,48,EMHall
1687,49,WFSpence
1688,42,JHGFauteux
1688,43,DCAbbott
1688,45,RMartland
1688,48,EMHall
1688,50,LPPigeon
1689,42,JHGFauteux
1689,43,DCAbbott
1689,45,RMartland
1689,46,WJudson
1689,47,RARitchie
1689,48,EMHall
1689,49,WFSpence
1689,50,LPPigeon
1689,51,BLaskin
1690,42,JHGFauteux
1690,43,DCAbbott
1690,45,RMartland
1690,46,WJudson
1690,47,RARitchie
1690,48,EMHall
1690,49,WFSpence
1690,50,LPPigeon
1690,51,BLaskin
1691,45,RMartland
1691,46,WJudson
1691,47,RARitchie
1691,48,EMHall
1691,51,BLaskin
1692,42,JHGFauteux
1692,43,DCAbbott
1692,45,RMartland
1692,46,WJudson
1692,47,RARitchie
1692,48,EMHall
1692,49,WFSpence
1692,50,LPPigeon
1692,51,BLaskin
1693,46,WJudson
1693,47,RARitchie
1693,48,EMHall
1693,49,WFSpence
1693,51,BLaskin
1694,46,WJudson
1694,47,RARitchie
1694,48,EMHall
1694,49,WFSpence
1694,51,BLaskin
1695,45,RMartland
1695,46,WJudson
1695,47,RARitchie
1695,49,WFSpence
1695,51,BLaskin
1696,46,WJudson
1696,47,RARitchie
1696,49,WFSpence
1696,50,LPPigeon
1696,51,BLaskin
1697,43,DCAbbott
1697,46,WJudson
1697,47,RARitchie
1697,49,WFSpence
1697,51,BLaskin
1698,45,RMartland
1698,46,WJudson
1698,47,RARitchie
1698,49,WFSpence
1698,51,BLaskin
1699,42,JHGFauteux
1699,43,DCAbbott
1699,45,RMartland
1699,46,WJudson
1699,47,RARitchie
1699,48,EMHall
1699,49,WFSpence
1699,50,LPPigeon
1699,51,BLaskin
1700,42,JHGFauteux
1700,43,DCAbbott
1700,45,RMartland
1700,50,LPPigeon
1700,51,BLaskin
1701,42,JHGFauteux
1701,43,DCAbbott
1701,46,WJudson
1701,50,LPPigeon
1701,51,BLaskin
1702,42,JHGFauteux
1702,43,DCAbbott
1702,47,RARitchie
1702,49,WFSpence
1702,50,LPPigeon
1703,45,RMartland
1703,48,EMHall
1703,49,WFSpence
1703,50,LPPigeon
1703,51,BLaskin
1704,43,DCAbbott
1704,45,RMartland
1704,46,WJudson
1704,47,RARitchie
1704,49,WFSpence
1704,50,LPPigeon
1704,51,BLaskin
1705,42,JHGFauteux
1705,43,DCAbbott
1705,45,RMartland
1705,46,WJudson
1705,47,RARitchie
1705,48,EMHall
1705,49,WFSpence
1705,50,LPPigeon
1705,51,BLaskin
1706,42,JHGFauteux
1706,43,DCAbbott
1706,45,RMartland
1706,46,WJudson
1706,47,RARitchie
1706,49,WFSpence
1706,51,BLaskin
1707,46,WJudson
1707,47,RARitchie
1707,49,WFSpence
1707,50,LPPigeon
1707,51,BLaskin
1708,46,WJudson
1708,47,RARitchie
1708,49,WFSpence
1708,50,LPPigeon
1708,51,BLaskin
1709,46,WJudson
1709,47,RARitchie
1709,49,WFSpence
1709,50,LPPigeon
1709,51,BLaskin
1710,43,DCAbbott
1710,45,RMartland
1710,47,RARitchie
1710,49,WFSpence
1710,50,LPPigeon
1711,45,RMartland
1711,46,WJudson
1711,47,RARitchie
1711,49,WFSpence
1711,50,LPPigeon
1712,43,DCAbbott
1712,45,RMartland
1712,47,RARitchie
1712,49,WFSpence
1712,51,BLaskin
1713,45,RMartland
1713,46,WJudson
1713,47,RARitchie
1713,49,WFSpence
1713,50,LPPigeon
1714,45,RMartland
1714,46,WJudson
1714,47,RARitchie
1714,49,WFSpence
1714,51,BLaskin
1715,46,WJudson
1715,47,RARitchie
1715,49,WFSpence
1715,50,LPPigeon
1715,51,BLaskin
1716,42,JHGFauteux
1716,43,DCAbbott
1716,47,RARitchie
1716,50,LPPigeon
1716,51,BLaskin
1717,45,RMartland
1717,46,WJudson
1717,49,WFSpence
1717,50,LPPigeon
1717,51,BLaskin
1718,42,JHGFauteux
1718,43,DCAbbott
1718,45,RMartland
1718,46,WJudson
1718,47,RARitchie
1718,49,WFSpence
1718,51,BLaskin
1719,42,JHGFauteux
1719,43,DCAbbott
1719,45,RMartland
1719,46,WJudson
1719,47,RARitchie
1719,49,WFSpence
1719,50,LPPigeon
1720,43,DCAbbott
1720,45,RMartland
1720,46,WJudson
1720,47,RARitchie
1720,49,WFSpence
1720,50,LPPigeon
1720,51,BLaskin
1721,42,JHGFauteux
1721,43,DCAbbott
1721,45,RMartland
1721,46,WJudson
1721,47,RARitchie
1721,48,EMHall
1721,49,WFSpence
1721,50,LPPigeon
1721,51,BLaskin
1722,42,JHGFauteux
1722,43,DCAbbott
1722,45,RMartland
1722,46,WJudson
1722,47,RARitchie
1722,48,EMHall
1722,49,WFSpence
1722,50,LPPigeon
1722,51,BLaskin
1723,42,JHGFauteux
1723,43,DCAbbott
1723,50,LPPigeon
1723,51,BLaskin
1723,52,RGBDickson
1724,45,RMartland
1724,46,WJudson
1724,47,RARitchie
1724,49,WFSpence
1724,51,BLaskin
1725,45,RMartland
1725,46,WJudson
1725,49,WFSpence
1725,50,LPPigeon
1725,51,BLaskin
1726,42,JHGFauteux
1726,43,DCAbbott
1726,45,RMartland
1726,46,WJudson
1726,47,RARitchie
1726,48,EMHall
1726,49,WFSpence
1726,50,LPPigeon
1726,51,BLaskin
1727,42,JHGFauteux
1727,43,DCAbbott
1727,45,RMartland
1727,46,WJudson
1727,47,RARitchie
1727,48,EMHall
1727,49,WFSpence
1727,50,LPPigeon
1727,51,BLaskin
1728,45,RMartland
1728,46,WJudson
1728,47,RARitchie
1728,49,WFSpence
1728,51,BLaskin
1729,46,WJudson
1729,47,RARitchie
1729,49,WFSpence
1729,50,LPPigeon
1729,51,BLaskin
1730,46,WJudson
1730,47,RARitchie
1730,49,WFSpence
1730,50,LPPigeon
1730,51,BLaskin
1731,45,RMartland
1731,46,WJudson
1731,47,RARitchie
1731,51,BLaskin
1731,52,RGBDickson
1732,45,RMartland
1732,46,WJudson
1732,47,RARitchie
1732,49,WFSpence
1732,51,BLaskin
1733,45,RMartland
1733,46,WJudson
1733,47,RARitchie
1733,49,WFSpence
1733,51,BLaskin
1734,45,RMartland
1734,47,RARitchie
1734,49,WFSpence
1734,51,BLaskin
1734,52,RGBDickson
1735,45,RMartland
1735,46,WJudson
1735,47,RARitchie
1735,49,WFSpence
1735,51,BLaskin
1736,42,JHGFauteux
1736,43,DCAbbott
1736,48,EMHall
1736,50,LPPigeon
1736,51,BLaskin
1737,42,JHGFauteux
1737,43,DCAbbott
1737,47,RARitchie
1737,50,LPPigeon
1737,52,RGBDickson
1738,42,JHGFauteux
1738,43,DCAbbott
1738,50,LPPigeon
1738,51,BLaskin
1738,52,RGBDickson
1739,45,RMartland
1739,46,WJudson
1739,49,WFSpence
1739,51,BLaskin
1739,52,RGBDickson
1740,42,JHGFauteux
1740,43,DCAbbott
1740,50,LPPigeon
1740,51,BLaskin
1740,52,RGBDickson
1741,42,JHGFauteux
1741,43,DCAbbott
1741,45,RMartland
1741,46,WJudson
1741,47,RARitchie
1741,48,EMHall
1741,49,WFSpence
1741,50,LPPigeon
1741,51,BLaskin
1742,42,JHGFauteux
1742,43,DCAbbott
1742,45,RMartland
1742,46,WJudson
1742,47,RARitchie
1742,48,EMHall
1742,49,WFSpence
1742,50,LPPigeon
1742,51,BLaskin
1743,42,JHGFauteux
1743,43,DCAbbott
1743,45,RMartland
1743,46,WJudson
1743,47,RARitchie
1743,48,EMHall
1743,49,WFSpence
1743,50,LPPigeon
1743,51,BLaskin
1744,45,RMartland
1744,46,WJudson
1744,49,WFSpence
1744,51,BLaskin
1744,52,RGBDickson
1745,42,JHGFauteux
1745,43,DCAbbott
1745,45,RMartland
1745,47,RARitchie
1745,49,WFSpence
1745,50,LPPigeon
1745,51,BLaskin
1746,45,RMartland
1746,46,WJudson
1746,48,EMHall
1746,49,WFSpence
1746,50,LPPigeon
1747,45,RMartland
1747,48,EMHall
1747,49,WFSpence
1747,50,LPPigeon
1747,51,BLaskin
1748,46,WJudson
1748,47,RARitchie
1748,48,EMHall
1748,49,WFSpence
1748,50,LPPigeon
1749,45,RMartland
1749,46,WJudson
1749,47,RARitchie
1749,49,WFSpence
1749,51,BLaskin
1750,43,DCAbbott
1750,46,WJudson
1750,49,WFSpence
1750,50,LPPigeon
1750,51,BLaskin
1751,45,RMartland
1751,46,WJudson
1751,49,WFSpence
1751,51,BLaskin
1751,52,RGBDickson
1752,45,RMartland
1752,47,RARitchie
1752,49,WFSpence
1752,51,BLaskin
1752,52,RGBDickson
1753,42,JHGFauteux
1753,43,DCAbbott
1753,45,RMartland
1753,46,WJudson
1753,47,RARitchie
1753,49,WFSpence
1753,50,LPPigeon
1753,51,BLaskin
1753,52,RGBDickson
1754,45,RMartland
1754,46,WJudson
1754,47,RARitchie
1754,49,WFSpence
1754,50,LPPigeon
1755,46,WJudson
1755,47,RARitchie
1755,49,WFSpence
1755,51,BLaskin
1755,52,RGBDickson
1756,42,JHGFauteux
1756,43,DCAbbott
1756,45,RMartland
1756,46,WJudson
1756,49,WFSpence
1756,50,LPPigeon
1756,51,BLaskin
1757,45,RMartland
1757,46,WJudson
1757,47,RARitchie
1757,49,WFSpence
1757,51,BLaskin
1758,45,RMartland
1758,46,WJudson
1758,49,WFSpence
1758,50,LPPigeon
1758,51,BLaskin
1759,45,RMartland
1759,46,WJudson
1759,47,RARitchie
1759,49,WFSpence
1759,51,BLaskin
1760,46,WJudson
1760,47,RARitchie
1760,49,WFSpence
1760,50,LPPigeon
1760,51,BLaskin
1761,45,RMartland
1761,46,WJudson
1761,47,RARitchie
1761,49,WFSpence
1761,50,LPPigeon
1761,51,BLaskin
1761,52,RGBDickson
1762,42,JHGFauteux
1762,43,DCAbbott
1762,45,RMartland
1762,46,WJudson
1762,47,RARitchie
1762,49,WFSpence
1762,50,LPPigeon
1762,51,BLaskin
1762,52,RGBDickson
1763,42,JHGFauteux
1763,43,DCAbbott
1763,45,RMartland
1763,46,WJudson
1763,47,RARitchie
1763,49,WFSpence
1763,50,LPPigeon
1763,51,BLaskin
1763,52,RGBDickson
1764,42,JHGFauteux
1764,43,DCAbbott
1764,45,RMartland
1764,46,WJudson
1764,47,RARitchie
1764,49,WFSpence
1764,50,LPPigeon
1764,51,BLaskin
1764,52,RGBDickson
1765,45,RMartland
1765,46,WJudson
1765,47,RARitchie
1765,51,BLaskin
1765,52,RGBDickson
1766,45,RMartland
1766,46,WJudson
1766,47,RARitchie
1766,49,WFSpence
1766,51,BLaskin
1767,42,JHGFauteux
1767,43,DCAbbott
1767,47,RARitchie
1767,50,LPPigeon
1767,52,RGBDickson
1768,43,DCAbbott
1768,45,RMartland
1768,50,LPPigeon
1768,51,BLaskin
1768,52,RGBDickson
1769,43,DCAbbott
1769,45,RMartland
1769,46,WJudson
1769,47,RARitchie
1769,49,WFSpence
1769,50,LPPigeon
1769,52,RGBDickson
1770,43,DCAbbott
1770,45,RMartland
1770,46,WJudson
1770,49,WFSpence
1770,51,BLaskin
1771,46,WJudson
1771,47,RARitchie
1771,49,WFSpence
1771,51,BLaskin
1771,52,RGBDickson
1772,43,DCAbbott
1772,45,RMartland
1772,46,WJudson
1772,47,RARitchie
1772,49,WFSpence
1772,50,LPPigeon
1772,52,RGBDickson
1773,42,JHGFauteux
1773,43,DCAbbott
1773,45,RMartland
1773,46,WJudson
1773,47,RARitchie
1773,49,WFSpence
1773,50,LPPigeon
1773,51,BLaskin
1773,52,RGBDickson
1774,42,JHGFauteux
1774,43,DCAbbott
1774,45,RMartland
1774,46,WJudson
1774,47,RARitchie
1775,43,DCAbbott
1775,45,RMartland
1775,46,WJudson
1775,49,WFSpence
1775,50,LPPigeon
1775,51,BLaskin
1775,52,RGBDickson
1776,42,JHGFauteux
1776,43,DCAbbott
1776,45,RMartland
1776,46,WJudson
1776,47,RARitchie
1776,49,WFSpence
1776,50,LPPigeon
1776,51,BLaskin
1776,52,RGBDickson
1777,42,JHGFauteux
1777,43,DCAbbott
1777,46,WJudson
1777,47,RARitchie
1777,50,LPPigeon
1778,42,JHGFauteux
1778,43,DCAbbott
1778,46,WJudson
1778,47,RARitchie
1778,50,LPPigeon
1779,42,JHGFauteux
1779,43,DCAbbott
1779,45,RMartland
1779,46,WJudson
1779,47,RARitchie
1779,49,WFSpence
1779,50,LPPigeon
1780,45,RMartland
1780,46,WJudson
1780,49,WFSpence
1780,51,BLaskin
1780,52,RGBDickson
1781,42,JHGFauteux
1781,43,DCAbbott
1781,50,LPPigeon
1781,51,BLaskin
1781,52,RGBDickson
1782,46,WJudson
1782,47,RARitchie
1782,49,WFSpence
1782,51,BLaskin
1782,52,RGBDickson
1783,42,JHGFauteux
1783,45,RMartland
1783,46,WJudson
1783,49,WFSpence
1783,50,LPPigeon
1784,47,RARitchie
1784,49,WFSpence
1784,50,LPPigeon
1784,51,BLaskin
1784,52,RGBDickson
1785,42,JHGFauteux
1785,43,DCAbbott
1785,45,RMartland
1785,46,WJudson
1785,47,RARitchie
1785,49,WFSpence
1785,50,LPPigeon
1785,51,BLaskin
1785,52,RGBDickson
1786,47,RARitchie
1786,49,WFSpence
1786,50,LPPigeon
1786,51,BLaskin
1786,52,RGBDickson
1787,42,JHGFauteux
1787,43,DCAbbott
1787,46,WJudson
1787,50,LPPigeon
1787,51,BLaskin
1788,42,JHGFauteux
1788,43,DCAbbott
1788,45,RMartland
1788,50,LPPigeon
1788,52,RGBDickson
1789,46,WJudson
1789,47,RARitchie
1789,49,WFSpence
1789,51,BLaskin
1789,52,RGBDickson
1790,43,DCAbbott
1790,47,RARitchie
1790,49,WFSpence
1790,51,BLaskin
1790,52,RGBDickson
1791,45,RMartland
1791,46,WJudson
1791,47,RARitchie
1791,49,WFSpence
1791,50,LPPigeon
1791,51,BLaskin
1791,52,RGBDickson
1792,42,JHGFauteux
1792,43,DCAbbott
1792,45,RMartland
1792,46,WJudson
1792,47,RARitchie
1792,49,WFSpence
1792,50,LPPigeon
1792,51,BLaskin
1792,52,RGBDickson
1793,47,RARitchie
1793,49,WFSpence
1793,50,LPPigeon
1793,51,BLaskin
1793,52,RGBDickson
1794,47,RARitchie
1794,50,LPPigeon
1794,51,BLaskin
1794,52,RGBDickson
1794,54,LPGrandpre
1795,47,RARitchie
1795,49,WFSpence
1795,50,LPPigeon
1795,51,BLaskin
1795,52,RGBDickson
1796,42,JHGFauteux
1796,43,DCAbbott
1796,45,RMartland
1796,46,WJudson
1796,47,RARitchie
1796,49,WFSpence
1796,50,LPPigeon
1796,51,BLaskin
1796,52,RGBDickson
1797,45,RMartland
1797,46,WJudson
1797,47,RARitchie
1797,49,WFSpence
1797,50,LPPigeon
1797,51,BLaskin
1797,52,RGBDickson
1797,53,JBeetz
1797,54,LPGrandpre
1798,42,JHGFauteux
1798,43,DCAbbott
1798,45,RMartland
1798,46,WJudson
1798,47,RARitchie
1798,49,WFSpence
1798,50,LPPigeon
1798,51,BLaskin
1798,52,RGBDickson
1799,47,RARitchie
1799,50,LPPigeon
1799,51,BLaskin
1799,53,JBeetz
1799,54,LPGrandpre
1800,47,RARitchie
1800,49,WFSpence
1800,50,LPPigeon
1800,51,BLaskin
1800,52,RGBDickson
1801,45,RMartland
1801,46,WJudson
1801,47,RARitchie
1801,51,BLaskin
1801,52,RGBDickson
1802,47,RARitchie
1802,49,WFSpence
1802,50,LPPigeon
1802,51,BLaskin
1802,52,RGBDickson
1803,42,JHGFauteux
1803,43,DCAbbott
1803,45,RMartland
1803,46,WJudson
1803,47,RARitchie
1803,49,WFSpence
1803,50,LPPigeon
1803,51,BLaskin
1803,52,RGBDickson
1804,42,JHGFauteux
1804,43,DCAbbott
1804,45,RMartland
1804,46,WJudson
1804,47,RARitchie
1804,49,WFSpence
1804,50,LPPigeon
1804,51,BLaskin
1804,52,RGBDickson
1805,46,WJudson
1805,47,RARitchie
1805,49,WFSpence
1805,50,LPPigeon
1805,51,BLaskin
1806,42,JHGFauteux
1806,43,DCAbbott
1806,45,RMartland
1806,46,WJudson
1806,47,RARitchie
1806,50,LPPigeon
1806,51,BLaskin
1807,45,RMartland
1807,46,WJudson
1807,47,RARitchie
1807,49,WFSpence
1807,51,BLaskin
1808,45,RMartland
1808,46,WJudson
1808,47,RARitchie
1808,49,WFSpence
1808,50,LPPigeon
1808,51,BLaskin
1808,52,RGBDickson
1809,45,RMartland
1809,46,WJudson
1809,47,RARitchie
1809,49,WFSpence
1809,50,LPPigeon
1809,51,BLaskin
1809,52,RGBDickson
1809,53,JBeetz
1809,54,LPGrandpre
1810,45,RMartland
1810,46,WJudson
1810,47,RARitchie
1810,49,WFSpence
1810,50,LPPigeon
1810,51,BLaskin
1810,52,RGBDickson
1810,53,JBeetz
1810,54,LPGrandpre
1811,45,RMartland
1811,46,WJudson
1811,47,RARitchie
1811,49,WFSpence
1811,50,LPPigeon
1811,51,BLaskin
1811,52,RGBDickson
1811,53,JBeetz
1811,54,LPGrandpre
1812,45,RMartland
1812,46,WJudson
1812,47,RARitchie
1812,49,WFSpence
1812,50,LPPigeon
1812,51,BLaskin
1812,52,RGBDickson
1812,53,JBeetz
1812,54,LPGrandpre
1813,46,WJudson
1813,47,RARitchie
1813,49,WFSpence
1813,51,BLaskin
1813,52,RGBDickson
1814,46,WJudson
1814,47,RARitchie
1814,49,WFSpence
1814,51,BLaskin
1814,52,RGBDickson
1815,43,DCAbbott
1815,47,RARitchie
1815,49,WFSpence
1815,50,LPPigeon
1815,52,RGBDickson
1816,45,RMartland
1816,46,WJudson
1816,49,WFSpence
1816,51,BLaskin
1816,52,RGBDickson
1817,46,WJudson
1817,47,RARitchie
1817,50,LPPigeon
1817,53,JBeetz
1817,54,LPGrandpre
1818,46,WJudson
1818,50,LPPigeon
1818,51,BLaskin
1818,53,JBeetz
1818,54,LPGrandpre
1819,46,WJudson
1819,47,RARitchie
1819,50,LPPigeon
1819,51,BLaskin
1819,52,RGBDickson
1820,49,WFSpence
1820,50,LPPigeon
1820,52,RGBDickson
1820,53,JBeetz
1820,54,LPGrandpre
1821,46,WJudson
1821,50,LPPigeon
1821,51,BLaskin
1821,53,JBeetz
1821,54,LPGrandpre
1822,42,JHGFauteux
1822,45,RMartland
1822,47,RARitchie
1822,50,LPPigeon
1822,52,RGBDickson
1823,46,WJudson
1823,49,WFSpence
1823,52,RGBDickson
1823,53,JBeetz
1823,54,LPGrandpre
1824,46,WJudson
1824,50,LPPigeon
1824,51,BLaskin
1824,53,JBeetz
1824,54,LPGrandpre
1825,43,DCAbbott
1825,47,RARitchie
1825,49,WFSpence
1825,51,BLaskin
1825,52,RGBDickson
1826,42,JHGFauteux
1826,43,DCAbbott
1826,45,RMartland
1826,47,RARitchie
1826,50,LPPigeon
1827,45,RMartland
1827,46,WJudson
1827,49,WFSpence
1827,51,BLaskin
1827,52,RGBDickson
1828,46,WJudson
1828,50,LPPigeon
1828,51,BLaskin
1828,53,JBeetz
1828,54,LPGrandpre
1829,46,WJudson
1829,47,RARitchie
1829,50,LPPigeon
1829,51,BLaskin
1829,52,RGBDickson
1830,46,WJudson
1830,50,LPPigeon
1830,52,RGBDickson
1830,53,JBeetz
1830,54,LPGrandpre
1831,47,RARitchie
1831,49,WFSpence
1831,50,LPPigeon
1831,53,JBeetz
1831,54,LPGrandpre
1832,45,RMartland
1832,46,WJudson
1832,49,WFSpence
1832,50,LPPigeon
1832,51,BLaskin
1833,46,WJudson
1833,47,RARitchie
1833,49,WFSpence
1833,50,LPPigeon
1833,52,RGBDickson
1834,45,RMartland
1834,46,WJudson
1834,49,WFSpence
1834,50,LPPigeon
1834,52,RGBDickson
1835,43,DCAbbott
1835,45,RMartland
1835,46,WJudson
1835,47,RARitchie
1835,49,WFSpence
1835,50,LPPigeon
1835,51,BLaskin
1836,45,RMartland
1836,46,WJudson
1836,49,WFSpence
1836,50,LPPigeon
1836,51,BLaskin
1836,52,RGBDickson
1836,53,JBeetz
1837,45,RMartland
1837,46,WJudson
1837,49,WFSpence
1837,50,LPPigeon
1837,51,BLaskin
1837,52,RGBDickson
1837,53,JBeetz
1837,54,LPGrandpre
1838,42,JHGFauteux
1838,43,DCAbbott
1838,45,RMartland
1838,46,WJudson
1838,47,RARitchie
1838,49,WFSpence
1838,50,LPPigeon
1838,51,BLaskin
1838,52,RGBDickson
1839,42,JHGFauteux
1839,43,DCAbbott
1839,45,RMartland
1839,50,LPPigeon
1839,52,RGBDickson
1840,42,JHGFauteux
1840,43,DCAbbott
1840,45,RMartland
1840,50,LPPigeon
1840,51,BLaskin
1841,45,RMartland
1841,46,WJudson
1841,47,RARitchie
1841,49,WFSpence
1841,50,LPPigeon
1841,51,BLaskin
1841,52,RGBDickson
1841,53,JBeetz
1841,54,LPGrandpre
1842,45,RMartland
1842,46,WJudson
1842,47,RARitchie
1842,49,WFSpence
1842,50,LPPigeon
1842,51,BLaskin
1842,52,RGBDickson
1842,53,JBeetz
1842,54,LPGrandpre
1843,46,WJudson
1843,49,WFSpence
1843,51,BLaskin
1843,53,JBeetz
1843,54,LPGrandpre
1844,46,WJudson
1844,47,RARitchie
1844,50,LPPigeon
1844,53,JBeetz
1844,54,LPGrandpre
1845,45,RMartland
1845,47,RARitchie
1845,49,WFSpence
1845,52,RGBDickson
1845,54,LPGrandpre
1846,45,RMartland
1846,46,WJudson
1846,47,RARitchie
1846,49,WFSpence
1846,50,LPPigeon
1846,51,BLaskin
1846,53,JBeetz
1846,54,LPGrandpre
1847,45,RMartland
1847,46,WJudson
1847,49,WFSpence
1847,50,LPPigeon
1847,51,BLaskin
1847,52,RGBDickson
1847,53,JBeetz
1847,54,LPGrandpre
1848,45,RMartland
1848,46,WJudson
1848,47,RARitchie
1848,49,WFSpence
1848,50,LPPigeon
1848,51,BLaskin
1848,52,RGBDickson
1848,53,JBeetz
1848,54,LPGrandpre
1849,45,RMartland
1849,46,WJudson
1849,47,RARitchie
1849,49,WFSpence
1849,50,LPPigeon
1849,51,BLaskin
1849,52,RGBDickson
1849,53,JBeetz
1849,54,LPGrandpre
1850,45,RMartland
1850,46,WJudson
1850,47,RARitchie
1850,49,WFSpence
1850,50,LPPigeon
1850,51,BLaskin
1850,52,RGBDickson
1850,53,JBeetz
1850,54,LPGrandpre
1851,45,RMartland
1851,46,WJudson
1851,47,RARitchie
1851,49,WFSpence
1851,50,LPPigeon
1851,51,BLaskin
1851,52,RGBDickson
1851,53,JBeetz
1851,54,LPGrandpre
1852,45,RMartland
1852,46,WJudson
1852,47,RARitchie
1852,49,WFSpence
1852,50,LPPigeon
1852,51,BLaskin
1852,52,RGBDickson
1852,53,JBeetz
1852,54,LPGrandpre
1853,45,RMartland
1853,46,WJudson
1853,47,RARitchie
1853,49,WFSpence
1853,50,LPPigeon
1853,51,BLaskin
1853,52,RGBDickson
1853,53,JBeetz
1853,54,LPGrandpre
1854,45,RMartland
1854,46,WJudson
1854,47,RARitchie
1854,49,WFSpence
1854,50,LPPigeon
1854,51,BLaskin
1854,52,RGBDickson
1854,53,JBeetz
1854,54,LPGrandpre
1855,47,RARitchie
1855,49,WFSpence
1855,52,RGBDickson
1855,53,JBeetz
1855,54,LPGrandpre
1856,49,WFSpence
1856,50,LPPigeon
1856,52,RGBDickson
1856,53,JBeetz
1856,54,LPGrandpre
1857,45,RMartland
1857,46,WJudson
1857,47,RARitchie
1857,49,WFSpence
1857,50,LPPigeon
1857,51,BLaskin
1857,52,RGBDickson
1857,53,JBeetz
1857,54,LPGrandpre
1858,45,RMartland
1858,46,WJudson
1858,47,RARitchie
1858,49,WFSpence
1858,50,LPPigeon
1858,51,BLaskin
1858,52,RGBDickson
1858,53,JBeetz
1858,54,LPGrandpre
1859,45,RMartland
1859,46,WJudson
1859,47,RARitchie
1859,50,LPPigeon
1859,54,LPGrandpre
1860,46,WJudson
1860,49,WFSpence
1860,51,BLaskin
1860,53,JBeetz
1860,54,LPGrandpre
1861,49,WFSpence
1861,50,LPPigeon
1861,52,RGBDickson
1861,53,JBeetz
1861,54,LPGrandpre
1862,45,RMartland
1862,46,WJudson
1862,49,WFSpence
1862,51,BLaskin
1862,52,RGBDickson
1863,46,WJudson
1863,47,RARitchie
1863,50,LPPigeon
1863,53,JBeetz
1863,54,LPGrandpre
1864,45,RMartland
1864,46,WJudson
1864,47,RARitchie
1864,49,WFSpence
1864,51,BLaskin
1865,45,RMartland
1865,46,WJudson
1865,49,WFSpence
1865,52,RGBDickson
1865,53,JBeetz
1866,45,RMartland
1866,47,RARitchie
1866,49,WFSpence
1866,52,RGBDickson
1866,54,LPGrandpre
1867,45,RMartland
1867,46,WJudson
1867,50,LPPigeon
1867,52,RGBDickson
1867,54,LPGrandpre
1868,47,RARitchie
1868,50,LPPigeon
1868,52,RGBDickson
1868,53,JBeetz
1868,54,LPGrandpre
1869,47,RARitchie
1869,50,LPPigeon
1869,52,RGBDickson
1869,53,JBeetz
1869,54,LPGrandpre
1870,45,RMartland
1870,46,WJudson
1870,50,LPPigeon
1870,52,RGBDickson
1870,53,JBeetz
1871,46,WJudson
1871,49,WFSpence
1871,50,LPPigeon
1871,51,BLaskin
1871,52,RGBDickson
1872,45,RMartland
1872,46,WJudson
1872,49,WFSpence
1872,51,BLaskin
1872,52,RGBDickson
1873,45,RMartland
1873,46,WJudson
1873,47,RARitchie
1873,49,WFSpence
1873,50,LPPigeon
1873,51,BLaskin
1873,52,RGBDickson
1874,45,RMartland
1874,46,WJudson
1874,47,RARitchie
1874,49,WFSpence
1874,50,LPPigeon
1874,51,BLaskin
1874,53,JBeetz
1875,45,RMartland
1875,46,WJudson
1875,49,WFSpence
1875,50,LPPigeon
1875,51,BLaskin
1875,52,RGBDickson
1875,53,JBeetz
1875,54,LPGrandpre
1876,45,RMartland
1876,46,WJudson
1876,47,RARitchie
1876,49,WFSpence
1876,50,LPPigeon
1876,51,BLaskin
1876,52,RGBDickson
1876,53,JBeetz
1876,54,LPGrandpre
1877,45,RMartland
1877,49,WFSpence
1877,50,LPPigeon
1877,52,RGBDickson
1877,54,LPGrandpre
1878,45,RMartland
1878,46,WJudson
1878,47,RARitchie
1878,49,WFSpence
1878,50,LPPigeon
1878,51,BLaskin
1878,52,RGBDickson
1878,53,JBeetz
1878,54,LPGrandpre
1879,45,RMartland
1879,46,WJudson
1879,47,RARitchie
1879,49,WFSpence
1879,50,LPPigeon
1879,51,BLaskin
1879,52,RGBDickson
1879,53,JBeetz
1879,54,LPGrandpre
1880,49,WFSpence
1880,50,LPPigeon
1880,51,BLaskin
1880,53,JBeetz
1880,54,LPGrandpre
1881,45,RMartland
1881,47,RARitchie
1881,52,RGBDickson
1881,53,JBeetz
1881,54,LPGrandpre
1882,45,RMartland
1882,51,BLaskin
1882,52,RGBDickson
1882,53,JBeetz
1882,54,LPGrandpre
1883,45,RMartland
1883,46,WJudson
1883,47,RARitchie
1883,49,WFSpence
1883,50,LPPigeon
1883,51,BLaskin
1883,52,RGBDickson
1883,53,JBeetz
1883,54,LPGrandpre
1884,45,RMartland
1884,47,RARitchie
1884,50,LPPigeon
1884,52,RGBDickson
1884,54,LPGrandpre
1885,45,RMartland
1885,46,WJudson
1885,47,RARitchie
1885,49,WFSpence
1885,50,LPPigeon
1885,51,BLaskin
1885,52,RGBDickson
1885,53,JBeetz
1885,54,LPGrandpre
1886,45,RMartland
1886,46,WJudson
1886,47,RARitchie
1886,49,WFSpence
1886,50,LPPigeon
1886,51,BLaskin
1886,52,RGBDickson
1886,53,JBeetz
1886,54,LPGrandpre
1887,45,RMartland
1887,50,LPPigeon
1887,52,RGBDickson
1887,53,JBeetz
1887,54,LPGrandpre
1888,45,RMartland
1888,46,WJudson
1888,47,RARitchie
1888,49,WFSpence
1888,50,LPPigeon
1888,51,BLaskin
1888,52,RGBDickson
1888,53,JBeetz
1888,54,LPGrandpre
1889,45,RMartland
1889,46,WJudson
1889,49,WFSpence
1889,51,BLaskin
1889,52,RGBDickson
1890,45,RMartland
1890,46,WJudson
1890,47,RARitchie
1890,49,WFSpence
1890,50,LPPigeon
1890,51,BLaskin
1890,52,RGBDickson
1890,53,JBeetz
1890,54,LPGrandpre
1891,45,RMartland
1891,46,WJudson
1891,47,RARitchie
1891,49,WFSpence
1891,51,BLaskin
1892,45,RMartland
1892,47,RARitchie
1892,50,LPPigeon
1892,53,JBeetz
1892,54,LPGrandpre
1893,46,WJudson
1893,50,LPPigeon
1893,52,RGBDickson
1893,53,JBeetz
1893,54,LPGrandpre
1894,47,RARitchie
1894,50,LPPigeon
1894,52,RGBDickson
1894,53,JBeetz
1894,54,LPGrandpre
1895,45,RMartland
1895,46,WJudson
1895,47,RARitchie
1895,51,BLaskin
1895,52,RGBDickson
1896,45,RMartland
1896,47,RARitchie
1896,52,RGBDickson
1896,53,JBeetz
1896,54,LPGrandpre
1897,45,RMartland
1897,46,WJudson
1897,47,RARitchie
1897,49,WFSpence
1897,50,LPPigeon
1897,51,BLaskin
1897,52,RGBDickson
1897,53,JBeetz
1897,54,LPGrandpre
1898,45,RMartland
1898,46,WJudson
1898,47,RARitchie
1898,49,WFSpence
1898,50,LPPigeon
1898,51,BLaskin
1898,52,RGBDickson
1898,53,JBeetz
1898,54,LPGrandpre
1899,45,RMartland
1899,46,WJudson
1899,47,RARitchie
1899,49,WFSpence
1899,50,LPPigeon
1899,51,BLaskin
1899,53,JBeetz
1900,45,RMartland
1900,46,WJudson
1900,47,RARitchie
1900,49,WFSpence
1900,52,RGBDickson
1901,46,WJudson
1901,49,WFSpence
1901,50,LPPigeon
1901,51,BLaskin
1901,54,LPGrandpre
1902,45,RMartland
1902,47,RARitchie
1902,50,LPPigeon
1902,51,BLaskin
1902,53,JBeetz
1903,45,RMartland
1903,47,RARitchie
1903,49,WFSpence
1903,50,LPPigeon
1903,52,RGBDickson
1904,45,RMartland
1904,47,RARitchie
1904,49,WFSpence
1904,50,LPPigeon
1904,51,BLaskin
1905,46,WJudson
1905,49,WFSpence
1905,51,BLaskin
1905,52,RGBDickson
1905,53,JBeetz
1906,45,RMartland
1906,46,WJudson
1906,49,WFSpence
1906,50,LPPigeon
1906,52,RGBDickson
1907,46,WJudson
1907,47,RARitchie
1907,50,LPPigeon
1907,53,JBeetz
1907,54,LPGrandpre
1908,45,RMartland
1908,46,WJudson
1908,47,RARitchie
1908,49,WFSpence
1908,50,LPPigeon
1908,52,RGBDickson
1908,53,JBeetz
1909,45,RMartland
1909,46,WJudson
1909,47,RARitchie
1909,49,WFSpence
1909,50,LPPigeon
1909,51,BLaskin
1909,52,RGBDickson
1909,53,JBeetz
1909,54,LPGrandpre
1910,45,RMartland
1910,46,WJudson
1910,47,RARitchie
1910,49,WFSpence
1910,50,LPPigeon
1910,51,BLaskin
1910,52,RGBDickson
1910,53,JBeetz
1910,54,LPGrandpre
1911,45,RMartland
1911,46,WJudson
1911,47,RARitchie
1911,49,WFSpence
1911,50,LPPigeon
1911,51,BLaskin
1911,52,RGBDickson
1911,53,JBeetz
1911,54,LPGrandpre
1912,45,RMartland
1912,46,WJudson
1912,47,RARitchie
1912,49,WFSpence
1912,50,LPPigeon
1912,51,BLaskin
1912,52,RGBDickson
1912,53,JBeetz
1912,54,LPGrandpre
1913,45,RMartland
1913,46,WJudson
1913,47,RARitchie
1913,49,WFSpence
1913,50,LPPigeon
1913,51,BLaskin
1913,52,RGBDickson
1913,53,JBeetz
1913,54,LPGrandpre
1914,46,WJudson
1914,47,RARitchie
1914,49,WFSpence
1914,51,BLaskin
1914,52,RGBDickson
1914,53,JBeetz
1914,54,LPGrandpre
1915,45,RMartland
1915,50,LPPigeon
1915,51,BLaskin
1915,52,RGBDickson
1915,54,LPGrandpre
1916,45,RMartland
1916,47,RARitchie
1916,49,WFSpence
1916,52,RGBDickson
1916,53,JBeetz
1917,45,RMartland
1917,46,WJudson
1917,47,RARitchie
1917,49,WFSpence
1917,51,BLaskin
1917,52,RGBDickson
1917,53,JBeetz
1917,54,LPGrandpre
1918,45,RMartland
1918,46,WJudson
1918,47,RARitchie
1918,49,WFSpence
1918,50,LPPigeon
1918,51,BLaskin
1918,52,RGBDickson
1918,53,JBeetz
1918,54,LPGrandpre
1919,45,RMartland
1919,46,WJudson
1919,47,RARitchie
1919,49,WFSpence
1919,50,LPPigeon
1919,51,BLaskin
1919,52,RGBDickson
1919,54,LPGrandpre
1920,46,WJudson
1920,49,WFSpence
1920,51,BLaskin
1920,52,RGBDickson
1920,54,LPGrandpre
1921,45,RMartland
1921,46,WJudson
1921,47,RARitchie
1921,49,WFSpence
1921,50,LPPigeon
1921,51,BLaskin
1921,52,RGBDickson
1921,53,JBeetz
1921,54,LPGrandpre
1922,50,LPPigeon
1922,51,BLaskin
1922,52,RGBDickson
1922,53,JBeetz
1922,54,LPGrandpre
1923,47,RARitchie
1923,49,WFSpence
1923,50,LPPigeon
1923,51,BLaskin
1923,54,LPGrandpre
1924,47,RARitchie
1924,49,WFSpence
1924,50,LPPigeon
1924,53,JBeetz
1924,54,LPGrandpre
1925,45,RMartland
1925,46,WJudson
1925,47,RARitchie
1925,49,WFSpence
1925,50,LPPigeon
1925,51,BLaskin
1925,52,RGBDickson
1925,53,JBeetz
1925,54,LPGrandpre
1926,45,RMartland
1926,46,WJudson
1926,47,RARitchie
1926,49,WFSpence
1926,50,LPPigeon
1926,51,BLaskin
1926,52,RGBDickson
1926,53,JBeetz
1926,54,LPGrandpre
1927,45,RMartland
1927,46,WJudson
1927,47,RARitchie
1927,49,WFSpence
1927,50,LPPigeon
1927,51,BLaskin
1927,53,JBeetz
1928,45,RMartland
1928,46,WJudson
1928,47,RARitchie
1928,49,WFSpence
1928,50,LPPigeon
1928,51,BLaskin
1928,52,RGBDickson
1928,53,JBeetz
1928,54,LPGrandpre
1929,45,RMartland
1929,46,WJudson
1929,47,RARitchie
1929,49,WFSpence
1929,50,LPPigeon
1929,51,BLaskin
1929,52,RGBDickson
1929,53,JBeetz
1929,54,LPGrandpre
1930,46,WJudson
1930,47,RARitchie
1930,50,LPPigeon
1930,52,RGBDickson
1930,53,JBeetz
1931,45,RMartland
1931,50,LPPigeon
1931,52,RGBDickson
1931,53,JBeetz
1931,54,LPGrandpre
1932,46,WJudson
1932,50,LPPigeon
1932,52,RGBDickson
1932,53,JBeetz
1932,54,LPGrandpre
1933,50,LPPigeon
1933,51,BLaskin
1933,52,RGBDickson
1933,53,JBeetz
1933,54,LPGrandpre
1934,45,RMartland
1934,46,WJudson
1934,49,WFSpence
1934,50,LPPigeon
1934,51,BLaskin
1934,52,RGBDickson
1934,53,JBeetz
1934,54,LPGrandpre
1935,45,RMartland
1935,46,WJudson
1935,47,RARitchie
1935,49,WFSpence
1935,50,LPPigeon
1935,51,BLaskin
1935,52,RGBDickson
1935,53,JBeetz
1935,54,LPGrandpre
1936,45,RMartland
1936,46,WJudson
1936,47,RARitchie
1936,49,WFSpence
1936,50,LPPigeon
1936,51,BLaskin
1936,52,RGBDickson
1936,53,JBeetz
1936,54,LPGrandpre
1937,45,RMartland
1937,46,WJudson
1937,47,RARitchie
1937,49,WFSpence
1937,50,LPPigeon
1937,51,BLaskin
1937,52,RGBDickson
1937,53,JBeetz
1937,54,LPGrandpre
1938,45,RMartland
1938,46,WJudson
1938,47,RARitchie
1938,49,WFSpence
1938,50,LPPigeon
1938,51,BLaskin
1938,52,RGBDickson
1938,53,JBeetz
1938,54,LPGrandpre
1939,45,RMartland
1939,46,WJudson
1939,47,RARitchie
1939,49,WFSpence
1939,52,RGBDickson
1940,45,RMartland
1940,46,WJudson
1940,50,LPPigeon
1940,51,BLaskin
1940,52,RGBDickson
1940,53,JBeetz
1940,54,LPGrandpre
1941,45,RMartland
1941,46,WJudson
1941,49,WFSpence
1941,50,LPPigeon
1941,51,BLaskin
1941,52,RGBDickson
1941,53,JBeetz
1941,54,LPGrandpre
1942,45,RMartland
1942,46,WJudson
1942,47,RARitchie
1942,49,WFSpence
1942,50,LPPigeon
1942,51,BLaskin
1942,52,RGBDickson
1942,53,JBeetz
1942,54,LPGrandpre
1943,45,RMartland
1943,46,WJudson
1943,51,BLaskin
1943,52,RGBDickson
1943,54,LPGrandpre
1944,45,RMartland
1944,50,LPPigeon
1944,51,BLaskin
1944,52,RGBDickson
1944,53,JBeetz
1945,45,RMartland
1945,46,WJudson
1945,47,RARitchie
1945,49,WFSpence
1945,50,LPPigeon
1945,51,BLaskin
1945,52,RGBDickson
1945,53,JBeetz
1945,54,LPGrandpre
1946,45,RMartland
1946,49,WFSpence
1946,51,BLaskin
1946,53,JBeetz
1946,54,LPGrandpre
1947,45,RMartland
1947,46,WJudson
1947,47,RARitchie
1947,49,WFSpence
1947,50,LPPigeon
1947,51,BLaskin
1947,53,JBeetz
1948,45,RMartland
1948,46,WJudson
1948,47,RARitchie
1948,49,WFSpence
1948,50,LPPigeon
1948,51,BLaskin
1948,52,RGBDickson
1948,53,JBeetz
1948,54,LPGrandpre
1949,45,RMartland
1949,46,WJudson
1949,47,RARitchie
1949,49,WFSpence
1949,50,LPPigeon
1949,51,BLaskin
1949,52,RGBDickson
1949,53,JBeetz
1949,54,LPGrandpre
1950,45,RMartland
1950,46,WJudson
1950,47,RARitchie
1950,49,WFSpence
1950,50,LPPigeon
1950,51,BLaskin
1950,52,RGBDickson
1950,53,JBeetz
1950,54,LPGrandpre
1951,45,RMartland
1951,46,WJudson
1951,49,WFSpence
1951,50,LPPigeon
1951,51,BLaskin
1951,52,RGBDickson
1951,53,JBeetz
1951,54,LPGrandpre
1952,45,RMartland
1952,46,WJudson
1952,47,RARitchie
1952,49,WFSpence
1952,50,LPPigeon
1952,51,BLaskin
1952,52,RGBDickson
1952,53,JBeetz
1952,54,LPGrandpre
1953,45,RMartland
1953,46,WJudson
1953,47,RARitchie
1953,49,WFSpence
1953,50,LPPigeon
1953,51,BLaskin
1953,52,RGBDickson
1953,53,JBeetz
1953,54,LPGrandpre
1954,46,WJudson
1954,49,WFSpence
1954,51,BLaskin
1954,53,JBeetz
1954,54,LPGrandpre
1955,45,RMartland
1955,46,WJudson
1955,50,LPPigeon
1955,53,JBeetz
1955,54,LPGrandpre
1956,46,WJudson
1956,49,WFSpence
1956,51,BLaskin
1956,53,JBeetz
1956,54,LPGrandpre
1957,45,RMartland
1957,46,WJudson
1957,49,WFSpence
1957,51,BLaskin
1957,52,RGBDickson
1958,45,RMartland
1958,46,WJudson
1958,49,WFSpence
1958,50,LPPigeon
1958,51,BLaskin
1958,52,RGBDickson
1958,53,JBeetz
1958,54,LPGrandpre
1959,45,RMartland
1959,46,WJudson
1959,47,RARitchie
1959,49,WFSpence
1959,50,LPPigeon
1959,51,BLaskin
1959,52,RGBDickson
1959,53,JBeetz
1959,54,LPGrandpre
1960,45,RMartland
1960,50,LPPigeon
1960,52,RGBDickson
1960,53,JBeetz
1960,54,LPGrandpre
1961,46,WJudson
1961,50,LPPigeon
1961,51,BLaskin
1961,52,RGBDickson
1961,54,LPGrandpre
1962,45,RMartland
1962,46,WJudson
1962,49,WFSpence
1962,50,LPPigeon
1962,52,RGBDickson
1963,49,WFSpence
1963,50,LPPigeon
1963,51,BLaskin
1963,52,RGBDickson
1963,54,LPGrandpre
1964,46,WJudson
1964,47,RARitchie
1964,50,LPPigeon
1964,53,JBeetz
1964,54,LPGrandpre
1965,45,RMartland
1965,46,WJudson
1965,47,RARitchie
1965,49,WFSpence
1965,50,LPPigeon
1965,51,BLaskin
1965,52,RGBDickson
1965,54,LPGrandpre
1966,45,RMartland
1966,46,WJudson
1966,47,RARitchie
1966,49,WFSpence
1966,51,BLaskin
1966,52,RGBDickson
1966,53,JBeetz
1966,54,LPGrandpre
1967,45,RMartland
1967,46,WJudson
1967,49,WFSpence
1967,50,LPPigeon
1967,51,BLaskin
1967,52,RGBDickson
1967,53,JBeetz
1967,54,LPGrandpre
1968,45,RMartland
1968,46,WJudson
1968,47,RARitchie
1968,49,WFSpence
1968,50,LPPigeon
1968,51,BLaskin
1968,52,RGBDickson
1968,53,JBeetz
1968,54,LPGrandpre
1969,45,RMartland
1969,46,WJudson
1969,47,RARitchie
1969,49,WFSpence
1969,50,LPPigeon
1969,51,BLaskin
1969,52,RGBDickson
1969,53,JBeetz
1969,54,LPGrandpre
1970,45,RMartland
1970,46,WJudson
1970,47,RARitchie
1970,49,WFSpence
1970,50,LPPigeon
1970,51,BLaskin
1970,52,RGBDickson
1970,53,JBeetz
1970,54,LPGrandpre
1971,45,RMartland
1971,46,WJudson
1971,47,RARitchie
1971,49,WFSpence
1971,50,LPPigeon
1971,51,BLaskin
1971,52,RGBDickson
1971,53,JBeetz
1971,54,LPGrandpre
1972,45,RMartland
1972,46,WJudson
1972,47,RARitchie
1972,49,WFSpence
1972,50,LPPigeon
1972,51,BLaskin
1972,52,RGBDickson
1972,53,JBeetz
1972,54,LPGrandpre
1973,45,RMartland
1973,46,WJudson
1973,47,RARitchie
1973,49,WFSpence
1973,50,LPPigeon
1973,51,BLaskin
1973,54,LPGrandpre
1974,45,RMartland
1974,46,WJudson
1974,47,RARitchie
1974,49,WFSpence
1974,50,LPPigeon
1974,51,BLaskin
1974,52,RGBDickson
1974,53,JBeetz
1974,54,LPGrandpre
1975,46,WJudson
1975,47,RARitchie
1975,49,WFSpence
1975,50,LPPigeon
1975,51,BLaskin
1976,47,RARitchie
1976,50,LPPigeon
1976,52,RGBDickson
1976,53,JBeetz
1976,54,LPGrandpre
1977,45,RMartland
1977,46,WJudson
1977,47,RARitchie
1977,49,WFSpence
1977,50,LPPigeon
1977,51,BLaskin
1977,53,JBeetz
1977,54,LPGrandpre
1978,47,RARitchie
1978,50,LPPigeon
1978,52,RGBDickson
1978,53,JBeetz
1978,54,LPGrandpre
1979,45,RMartland
1979,46,WJudson
1979,47,RARitchie
1979,49,WFSpence
1979,52,RGBDickson
1980,45,RMartland
1980,46,WJudson
1980,49,WFSpence
1980,52,RGBDickson
1980,54,LPGrandpre
1981,45,RMartland
1981,46,WJudson
1981,47,RARitchie
1981,49,WFSpence
1981,52,RGBDickson
1982,46,WJudson
1982,50,LPPigeon
1982,51,BLaskin
1982,53,JBeetz
1982,54,LPGrandpre
1983,46,WJudson
1983,49,WFSpence
1983,50,LPPigeon
1983,52,RGBDickson
1983,53,JBeetz
1984,46,WJudson
1984,49,WFSpence
1984,50,LPPigeon
1984,53,JBeetz
1984,54,LPGrandpre
1985,46,WJudson
1985,49,WFSpence
1985,50,LPPigeon
1985,51,BLaskin
1985,53,JBeetz
1986,45,RMartland
1986,46,WJudson
1986,49,WFSpence
1986,52,RGBDickson
1986,54,LPGrandpre
1987,45,RMartland
1987,47,RARitchie
1987,49,WFSpence
1987,52,RGBDickson
1987,53,JBeetz
1988,45,RMartland
1988,46,WJudson
1988,47,RARitchie
1988,49,WFSpence
1988,50,LPPigeon
1988,51,BLaskin
1988,52,RGBDickson
1988,53,JBeetz
1988,54,LPGrandpre
1989,45,RMartland
1989,46,WJudson
1989,47,RARitchie
1989,49,WFSpence
1989,50,LPPigeon
1989,51,BLaskin
1989,52,RGBDickson
1989,53,JBeetz
1989,54,LPGrandpre
1990,45,RMartland
1990,46,WJudson
1990,47,RARitchie
1990,49,WFSpence
1990,50,LPPigeon
1990,51,BLaskin
1990,52,RGBDickson
1990,53,JBeetz
1990,54,LPGrandpre
1991,46,WJudson
1991,49,WFSpence
1991,51,BLaskin
1991,53,JBeetz
1991,54,LPGrandpre
1992,45,RMartland
1992,46,WJudson
1992,49,WFSpence
1992,50,LPPigeon
1992,51,BLaskin
1992,52,RGBDickson
1992,53,JBeetz
1992,54,LPGrandpre
1993,50,LPPigeon
1993,51,BLaskin
1993,52,RGBDickson
1993,53,JBeetz
1993,54,LPGrandpre
1994,46,WJudson
1994,49,WFSpence
1994,51,BLaskin
1994,53,JBeetz
1994,54,LPGrandpre
1995,46,WJudson
1995,47,RARitchie
1995,51,BLaskin
1996,45,RMartland
1996,46,WJudson
1996,47,RARitchie
1996,49,WFSpence
1996,51,BLaskin
1997,46,WJudson
1997,47,RARitchie
1997,50,LPPigeon
1997,51,BLaskin
1997,52,RGBDickson
1998,46,WJudson
1998,47,RARitchie
1998,51,BLaskin
1998,53,JBeetz
1998,54,LPGrandpre
1999,45,RMartland
1999,46,WJudson
1999,47,RARitchie
1999,49,WFSpence
1999,50,LPPigeon
1999,51,BLaskin
1999,52,RGBDickson
1999,53,JBeetz
1999,54,LPGrandpre
2000,45,RMartland
2000,46,WJudson
2000,47,RARitchie
2000,49,WFSpence
2000,50,LPPigeon
2000,51,BLaskin
2000,52,RGBDickson
2000,53,JBeetz
2000,54,LPGrandpre
2001,45,RMartland
2001,46,WJudson
2001,47,RARitchie
2001,49,WFSpence
2001,50,LPPigeon
2001,51,BLaskin
2001,52,RGBDickson
2001,53,JBeetz
2001,54,LPGrandpre
2002,45,RMartland
2002,46,WJudson
2002,47,RARitchie
2002,49,WFSpence
2002,50,LPPigeon
2002,51,BLaskin
2002,52,RGBDickson
2002,53,JBeetz
2002,54,LPGrandpre
2003,45,RMartland
2003,46,WJudson
2003,50,LPPigeon
2003,52,RGBDickson
2003,54,LPGrandpre
2004,45,RMartland
2004,46,WJudson
2004,50,LPPigeon
2004,51,BLaskin
2004,54,LPGrandpre
2005,47,RARitchie
2005,49,WFSpence
2005,50,LPPigeon
2005,53,JBeetz
2005,54,LPGrandpre
2006,45,RMartland
2006,46,WJudson
2006,47,RARitchie
2006,49,WFSpence
2006,50,LPPigeon
2006,51,BLaskin
2006,52,RGBDickson
2006,53,JBeetz
2006,54,LPGrandpre
2007,45,RMartland
2007,46,WJudson
2007,47,RARitchie
2007,49,WFSpence
2007,50,LPPigeon
2007,51,BLaskin
2007,52,RGBDickson
2007,53,JBeetz
2007,54,LPGrandpre
2008,45,RMartland
2008,46,WJudson
2008,47,RARitchie
2008,49,WFSpence
2008,50,LPPigeon
2008,51,BLaskin
2008,52,RGBDickson
2008,53,JBeetz
2008,54,LPGrandpre
2009,46,WJudson
2009,47,RARitchie
2009,50,LPPigeon
2009,52,RGBDickson
2009,53,JBeetz
2010,45,RMartland
2010,47,RARitchie
2010,51,BLaskin
2010,52,RGBDickson
2010,53,JBeetz
2011,46,WJudson
2011,47,RARitchie
2011,49,WFSpence
2011,52,RGBDickson
2011,54,LPGrandpre
2012,46,WJudson
2012,47,RARitchie
2012,50,LPPigeon
2012,52,RGBDickson
2012,53,JBeetz
2013,45,RMartland
2013,47,RARitchie
2013,51,BLaskin
2013,52,RGBDickson
2013,53,JBeetz
2014,45,RMartland
2014,46,WJudson
2014,47,RARitchie
2014,49,WFSpence
2014,50,LPPigeon
2014,51,BLaskin
2014,52,RGBDickson
2014,53,JBeetz
2014,54,LPGrandpre
2015,46,WJudson
2015,49,WFSpence
2015,50,LPPigeon
2015,51,BLaskin
2015,52,RGBDickson
2016,45,RMartland
2016,46,WJudson
2016,47,RARitchie
2016,49,WFSpence
2016,50,LPPigeon
2016,51,BLaskin
2016,52,RGBDickson
2016,53,JBeetz
2016,54,LPGrandpre
2017,47,RARitchie
2017,50,LPPigeon
2017,51,BLaskin
2017,53,JBeetz
2017,54,LPGrandpre
2018,45,RMartland
2018,46,WJudson
2018,47,RARitchie
2018,49,WFSpence
2018,52,RGBDickson
2019,46,WJudson
2019,50,LPPigeon
2019,51,BLaskin
2019,52,RGBDickson
2019,53,JBeetz
2020,46,WJudson
2020,50,LPPigeon
2020,52,RGBDickson
2020,53,JBeetz
2020,54,LPGrandpre
2021,46,WJudson
2021,47,RARitchie
2021,50,LPPigeon
2021,52,RGBDickson
2021,53,JBeetz
2022,46,WJudson
2022,47,RARitchie
2022,49,WFSpence
2022,51,BLaskin
2022,52,RGBDickson
2023,45,RMartland
2023,46,WJudson
2023,49,WFSpence
2023,50,LPPigeon
2023,51,BLaskin
2023,52,RGBDickson
2023,53,JBeetz
2023,54,LPGrandpre
2024,45,RMartland
2024,46,WJudson
2024,47,RARitchie
2024,49,WFSpence
2024,50,LPPigeon
2024,51,BLaskin
2024,52,RGBDickson
2024,53,JBeetz
2024,54,LPGrandpre
2025,45,RMartland
2025,46,WJudson
2025,47,RARitchie
2025,49,WFSpence
2025,50,LPPigeon
2025,51,BLaskin
2025,52,RGBDickson
2025,53,JBeetz
2025,54,LPGrandpre
2026,45,RMartland
2026,46,WJudson
2026,47,RARitchie
2026,49,WFSpence
2026,50,LPPigeon
2026,51,BLaskin
2026,52,RGBDickson
2026,53,JBeetz
2026,54,LPGrandpre
2027,45,RMartland
2027,46,WJudson
2027,47,RARitchie
2027,49,WFSpence
2027,50,LPPigeon
2027,51,BLaskin
2027,52,RGBDickson
2027,53,JBeetz
2027,54,LPGrandpre
2028,45,RMartland
2028,46,WJudson
2028,47,RARitchie
2028,49,WFSpence
2028,50,LPPigeon
2028,51,BLaskin
2028,52,RGBDickson
2028,53,JBeetz
2028,54,LPGrandpre
2029,46,WJudson
2029,47,RARitchie
2029,49,WFSpence
2029,50,LPPigeon
2029,51,BLaskin
2029,53,JBeetz
2029,54,LPGrandpre
2030,45,RMartland
2030,46,WJudson
2030,47,RARitchie
2030,49,WFSpence
2030,50,LPPigeon
2030,51,BLaskin
2030,52,RGBDickson
2030,53,JBeetz
2030,54,LPGrandpre
2031,45,RMartland
2031,46,WJudson
2031,47,RARitchie
2031,52,RGBDickson
2031,53,JBeetz
2032,46,WJudson
2032,50,LPPigeon
2032,51,BLaskin
2032,52,RGBDickson
2032,54,LPGrandpre
2033,46,WJudson
2033,50,LPPigeon
2033,51,BLaskin
2033,52,RGBDickson
2033,54,LPGrandpre
2034,45,RMartland
2034,46,WJudson
2034,47,RARitchie
2034,49,WFSpence
2034,52,RGBDickson
2035,46,WJudson
2035,49,WFSpence
2035,51,BLaskin
2035,52,RGBDickson
2035,53,JBeetz
2036,45,RMartland
2036,46,WJudson
2036,49,WFSpence
2036,51,BLaskin
2036,52,RGBDickson
2037,45,RMartland
2037,46,WJudson
2037,47,RARitchie
2037,49,WFSpence
2037,50,LPPigeon
2037,51,BLaskin
2037,52,RGBDickson
2037,53,JBeetz
2037,54,LPGrandpre
2038,45,RMartland
2038,46,WJudson
2038,47,RARitchie
2038,49,WFSpence
2038,50,LPPigeon
2038,51,BLaskin
2038,52,RGBDickson
2038,53,JBeetz
2038,54,LPGrandpre
2039,45,RMartland
2039,46,WJudson
2039,47,RARitchie
2039,49,WFSpence
2039,50,LPPigeon
2039,51,BLaskin
2039,52,RGBDickson
2039,53,JBeetz
2039,54,LPGrandpre
2040,45,RMartland
2040,46,WJudson
2040,47,RARitchie
2040,49,WFSpence
2040,50,LPPigeon
2040,51,BLaskin
2040,52,RGBDickson
2040,53,JBeetz
2040,54,LPGrandpre
2041,45,RMartland
2041,46,WJudson
2041,47,RARitchie
2041,49,WFSpence
2041,50,LPPigeon
2041,51,BLaskin
2041,52,RGBDickson
2041,53,JBeetz
2041,54,LPGrandpre
2042,45,RMartland
2042,46,WJudson
2042,50,LPPigeon
2042,53,JBeetz
2042,54,LPGrandpre
2043,47,RARitchie
2043,49,WFSpence
2043,50,LPPigeon
2043,52,RGBDickson
2043,53,JBeetz
2044,45,RMartland
2044,46,WJudson
2044,47,RARitchie
2044,49,WFSpence
2044,50,LPPigeon
2044,51,BLaskin
2044,52,RGBDickson
2044,53,JBeetz
2044,54,LPGrandpre
2045,45,RMartland
2045,46,WJudson
2045,47,RARitchie
2045,49,WFSpence
2045,50,LPPigeon
2045,51,BLaskin
2045,52,RGBDickson
2045,53,JBeetz
2045,54,LPGrandpre
2046,45,RMartland
2046,46,WJudson
2046,47,RARitchie
2046,49,WFSpence
2046,50,LPPigeon
2046,51,BLaskin
2046,52,RGBDickson
2046,53,JBeetz
2046,54,LPGrandpre
2047,47,RARitchie
2047,49,WFSpence
2047,51,BLaskin
2047,52,RGBDickson
2047,53,JBeetz
2048,45,RMartland
2048,46,WJudson
2048,47,RARitchie
2048,49,WFSpence
2048,50,LPPigeon
2048,51,BLaskin
2048,52,RGBDickson
2048,53,JBeetz
2048,54,LPGrandpre
2049,45,RMartland
2049,46,WJudson
2049,47,RARitchie
2049,49,WFSpence
2049,50,LPPigeon
2049,51,BLaskin
2049,52,RGBDickson
2049,53,JBeetz
2049,54,LPGrandpre
2050,46,WJudson
2050,49,WFSpence
2050,51,BLaskin
2050,52,RGBDickson
2050,53,JBeetz
2051,45,RMartland
2051,46,WJudson
2051,49,WFSpence
2051,52,RGBDickson
2051,53,JBeetz
2052,50,LPPigeon
2052,51,BLaskin
2052,52,RGBDickson
2052,53,JBeetz
2053,45,RMartland
2053,46,WJudson
2053,47,RARitchie
2053,49,WFSpence
2053,50,LPPigeon
2053,51,BLaskin
2053,52,RGBDickson
2053,53,JBeetz
2053,54,LPGrandpre
2054,45,RMartland
2054,46,WJudson
2054,47,RARitchie
2054,49,WFSpence
2054,50,LPPigeon
2054,51,BLaskin
2054,52,RGBDickson
2054,53,JBeetz
2054,54,LPGrandpre
2055,45,RMartland
2055,46,WJudson
2055,47,RARitchie
2055,49,WFSpence
2055,50,LPPigeon
2055,51,BLaskin
2055,52,RGBDickson
2055,53,JBeetz
2055,54,LPGrandpre
2056,45,RMartland
2056,46,WJudson
2056,47,RARitchie
2056,49,WFSpence
2056,50,LPPigeon
2056,51,BLaskin
2056,52,RGBDickson
2056,53,JBeetz
2056,54,LPGrandpre
2057,45,RMartland
2057,46,WJudson
2057,47,RARitchie
2057,49,WFSpence
2057,50,LPPigeon
2057,51,BLaskin
2057,52,RGBDickson
2057,53,JBeetz
2057,54,LPGrandpre
2058,45,RMartland
2058,46,WJudson
2058,47,RARitchie
2058,49,WFSpence
2058,50,LPPigeon
2058,51,BLaskin
2058,52,RGBDickson
2058,53,JBeetz
2058,54,LPGrandpre
2059,45,RMartland
2059,46,WJudson
2059,47,RARitchie
2059,49,WFSpence
2059,50,LPPigeon
2059,51,BLaskin
2059,52,RGBDickson
2059,53,JBeetz
2059,54,LPGrandpre
2060,45,RMartland
2060,46,WJudson
2060,47,RARitchie
2060,49,WFSpence
2060,50,LPPigeon
2060,51,BLaskin
2060,52,RGBDickson
2060,53,JBeetz
2060,54,LPGrandpre
2061,46,WJudson
2061,47,RARitchie
2061,49,WFSpence
2061,51,BLaskin
2061,52,RGBDickson
2062,47,RARitchie
2062,49,WFSpence
2062,51,BLaskin
2062,53,JBeetz
2062,54,LPGrandpre
2063,46,WJudson
2063,47,RARitchie
2063,49,WFSpence
2063,51,BLaskin
2063,53,JBeetz
2064,47,RARitchie
2064,49,WFSpence
2064,50,LPPigeon
2064,53,JBeetz
2064,54,LPGrandpre
2065,46,WJudson
2065,47,RARitchie
2065,50,LPPigeon
2065,53,JBeetz
2065,54,LPGrandpre
2066,45,RMartland
2066,47,RARitchie
2066,49,WFSpence
2066,52,RGBDickson
2066,53,JBeetz
2067,46,WJudson
2067,47,RARitchie
2067,49,WFSpence
2067,51,BLaskin
2067,53,JBeetz
2068,47,RARitchie
2068,49,WFSpence
2068,51,BLaskin
2068,52,RGBDickson
2068,54,LPGrandpre
2069,45,RMartland
2069,46,WJudson
2069,49,WFSpence
2069,50,LPPigeon
2069,54,LPGrandpre
2070,46,WJudson
2070,49,WFSpence
2070,50,LPPigeon
2070,51,BLaskin
2070,54,LPGrandpre
2071,46,WJudson
2071,50,LPPigeon
2071,52,RGBDickson
2071,53,JBeetz
2071,54,LPGrandpre
2072,46,WJudson
2072,47,RARitchie
2072,49,WFSpence
2072,50,LPPigeon
2072,54,LPGrandpre
2073,45,RMartland
2073,46,WJudson
2073,47,RARitchie
2073,49,WFSpence
2073,50,LPPigeon
2073,51,BLaskin
2073,52,RGBDickson
2073,53,JBeetz
2074,45,RMartland
2074,46,WJudson
2074,47,RARitchie
2074,50,LPPigeon
2074,51,BLaskin
2074,52,RGBDickson
2074,53,JBeetz
2074,54,LPGrandpre
2075,45,RMartland
2075,46,WJudson
2075,47,RARitchie
2075,49,WFSpence
2075,50,LPPigeon
2075,51,BLaskin
2075,52,RGBDickson
2075,53,JBeetz
2075,54,LPGrandpre
2076,45,RMartland
2076,46,WJudson
2076,47,RARitchie
2076,49,WFSpence
2076,50,LPPigeon
2076,51,BLaskin
2076,52,RGBDickson
2076,53,JBeetz
2076,54,LPGrandpre
2077,45,RMartland
2077,46,WJudson
2077,47,RARitchie
2077,49,WFSpence
2077,50,LPPigeon
2077,51,BLaskin
2077,52,RGBDickson
2077,53,JBeetz
2077,54,LPGrandpre
2078,45,RMartland
2078,46,WJudson
2078,47,RARitchie
2078,49,WFSpence
2078,50,LPPigeon
2078,51,BLaskin
2078,52,RGBDickson
2078,53,JBeetz
2078,54,LPGrandpre
2079,45,RMartland
2079,46,WJudson
2079,47,RARitchie
2079,49,WFSpence
2079,50,LPPigeon
2079,52,RGBDickson
2079,53,JBeetz
2080,45,RMartland
2080,46,WJudson
2080,47,RARitchie
2080,49,WFSpence
2080,50,LPPigeon
2080,51,BLaskin
2080,52,RGBDickson
2080,53,JBeetz
2080,54,LPGrandpre
2081,45,RMartland
2081,46,WJudson
2081,47,RARitchie
2081,49,WFSpence
2081,50,LPPigeon
2081,51,BLaskin
2081,52,RGBDickson
2081,53,JBeetz
2081,54,LPGrandpre
2082,45,RMartland
2082,46,WJudson
2082,47,RARitchie
2082,49,WFSpence
2082,50,LPPigeon
2082,51,BLaskin
2082,52,RGBDickson
2082,53,JBeetz
2082,54,LPGrandpre
2083,45,RMartland
2083,46,WJudson
2083,49,WFSpence
2083,50,LPPigeon
2083,51,BLaskin
2083,53,JBeetz
2083,54,LPGrandpre
2084,45,RMartland
2084,46,WJudson
2084,47,RARitchie
2084,49,WFSpence
2084,50,LPPigeon
2084,51,BLaskin
2084,52,RGBDickson
2084,53,JBeetz
2084,54,LPGrandpre
2085,45,RMartland
2085,46,WJudson
2085,47,RARitchie
2085,49,WFSpence
2085,50,LPPigeon
2085,51,BLaskin
2085,52,RGBDickson
2085,53,JBeetz
2085,54,LPGrandpre
2086,45,RMartland
2086,46,WJudson
2086,49,WFSpence
2086,52,RGBDickson
2086,53,JBeetz
2087,49,WFSpence
2087,50,LPPigeon
2087,52,RGBDickson
2087,53,JBeetz
2087,54,LPGrandpre
2088,46,WJudson
2088,47,RARitchie
2088,52,RGBDickson
2088,53,JBeetz
2088,54,LPGrandpre
2089,45,RMartland
2089,47,RARitchie
2089,49,WFSpence
2089,50,LPPigeon
2089,51,BLaskin
2089,52,RGBDickson
2089,53,JBeetz
2089,54,LPGrandpre
2090,45,RMartland
2090,46,WJudson
2090,47,RARitchie
2090,49,WFSpence
2090,50,LPPigeon
2090,51,BLaskin
2090,52,RGBDickson
2091,45,RMartland
2091,46,WJudson
2091,49,WFSpence
2091,50,LPPigeon
2091,52,RGBDickson
2092,46,WJudson
2092,47,RARitchie
2092,49,WFSpence
2092,51,BLaskin
2092,53,JBeetz
2093,45,RMartland
2093,46,WJudson
2093,47,RARitchie
2093,49,WFSpence
2093,50,LPPigeon
2093,51,BLaskin
2093,52,RGBDickson
2093,53,JBeetz
2093,54,LPGrandpre
2094,45,RMartland
2094,46,WJudson
2094,47,RARitchie
2094,49,WFSpence
2094,50,LPPigeon
2094,51,BLaskin
2094,52,RGBDickson
2094,53,JBeetz
2094,54,LPGrandpre
2095,45,RMartland
2095,46,WJudson
2095,47,RARitchie
2095,49,WFSpence
2095,50,LPPigeon
2095,51,BLaskin
2095,52,RGBDickson
2095,53,JBeetz
2095,54,LPGrandpre
2096,45,RMartland
2096,46,WJudson
2096,47,RARitchie
2096,49,WFSpence
2096,50,LPPigeon
2096,51,BLaskin
2096,52,RGBDickson
2096,53,JBeetz
2096,54,LPGrandpre
2097,45,RMartland
2097,46,WJudson
2097,47,RARitchie
2097,50,LPPigeon
2097,51,BLaskin
2097,52,RGBDickson
2097,53,JBeetz
2097,54,LPGrandpre
2098,45,RMartland
2098,46,WJudson
2098,47,RARitchie
2098,49,WFSpence
2098,50,LPPigeon
2098,51,BLaskin
2098,52,RGBDickson
2098,53,JBeetz
2098,54,LPGrandpre
2099,45,RMartland
2099,47,RARitchie
2099,49,WFSpence
2099,51,BLaskin
2099,52,RGBDickson
2100,45,RMartland
2100,47,RARitchie
2100,50,LPPigeon
2100,53,JBeetz
2100,54,LPGrandpre
2101,45,RMartland
2101,46,WJudson
2101,47,RARitchie
2101,49,WFSpence
2101,50,LPPigeon
2101,51,BLaskin
2101,52,RGBDickson
2101,53,JBeetz
2101,54,LPGrandpre
2102,45,RMartland
2102,46,WJudson
2102,47,RARitchie
2102,49,WFSpence
2102,50,LPPigeon
2102,52,RGBDickson
2102,53,JBeetz
2102,54,LPGrandpre
2103,45,RMartland
2103,46,WJudson
2103,47,RARitchie
2103,49,WFSpence
2103,50,LPPigeon
2103,52,RGBDickson
2103,53,JBeetz
2103,54,LPGrandpre
2104,45,RMartland
2104,46,WJudson
2104,47,RARitchie
2104,49,WFSpence
2104,50,LPPigeon
2104,51,BLaskin
2104,52,RGBDickson
2104,53,JBeetz
2104,54,LPGrandpre
2105,46,WJudson
2105,50,LPPigeon
2105,52,RGBDickson
2105,53,JBeetz
2105,54,LPGrandpre
2106,45,RMartland
2106,47,RARitchie
2106,52,RGBDickson
2106,53,JBeetz
2106,54,LPGrandpre
2107,45,RMartland
2107,47,RARitchie
2107,49,WFSpence
2107,50,LPPigeon
2107,51,BLaskin
2107,53,JBeetz
2107,54,LPGrandpre
2108,45,RMartland
2108,46,WJudson
2108,47,RARitchie
2108,49,WFSpence
2108,50,LPPigeon
2108,52,RGBDickson
2108,53,JBeetz
2108,54,LPGrandpre
2109,45,RMartland
2109,46,WJudson
2109,47,RARitchie
2109,49,WFSpence
2109,50,LPPigeon
2109,51,BLaskin
2109,52,RGBDickson
2109,53,JBeetz
2109,54,LPGrandpre
2110,45,RMartland
2110,46,WJudson
2110,47,RARitchie
2110,49,WFSpence
2110,50,LPPigeon
2110,51,BLaskin
2110,52,RGBDickson
2110,53,JBeetz
2110,54,LPGrandpre
2111,45,RMartland
2111,46,WJudson
2111,47,RARitchie
2111,49,WFSpence
2111,50,LPPigeon
2111,51,BLaskin
2111,52,RGBDickson
2111,53,JBeetz
2111,54,LPGrandpre
2112,45,RMartland
2112,46,WJudson
2112,47,RARitchie
2112,49,WFSpence
2112,50,LPPigeon
2112,51,BLaskin
2112,52,RGBDickson
2112,53,JBeetz
2112,54,LPGrandpre
2113,45,RMartland
2113,46,WJudson
2113,47,RARitchie
2113,49,WFSpence
2113,50,LPPigeon
2113,51,BLaskin
2113,52,RGBDickson
2113,53,JBeetz
2113,54,LPGrandpre
2114,45,RMartland
2114,46,WJudson
2114,47,RARitchie
2114,51,BLaskin
2114,52,RGBDickson
2114,53,JBeetz
2114,54,LPGrandpre
2115,45,RMartland
2115,46,WJudson
2115,47,RARitchie
2115,49,WFSpence
2115,50,LPPigeon
2115,51,BLaskin
2115,52,RGBDickson
2115,53,JBeetz
2115,54,LPGrandpre
2116,46,WJudson
2116,50,LPPigeon
2116,51,BLaskin
2116,53,JBeetz
2116,54,LPGrandpre
2117,46,WJudson
2117,47,RARitchie
2117,49,WFSpence
2117,50,LPPigeon
2117,51,BLaskin
2117,52,RGBDickson
2117,53,JBeetz
2117,54,LPGrandpre
2118,45,RMartland
2118,46,WJudson
2118,47,RARitchie
2118,49,WFSpence
2118,50,LPPigeon
2118,51,BLaskin
2118,52,RGBDickson
2118,53,JBeetz
2118,54,LPGrandpre
2119,45,RMartland
2119,46,WJudson
2119,47,RARitchie
2119,49,WFSpence
2119,50,LPPigeon
2119,51,BLaskin
2119,52,RGBDickson
2119,53,JBeetz
2119,54,LPGrandpre
2120,45,RMartland
2120,46,WJudson
2120,49,WFSpence
2120,50,LPPigeon
2120,53,JBeetz
2121,49,WFSpence
2121,50,LPPigeon
2121,51,BLaskin
2121,52,RGBDickson
2121,53,JBeetz
2122,45,RMartland
2122,46,WJudson
2122,47,RARitchie
2122,49,WFSpence
2122,50,LPPigeon
2122,51,BLaskin
2122,52,RGBDickson
2122,53,JBeetz
2122,54,LPGrandpre
2123,45,RMartland
2123,46,WJudson
2123,47,RARitchie
2123,49,WFSpence
2123,50,LPPigeon
2123,51,BLaskin
2123,52,RGBDickson
2123,53,JBeetz
2123,54,LPGrandpre
2124,45,RMartland
2124,46,WJudson
2124,47,RARitchie
2124,49,WFSpence
2124,50,LPPigeon
2124,51,BLaskin
2124,52,RGBDickson
2124,53,JBeetz
2124,54,LPGrandpre
2125,45,RMartland
2125,46,WJudson
2125,47,RARitchie
2125,49,WFSpence
2125,50,LPPigeon
2125,51,BLaskin
2125,52,RGBDickson
2125,53,JBeetz
2125,54,LPGrandpre
2126,45,RMartland
2126,46,WJudson
2126,47,RARitchie
2126,49,WFSpence
2126,50,LPPigeon
2126,51,BLaskin
2126,52,RGBDickson
2126,53,JBeetz
2126,54,LPGrandpre
2127,45,RMartland
2127,46,WJudson
2127,47,RARitchie
2127,49,WFSpence
2127,50,LPPigeon
2127,51,BLaskin
2127,52,RGBDickson
2127,53,JBeetz
2127,54,LPGrandpre
2128,45,RMartland
2128,46,WJudson
2128,47,RARitchie
2128,49,WFSpence
2128,50,LPPigeon
2128,51,BLaskin
2128,52,RGBDickson
2128,53,JBeetz
2128,54,LPGrandpre
2129,45,RMartland
2129,46,WJudson
2129,47,RARitchie
2129,49,WFSpence
2129,50,LPPigeon
2129,51,BLaskin
2129,52,RGBDickson
2129,53,JBeetz
2129,54,LPGrandpre
2130,45,RMartland
2130,46,WJudson
2130,47,RARitchie
2130,49,WFSpence
2130,50,LPPigeon
2130,51,BLaskin
2130,52,RGBDickson
2130,53,JBeetz
2131,46,WJudson
2131,50,LPPigeon
2131,51,BLaskin
2131,53,JBeetz
2131,54,LPGrandpre
2132,45,RMartland
2132,46,WJudson
2132,47,RARitchie
2132,49,WFSpence
2132,50,LPPigeon
2132,51,BLaskin
2132,52,RGBDickson
2132,53,JBeetz
2132,54,LPGrandpre
2133,45,RMartland
2133,47,RARitchie
2133,50,LPPigeon
2133,53,JBeetz
2133,54,LPGrandpre
2134,45,RMartland
2134,50,LPPigeon
2134,51,BLaskin
2134,52,RGBDickson
2134,53,JBeetz
2134,54,LPGrandpre
2135,45,RMartland
2135,46,WJudson
2135,47,RARitchie
2135,49,WFSpence
2135,50,LPPigeon
2135,51,BLaskin
2135,52,RGBDickson
2135,53,JBeetz
2136,45,RMartland
2136,46,WJudson
2136,47,RARitchie
2136,49,WFSpence
2136,50,LPPigeon
2136,51,BLaskin
2136,52,RGBDickson
2136,53,JBeetz
2136,54,LPGrandpre
2137,45,RMartland
2137,49,WFSpence
2137,50,LPPigeon
2137,52,RGBDickson
2137,53,JBeetz
2138,45,RMartland
2138,46,WJudson
2138,47,RARitchie
2138,49,WFSpence
2138,50,LPPigeon
2138,51,BLaskin
2138,52,RGBDickson
2138,53,JBeetz
2138,54,LPGrandpre
2139,45,RMartland
2139,47,RARitchie
2139,49,WFSpence
2139,50,LPPigeon
2139,54,LPGrandpre
2140,46,WJudson
2140,47,RARitchie
2140,49,WFSpence
2140,50,LPPigeon
2140,52,RGBDickson
2141,45,RMartland
2141,46,WJudson
2141,47,RARitchie
2141,49,WFSpence
2141,50,LPPigeon
2141,51,BLaskin
2141,52,RGBDickson
2141,53,JBeetz
2141,54,LPGrandpre
2142,47,RARitchie
2142,51,BLaskin
2142,52,RGBDickson
2142,53,JBeetz
2142,54,LPGrandpre
2143,45,RMartland
2143,46,WJudson
2143,47,RARitchie
2143,49,WFSpence
2143,50,LPPigeon
2143,51,BLaskin
2143,52,RGBDickson
2143,53,JBeetz
2144,45,RMartland
2144,46,WJudson
2144,47,RARitchie
2144,49,WFSpence
2144,50,LPPigeon
2144,51,BLaskin
2144,52,RGBDickson
2144,53,JBeetz
2144,54,LPGrandpre
2145,45,RMartland
2145,46,WJudson
2145,47,RARitchie
2145,49,WFSpence
2145,50,LPPigeon
2145,51,BLaskin
2145,52,RGBDickson
2145,53,JBeetz
2145,54,LPGrandpre
2146,45,RMartland
2146,46,WJudson
2146,47,RARitchie
2146,49,WFSpence
2146,50,LPPigeon
2146,51,BLaskin
2146,52,RGBDickson
2146,53,JBeetz
2146,54,LPGrandpre
2147,45,RMartland
2147,46,WJudson
2147,47,RARitchie
2147,49,WFSpence
2147,50,LPPigeon
2147,51,BLaskin
2147,52,RGBDickson
2147,53,JBeetz
2147,54,LPGrandpre
2148,45,RMartland
2148,46,WJudson
2148,47,RARitchie
2148,49,WFSpence
2148,50,LPPigeon
2148,51,BLaskin
2148,52,RGBDickson
2148,53,JBeetz
2148,54,LPGrandpre
2149,45,RMartland
2149,46,WJudson
2149,47,RARitchie
2149,49,WFSpence
2149,50,LPPigeon
2149,51,BLaskin
2149,52,RGBDickson
2149,53,JBeetz
2149,54,LPGrandpre
2150,45,RMartland
2150,46,WJudson
2150,47,RARitchie
2150,49,WFSpence
2150,50,LPPigeon
2150,51,BLaskin
2150,52,RGBDickson
2150,53,JBeetz
2150,54,LPGrandpre
2151,50,LPPigeon
2151,51,BLaskin
2151,52,RGBDickson
2151,53,JBeetz
2151,54,LPGrandpre
2152,45,RMartland
2152,46,WJudson
2152,49,WFSpence
2152,50,LPPigeon
2152,52,RGBDickson
2153,45,RMartland
2153,46,WJudson
2153,49,WFSpence
2153,51,BLaskin
2153,53,JBeetz
2154,45,RMartland
2154,47,RARitchie
2154,49,WFSpence
2154,50,LPPigeon
2154,51,BLaskin
2154,52,RGBDickson
2154,53,JBeetz
2154,54,LPGrandpre
2155,45,RMartland
2155,46,WJudson
2155,47,RARitchie
2155,49,WFSpence
2155,50,LPPigeon
2155,51,BLaskin
2155,52,RGBDickson
2155,53,JBeetz
2155,54,LPGrandpre
2156,45,RMartland
2156,46,WJudson
2156,47,RARitchie
2156,49,WFSpence
2156,50,LPPigeon
2156,51,BLaskin
2156,52,RGBDickson
2156,53,JBeetz
2156,54,LPGrandpre
2157,45,RMartland
2157,46,WJudson
2157,47,RARitchie
2157,49,WFSpence
2157,50,LPPigeon
2157,51,BLaskin
2157,52,RGBDickson
2157,53,JBeetz
2157,54,LPGrandpre
2158,45,RMartland
2158,46,WJudson
2158,47,RARitchie
2158,49,WFSpence
2158,50,LPPigeon
2158,51,BLaskin
2158,52,RGBDickson
2158,53,JBeetz
2158,54,LPGrandpre
2159,45,RMartland
2159,47,RARitchie
2159,49,WFSpence
2159,52,RGBDickson
2159,53,JBeetz
2160,45,RMartland
2160,46,WJudson
2160,47,RARitchie
2160,50,LPPigeon
2160,51,BLaskin
2160,52,RGBDickson
2160,53,JBeetz
2160,54,LPGrandpre
2161,45,RMartland
2161,46,WJudson
2161,47,RARitchie
2161,49,WFSpence
2161,50,LPPigeon
2161,51,BLaskin
2161,52,RGBDickson
2161,53,JBeetz
2161,54,LPGrandpre
2162,46,WJudson
2162,47,RARitchie
2162,50,LPPigeon
2162,51,BLaskin
2162,52,RGBDickson
2163,46,WJudson
2163,49,WFSpence
2163,50,LPPigeon
2163,51,BLaskin
2163,52,RGBDickson
2164,49,WFSpence
2164,50,LPPigeon
2164,51,BLaskin
2164,53,JBeetz
2164,54,LPGrandpre
2165,45,RMartland
2165,46,WJudson
2165,47,RARitchie
2165,49,WFSpence
2165,50,LPPigeon
2165,51,BLaskin
2165,52,RGBDickson
2165,53,JBeetz
2165,54,LPGrandpre
2166,45,RMartland
2166,46,WJudson
2166,47,RARitchie
2166,49,WFSpence
2166,50,LPPigeon
2166,51,BLaskin
2166,53,JBeetz
2167,45,RMartland
2167,46,WJudson
2167,47,RARitchie
2167,49,WFSpence
2167,50,LPPigeon
2167,51,BLaskin
2167,52,RGBDickson
2167,53,JBeetz
2167,54,LPGrandpre
2168,47,RARitchie
2168,50,LPPigeon
2168,52,RGBDickson
2168,53,JBeetz
2168,54,LPGrandpre
2169,45,RMartland
2169,46,WJudson
2169,47,RARitchie
2169,49,WFSpence
2169,52,RGBDickson
2170,47,RARitchie
2170,50,LPPigeon
2170,52,RGBDickson
2170,53,JBeetz
2170,54,LPGrandpre
2171,45,RMartland
2171,46,WJudson
2171,49,WFSpence
2171,50,LPPigeon
2171,51,BLaskin
2171,52,RGBDickson
2171,53,JBeetz
2172,45,RMartland
2172,46,WJudson
2172,47,RARitchie
2172,49,WFSpence
2172,50,LPPigeon
2172,51,BLaskin
2172,52,RGBDickson
2172,53,JBeetz
2173,45,RMartland
2173,46,WJudson
2173,47,RARitchie
2173,49,WFSpence
2173,50,LPPigeon
2173,51,BLaskin
2173,52,RGBDickson
2173,53,JBeetz
2173,54,LPGrandpre
2174,45,RMartland
2174,46,WJudson
2174,47,RARitchie
2174,49,WFSpence
2174,50,LPPigeon
2174,51,BLaskin
2174,52,RGBDickson
2174,53,JBeetz
2174,54,LPGrandpre
2175,45,RMartland
2175,46,WJudson
2175,47,RARitchie
2175,49,WFSpence
2175,50,LPPigeon
2175,51,BLaskin
2175,52,RGBDickson
2175,53,JBeetz
2175,54,LPGrandpre
2176,45,RMartland
2176,46,WJudson
2176,47,RARitchie
2176,49,WFSpence
2176,50,LPPigeon
2176,51,BLaskin
2176,52,RGBDickson
2176,53,JBeetz
2176,54,LPGrandpre
2177,45,RMartland
2177,46,WJudson
2177,47,RARitchie
2177,49,WFSpence
2177,50,LPPigeon
2177,51,BLaskin
2177,52,RGBDickson
2178,45,RMartland
2178,46,WJudson
2178,47,RARitchie
2178,49,WFSpence
2178,50,LPPigeon
2178,51,BLaskin
2178,52,RGBDickson
2178,53,JBeetz
2178,54,LPGrandpre
2179,45,RMartland
2179,46,WJudson
2179,47,RARitchie
2179,49,WFSpence
2179,50,LPPigeon
2179,51,BLaskin
2179,52,RGBDickson
2179,53,JBeetz
2179,54,LPGrandpre
2180,46,WJudson
2180,49,WFSpence
2180,50,LPPigeon
2180,51,BLaskin
2180,54,LPGrandpre
2181,45,RMartland
2181,46,WJudson
2181,49,WFSpence
2181,52,RGBDickson
2181,53,JBeetz
2182,45,RMartland
2182,50,LPPigeon
2182,52,RGBDickson
2182,53,JBeetz
2183,47,RARitchie
2183,49,WFSpence
2183,50,LPPigeon
2183,53,JBeetz
2183,54,LPGrandpre
2184,47,RARitchie
2184,50,LPPigeon
2184,52,RGBDickson
2184,53,JBeetz
2184,54,LPGrandpre
2185,46,WJudson
2185,47,RARitchie
2185,50,LPPigeon
2185,53,JBeetz
2185,54,LPGrandpre
2186,45,RMartland
2186,46,WJudson
2186,47,RARitchie
2186,51,BLaskin
2186,52,RGBDickson
2187,45,RMartland
2187,46,WJudson
2187,47,RARitchie
2187,49,WFSpence
2187,50,LPPigeon
2187,51,BLaskin
2187,52,RGBDickson
2188,45,RMartland
2188,46,WJudson
2188,47,RARitchie
2188,49,WFSpence
2188,50,LPPigeon
2188,51,BLaskin
2188,52,RGBDickson
2188,53,JBeetz
2188,54,LPGrandpre
2189,45,RMartland
2189,46,WJudson
2189,47,RARitchie
2189,49,WFSpence
2189,50,LPPigeon
2189,51,BLaskin
2189,52,RGBDickson
2189,53,JBeetz
2190,45,RMartland
2190,47,RARitchie
2190,49,WFSpence
2190,50,LPPigeon
2190,51,BLaskin
2190,52,RGBDickson
2190,53,JBeetz
2190,55,WZEstey
2190,56,YPratte
2191,45,RMartland
2191,46,WJudson
2191,47,RARitchie
2191,49,WFSpence
2191,50,LPPigeon
2191,51,BLaskin
2191,52,RGBDickson
2191,53,JBeetz
2191,54,LPGrandpre
2192,45,RMartland
2192,47,RARitchie
2192,49,WFSpence
2192,50,LPPigeon
2192,52,RGBDickson
2193,45,RMartland
2193,47,RARitchie
2193,49,WFSpence
2193,50,LPPigeon
2193,51,BLaskin
2193,52,RGBDickson
2193,53,JBeetz
2193,56,YPratte
2194,45,RMartland
2194,47,RARitchie
2194,49,WFSpence
2194,50,LPPigeon
2194,52,RGBDickson
2194,53,JBeetz
2194,56,YPratte
2195,45,RMartland
2195,47,RARitchie
2195,49,WFSpence
2195,50,LPPigeon
2195,51,BLaskin
2195,52,RGBDickson
2195,53,JBeetz
2196,50,LPPigeon
2196,51,BLaskin
2196,52,RGBDickson
2196,53,JBeetz
2196,56,YPratte
2197,50,LPPigeon
2197,51,BLaskin
2197,52,RGBDickson
2197,53,JBeetz
2197,56,YPratte
2198,45,RMartland
2198,46,WJudson
2198,47,RARitchie
2198,49,WFSpence
2198,50,LPPigeon
2198,51,BLaskin
2198,52,RGBDickson
2198,53,JBeetz
2198,54,LPGrandpre
2199,46,WJudson
2199,47,RARitchie
2199,50,LPPigeon
2199,53,JBeetz
2199,54,LPGrandpre
2200,45,RMartland
2200,47,RARitchie
2200,49,WFSpence
2200,50,LPPigeon
2200,51,BLaskin
2200,52,RGBDickson
2200,53,JBeetz
2201,45,RMartland
2201,47,RARitchie
2201,49,WFSpence
2201,50,LPPigeon
2201,51,BLaskin
2201,52,RGBDickson
2201,53,JBeetz
2201,55,WZEstey
2201,56,YPratte
2202,45,RMartland
2202,46,WJudson
2202,47,RARitchie
2202,49,WFSpence
2202,50,LPPigeon
2202,51,BLaskin
2202,52,RGBDickson
2202,53,JBeetz
2202,54,LPGrandpre
2203,47,RARitchie
2203,49,WFSpence
2203,50,LPPigeon
2203,55,WZEstey
2203,56,YPratte
2204,45,RMartland
2204,47,RARitchie
2204,49,WFSpence
2204,50,LPPigeon
2204,51,BLaskin
2204,52,RGBDickson
2204,53,JBeetz
2204,56,YPratte
2205,45,RMartland
2205,47,RARitchie
2205,49,WFSpence
2205,50,LPPigeon
2205,51,BLaskin
2205,52,RGBDickson
2205,53,JBeetz
2205,55,WZEstey
2205,56,YPratte
2206,45,RMartland
2206,47,RARitchie
2206,49,WFSpence
2206,50,LPPigeon
2206,51,BLaskin
2206,52,RGBDickson
2206,53,JBeetz
2206,55,WZEstey
2206,56,YPratte
2207,45,RMartland
2207,46,WJudson
2207,47,RARitchie
2207,49,WFSpence
2207,50,LPPigeon
2207,51,BLaskin
2207,52,RGBDickson
2207,53,JBeetz
2207,54,LPGrandpre
2208,45,RMartland
2208,46,WJudson
2208,47,RARitchie
2208,49,WFSpence
2208,50,LPPigeon
2208,51,BLaskin
2208,52,RGBDickson
2208,53,JBeetz
2208,54,LPGrandpre
2209,45,RMartland
2209,46,WJudson
2209,47,RARitchie
2209,49,WFSpence
2209,50,LPPigeon
2209,51,BLaskin
2209,52,RGBDickson
2209,53,JBeetz
2209,54,LPGrandpre
2210,45,RMartland
2210,49,WFSpence
2210,53,JBeetz
2210,55,WZEstey
2210,56,YPratte
2211,45,RMartland
2211,47,RARitchie
2211,50,LPPigeon
2211,52,RGBDickson
2211,53,JBeetz
2211,55,WZEstey
2211,58,JChoinard
2212,45,RMartland
2212,47,RARitchie
2212,49,WFSpence
2212,50,LPPigeon
2212,51,BLaskin
2212,52,RGBDickson
2212,53,JBeetz
2212,55,WZEstey
2212,56,YPratte
2213,45,RMartland
2213,46,WJudson
2213,47,RARitchie
2213,49,WFSpence
2213,50,LPPigeon
2213,51,BLaskin
2213,52,RGBDickson
2213,53,JBeetz
2213,54,LPGrandpre
2214,45,RMartland
2214,47,RARitchie
2214,49,WFSpence
2214,50,LPPigeon
2214,51,BLaskin
2214,52,RGBDickson
2214,53,JBeetz
2214,55,WZEstey
2214,56,YPratte
2215,45,RMartland
2215,46,WJudson
2215,47,RARitchie
2215,49,WFSpence
2215,50,LPPigeon
2215,51,BLaskin
2215,52,RGBDickson
2215,53,JBeetz
2215,54,LPGrandpre
2216,45,RMartland
2216,49,WFSpence
2216,50,LPPigeon
2216,53,JBeetz
2216,54,LPGrandpre
2217,45,RMartland
2217,49,WFSpence
2217,50,LPPigeon
2217,51,BLaskin
2217,52,RGBDickson
2217,53,JBeetz
2217,56,YPratte
2218,45,RMartland
2218,46,WJudson
2218,47,RARitchie
2218,49,WFSpence
2218,50,LPPigeon
2218,51,BLaskin
2218,52,RGBDickson
2218,53,JBeetz
2218,54,LPGrandpre
2219,45,RMartland
2219,46,WJudson
2219,47,RARitchie
2219,49,WFSpence
2219,50,LPPigeon
2219,51,BLaskin
2219,52,RGBDickson
2219,53,JBeetz
2219,54,LPGrandpre
2220,45,RMartland
2220,46,WJudson
2220,47,RARitchie
2220,49,WFSpence
2220,50,LPPigeon
2220,51,BLaskin
2220,52,RGBDickson
2220,53,JBeetz
2220,54,LPGrandpre
2221,45,RMartland
2221,46,WJudson
2221,47,RARitchie
2221,49,WFSpence
2221,50,LPPigeon
2221,51,BLaskin
2221,52,RGBDickson
2221,53,JBeetz
2221,54,LPGrandpre
2222,45,RMartland
2222,46,WJudson
2222,47,RARitchie
2222,49,WFSpence
2222,50,LPPigeon
2222,51,BLaskin
2222,52,RGBDickson
2222,53,JBeetz
2222,54,LPGrandpre
2223,45,RMartland
2223,46,WJudson
2223,47,RARitchie
2223,49,WFSpence
2223,50,LPPigeon
2223,51,BLaskin
2223,52,RGBDickson
2223,53,JBeetz
2223,54,LPGrandpre
2224,45,RMartland
2224,46,WJudson
2224,47,RARitchie
2224,49,WFSpence
2224,50,LPPigeon
2224,51,BLaskin
2224,52,RGBDickson
2224,53,JBeetz
2224,54,LPGrandpre
2225,45,RMartland
2225,46,WJudson
2225,47,RARitchie
2225,49,WFSpence
2225,50,LPPigeon
2225,51,BLaskin
2225,52,RGBDickson
2225,53,JBeetz
2225,54,LPGrandpre
2226,45,RMartland
2226,46,WJudson
2226,47,RARitchie
2226,49,WFSpence
2226,50,LPPigeon
2226,51,BLaskin
2226,52,RGBDickson
2226,53,JBeetz
2226,54,LPGrandpre
2227,45,RMartland
2227,46,WJudson
2227,47,RARitchie
2227,49,WFSpence
2227,50,LPPigeon
2227,51,BLaskin
2227,52,RGBDickson
2227,53,JBeetz
2227,54,LPGrandpre
2228,45,RMartland
2228,47,RARitchie
2228,49,WFSpence
2228,50,LPPigeon
2228,51,BLaskin
2228,52,RGBDickson
2228,56,YPratte
2229,45,RMartland
2229,47,RARitchie
2229,49,WFSpence
2229,50,LPPigeon
2229,51,BLaskin
2229,52,RGBDickson
2229,53,JBeetz
2229,55,WZEstey
2229,56,YPratte
2230,45,RMartland
2230,47,RARitchie
2230,50,LPPigeon
2230,53,JBeetz
2230,54,LPGrandpre
2231,47,RARitchie
2231,49,WFSpence
2231,51,BLaskin
2231,52,RGBDickson
2231,53,JBeetz
2232,47,RARitchie
2232,49,WFSpence
2232,51,BLaskin
2232,52,RGBDickson
2232,53,JBeetz
2233,47,RARitchie
2233,50,LPPigeon
2233,52,RGBDickson
2233,53,JBeetz
2233,56,YPratte
2234,47,RARitchie
2234,50,LPPigeon
2234,52,RGBDickson
2234,53,JBeetz
2234,56,YPratte
2235,45,RMartland
2235,47,RARitchie
2235,49,WFSpence
2235,50,LPPigeon
2235,51,BLaskin
2235,52,RGBDickson
2235,53,JBeetz
2236,45,RMartland
2236,47,RARitchie
2236,49,WFSpence
2236,50,LPPigeon
2236,51,BLaskin
2236,52,RGBDickson
2236,53,JBeetz
2236,55,WZEstey
2236,56,YPratte
2237,45,RMartland
2237,47,RARitchie
2237,49,WFSpence
2237,50,LPPigeon
2237,51,BLaskin
2237,52,RGBDickson
2237,53,JBeetz
2237,55,WZEstey
2237,56,YPratte
2238,45,RMartland
2238,47,RARitchie
2238,49,WFSpence
2238,50,LPPigeon
2238,51,BLaskin
2238,52,RGBDickson
2238,53,JBeetz
2238,55,WZEstey
2238,56,YPratte
2239,45,RMartland
2239,47,RARitchie
2239,49,WFSpence
2239,50,LPPigeon
2239,51,BLaskin
2239,52,RGBDickson
2239,53,JBeetz
2239,55,WZEstey
2239,56,YPratte
2240,45,RMartland
2240,47,RARitchie
2240,49,WFSpence
2240,50,LPPigeon
2240,51,BLaskin
2240,52,RGBDickson
2240,53,JBeetz
2240,55,WZEstey
2240,56,YPratte
2241,45,RMartland
2241,49,WFSpence
2241,50,LPPigeon
2241,51,BLaskin
2241,52,RGBDickson
2241,55,WZEstey
2241,56,YPratte
2242,45,RMartland
2242,49,WFSpence
2242,50,LPPigeon
2242,51,BLaskin
2242,52,RGBDickson
2242,53,JBeetz
2242,55,WZEstey
2243,45,RMartland
2243,50,LPPigeon
2243,52,RGBDickson
2243,53,JBeetz
2243,56,YPratte
2244,45,RMartland
2244,47,RARitchie
2244,49,WFSpence
2244,50,LPPigeon
2244,52,RGBDickson
2244,53,JBeetz
2244,56,YPratte
2245,45,RMartland
2245,49,WFSpence
2245,50,LPPigeon
2245,51,BLaskin
2245,52,RGBDickson
2245,53,JBeetz
2245,55,WZEstey
2246,45,RMartland
2246,47,RARitchie
2246,50,LPPigeon
2246,51,BLaskin
2246,52,RGBDickson
2246,53,JBeetz
2246,56,YPratte
2247,47,RARitchie
2247,49,WFSpence
2247,50,LPPigeon
2247,52,RGBDickson
2247,56,YPratte
2248,45,RMartland
2248,47,RARitchie
2248,49,WFSpence
2248,50,LPPigeon
2248,51,BLaskin
2248,52,RGBDickson
2248,53,JBeetz
2248,55,WZEstey
2248,56,YPratte
2249,45,RMartland
2249,47,RARitchie
2249,49,WFSpence
2249,52,RGBDickson
2249,53,JBeetz
2250,45,RMartland
2250,47,RARitchie
2250,49,WFSpence
2250,50,LPPigeon
2250,51,BLaskin
2250,52,RGBDickson
2250,53,JBeetz
2250,55,WZEstey
2250,56,YPratte
2251,45,RMartland
2251,47,RARitchie
2251,49,WFSpence
2251,50,LPPigeon
2251,51,BLaskin
2251,52,RGBDickson
2251,53,JBeetz
2251,55,WZEstey
2251,56,YPratte
2252,45,RMartland
2252,47,RARitchie
2252,49,WFSpence
2252,51,BLaskin
2252,55,WZEstey
2253,50,LPPigeon
2253,52,RGBDickson
2253,53,JBeetz
2253,55,WZEstey
2253,56,YPratte
2254,45,RMartland
2254,49,WFSpence
2254,50,LPPigeon
2254,52,RGBDickson
2254,53,JBeetz
2255,47,RARitchie
2255,49,WFSpence
2255,52,RGBDickson
2255,55,WZEstey
2255,56,YPratte
2256,45,RMartland
2256,47,RARitchie
2256,50,LPPigeon
2256,51,BLaskin
2256,52,RGBDickson
2257,50,LPPigeon
2257,52,RGBDickson
2257,53,JBeetz
2257,55,WZEstey
2257,56,YPratte
2258,45,RMartland
2258,47,RARitchie
2258,49,WFSpence
2258,50,LPPigeon
2258,51,BLaskin
2258,52,RGBDickson
2258,53,JBeetz
2258,55,WZEstey
2258,56,YPratte
2259,45,RMartland
2259,47,RARitchie
2259,49,WFSpence
2259,50,LPPigeon
2259,51,BLaskin
2259,52,RGBDickson
2259,53,JBeetz
2259,55,WZEstey
2259,56,YPratte
2260,45,RMartland
2260,47,RARitchie
2260,49,WFSpence
2260,50,LPPigeon
2260,51,BLaskin
2260,52,RGBDickson
2260,53,JBeetz
2260,55,WZEstey
2260,56,YPratte
2261,45,RMartland
2261,47,RARitchie
2261,49,WFSpence
2261,50,LPPigeon
2261,51,BLaskin
2261,52,RGBDickson
2261,53,JBeetz
2261,55,WZEstey
2261,56,YPratte
2262,45,RMartland
2262,47,RARitchie
2262,49,WFSpence
2262,50,LPPigeon
2262,51,BLaskin
2262,52,RGBDickson
2262,53,JBeetz
2262,55,WZEstey
2262,56,YPratte
2263,45,RMartland
2263,47,RARitchie
2263,49,WFSpence
2263,50,LPPigeon
2263,51,BLaskin
2263,52,RGBDickson
2263,53,JBeetz
2263,55,WZEstey
2263,56,YPratte
2264,45,RMartland
2264,47,RARitchie
2264,49,WFSpence
2264,50,LPPigeon
2264,51,BLaskin
2264,52,RGBDickson
2264,53,JBeetz
2264,55,WZEstey
2264,56,YPratte
2265,45,RMartland
2265,47,RARitchie
2265,49,WFSpence
2265,50,LPPigeon
2265,51,BLaskin
2265,52,RGBDickson
2265,53,JBeetz
2265,55,WZEstey
2265,56,YPratte
2266,45,RMartland
2266,47,RARitchie
2266,52,RGBDickson
2266,53,JBeetz
2266,56,YPratte
2267,45,RMartland
2267,47,RARitchie
2267,49,WFSpence
2267,50,LPPigeon
2267,51,BLaskin
2267,52,RGBDickson
2267,56,YPratte
2268,50,LPPigeon
2268,52,RGBDickson
2268,53,JBeetz
2268,55,WZEstey
2268,56,YPratte
2269,45,RMartland
2269,47,RARitchie
2269,49,WFSpence
2269,50,LPPigeon
2269,51,BLaskin
2269,52,RGBDickson
2269,53,JBeetz
2269,55,WZEstey
2269,56,YPratte
2270,45,RMartland
2270,47,RARitchie
2270,49,WFSpence
2270,50,LPPigeon
2270,51,BLaskin
2270,52,RGBDickson
2270,53,JBeetz
2270,55,WZEstey
2270,56,YPratte
2271,45,RMartland
2271,47,RARitchie
2271,52,RGBDickson
2271,55,WZEstey
2271,56,YPratte
2272,49,WFSpence
2272,50,LPPigeon
2272,52,RGBDickson
2272,53,JBeetz
2272,56,YPratte
2273,45,RMartland
2273,47,RARitchie
2273,49,WFSpence
2273,52,RGBDickson
2273,53,JBeetz
2273,55,WZEstey
2273,56,YPratte
2274,45,RMartland
2274,49,WFSpence
2274,50,LPPigeon
2274,51,BLaskin
2274,55,WZEstey
2275,49,WFSpence
2275,50,LPPigeon
2275,51,BLaskin
2275,52,RGBDickson
2275,55,WZEstey
2276,50,LPPigeon
2276,52,RGBDickson
2276,53,JBeetz
2276,55,WZEstey
2276,56,YPratte
2277,47,RARitchie
2277,49,WFSpence
2277,53,JBeetz
2277,55,WZEstey
2277,56,YPratte
2278,45,RMartland
2278,49,WFSpence
2278,50,LPPigeon
2278,52,RGBDickson
2278,53,JBeetz
2279,45,RMartland
2279,47,RARitchie
2279,49,WFSpence
2279,50,LPPigeon
2279,51,BLaskin
2279,52,RGBDickson
2279,53,JBeetz
2279,55,WZEstey
2279,56,YPratte
2280,45,RMartland
2280,47,RARitchie
2280,49,WFSpence
2280,50,LPPigeon
2280,51,BLaskin
2280,52,RGBDickson
2280,53,JBeetz
2280,55,WZEstey
2280,56,YPratte
2281,45,RMartland
2281,47,RARitchie
2281,49,WFSpence
2281,50,LPPigeon
2281,51,BLaskin
2281,52,RGBDickson
2281,53,JBeetz
2281,55,WZEstey
2281,56,YPratte
2282,45,RMartland
2282,47,RARitchie
2282,49,WFSpence
2282,50,LPPigeon
2282,51,BLaskin
2282,52,RGBDickson
2282,53,JBeetz
2282,55,WZEstey
2282,56,YPratte
2283,47,RARitchie
2283,50,LPPigeon
2283,52,RGBDickson
2283,53,JBeetz
2283,56,YPratte
2284,45,RMartland
2284,49,WFSpence
2284,51,BLaskin
2284,52,RGBDickson
2284,53,JBeetz
2284,55,WZEstey
2284,56,YPratte
2285,45,RMartland
2285,47,RARitchie
2285,49,WFSpence
2285,51,BLaskin
2285,55,WZEstey
2286,47,RARitchie
2286,49,WFSpence
2286,50,LPPigeon
2286,52,RGBDickson
2286,53,JBeetz
2286,55,WZEstey
2286,56,YPratte
2287,47,RARitchie
2287,49,WFSpence
2287,50,LPPigeon
2287,51,BLaskin
2287,52,RGBDickson
2287,55,WZEstey
2287,56,YPratte
2288,45,RMartland
2288,47,RARitchie
2288,49,WFSpence
2288,50,LPPigeon
2288,51,BLaskin
2288,52,RGBDickson
2288,56,YPratte
2289,45,RMartland
2289,49,WFSpence
2289,50,LPPigeon
2289,51,BLaskin
2289,52,RGBDickson
2289,55,WZEstey
2289,56,YPratte
2290,45,RMartland
2290,47,RARitchie
2290,49,WFSpence
2290,50,LPPigeon
2290,52,RGBDickson
2290,55,WZEstey
2290,56,YPratte
2291,45,RMartland
2291,47,RARitchie
2291,49,WFSpence
2291,50,LPPigeon
2291,51,BLaskin
2291,52,RGBDickson
2291,53,JBeetz
2292,45,RMartland
2292,47,RARitchie
2292,50,LPPigeon
2292,51,BLaskin
2292,52,RGBDickson
2292,53,JBeetz
2292,56,YPratte
2293,45,RMartland
2293,47,RARitchie
2293,49,WFSpence
2293,50,LPPigeon
2293,51,BLaskin
2293,52,RGBDickson
2293,53,JBeetz
2293,55,WZEstey
2293,56,YPratte
2294,45,RMartland
2294,47,RARitchie
2294,49,WFSpence
2294,50,LPPigeon
2294,51,BLaskin
2294,52,RGBDickson
2294,53,JBeetz
2294,55,WZEstey
2294,56,YPratte
2295,45,RMartland
2295,47,RARitchie
2295,49,WFSpence
2295,50,LPPigeon
2295,51,BLaskin
2295,52,RGBDickson
2295,53,JBeetz
2295,55,WZEstey
2295,56,YPratte
2296,45,RMartland
2296,47,RARitchie
2296,49,WFSpence
2296,50,LPPigeon
2296,51,BLaskin
2296,52,RGBDickson
2296,53,JBeetz
2296,55,WZEstey
2296,56,YPratte
2297,45,RMartland
2297,47,RARitchie
2297,49,WFSpence
2297,50,LPPigeon
2297,51,BLaskin
2297,52,RGBDickson
2297,53,JBeetz
2297,55,WZEstey
2297,56,YPratte
2298,45,RMartland
2298,47,RARitchie
2298,49,WFSpence
2298,50,LPPigeon
2298,52,RGBDickson
2298,53,JBeetz
2298,55,WZEstey
2299,45,RMartland
2299,47,RARitchie
2299,49,WFSpence
2299,50,LPPigeon
2299,51,BLaskin
2299,52,RGBDickson
2299,53,JBeetz
2299,55,WZEstey
2299,56,YPratte
2300,45,RMartland
2300,47,RARitchie
2300,49,WFSpence
2300,52,RGBDickson
2300,53,JBeetz
2301,50,LPPigeon
2301,52,RGBDickson
2301,53,JBeetz
2301,55,WZEstey
2301,56,YPratte
2302,45,RMartland
2302,47,RARitchie
2302,49,WFSpence
2302,50,LPPigeon
2302,51,BLaskin
2302,52,RGBDickson
2302,53,JBeetz
2302,55,WZEstey
2302,56,YPratte
2303,45,RMartland
2303,50,LPPigeon
2303,52,RGBDickson
2303,53,JBeetz
2303,56,YPratte
2304,45,RMartland
2304,47,RARitchie
2304,50,LPPigeon
2304,52,RGBDickson
2304,53,JBeetz
2304,55,WZEstey
2304,56,YPratte
2305,45,RMartland
2305,47,RARitchie
2305,49,WFSpence
2305,50,LPPigeon
2305,53,JBeetz
2305,55,WZEstey
2305,56,YPratte
2306,45,RMartland
2306,47,RARitchie
2306,49,WFSpence
2306,50,LPPigeon
2306,52,RGBDickson
2306,53,JBeetz
2306,55,WZEstey
2306,56,YPratte
2307,45,RMartland
2307,47,RARitchie
2307,49,WFSpence
2307,50,LPPigeon
2307,51,BLaskin
2307,52,RGBDickson
2307,53,JBeetz
2307,55,WZEstey
2307,56,YPratte
2308,45,RMartland
2308,50,LPPigeon
2308,52,RGBDickson
2308,53,JBeetz
2308,56,YPratte
2309,47,RARitchie
2309,49,WFSpence
2309,50,LPPigeon
2309,51,BLaskin
2309,52,RGBDickson
2310,45,RMartland
2310,47,RARitchie
2310,49,WFSpence
2310,50,LPPigeon
2310,51,BLaskin
2310,52,RGBDickson
2310,53,JBeetz
2310,55,WZEstey
2310,56,YPratte
2311,50,LPPigeon
2311,52,RGBDickson
2311,53,JBeetz
2311,55,WZEstey
2311,56,YPratte
2312,45,RMartland
2312,47,RARitchie
2312,50,LPPigeon
2312,52,RGBDickson
2312,53,JBeetz
2312,55,WZEstey
2312,56,YPratte
2313,45,RMartland
2313,47,RARitchie
2313,49,WFSpence
2313,50,LPPigeon
2313,51,BLaskin
2313,52,RGBDickson
2313,53,JBeetz
2313,55,WZEstey
2313,56,YPratte
2314,45,RMartland
2314,47,RARitchie
2314,49,WFSpence
2314,50,LPPigeon
2314,51,BLaskin
2314,52,RGBDickson
2314,53,JBeetz
2314,55,WZEstey
2314,56,YPratte
2315,47,RARitchie
2315,49,WFSpence
2315,50,LPPigeon
2315,51,BLaskin
2315,52,RGBDickson
2315,53,JBeetz
2315,55,WZEstey
2316,45,RMartland
2316,47,RARitchie
2316,50,LPPigeon
2316,52,RGBDickson
2316,55,WZEstey
2317,50,LPPigeon
2317,52,RGBDickson
2317,53,JBeetz
2317,55,WZEstey
2317,56,YPratte
2318,49,WFSpence
2318,50,LPPigeon
2318,53,JBeetz
2318,55,WZEstey
2318,56,YPratte
2319,50,LPPigeon
2319,52,RGBDickson
2319,53,JBeetz
2319,55,WZEstey
2319,56,YPratte
2320,45,RMartland
2320,47,RARitchie
2320,49,WFSpence
2320,50,LPPigeon
2320,52,RGBDickson
2320,55,WZEstey
2320,56,YPratte
2321,45,RMartland
2321,47,RARitchie
2321,49,WFSpence
2321,50,LPPigeon
2321,51,BLaskin
2321,52,RGBDickson
2321,53,JBeetz
2321,55,WZEstey
2321,56,YPratte
2322,45,RMartland
2322,47,RARitchie
2322,49,WFSpence
2322,50,LPPigeon
2322,51,BLaskin
2322,52,RGBDickson
2322,53,JBeetz
2322,55,WZEstey
2322,56,YPratte
2323,45,RMartland
2323,46,WJudson
2323,47,RARitchie
2323,49,WFSpence
2323,50,LPPigeon
2323,51,BLaskin
2323,52,RGBDickson
2323,53,JBeetz
2323,54,LPGrandpre
2324,45,RMartland
2324,47,RARitchie
2324,49,WFSpence
2324,50,LPPigeon
2324,51,BLaskin
2324,52,RGBDickson
2324,53,JBeetz
2324,55,WZEstey
2324,56,YPratte
2325,45,RMartland
2325,47,RARitchie
2325,49,WFSpence
2325,50,LPPigeon
2325,51,BLaskin
2325,52,RGBDickson
2325,53,JBeetz
2325,55,WZEstey
2325,56,YPratte
2326,47,RARitchie
2326,50,LPPigeon
2326,52,RGBDickson
2326,53,JBeetz
2326,55,WZEstey
2327,50,LPPigeon
2327,52,RGBDickson
2327,53,JBeetz
2327,55,WZEstey
2327,56,YPratte
2328,50,LPPigeon
2328,51,BLaskin
2328,52,RGBDickson
2328,55,WZEstey
2328,56,YPratte
2329,49,WFSpence
2329,50,LPPigeon
2329,52,RGBDickson
2329,55,WZEstey
2329,56,YPratte
2330,45,RMartland
2330,47,RARitchie
2330,49,WFSpence
2330,50,LPPigeon
2330,51,BLaskin
2330,52,RGBDickson
2330,53,JBeetz
2330,55,WZEstey
2330,56,YPratte
2331,45,RMartland
2331,47,RARitchie
2331,49,WFSpence
2331,50,LPPigeon
2331,51,BLaskin
2331,52,RGBDickson
2331,53,JBeetz
2331,55,WZEstey
2331,56,YPratte
2332,47,RARitchie
2332,49,WFSpence
2332,51,BLaskin
2332,52,RGBDickson
2332,55,WZEstey
2333,45,RMartland
2333,47,RARitchie
2333,49,WFSpence
2333,50,LPPigeon
2333,51,BLaskin
2333,52,RGBDickson
2333,53,JBeetz
2334,47,RARitchie
2334,49,WFSpence
2334,50,LPPigeon
2334,52,RGBDickson
2334,55,WZEstey
2335,45,RMartland
2335,49,WFSpence
2335,50,LPPigeon
2335,51,BLaskin
2335,52,RGBDickson
2335,55,WZEstey
2335,56,YPratte
2336,45,RMartland
2336,47,RARitchie
2336,49,WFSpence
2336,50,LPPigeon
2336,51,BLaskin
2336,52,RGBDickson
2336,53,JBeetz
2336,55,WZEstey
2336,56,YPratte
2337,45,RMartland
2337,47,RARitchie
2337,49,WFSpence
2337,50,LPPigeon
2337,51,BLaskin
2337,52,RGBDickson
2337,53,JBeetz
2337,55,WZEstey
2337,56,YPratte
2338,45,RMartland
2338,47,RARitchie
2338,50,LPPigeon
2338,51,BLaskin
2338,52,RGBDickson
2338,53,JBeetz
2338,55,WZEstey
2338,56,YPratte
2338,57,WRMcIntyre
2339,45,RMartland
2339,50,LPPigeon
2339,51,BLaskin
2339,52,RGBDickson
2339,53,JBeetz
2339,55,WZEstey
2339,56,YPratte
2339,57,WRMcIntyre
2340,50,LPPigeon
2340,52,RGBDickson
2340,53,JBeetz
2340,55,WZEstey
2340,56,YPratte
2341,45,RMartland
2341,50,LPPigeon
2341,51,BLaskin
2341,52,RGBDickson
2341,55,WZEstey
2341,56,YPratte
2342,45,RMartland
2342,47,RARitchie
2342,49,WFSpence
2342,50,LPPigeon
2342,53,JBeetz
2342,55,WZEstey
2342,56,YPratte
2343,45,RMartland
2343,47,RARitchie
2343,49,WFSpence
2343,50,LPPigeon
2343,52,RGBDickson
2343,55,WZEstey
2343,56,YPratte
2344,45,RMartland
2344,47,RARitchie
2344,49,WFSpence
2344,50,LPPigeon
2344,51,BLaskin
2344,52,RGBDickson
2344,53,JBeetz
2344,55,WZEstey
2344,56,YPratte
2345,45,RMartland
2345,47,RARitchie
2345,49,WFSpence
2345,50,LPPigeon
2345,51,BLaskin
2345,52,RGBDickson
2345,53,JBeetz
2345,55,WZEstey
2345,56,YPratte
2346,45,RMartland
2346,47,RARitchie
2346,51,BLaskin
2346,56,YPratte
2346,57,WRMcIntyre
2347,45,RMartland
2347,47,RARitchie
2347,50,LPPigeon
2347,51,BLaskin
2347,52,RGBDickson
2347,53,JBeetz
2347,55,WZEstey
2347,56,YPratte
2347,57,WRMcIntyre
2348,45,RMartland
2348,47,RARitchie
2348,50,LPPigeon
2348,52,RGBDickson
2348,53,JBeetz
2348,56,YPratte
2348,57,WRMcIntyre
2349,45,RMartland
2349,47,RARitchie
2349,49,WFSpence
2349,50,LPPigeon
2349,51,BLaskin
2349,52,RGBDickson
2349,53,JBeetz
2349,55,WZEstey
2349,56,YPratte
2350,50,LPPigeon
2350,53,JBeetz
2350,55,WZEstey
2350,56,YPratte
2350,57,WRMcIntyre
2351,50,LPPigeon
2351,52,RGBDickson
2351,53,JBeetz
2351,55,WZEstey
2351,56,YPratte
2352,45,RMartland
2352,47,RARitchie
2352,49,WFSpence
2352,50,LPPigeon
2352,52,RGBDickson
2352,53,JBeetz
2352,56,YPratte
2353,45,RMartland
2353,47,RARitchie
2353,50,LPPigeon
2353,51,BLaskin
2353,52,RGBDickson
2353,53,JBeetz
2353,55,WZEstey
2353,56,YPratte
2353,57,WRMcIntyre
2354,45,RMartland
2354,47,RARitchie
2354,50,LPPigeon
2354,51,BLaskin
2354,52,RGBDickson
2354,53,JBeetz
2354,55,WZEstey
2354,56,YPratte
2354,57,WRMcIntyre
2355,50,LPPigeon
2355,52,RGBDickson
2355,55,WZEstey
2355,56,YPratte
2355,57,WRMcIntyre
2356,45,RMartland
2356,47,RARitchie
2356,49,WFSpence
2356,50,LPPigeon
2356,51,BLaskin
2356,52,RGBDickson
2356,53,JBeetz
2356,55,WZEstey
2356,56,YPratte
2357,50,LPPigeon
2357,51,BLaskin
2357,52,RGBDickson
2357,53,JBeetz
2357,55,WZEstey
2358,45,RMartland
2358,47,RARitchie
2358,49,WFSpence
2358,50,LPPigeon
2358,51,BLaskin
2358,52,RGBDickson
2358,53,JBeetz
2358,55,WZEstey
2358,56,YPratte
2359,45,RMartland
2359,47,RARitchie
2359,50,LPPigeon
2359,55,WZEstey
2359,57,WRMcIntyre
2360,45,RMartland
2360,47,RARitchie
2360,50,LPPigeon
2360,52,RGBDickson
2360,53,JBeetz
2360,55,WZEstey
2360,56,YPratte
2361,45,RMartland
2361,47,RARitchie
2361,50,LPPigeon
2361,51,BLaskin
2361,52,RGBDickson
2361,53,JBeetz
2361,55,WZEstey
2361,56,YPratte
2361,57,WRMcIntyre
2362,45,RMartland
2362,50,LPPigeon
2362,52,RGBDickson
2362,53,JBeetz
2362,55,WZEstey
2362,56,YPratte
2362,57,WRMcIntyre
2363,45,RMartland
2363,49,WFSpence
2363,50,LPPigeon
2363,52,RGBDickson
2363,53,JBeetz
2363,55,WZEstey
2363,56,YPratte
2364,47,RARitchie
2364,49,WFSpence
2364,50,LPPigeon
2364,53,JBeetz
2364,55,WZEstey
2365,45,RMartland
2365,47,RARitchie
2365,49,WFSpence
2365,50,LPPigeon
2365,51,BLaskin
2365,52,RGBDickson
2365,53,JBeetz
2365,55,WZEstey
2365,56,YPratte
2366,47,RARitchie
2366,49,WFSpence
2366,50,LPPigeon
2366,51,BLaskin
2366,52,RGBDickson
2366,53,JBeetz
2366,55,WZEstey
2367,45,RMartland
2367,47,RARitchie
2367,49,WFSpence
2367,51,BLaskin
2367,52,RGBDickson
2368,50,LPPigeon
2368,52,RGBDickson
2368,53,JBeetz
2369,45,RMartland
2369,47,RARitchie
2369,51,BLaskin
2369,52,RGBDickson
2369,56,YPratte
2370,45,RMartland
2370,47,RARitchie
2370,49,WFSpence
2370,50,LPPigeon
2370,51,BLaskin
2370,52,RGBDickson
2370,53,JBeetz
2370,55,WZEstey
2370,56,YPratte
2371,45,RMartland
2371,47,RARitchie
2371,49,WFSpence
2371,50,LPPigeon
2371,52,RGBDickson
2371,53,JBeetz
2371,56,YPratte
2372,50,LPPigeon
2372,52,RGBDickson
2372,53,JBeetz
2372,55,WZEstey
2372,56,YPratte
2373,45,RMartland
2373,47,RARitchie
2373,49,WFSpence
2373,50,LPPigeon
2373,52,RGBDickson
2373,53,JBeetz
2373,56,YPratte
2374,45,RMartland
2374,47,RARitchie
2374,50,LPPigeon
2374,52,RGBDickson
2374,53,JBeetz
2374,55,WZEstey
2374,56,YPratte
2375,45,RMartland
2375,47,RARitchie
2375,49,WFSpence
2375,50,LPPigeon
2375,51,BLaskin
2375,52,RGBDickson
2375,53,JBeetz
2375,55,WZEstey
2375,56,YPratte
2376,45,RMartland
2376,47,RARitchie
2376,49,WFSpence
2376,50,LPPigeon
2376,51,BLaskin
2376,52,RGBDickson
2376,53,JBeetz
2376,55,WZEstey
2376,56,YPratte
2377,50,LPPigeon
2377,52,RGBDickson
2377,53,JBeetz
2377,56,YPratte
2377,57,WRMcIntyre
2378,45,RMartland
2378,47,RARitchie
2378,52,RGBDickson
2378,53,JBeetz
2378,57,WRMcIntyre
2379,45,RMartland
2379,47,RARitchie
2379,50,LPPigeon
2379,51,BLaskin
2379,52,RGBDickson
2379,53,JBeetz
2379,55,WZEstey
2379,56,YPratte
2379,57,WRMcIntyre
2380,45,RMartland
2380,47,RARitchie
2380,50,LPPigeon
2380,52,RGBDickson
2380,53,JBeetz
2380,55,WZEstey
2380,57,WRMcIntyre
2381,45,RMartland
2381,47,RARitchie
2381,49,WFSpence
2381,50,LPPigeon
2381,51,BLaskin
2381,52,RGBDickson
2381,53,JBeetz
2381,55,WZEstey
2381,56,YPratte
2382,45,RMartland
2382,47,RARitchie
2382,49,WFSpence
2382,52,RGBDickson
2382,53,JBeetz
2383,47,RARitchie
2383,50,LPPigeon
2383,51,BLaskin
2383,52,RGBDickson
2383,57,WRMcIntyre
2384,50,LPPigeon
2384,52,RGBDickson
2384,53,JBeetz
2384,55,WZEstey
2384,56,YPratte
2385,45,RMartland
2385,47,RARitchie
2385,49,WFSpence
2385,50,LPPigeon
2385,51,BLaskin
2385,52,RGBDickson
2385,53,JBeetz
2385,55,WZEstey
2385,56,YPratte
2386,45,RMartland
2386,47,RARitchie
2386,49,WFSpence
2386,50,LPPigeon
2386,51,BLaskin
2386,52,RGBDickson
2386,53,JBeetz
2386,55,WZEstey
2386,56,YPratte
2387,45,RMartland
2387,47,RARitchie
2387,49,WFSpence
2387,50,LPPigeon
2387,51,BLaskin
2387,52,RGBDickson
2387,53,JBeetz
2387,55,WZEstey
2387,56,YPratte
2388,45,RMartland
2388,47,RARitchie
2388,50,LPPigeon
2388,52,RGBDickson
2388,53,JBeetz
2388,55,WZEstey
2388,56,YPratte
2389,45,RMartland
2389,47,RARitchie
2389,50,LPPigeon
2389,51,BLaskin
2389,52,RGBDickson
2389,53,JBeetz
2389,55,WZEstey
2389,56,YPratte
2389,57,WRMcIntyre
2390,45,RMartland
2390,47,RARitchie
2390,50,LPPigeon
2390,52,RGBDickson
2390,53,JBeetz
2390,55,WZEstey
2390,57,WRMcIntyre
2391,45,RMartland
2391,47,RARitchie
2391,50,LPPigeon
2391,53,JBeetz
2391,55,WZEstey
2391,56,YPratte
2391,57,WRMcIntyre
2392,45,RMartland
2392,47,RARitchie
2392,49,WFSpence
2392,50,LPPigeon
2392,51,BLaskin
2392,52,RGBDickson
2392,53,JBeetz
2392,55,WZEstey
2392,56,YPratte
2393,50,LPPigeon
2393,51,BLaskin
2393,52,RGBDickson
2393,55,WZEstey
2393,56,YPratte
2394,50,LPPigeon
2394,51,BLaskin
2394,52,RGBDickson
2394,53,JBeetz
2394,55,WZEstey
2394,57,WRMcIntyre
2395,45,RMartland
2395,47,RARitchie
2395,49,WFSpence
2395,50,LPPigeon
2395,51,BLaskin
2395,52,RGBDickson
2395,53,JBeetz
2395,55,WZEstey
2395,56,YPratte
2396,45,RMartland
2396,47,RARitchie
2396,49,WFSpence
2396,50,LPPigeon
2396,51,BLaskin
2396,52,RGBDickson
2396,53,JBeetz
2396,55,WZEstey
2396,56,YPratte
2397,47,RARitchie
2397,50,LPPigeon
2397,52,RGBDickson
2397,53,JBeetz
2397,55,WZEstey
2397,56,YPratte
2397,57,WRMcIntyre
2398,47,RARitchie
2398,51,BLaskin
2398,52,RGBDickson
2398,55,WZEstey
2398,57,WRMcIntyre
2399,45,RMartland
2399,47,RARitchie
2399,52,RGBDickson
2399,53,JBeetz
2399,55,WZEstey
2400,45,RMartland
2400,47,RARitchie
2400,50,LPPigeon
2400,53,JBeetz
2400,55,WZEstey
2400,56,YPratte
2400,57,WRMcIntyre
2401,45,RMartland
2401,47,RARitchie
2401,49,WFSpence
2401,50,LPPigeon
2401,51,BLaskin
2401,52,RGBDickson
2401,53,JBeetz
2401,55,WZEstey
2401,56,YPratte
2402,45,RMartland
2402,47,RARitchie
2402,49,WFSpence
2402,50,LPPigeon
2402,51,BLaskin
2402,52,RGBDickson
2402,53,JBeetz
2402,55,WZEstey
2402,56,YPratte
2403,45,RMartland
2403,47,RARitchie
2403,49,WFSpence
2403,50,LPPigeon
2403,51,BLaskin
2403,52,RGBDickson
2403,53,JBeetz
2403,55,WZEstey
2403,56,YPratte
2404,45,RMartland
2404,49,WFSpence
2404,50,LPPigeon
2404,52,RGBDickson
2404,53,JBeetz
2404,55,WZEstey
2404,56,YPratte
2405,45,RMartland
2405,47,RARitchie
2405,50,LPPigeon
2405,52,RGBDickson
2405,55,WZEstey
2405,56,YPratte
2405,57,WRMcIntyre
2406,45,RMartland
2406,47,RARitchie
2406,50,LPPigeon
2406,52,RGBDickson
2406,53,JBeetz
2406,55,WZEstey
2406,57,WRMcIntyre
2407,45,RMartland
2407,47,RARitchie
2407,50,LPPigeon
2407,51,BLaskin
2407,52,RGBDickson
2407,53,JBeetz
2407,55,WZEstey
2407,56,YPratte
2407,57,WRMcIntyre
2408,45,RMartland
2408,47,RARitchie
2408,53,JBeetz
2408,55,WZEstey
2408,57,WRMcIntyre
2409,50,LPPigeon
2409,52,RGBDickson
2409,55,WZEstey
2409,56,YPratte
2409,57,WRMcIntyre
2410,45,RMartland
2410,47,RARitchie
2410,50,LPPigeon
2410,51,BLaskin
2410,52,RGBDickson
2410,53,JBeetz
2410,55,WZEstey
2410,56,YPratte
2410,57,WRMcIntyre
2411,45,RMartland
2411,47,RARitchie
2411,50,LPPigeon
2411,51,BLaskin
2411,52,RGBDickson
2411,53,JBeetz
2411,55,WZEstey
2411,56,YPratte
2411,57,WRMcIntyre
2412,45,RMartland
2412,47,RARitchie
2412,49,WFSpence
2412,50,LPPigeon
2412,51,BLaskin
2412,52,RGBDickson
2412,53,JBeetz
2412,55,WZEstey
2412,56,YPratte
2413,45,RMartland
2413,47,RARitchie
2413,49,WFSpence
2413,50,LPPigeon
2413,51,BLaskin
2413,52,RGBDickson
2413,53,JBeetz
2413,55,WZEstey
2413,56,YPratte
2414,45,RMartland
2414,47,RARitchie
2414,50,LPPigeon
2414,51,BLaskin
2414,52,RGBDickson
2414,53,JBeetz
2414,55,WZEstey
2414,56,YPratte
2414,57,WRMcIntyre
2415,50,LPPigeon
2415,51,BLaskin
2415,52,RGBDickson
2415,55,WZEstey
2415,57,WRMcIntyre
2416,47,RARitchie
2416,49,WFSpence
2416,50,LPPigeon
2416,52,RGBDickson
2416,53,JBeetz
2416,55,WZEstey
2416,56,YPratte
2417,45,RMartland
2417,51,BLaskin
2417,52,RGBDickson
2417,55,WZEstey
2417,57,WRMcIntyre
2418,45,RMartland
2418,47,RARitchie
2418,52,RGBDickson
2418,53,JBeetz
2418,55,WZEstey
2418,56,YPratte
2418,57,WRMcIntyre
2419,45,RMartland
2419,47,RARitchie
2419,49,WFSpence
2419,50,LPPigeon
2419,51,BLaskin
2419,52,RGBDickson
2419,53,JBeetz
2419,55,WZEstey
2419,56,YPratte
2420,45,RMartland
2420,47,RARitchie
2420,49,WFSpence
2420,50,LPPigeon
2420,51,BLaskin
2420,52,RGBDickson
2420,53,JBeetz
2420,55,WZEstey
2420,56,YPratte
2421,45,RMartland
2421,47,RARitchie
2421,50,LPPigeon
2421,51,BLaskin
2421,52,RGBDickson
2421,53,JBeetz
2421,55,WZEstey
2422,45,RMartland
2422,50,LPPigeon
2422,52,RGBDickson
2422,55,WZEstey
2422,57,WRMcIntyre
2423,45,RMartland
2423,47,RARitchie
2423,50,LPPigeon
2423,52,RGBDickson
2423,53,JBeetz
2423,56,YPratte
2423,57,WRMcIntyre
2424,45,RMartland
2424,47,RARitchie
2424,50,LPPigeon
2424,51,BLaskin
2424,52,RGBDickson
2424,53,JBeetz
2424,55,WZEstey
2424,56,YPratte
2424,57,WRMcIntyre
2425,45,RMartland
2425,47,RARitchie
2425,50,LPPigeon
2425,52,RGBDickson
2425,53,JBeetz
2425,55,WZEstey
2425,56,YPratte
2426,52,RGBDickson
2426,53,JBeetz
2426,55,WZEstey
2426,56,YPratte
2426,57,WRMcIntyre
2427,47,RARitchie
2427,50,LPPigeon
2427,52,RGBDickson
2427,53,JBeetz
2427,55,WZEstey
2428,45,RMartland
2428,50,LPPigeon
2428,53,JBeetz
2428,55,WZEstey
2428,56,YPratte
2429,45,RMartland
2429,47,RARitchie
2429,50,LPPigeon
2429,52,RGBDickson
2429,53,JBeetz
2430,45,RMartland
2430,47,RARitchie
2430,50,LPPigeon
2430,53,JBeetz
2430,55,WZEstey
2430,56,YPratte
2430,57,WRMcIntyre
2431,45,RMartland
2431,47,RARitchie
2431,52,RGBDickson
2431,53,JBeetz
2431,55,WZEstey
2431,56,YPratte
2431,57,WRMcIntyre
2432,45,RMartland
2432,47,RARitchie
2432,50,LPPigeon
2432,52,RGBDickson
2432,53,JBeetz
2432,55,WZEstey
2432,57,WRMcIntyre
2433,45,RMartland
2433,47,RARitchie
2433,50,LPPigeon
2433,51,BLaskin
2433,52,RGBDickson
2433,53,JBeetz
2433,55,WZEstey
2433,56,YPratte
2433,57,WRMcIntyre
2434,45,RMartland
2434,47,RARitchie
2434,50,LPPigeon
2434,51,BLaskin
2434,52,RGBDickson
2434,53,JBeetz
2434,55,WZEstey
2434,56,YPratte
2434,57,WRMcIntyre
2435,47,RARitchie
2435,50,LPPigeon
2435,52,RGBDickson
2435,53,JBeetz
2435,55,WZEstey
2436,45,RMartland
2436,47,RARitchie
2436,50,LPPigeon
2436,52,RGBDickson
2436,55,WZEstey
2436,57,WRMcIntyre
2436,58,JChoinard
2437,45,RMartland
2437,47,RARitchie
2437,50,LPPigeon
2437,52,RGBDickson
2437,55,WZEstey
2438,50,LPPigeon
2438,52,RGBDickson
2438,55,WZEstey
2438,57,WRMcIntyre
2438,58,JChoinard
2439,45,RMartland
2439,47,RARitchie
2439,50,LPPigeon
2439,52,RGBDickson
2439,55,WZEstey
2439,57,WRMcIntyre
2439,58,JChoinard
2440,50,LPPigeon
2440,53,JBeetz
2440,55,WZEstey
2440,57,WRMcIntyre
2440,58,JChoinard
2441,45,RMartland
2441,47,RARitchie
2441,50,LPPigeon
2441,53,JBeetz
2441,55,WZEstey
2441,56,YPratte
2441,57,WRMcIntyre
2442,45,RMartland
2442,47,RARitchie
2442,52,RGBDickson
2442,55,WZEstey
2442,57,WRMcIntyre
2443,45,RMartland
2443,50,LPPigeon
2443,52,RGBDickson
2443,55,WZEstey
2443,57,WRMcIntyre
2444,45,RMartland
2444,47,RARitchie
2444,52,RGBDickson
2444,55,WZEstey
2444,57,WRMcIntyre
2445,45,RMartland
2445,47,RARitchie
2445,50,LPPigeon
2445,53,JBeetz
2445,55,WZEstey
2445,57,WRMcIntyre
2445,58,JChoinard
2446,45,RMartland
2446,47,RARitchie
2446,50,LPPigeon
2446,52,RGBDickson
2446,53,JBeetz
2446,55,WZEstey
2446,58,JChoinard
2447,47,RARitchie
2447,53,JBeetz
2447,55,WZEstey
2447,57,WRMcIntyre
2447,58,JChoinard
2448,45,RMartland
2448,47,RARitchie
2448,50,LPPigeon
2448,51,BLaskin
2448,52,RGBDickson
2448,53,JBeetz
2448,55,WZEstey
2448,56,YPratte
2448,57,WRMcIntyre
2449,45,RMartland
2449,47,RARitchie
2449,50,LPPigeon
2449,51,BLaskin
2449,52,RGBDickson
2449,53,JBeetz
2449,55,WZEstey
2449,56,YPratte
2449,57,WRMcIntyre
2450,45,RMartland
2450,47,RARitchie
2450,50,LPPigeon
2450,52,RGBDickson
2450,53,JBeetz
2450,55,WZEstey
2450,57,WRMcIntyre
2451,45,RMartland
2451,47,RARitchie
2451,50,LPPigeon
2451,51,BLaskin
2451,52,RGBDickson
2451,53,JBeetz
2451,55,WZEstey
2451,56,YPratte
2451,57,WRMcIntyre
2452,45,RMartland
2452,47,RARitchie
2452,50,LPPigeon
2452,51,BLaskin
2452,52,RGBDickson
2452,53,JBeetz
2452,55,WZEstey
2452,56,YPratte
2452,57,WRMcIntyre
2453,45,RMartland
2453,47,RARitchie
2453,50,LPPigeon
2453,51,BLaskin
2453,52,RGBDickson
2453,53,JBeetz
2453,55,WZEstey
2453,56,YPratte
2453,57,WRMcIntyre
2454,45,RMartland
2454,47,RARitchie
2454,50,LPPigeon
2454,52,RGBDickson
2454,53,JBeetz
2454,55,WZEstey
2454,57,WRMcIntyre
2455,45,RMartland
2455,47,RARitchie
2455,50,LPPigeon
2455,51,BLaskin
2455,52,RGBDickson
2455,53,JBeetz
2455,55,WZEstey
2455,56,YPratte
2455,57,WRMcIntyre
2456,45,RMartland
2456,51,BLaskin
2456,52,RGBDickson
2456,53,JBeetz
2456,55,WZEstey
2456,56,YPratte
2456,57,WRMcIntyre
2457,45,RMartland
2457,47,RARitchie
2457,50,LPPigeon
2457,52,RGBDickson
2457,53,JBeetz
2457,55,WZEstey
2457,57,WRMcIntyre
2458,45,RMartland
2458,47,RARitchie
2458,50,LPPigeon
2458,51,BLaskin
2458,52,RGBDickson
2458,53,JBeetz
2458,55,WZEstey
2458,56,YPratte
2458,57,WRMcIntyre
2459,50,LPPigeon
2459,51,BLaskin
2459,52,RGBDickson
2459,53,JBeetz
2459,55,WZEstey
2459,56,YPratte
2459,57,WRMcIntyre
2460,45,RMartland
2460,50,LPPigeon
2460,52,RGBDickson
2460,53,JBeetz
2460,55,WZEstey
2460,56,YPratte
2460,57,WRMcIntyre
2461,45,RMartland
2461,47,RARitchie
2461,50,LPPigeon
2461,51,BLaskin
2461,52,RGBDickson
2461,53,JBeetz
2461,55,WZEstey
2461,56,YPratte
2461,57,WRMcIntyre
2462,45,RMartland
2462,47,RARitchie
2462,50,LPPigeon
2462,51,BLaskin
2462,52,RGBDickson
2462,53,JBeetz
2462,55,WZEstey
2462,56,YPratte
2462,57,WRMcIntyre
2463,45,RMartland
2463,50,LPPigeon
2463,51,BLaskin
2463,52,RGBDickson
2463,55,WZEstey
2463,56,YPratte
2463,57,WRMcIntyre
2464,45,RMartland
2464,47,RARitchie
2464,50,LPPigeon
2464,51,BLaskin
2464,52,RGBDickson
2464,53,JBeetz
2464,55,WZEstey
2464,56,YPratte
2464,57,WRMcIntyre
2465,45,RMartland
2465,47,RARitchie
2465,50,LPPigeon
2465,51,BLaskin
2465,52,RGBDickson
2465,55,WZEstey
2465,56,YPratte
2465,57,WRMcIntyre
2466,45,RMartland
2466,47,RARitchie
2466,50,LPPigeon
2466,51,BLaskin
2466,52,RGBDickson
2466,53,JBeetz
2466,55,WZEstey
2466,56,YPratte
2466,57,WRMcIntyre
2467,45,RMartland
2467,50,LPPigeon
2467,52,RGBDickson
2467,55,WZEstey
2467,58,JChoinard
2468,45,RMartland
2468,47,RARitchie
2468,50,LPPigeon
2468,51,BLaskin
2468,52,RGBDickson
2468,53,JBeetz
2468,55,WZEstey
2468,56,YPratte
2468,57,WRMcIntyre
2469,45,RMartland
2469,47,RARitchie
2469,50,LPPigeon
2469,51,BLaskin
2469,52,RGBDickson
2469,53,JBeetz
2469,55,WZEstey
2469,56,YPratte
2469,57,WRMcIntyre
2470,45,RMartland
2470,47,RARitchie
2470,52,RGBDickson
2470,55,WZEstey
2470,57,WRMcIntyre
2471,47,RARitchie
2471,50,LPPigeon
2471,52,RGBDickson
2471,53,JBeetz
2471,55,WZEstey
2471,57,WRMcIntyre
2471,58,JChoinard
2472,45,RMartland
2472,47,RARitchie
2472,50,LPPigeon
2472,52,RGBDickson
2472,53,JBeetz
2472,55,WZEstey
2472,58,JChoinard
2473,45,RMartland
2473,47,RARitchie
2473,50,LPPigeon
2473,53,JBeetz
2473,58,JChoinard
2474,45,RMartland
2474,47,RARitchie
2474,50,LPPigeon
2474,52,RGBDickson
2474,53,JBeetz
2474,55,WZEstey
2474,58,JChoinard
2475,47,RARitchie
2475,52,RGBDickson
2475,55,WZEstey
2475,57,WRMcIntyre
2475,58,JChoinard
2476,45,RMartland
2476,47,RARitchie
2476,52,RGBDickson
2476,53,JBeetz
2476,55,WZEstey
2476,57,WRMcIntyre
2476,58,JChoinard
2477,45,RMartland
2477,52,RGBDickson
2477,55,WZEstey
2477,57,WRMcIntyre
2477,58,JChoinard
2478,45,RMartland
2478,47,RARitchie
2478,51,BLaskin
2478,52,RGBDickson
2478,53,JBeetz
2478,55,WZEstey
2478,57,WRMcIntyre
2478,58,JChoinard
2479,45,RMartland
2479,47,RARitchie
2479,50,LPPigeon
2479,52,RGBDickson
2479,53,JBeetz
2479,55,WZEstey
2479,57,WRMcIntyre
2480,47,RARitchie
2480,53,JBeetz
2480,55,WZEstey
2480,57,WRMcIntyre
2480,58,JChoinard
2481,45,RMartland
2481,52,RGBDickson
2481,55,WZEstey
2481,57,WRMcIntyre
2481,58,JChoinard
2482,45,RMartland
2482,47,RARitchie
2482,50,LPPigeon
2482,52,RGBDickson
2482,53,JBeetz
2482,55,WZEstey
2482,57,WRMcIntyre
2483,45,RMartland
2483,47,RARitchie
2483,50,LPPigeon
2483,52,RGBDickson
2483,53,JBeetz
2483,55,WZEstey
2483,57,WRMcIntyre
2484,45,RMartland
2484,47,RARitchie
2484,52,RGBDickson
2484,53,JBeetz
2484,55,WZEstey
2484,57,WRMcIntyre
2484,58,JChoinard
2485,45,RMartland
2485,47,RARitchie
2485,50,LPPigeon
2485,51,BLaskin
2485,52,RGBDickson
2485,53,JBeetz
2485,55,WZEstey
2485,57,WRMcIntyre
2485,58,JChoinard
2486,45,RMartland
2486,47,RARitchie
2486,50,LPPigeon
2486,53,JBeetz
2486,55,WZEstey
2486,57,WRMcIntyre
2486,58,JChoinard
2487,50,LPPigeon
2487,52,RGBDickson
2487,53,JBeetz
2487,55,WZEstey
2487,58,JChoinard
2488,45,RMartland
2488,47,RARitchie
2488,51,BLaskin
2488,53,JBeetz
2488,57,WRMcIntyre
2489,45,RMartland
2489,47,RARitchie
2489,52,RGBDickson
2489,53,JBeetz
2489,55,WZEstey
2490,50,LPPigeon
2490,52,RGBDickson
2490,53,JBeetz
2490,55,WZEstey
2490,58,JChoinard
2491,45,RMartland
2491,47,RARitchie
2491,52,RGBDickson
2491,53,JBeetz
2491,55,WZEstey
2491,57,WRMcIntyre
2491,58,JChoinard
2492,45,RMartland
2492,47,RARitchie
2492,50,LPPigeon
2492,52,RGBDickson
2492,55,WZEstey
2492,57,WRMcIntyre
2492,58,JChoinard
2493,45,RMartland
2493,47,RARitchie
2493,51,BLaskin
2493,52,RGBDickson
2493,53,JBeetz
2493,55,WZEstey
2493,58,JChoinard
2494,45,RMartland
2494,47,RARitchie
2494,50,LPPigeon
2494,52,RGBDickson
2494,53,JBeetz
2494,55,WZEstey
2494,58,JChoinard
2495,45,RMartland
2495,47,RARitchie
2495,51,BLaskin
2495,52,RGBDickson
2495,53,JBeetz
2495,57,WRMcIntyre
2495,58,JChoinard
2496,47,RARitchie
2496,51,BLaskin
2496,52,RGBDickson
2496,53,JBeetz
2496,55,WZEstey
2496,57,WRMcIntyre
2496,58,JChoinard
2497,45,RMartland
2497,47,RARitchie
2497,51,BLaskin
2497,52,RGBDickson
2497,53,JBeetz
2497,55,WZEstey
2497,57,WRMcIntyre
2498,45,RMartland
2498,47,RARitchie
2498,51,BLaskin
2498,52,RGBDickson
2498,53,JBeetz
2499,45,RMartland
2499,47,RARitchie
2499,51,BLaskin
2499,52,RGBDickson
2499,53,JBeetz
2499,55,WZEstey
2499,57,WRMcIntyre
2500,45,RMartland
2500,47,RARitchie
2500,50,LPPigeon
2500,52,RGBDickson
2500,53,JBeetz
2500,55,WZEstey
2500,57,WRMcIntyre
2501,47,RARitchie
2501,52,RGBDickson
2501,55,WZEstey
2501,57,WRMcIntyre
2501,58,JChoinard
2502,45,RMartland
2502,52,RGBDickson
2502,53,JBeetz
2502,55,WZEstey
2502,57,WRMcIntyre
2503,50,LPPigeon
2503,53,JBeetz
2503,55,WZEstey
2503,57,WRMcIntyre
2503,58,JChoinard
2504,47,RARitchie
2504,52,RGBDickson
2504,55,WZEstey
2504,57,WRMcIntyre
2504,58,JChoinard
2505,50,LPPigeon
2505,52,RGBDickson
2505,53,JBeetz
2505,57,WRMcIntyre
2505,58,JChoinard
2506,52,RGBDickson
2506,53,JBeetz
2506,55,WZEstey
2506,57,WRMcIntyre
2506,58,JChoinard
2507,45,RMartland
2507,47,RARitchie
2507,52,RGBDickson
2507,53,JBeetz
2507,55,WZEstey
2507,57,WRMcIntyre
2507,58,JChoinard
2508,45,RMartland
2508,50,LPPigeon
2508,52,RGBDickson
2508,53,JBeetz
2508,55,WZEstey
2508,57,WRMcIntyre
2508,58,JChoinard
2509,45,RMartland
2509,47,RARitchie
2509,50,LPPigeon
2509,51,BLaskin
2509,52,RGBDickson
2509,53,JBeetz
2509,57,WRMcIntyre
2510,51,BLaskin
2510,52,RGBDickson
2510,53,JBeetz
2510,55,WZEstey
2510,57,WRMcIntyre
2510,58,JChoinard
2510,59,ALamer
2511,45,RMartland
2511,47,RARitchie
2511,53,JBeetz
2511,55,WZEstey
2511,57,WRMcIntyre
2511,58,JChoinard
2511,59,ALamer
2512,47,RARitchie
2512,50,LPPigeon
2512,52,RGBDickson
2512,53,JBeetz
2512,55,WZEstey
2512,57,WRMcIntyre
2512,58,JChoinard
2513,45,RMartland
2513,47,RARitchie
2513,50,LPPigeon
2513,53,JBeetz
2513,55,WZEstey
2513,57,WRMcIntyre
2513,58,JChoinard
2514,45,RMartland
2514,47,RARitchie
2514,52,RGBDickson
2514,53,JBeetz
2514,55,WZEstey
2514,57,WRMcIntyre
2514,58,JChoinard
2515,52,RGBDickson
2515,53,JBeetz
2515,57,WRMcIntyre
2515,58,JChoinard
2515,59,ALamer
2516,45,RMartland
2516,47,RARitchie
2516,52,RGBDickson
2516,53,JBeetz
2516,57,WRMcIntyre
2516,58,JChoinard
2516,59,ALamer
2517,45,RMartland
2517,50,LPPigeon
2517,52,RGBDickson
2517,53,JBeetz
2517,55,WZEstey
2517,57,WRMcIntyre
2517,58,JChoinard
2518,45,RMartland
2518,47,RARitchie
2518,51,BLaskin
2518,53,JBeetz
2518,55,WZEstey
2518,57,WRMcIntyre
2518,58,JChoinard
2519,45,RMartland
2519,53,JBeetz
2519,55,WZEstey
2519,57,WRMcIntyre
2519,58,JChoinard
2520,45,RMartland
2520,52,RGBDickson
2520,57,WRMcIntyre
2520,58,JChoinard
2520,59,ALamer
2521,51,BLaskin
2521,52,RGBDickson
2521,53,JBeetz
2521,57,WRMcIntyre
2521,59,ALamer
2522,50,LPPigeon
2522,52,RGBDickson
2522,53,JBeetz
2522,55,WZEstey
2522,58,JChoinard
2523,45,RMartland
2523,51,BLaskin
2523,52,RGBDickson
2523,53,JBeetz
2523,59,ALamer
2524,45,RMartland
2524,47,RARitchie
2524,51,BLaskin
2524,52,RGBDickson
2524,53,JBeetz
2524,58,JChoinard
2524,59,ALamer
2525,45,RMartland
2525,47,RARitchie
2525,53,JBeetz
2525,55,WZEstey
2525,57,WRMcIntyre
2525,58,JChoinard
2525,59,ALamer
2526,47,RARitchie
2526,50,LPPigeon
2526,52,RGBDickson
2526,53,JBeetz
2526,57,WRMcIntyre
2527,45,RMartland
2527,52,RGBDickson
2527,53,JBeetz
2527,55,WZEstey
2527,59,ALamer
2528,51,BLaskin
2528,53,JBeetz
2528,55,WZEstey
2528,57,WRMcIntyre
2528,58,JChoinard
2529,45,RMartland
2529,47,RARitchie
2529,50,LPPigeon
2529,52,RGBDickson
2529,53,JBeetz
2529,57,WRMcIntyre
2529,58,JChoinard
2530,45,RMartland
2530,47,RARitchie
2530,51,BLaskin
2530,52,RGBDickson
2530,53,JBeetz
2530,55,WZEstey
2530,57,WRMcIntyre
2531,45,RMartland
2531,47,RARitchie
2531,53,JBeetz
2531,57,WRMcIntyre
2531,58,JChoinard
2532,45,RMartland
2532,52,RGBDickson
2532,57,WRMcIntyre
2532,58,JChoinard
2532,59,ALamer
2533,45,RMartland
2533,47,RARitchie
2533,53,JBeetz
2533,55,WZEstey
2533,57,WRMcIntyre
2533,58,JChoinard
2533,59,ALamer
2534,51,BLaskin
2534,53,JBeetz
2534,55,WZEstey
2534,57,WRMcIntyre
2534,59,ALamer
2535,45,RMartland
2535,52,RGBDickson
2535,53,JBeetz
2535,55,WZEstey
2535,57,WRMcIntyre
2535,58,JChoinard
2535,59,ALamer
2536,47,RARitchie
2536,51,BLaskin
2536,52,RGBDickson
2536,53,JBeetz
2536,55,WZEstey
2536,57,WRMcIntyre
2536,58,JChoinard
2537,51,BLaskin
2537,52,RGBDickson
2537,53,JBeetz
2537,55,WZEstey
2537,57,WRMcIntyre
2537,58,JChoinard
2537,59,ALamer
2538,45,RMartland
2538,47,RARitchie
2538,52,RGBDickson
2538,53,JBeetz
2538,55,WZEstey
2538,57,WRMcIntyre
2538,58,JChoinard
2539,45,RMartland
2539,47,RARitchie
2539,50,LPPigeon
2539,52,RGBDickson
2539,53,JBeetz
2539,55,WZEstey
2539,58,JChoinard
2540,45,RMartland
2540,47,RARitchie
2540,50,LPPigeon
2540,52,RGBDickson
2540,53,JBeetz
2540,57,WRMcIntyre
2540,58,JChoinard
2541,45,RMartland
2541,47,RARitchie
2541,50,LPPigeon
2541,52,RGBDickson
2541,53,JBeetz
2541,55,WZEstey
2541,57,WRMcIntyre
2542,45,RMartland
2542,47,RARitchie
2542,50,LPPigeon
2542,51,BLaskin
2542,52,RGBDickson
2542,53,JBeetz
2542,55,WZEstey
2542,57,WRMcIntyre
2542,58,JChoinard
2543,45,RMartland
2543,47,RARitchie
2543,50,LPPigeon
2543,52,RGBDickson
2543,53,JBeetz
2543,55,WZEstey
2543,57,WRMcIntyre
2544,45,RMartland
2544,47,RARitchie
2544,52,RGBDickson
2544,53,JBeetz
2544,57,WRMcIntyre
2545,47,RARitchie
2545,51,BLaskin
2545,52,RGBDickson
2545,55,WZEstey
2545,59,ALamer
2546,45,RMartland
2546,47,RARitchie
2546,50,LPPigeon
2546,52,RGBDickson
2546,53,JBeetz
2546,57,WRMcIntyre
2546,58,JChoinard
2547,47,RARitchie
2547,51,BLaskin
2547,52,RGBDickson
2547,53,JBeetz
2547,55,WZEstey
2547,57,WRMcIntyre
2547,58,JChoinard
2548,45,RMartland
2548,47,RARitchie
2548,50,LPPigeon
2548,51,BLaskin
2548,52,RGBDickson
2548,53,JBeetz
2548,55,WZEstey
2548,57,WRMcIntyre
2548,58,JChoinard
2549,45,RMartland
2549,47,RARitchie
2549,52,RGBDickson
2549,53,JBeetz
2549,55,WZEstey
2549,57,WRMcIntyre
2549,58,JChoinard
2550,47,RARitchie
2550,52,RGBDickson
2550,55,WZEstey
2550,57,WRMcIntyre
2550,58,JChoinard
2551,51,BLaskin
2551,55,WZEstey
2551,57,WRMcIntyre
2551,58,JChoinard
2551,59,ALamer
2552,45,RMartland
2552,47,RARitchie
2552,55,WZEstey
2552,57,WRMcIntyre
2552,59,ALamer
2553,53,JBeetz
2553,55,WZEstey
2553,57,WRMcIntyre
2553,58,JChoinard
2553,59,ALamer
2554,45,RMartland
2554,47,RARitchie
2554,52,RGBDickson
2554,53,JBeetz
2554,55,WZEstey
2554,57,WRMcIntyre
2554,58,JChoinard
2555,45,RMartland
2555,51,BLaskin
2555,52,RGBDickson
2555,53,JBeetz
2555,55,WZEstey
2555,57,WRMcIntyre
2555,58,JChoinard
2556,45,RMartland
2556,47,RARitchie
2556,51,BLaskin
2556,52,RGBDickson
2556,53,JBeetz
2556,58,JChoinard
2556,59,ALamer
2557,45,RMartland
2557,47,RARitchie
2557,51,BLaskin
2557,52,RGBDickson
2557,53,JBeetz
2557,58,JChoinard
2557,59,ALamer
2558,45,RMartland
2558,51,BLaskin
2558,52,RGBDickson
2558,53,JBeetz
2558,55,WZEstey
2558,57,WRMcIntyre
2558,58,JChoinard
2559,45,RMartland
2559,47,RARitchie
2559,51,BLaskin
2559,52,RGBDickson
2559,55,WZEstey
2559,57,WRMcIntyre
2559,59,ALamer
2560,45,RMartland
2560,47,RARitchie
2560,52,RGBDickson
2560,55,WZEstey
2560,59,ALamer
2561,47,RARitchie
2561,51,BLaskin
2561,52,RGBDickson
2561,57,WRMcIntyre
2561,58,JChoinard
2562,52,RGBDickson
2562,55,WZEstey
2562,57,WRMcIntyre
2562,58,JChoinard
2562,59,ALamer
2563,45,RMartland
2563,47,RARitchie
2563,51,BLaskin
2563,52,RGBDickson
2563,55,WZEstey
2563,57,WRMcIntyre
2563,59,ALamer
2564,51,BLaskin
2564,52,RGBDickson
2564,53,JBeetz
2564,55,WZEstey
2564,57,WRMcIntyre
2565,45,RMartland
2565,47,RARitchie
2565,51,BLaskin
2565,52,RGBDickson
2565,55,WZEstey
2565,57,WRMcIntyre
2565,59,ALamer
2566,45,RMartland
2566,47,RARitchie
2566,51,BLaskin
2566,52,RGBDickson
2566,53,JBeetz
2566,55,WZEstey
2566,58,JChoinard
2567,47,RARitchie
2567,51,BLaskin
2567,53,JBeetz
2567,55,WZEstey
2567,57,WRMcIntyre
2568,45,RMartland
2568,47,RARitchie
2568,51,BLaskin
2568,53,JBeetz
2568,55,WZEstey
2568,57,WRMcIntyre
2568,59,ALamer
2569,52,RGBDickson
2569,55,WZEstey
2569,57,WRMcIntyre
2569,58,JChoinard
2569,59,ALamer
2570,45,RMartland
2570,47,RARitchie
2570,51,BLaskin
2570,52,RGBDickson
2570,55,WZEstey
2570,57,WRMcIntyre
2570,58,JChoinard
2571,45,RMartland
2571,47,RARitchie
2571,55,WZEstey
2571,58,JChoinard
2571,59,ALamer
2572,47,RARitchie
2572,51,BLaskin
2572,52,RGBDickson
2572,55,WZEstey
2572,57,WRMcIntyre
2572,58,JChoinard
2572,59,ALamer
2573,51,BLaskin
2573,55,WZEstey
2573,57,WRMcIntyre
2573,58,JChoinard
2573,59,ALamer
2574,45,RMartland
2574,47,RARitchie
2574,51,BLaskin
2574,52,RGBDickson
2574,55,WZEstey
2575,45,RMartland
2575,47,RARitchie
2575,52,RGBDickson
2575,57,WRMcIntyre
2575,58,JChoinard
2576,47,RARitchie
2576,51,BLaskin
2576,55,WZEstey
2576,57,WRMcIntyre
2576,58,JChoinard
2577,45,RMartland
2577,51,BLaskin
2577,52,RGBDickson
2577,55,WZEstey
2577,57,WRMcIntyre
2577,58,JChoinard
2577,59,ALamer
2578,45,RMartland
2578,47,RARitchie
2578,51,BLaskin
2578,52,RGBDickson
2578,55,WZEstey
2578,57,WRMcIntyre
2578,59,ALamer
2579,45,RMartland
2579,51,BLaskin
2579,52,RGBDickson
2579,55,WZEstey
2579,57,WRMcIntyre
2579,58,JChoinard
2579,59,ALamer
2580,45,RMartland
2580,52,RGBDickson
2580,53,JBeetz
2580,55,WZEstey
2580,57,WRMcIntyre
2580,58,JChoinard
2580,59,ALamer
2581,45,RMartland
2581,47,RARitchie
2581,51,BLaskin
2581,52,RGBDickson
2581,53,JBeetz
2581,55,WZEstey
2581,57,WRMcIntyre
2581,58,JChoinard
2581,59,ALamer
2582,52,RGBDickson
2582,55,WZEstey
2582,57,WRMcIntyre
2582,58,JChoinard
2582,59,ALamer
2583,45,RMartland
2583,47,RARitchie
2583,53,JBeetz
2583,55,WZEstey
2583,57,WRMcIntyre
2584,45,RMartland
2584,47,RARitchie
2584,51,BLaskin
2584,55,WZEstey
2584,57,WRMcIntyre
2585,52,RGBDickson
2585,53,JBeetz
2585,57,WRMcIntyre
2585,58,JChoinard
2585,59,ALamer
2586,51,BLaskin
2586,52,RGBDickson
2586,55,WZEstey
2586,58,JChoinard
2586,59,ALamer
2587,45,RMartland
2587,52,RGBDickson
2587,55,WZEstey
2587,57,WRMcIntyre
2587,59,ALamer
2588,45,RMartland
2588,47,RARitchie
2588,51,BLaskin
2588,52,RGBDickson
2588,55,WZEstey
2588,57,WRMcIntyre
2588,58,JChoinard
2589,47,RARitchie
2589,51,BLaskin
2589,52,RGBDickson
2589,55,WZEstey
2589,57,WRMcIntyre
2589,58,JChoinard
2589,59,ALamer
2590,45,RMartland
2590,47,RARitchie
2590,51,BLaskin
2590,52,RGBDickson
2590,55,WZEstey
2590,57,WRMcIntyre
2590,59,ALamer
2591,45,RMartland
2591,47,RARitchie
2591,51,BLaskin
2591,52,RGBDickson
2591,55,WZEstey
2591,58,JChoinard
2591,59,ALamer
2592,47,RARitchie
2592,51,BLaskin
2592,55,WZEstey
2592,57,WRMcIntyre
2592,58,JChoinard
2593,52,RGBDickson
2593,55,WZEstey
2593,57,WRMcIntyre
2593,58,JChoinard
2593,59,ALamer
2594,47,RARitchie
2594,51,BLaskin
2594,52,RGBDickson
2594,58,JChoinard
2594,59,ALamer
2595,45,RMartland
2595,47,RARitchie
2595,51,BLaskin
2595,55,WZEstey
2595,57,WRMcIntyre
2595,58,JChoinard
2595,59,ALamer
2596,51,BLaskin
2596,52,RGBDickson
2596,53,JBeetz
2596,55,WZEstey
2596,57,WRMcIntyre
2596,58,JChoinard
2596,59,ALamer
2597,45,RMartland
2597,47,RARitchie
2597,51,BLaskin
2597,52,RGBDickson
2597,53,JBeetz
2597,55,WZEstey
2597,57,WRMcIntyre
2597,58,JChoinard
2597,59,ALamer
2598,45,RMartland
2598,47,RARitchie
2598,51,BLaskin
2598,52,RGBDickson
2598,55,WZEstey
2598,57,WRMcIntyre
2598,58,JChoinard
2599,45,RMartland
2599,47,RARitchie
2599,51,BLaskin
2599,52,RGBDickson
2599,55,WZEstey
2599,57,WRMcIntyre
2599,59,ALamer
2600,45,RMartland
2600,47,RARitchie
2600,51,BLaskin
2600,52,RGBDickson
2600,53,JBeetz
2600,55,WZEstey
2600,57,WRMcIntyre
2600,58,JChoinard
2600,59,ALamer
2601,51,BLaskin
2601,52,RGBDickson
2601,57,WRMcIntyre
2602,45,RMartland
2602,52,RGBDickson
2602,53,JBeetz
2602,55,WZEstey
2602,57,WRMcIntyre
2602,58,JChoinard
2602,59,ALamer
2603,52,RGBDickson
2603,53,JBeetz
2603,55,WZEstey
2603,58,JChoinard
2603,59,ALamer
2604,45,RMartland
2604,47,RARitchie
2604,51,BLaskin
2604,55,WZEstey
2604,57,WRMcIntyre
2605,45,RMartland
2605,47,RARitchie
2605,51,BLaskin
2605,52,RGBDickson
2605,55,WZEstey
2606,51,BLaskin
2606,52,RGBDickson
2606,53,JBeetz
2606,57,WRMcIntyre
2606,59,ALamer
2607,45,RMartland
2607,51,BLaskin
2607,52,RGBDickson
2607,58,JChoinard
2607,59,ALamer
2608,45,RMartland
2608,47,RARitchie
2608,52,RGBDickson
2608,53,JBeetz
2608,55,WZEstey
2608,57,WRMcIntyre
2608,58,JChoinard
2609,47,RARitchie
2609,51,BLaskin
2609,52,RGBDickson
2609,53,JBeetz
2609,55,WZEstey
2609,57,WRMcIntyre
2609,58,JChoinard
2610,45,RMartland
2610,47,RARitchie
2610,51,BLaskin
2610,52,RGBDickson
2610,53,JBeetz
2610,55,WZEstey
2610,57,WRMcIntyre
2610,58,JChoinard
2610,59,ALamer
2611,45,RMartland
2611,47,RARitchie
2611,52,RGBDickson
2611,53,JBeetz
2611,55,WZEstey
2611,57,WRMcIntyre
2611,58,JChoinard
2612,52,RGBDickson
2612,53,JBeetz
2612,57,WRMcIntyre
2612,58,JChoinard
2612,59,ALamer
2613,45,RMartland
2613,53,JBeetz
2613,55,WZEstey
2613,57,WRMcIntyre
2613,59,ALamer
2614,47,RARitchie
2614,52,RGBDickson
2614,53,JBeetz
2614,57,WRMcIntyre
2614,58,JChoinard
2615,45,RMartland
2615,47,RARitchie
2615,51,BLaskin
2615,52,RGBDickson
2615,53,JBeetz
2616,45,RMartland
2616,47,RARitchie
2616,51,BLaskin
2616,52,RGBDickson
2616,53,JBeetz
2616,55,WZEstey
2616,57,WRMcIntyre
2617,45,RMartland
2617,47,RARitchie
2617,51,BLaskin
2617,52,RGBDickson
2617,53,JBeetz
2617,55,WZEstey
2617,57,WRMcIntyre
2617,58,JChoinard
2617,59,ALamer
2618,45,RMartland
2618,47,RARitchie
2618,51,BLaskin
2618,52,RGBDickson
2618,53,JBeetz
2618,55,WZEstey
2618,57,WRMcIntyre
2618,58,JChoinard
2618,59,ALamer
2619,52,RGBDickson
2619,53,JBeetz
2619,57,WRMcIntyre
2619,58,JChoinard
2619,59,ALamer
2620,47,RARitchie
2620,51,BLaskin
2620,52,RGBDickson
2620,53,JBeetz
2620,55,WZEstey
2621,53,JBeetz
2621,55,WZEstey
2621,57,WRMcIntyre
2621,58,JChoinard
2621,59,ALamer
2622,51,BLaskin
2622,52,RGBDickson
2622,53,JBeetz
2622,55,WZEstey
2622,57,WRMcIntyre
2622,58,JChoinard
2622,59,ALamer
2623,45,RMartland
2623,52,RGBDickson
2623,53,JBeetz
2623,57,WRMcIntyre
2623,58,JChoinard
2624,45,RMartland
2624,47,RARitchie
2624,57,WRMcIntyre
2624,58,JChoinard
2624,59,ALamer
2625,45,RMartland
2625,47,RARitchie
2625,51,BLaskin
2625,52,RGBDickson
2625,55,WZEstey
2625,57,WRMcIntyre
2625,58,JChoinard
2626,45,RMartland
2626,47,RARitchie
2626,51,BLaskin
2626,52,RGBDickson
2626,55,WZEstey
2626,57,WRMcIntyre
2626,59,ALamer
2627,45,RMartland
2627,51,BLaskin
2627,52,RGBDickson
2627,55,WZEstey
2627,57,WRMcIntyre
2627,58,JChoinard
2627,59,ALamer
2628,45,RMartland
2628,47,RARitchie
2628,51,BLaskin
2628,52,RGBDickson
2628,53,JBeetz
2628,55,WZEstey
2628,57,WRMcIntyre
2628,58,JChoinard
2628,59,ALamer
2629,45,RMartland
2629,47,RARitchie
2629,51,BLaskin
2629,52,RGBDickson
2629,53,JBeetz
2629,55,WZEstey
2629,57,WRMcIntyre
2629,58,JChoinard
2629,59,ALamer
2630,45,RMartland
2630,47,RARitchie
2630,51,BLaskin
2630,52,RGBDickson
2630,53,JBeetz
2630,55,WZEstey
2630,57,WRMcIntyre
2630,58,JChoinard
2630,59,ALamer
2631,45,RMartland
2631,47,RARitchie
2631,51,BLaskin
2631,52,RGBDickson
2631,53,JBeetz
2631,55,WZEstey
2631,57,WRMcIntyre
2631,58,JChoinard
2631,59,ALamer
2632,47,RARitchie
2632,51,BLaskin
2632,53,JBeetz
2632,55,WZEstey
2632,57,WRMcIntyre
2633,45,RMartland
2633,47,RARitchie
2633,51,BLaskin
2633,52,RGBDickson
2633,53,JBeetz
2633,55,WZEstey
2633,59,ALamer
2634,45,RMartland
2634,47,RARitchie
2634,51,BLaskin
2634,52,RGBDickson
2634,55,WZEstey
2634,57,WRMcIntyre
2634,59,ALamer
2635,45,RMartland
2635,51,BLaskin
2635,52,RGBDickson
2635,53,JBeetz
2635,55,WZEstey
2635,57,WRMcIntyre
2635,58,JChoinard
2636,45,RMartland
2636,47,RARitchie
2636,51,BLaskin
2636,52,RGBDickson
2636,55,WZEstey
2636,57,WRMcIntyre
2636,58,JChoinard
2636,59,ALamer
2637,45,RMartland
2637,47,RARitchie
2637,51,BLaskin
2637,52,RGBDickson
2637,57,WRMcIntyre
2638,45,RMartland
2638,47,RARitchie
2638,52,RGBDickson
2638,53,JBeetz
2638,59,ALamer
2639,45,RMartland
2639,47,RARitchie
2639,51,BLaskin
2639,52,RGBDickson
2639,53,JBeetz
2639,55,WZEstey
2639,57,WRMcIntyre
2639,58,JChoinard
2639,59,ALamer
2640,47,RARitchie
2640,51,BLaskin
2640,52,RGBDickson
2640,55,WZEstey
2640,57,WRMcIntyre
2640,58,JChoinard
2640,59,ALamer
2641,45,RMartland
2641,47,RARitchie
2641,51,BLaskin
2641,52,RGBDickson
2641,55,WZEstey
2641,57,WRMcIntyre
2641,58,JChoinard
2642,45,RMartland
2642,52,RGBDickson
2642,55,WZEstey
2642,58,JChoinard
2642,59,ALamer
2643,53,JBeetz
2643,55,WZEstey
2643,57,WRMcIntyre
2643,58,JChoinard
2643,59,ALamer
2644,52,RGBDickson
2644,55,WZEstey
2644,57,WRMcIntyre
2644,58,JChoinard
2644,59,ALamer
2645,45,RMartland
2645,47,RARitchie
2645,51,BLaskin
2645,57,WRMcIntyre
2645,58,JChoinard
2646,51,BLaskin
2646,52,RGBDickson
2646,55,WZEstey
2646,57,WRMcIntyre
2646,59,ALamer
2647,52,RGBDickson
2647,53,JBeetz
2647,55,WZEstey
2647,58,JChoinard
2647,59,ALamer
2648,51,BLaskin
2648,52,RGBDickson
2648,53,JBeetz
2648,55,WZEstey
2648,57,WRMcIntyre
2648,58,JChoinard
2648,59,ALamer
2649,45,RMartland
2649,47,RARitchie
2649,52,RGBDickson
2649,55,WZEstey
2649,57,WRMcIntyre
2649,58,JChoinard
2649,59,ALamer
2650,45,RMartland
2650,47,RARitchie
2650,51,BLaskin
2650,52,RGBDickson
2650,55,WZEstey
2650,57,WRMcIntyre
2650,59,ALamer
2651,45,RMartland
2651,47,RARitchie
2651,51,BLaskin
2651,52,RGBDickson
2651,53,JBeetz
2651,55,WZEstey
2651,57,WRMcIntyre
2651,58,JChoinard
2651,59,ALamer
2652,45,RMartland
2652,47,RARitchie
2652,51,BLaskin
2652,52,RGBDickson
2652,53,JBeetz
2652,55,WZEstey
2652,57,WRMcIntyre
2652,58,JChoinard
2652,59,ALamer
2653,47,RARitchie
2653,52,RGBDickson
2653,53,JBeetz
2653,55,WZEstey
2653,57,WRMcIntyre
2653,58,JChoinard
2653,59,ALamer
2654,45,RMartland
2654,47,RARitchie
2654,55,WZEstey
2654,57,WRMcIntyre
2654,58,JChoinard
2655,52,RGBDickson
2655,53,JBeetz
2655,55,WZEstey
2655,58,JChoinard
2655,59,ALamer
2656,45,RMartland
2656,51,BLaskin
2656,52,RGBDickson
2656,55,WZEstey
2656,59,ALamer
2657,45,RMartland
2657,47,RARitchie
2657,51,BLaskin
2657,52,RGBDickson
2657,53,JBeetz
2657,55,WZEstey
2657,57,WRMcIntyre
2657,58,JChoinard
2657,59,ALamer
2658,45,RMartland
2658,47,RARitchie
2658,51,BLaskin
2658,52,RGBDickson
2658,53,JBeetz
2658,55,WZEstey
2658,57,WRMcIntyre
2658,58,JChoinard
2658,59,ALamer
2659,45,RMartland
2659,47,RARitchie
2659,52,RGBDickson
2659,55,WZEstey
2659,59,ALamer
2660,45,RMartland
2660,47,RARitchie
2660,52,RGBDickson
2660,57,WRMcIntyre
2660,59,ALamer
2661,52,RGBDickson
2661,53,JBeetz
2661,57,WRMcIntyre
2661,58,JChoinard
2661,59,ALamer
2662,45,RMartland
2662,51,BLaskin
2662,52,RGBDickson
2662,55,WZEstey
2662,57,WRMcIntyre
2662,58,JChoinard
2662,59,ALamer
2663,45,RMartland
2663,47,RARitchie
2663,52,RGBDickson
2663,53,JBeetz
2663,55,WZEstey
2663,57,WRMcIntyre
2663,59,ALamer
2664,45,RMartland
2664,52,RGBDickson
2664,53,JBeetz
2664,55,WZEstey
2664,57,WRMcIntyre
2664,58,JChoinard
2664,59,ALamer
2665,45,RMartland
2665,47,RARitchie
2665,51,BLaskin
2665,52,RGBDickson
2665,53,JBeetz
2665,55,WZEstey
2665,57,WRMcIntyre
2665,58,JChoinard
2665,59,ALamer
2666,45,RMartland
2666,47,RARitchie
2666,51,BLaskin
2666,52,RGBDickson
2666,55,WZEstey
2666,57,WRMcIntyre
2666,58,JChoinard
2667,52,RGBDickson
2667,55,WZEstey
2667,57,WRMcIntyre
2667,58,JChoinard
2667,59,ALamer
2668,45,RMartland
2668,47,RARitchie
2668,51,BLaskin
2668,52,RGBDickson
2668,55,WZEstey
2668,57,WRMcIntyre
2668,58,JChoinard
2669,45,RMartland
2669,52,RGBDickson
2669,53,JBeetz
2669,55,WZEstey
2669,57,WRMcIntyre
2669,58,JChoinard
2669,59,ALamer
2670,45,RMartland
2670,47,RARitchie
2670,51,BLaskin
2670,52,RGBDickson
2670,53,JBeetz
2670,55,WZEstey
2670,57,WRMcIntyre
2670,58,JChoinard
2670,59,ALamer
2671,45,RMartland
2671,47,RARitchie
2671,51,BLaskin
2671,52,RGBDickson
2671,53,JBeetz
2671,55,WZEstey
2671,57,WRMcIntyre
2671,58,JChoinard
2671,59,ALamer
2672,45,RMartland
2672,47,RARitchie
2672,51,BLaskin
2672,52,RGBDickson
2672,53,JBeetz
2672,55,WZEstey
2672,57,WRMcIntyre
2672,58,JChoinard
2672,59,ALamer
2673,47,RARitchie
2673,51,BLaskin
2673,52,RGBDickson
2673,53,JBeetz
2673,55,WZEstey
2673,57,WRMcIntyre
2673,59,ALamer
2674,47,RARitchie
2674,51,BLaskin
2674,52,RGBDickson
2674,53,JBeetz
2674,55,WZEstey
2674,57,WRMcIntyre
2674,59,ALamer
2675,45,RMartland
2675,52,RGBDickson
2675,53,JBeetz
2675,57,WRMcIntyre
2675,58,JChoinard
2676,45,RMartland
2676,51,BLaskin
2676,52,RGBDickson
2676,53,JBeetz
2676,57,WRMcIntyre
2676,58,JChoinard
2676,59,ALamer
2677,45,RMartland
2677,47,RARitchie
2677,51,BLaskin
2677,52,RGBDickson
2677,53,JBeetz
2677,55,WZEstey
2677,57,WRMcIntyre
2677,58,JChoinard
2677,59,ALamer
2678,45,RMartland
2678,47,RARitchie
2678,51,BLaskin
2678,52,RGBDickson
2678,55,WZEstey
2679,45,RMartland
2679,47,RARitchie
2679,51,BLaskin
2679,52,RGBDickson
2679,55,WZEstey
2679,57,WRMcIntyre
2679,58,JChoinard
2680,45,RMartland
2680,47,RARitchie
2680,51,BLaskin
2680,52,RGBDickson
2680,53,JBeetz
2680,55,WZEstey
2680,57,WRMcIntyre
2680,58,JChoinard
2680,59,ALamer
2681,45,RMartland
2681,47,RARitchie
2681,51,BLaskin
2681,52,RGBDickson
2681,53,JBeetz
2681,55,WZEstey
2681,57,WRMcIntyre
2681,58,JChoinard
2681,59,ALamer
2682,47,RARitchie
2682,51,BLaskin
2682,55,WZEstey
2682,57,WRMcIntyre
2682,59,ALamer
2683,45,RMartland
2683,47,RARitchie
2683,52,RGBDickson
2683,55,WZEstey
2683,57,WRMcIntyre
2684,45,RMartland
2684,47,RARitchie
2684,55,WZEstey
2684,57,WRMcIntyre
2684,59,ALamer
2685,47,RARitchie
2685,51,BLaskin
2685,52,RGBDickson
2685,53,JBeetz
2685,55,WZEstey
2685,57,WRMcIntyre
2685,59,ALamer
2686,52,RGBDickson
2686,53,JBeetz
2686,55,WZEstey
2686,57,WRMcIntyre
2686,58,JChoinard
2687,52,RGBDickson
2687,53,JBeetz
2687,55,WZEstey
2687,57,WRMcIntyre
2687,58,JChoinard
2688,45,RMartland
2688,47,RARitchie
2688,51,BLaskin
2688,52,RGBDickson
2688,53,JBeetz
2688,55,WZEstey
2688,57,WRMcIntyre
2688,58,JChoinard
2688,59,ALamer
2689,45,RMartland
2689,47,RARitchie
2689,51,BLaskin
2689,52,RGBDickson
2689,53,JBeetz
2689,55,WZEstey
2689,57,WRMcIntyre
2689,58,JChoinard
2689,59,ALamer
2690,45,RMartland
2690,47,RARitchie
2690,51,BLaskin
2690,52,RGBDickson
2690,53,JBeetz
2690,55,WZEstey
2690,57,WRMcIntyre
2690,58,JChoinard
2690,59,ALamer
2691,45,RMartland
2691,47,RARitchie
2691,51,BLaskin
2691,52,RGBDickson
2691,53,JBeetz
2691,55,WZEstey
2691,57,WRMcIntyre
2691,58,JChoinard
2691,59,ALamer
2692,45,RMartland
2692,47,RARitchie
2692,51,BLaskin
2692,52,RGBDickson
2692,53,JBeetz
2692,55,WZEstey
2692,57,WRMcIntyre
2692,58,JChoinard
2692,59,ALamer
2693,45,RMartland
2693,47,RARitchie
2693,51,BLaskin
2693,52,RGBDickson
2693,53,JBeetz
2693,55,WZEstey
2693,57,WRMcIntyre
2693,58,JChoinard
2693,59,ALamer
2694,45,RMartland
2694,47,RARitchie
2694,51,BLaskin
2694,53,JBeetz
2694,55,WZEstey
2694,57,WRMcIntyre
2694,58,JChoinard
2695,45,RMartland
2695,47,RARitchie
2695,52,RGBDickson
2695,53,JBeetz
2695,55,WZEstey
2695,57,WRMcIntyre
2695,59,ALamer
2696,51,BLaskin
2696,52,RGBDickson
2696,55,WZEstey
2696,57,WRMcIntyre
2696,58,JChoinard
2697,45,RMartland
2697,47,RARitchie
2697,52,RGBDickson
2697,57,WRMcIntyre
2697,59,ALamer
2698,45,RMartland
2698,47,RARitchie
2698,51,BLaskin
2698,52,RGBDickson
2698,53,JBeetz
2698,55,WZEstey
2698,57,WRMcIntyre
2698,58,JChoinard
2698,59,ALamer
2699,45,RMartland
2699,47,RARitchie
2699,51,BLaskin
2699,52,RGBDickson
2699,53,JBeetz
2699,55,WZEstey
2699,57,WRMcIntyre
2699,58,JChoinard
2699,59,ALamer
2700,45,RMartland
2700,47,RARitchie
2700,51,BLaskin
2700,52,RGBDickson
2700,53,JBeetz
2700,55,WZEstey
2700,57,WRMcIntyre
2700,58,JChoinard
2700,59,ALamer
2701,45,RMartland
2701,47,RARitchie
2701,51,BLaskin
2701,52,RGBDickson
2701,53,JBeetz
2701,55,WZEstey
2701,57,WRMcIntyre
2701,58,JChoinard
2701,59,ALamer
2702,45,RMartland
2702,47,RARitchie
2702,51,BLaskin
2702,52,RGBDickson
2702,53,JBeetz
2702,55,WZEstey
2702,57,WRMcIntyre
2702,58,JChoinard
2702,59,ALamer
2703,45,RMartland
2703,47,RARitchie
2703,52,RGBDickson
2703,55,WZEstey
2703,57,WRMcIntyre
2704,45,RMartland
2704,47,RARitchie
2704,51,BLaskin
2704,52,RGBDickson
2704,53,JBeetz
2704,55,WZEstey
2704,57,WRMcIntyre
2704,58,JChoinard
2704,59,ALamer
2705,53,JBeetz
2705,58,JChoinard
2705,59,ALamer
2706,53,JBeetz
2706,58,JChoinard
2706,59,ALamer
2707,45,RMartland
2707,47,RARitchie
2707,51,BLaskin
2707,52,RGBDickson
2707,53,JBeetz
2707,55,WZEstey
2707,58,JChoinard
2708,51,BLaskin
2708,52,RGBDickson
2708,53,JBeetz
2708,55,WZEstey
2708,57,WRMcIntyre
2708,58,JChoinard
2708,59,ALamer
2709,51,BLaskin
2709,52,RGBDickson
2709,53,JBeetz
2709,55,WZEstey
2709,57,WRMcIntyre
2709,58,JChoinard
2709,59,ALamer
2710,45,RMartland
2710,51,BLaskin
2710,52,RGBDickson
2710,53,JBeetz
2710,57,WRMcIntyre
2710,58,JChoinard
2710,59,ALamer
2711,47,RARitchie
2711,51,BLaskin
2711,52,RGBDickson
2711,53,JBeetz
2711,55,WZEstey
2711,57,WRMcIntyre
2711,58,JChoinard
2712,47,RARitchie
2712,51,BLaskin
2712,52,RGBDickson
2712,55,WZEstey
2712,57,WRMcIntyre
2712,58,JChoinard
2712,59,ALamer
2713,47,RARitchie
2713,51,BLaskin
2713,52,RGBDickson
2713,55,WZEstey
2713,57,WRMcIntyre
2713,58,JChoinard
2713,59,ALamer
2714,47,RARitchie
2714,51,BLaskin
2714,55,WZEstey
2714,57,WRMcIntyre
2714,59,ALamer
2715,45,RMartland
2715,51,BLaskin
2715,52,RGBDickson
2715,55,WZEstey
2715,59,ALamer
2716,45,RMartland
2716,47,RARitchie
2716,51,BLaskin
2716,52,RGBDickson
2716,55,WZEstey
2716,57,WRMcIntyre
2716,58,JChoinard
2717,47,RARitchie
2717,51,BLaskin
2717,52,RGBDickson
2717,53,JBeetz
2717,55,WZEstey
2717,58,JChoinard
2717,59,ALamer
2718,45,RMartland
2718,47,RARitchie
2718,51,BLaskin
2718,55,WZEstey
2718,57,WRMcIntyre
2718,58,JChoinard
2718,59,ALamer
2719,47,RARitchie
2719,51,BLaskin
2719,52,RGBDickson
2719,55,WZEstey
2719,57,WRMcIntyre
2720,47,RARitchie
2720,51,BLaskin
2720,52,RGBDickson
2720,55,WZEstey
2720,57,WRMcIntyre
2721,51,BLaskin
2721,53,JBeetz
2721,55,WZEstey
2721,57,WRMcIntyre
2721,58,JChoinard
2722,51,BLaskin
2722,53,JBeetz
2722,55,WZEstey
2722,57,WRMcIntyre
2722,58,JChoinard
2723,47,RARitchie
2723,51,BLaskin
2723,52,RGBDickson
2723,55,WZEstey
2723,57,WRMcIntyre
2724,47,RARitchie
2724,51,BLaskin
2724,52,RGBDickson
2724,53,JBeetz
2724,55,WZEstey
2724,57,WRMcIntyre
2724,58,JChoinard
2725,53,JBeetz
2725,55,WZEstey
2725,57,WRMcIntyre
2725,58,JChoinard
2725,59,ALamer
2726,45,RMartland
2726,47,RARitchie
2726,51,BLaskin
2726,52,RGBDickson
2726,53,JBeetz
2726,55,WZEstey
2726,57,WRMcIntyre
2726,58,JChoinard
2726,59,ALamer
2727,51,BLaskin
2727,53,JBeetz
2727,55,WZEstey
2727,57,WRMcIntyre
2727,58,JChoinard
2728,47,RARitchie
2728,51,BLaskin
2728,52,RGBDickson
2728,55,WZEstey
2728,57,WRMcIntyre
2729,45,RMartland
2729,47,RARitchie
2729,52,RGBDickson
2729,55,WZEstey
2729,57,WRMcIntyre
2729,58,JChoinard
2729,59,ALamer
2730,47,RARitchie
2730,51,BLaskin
2730,52,RGBDickson
2730,53,JBeetz
2730,57,WRMcIntyre
2730,58,JChoinard
2730,59,ALamer
2731,47,RARitchie
2731,51,BLaskin
2731,52,RGBDickson
2731,53,JBeetz
2731,55,WZEstey
2731,57,WRMcIntyre
2731,58,JChoinard
2732,47,RARitchie
2732,51,BLaskin
2732,52,RGBDickson
2732,53,JBeetz
2732,57,WRMcIntyre
2732,58,JChoinard
2732,59,ALamer
2733,47,RARitchie
2733,51,BLaskin
2733,52,RGBDickson
2733,53,JBeetz
2733,57,WRMcIntyre
2733,58,JChoinard
2733,59,ALamer
2734,47,RARitchie
2734,51,BLaskin
2734,52,RGBDickson
2734,53,JBeetz
2734,57,WRMcIntyre
2734,58,JChoinard
2734,59,ALamer
2735,51,BLaskin
2735,52,RGBDickson
2735,53,JBeetz
2735,55,WZEstey
2735,57,WRMcIntyre
2735,58,JChoinard
2735,59,ALamer
2736,51,BLaskin
2736,52,RGBDickson
2736,53,JBeetz
2736,55,WZEstey
2736,57,WRMcIntyre
2736,58,JChoinard
2736,59,ALamer
2737,47,RARitchie
2737,52,RGBDickson
2737,53,JBeetz
2737,55,WZEstey
2737,58,JChoinard
2737,59,ALamer
2737,60,BWilson
2738,51,BLaskin
2738,52,RGBDickson
2738,53,JBeetz
2738,55,WZEstey
2738,57,WRMcIntyre
2739,51,BLaskin
2739,52,RGBDickson
2739,53,JBeetz
2739,58,JChoinard
2739,59,ALamer
2740,52,RGBDickson
2740,53,JBeetz
2740,55,WZEstey
2740,57,WRMcIntyre
2740,58,JChoinard
2741,52,RGBDickson
2741,53,JBeetz
2741,55,WZEstey
2741,58,JChoinard
2741,59,ALamer
2742,52,RGBDickson
2742,53,JBeetz
2742,58,JChoinard
2742,59,ALamer
2742,60,BWilson
2743,45,RMartland
2743,47,RARitchie
2743,51,BLaskin
2743,52,RGBDickson
2743,53,JBeetz
2743,55,WZEstey
2743,57,WRMcIntyre
2743,58,JChoinard
2743,59,ALamer
2744,45,RMartland
2744,47,RARitchie
2744,51,BLaskin
2744,52,RGBDickson
2744,53,JBeetz
2744,55,WZEstey
2744,57,WRMcIntyre
2744,58,JChoinard
2744,59,ALamer
2745,45,RMartland
2745,47,RARitchie
2745,51,BLaskin
2745,52,RGBDickson
2745,53,JBeetz
2745,55,WZEstey
2745,57,WRMcIntyre
2745,58,JChoinard
2745,59,ALamer
2746,45,RMartland
2746,47,RARitchie
2746,51,BLaskin
2746,52,RGBDickson
2746,53,JBeetz
2746,55,WZEstey
2746,57,WRMcIntyre
2746,58,JChoinard
2746,59,ALamer
2747,45,RMartland
2747,47,RARitchie
2747,51,BLaskin
2747,52,RGBDickson
2747,53,JBeetz
2747,55,WZEstey
2747,57,WRMcIntyre
2747,58,JChoinard
2747,59,ALamer
2748,47,RARitchie
2748,52,RGBDickson
2748,53,JBeetz
2748,55,WZEstey
2748,57,WRMcIntyre
2748,58,JChoinard
2748,60,BWilson
2749,45,RMartland
2749,47,RARitchie
2749,51,BLaskin
2749,52,RGBDickson
2749,53,JBeetz
2749,55,WZEstey
2749,57,WRMcIntyre
2749,58,JChoinard
2749,59,ALamer
2750,45,RMartland
2750,47,RARitchie
2750,51,BLaskin
2750,52,RGBDickson
2750,53,JBeetz
2750,55,WZEstey
2750,57,WRMcIntyre
2750,58,JChoinard
2750,59,ALamer
2751,52,RGBDickson
2751,55,WZEstey
2751,57,WRMcIntyre
2751,58,JChoinard
2751,60,BWilson
2752,45,RMartland
2752,47,RARitchie
2752,51,BLaskin
2752,52,RGBDickson
2752,53,JBeetz
2753,51,BLaskin
2753,52,RGBDickson
2753,57,WRMcIntyre
2753,58,JChoinard
2753,59,ALamer
2754,47,RARitchie
2754,51,BLaskin
2754,52,RGBDickson
2754,55,WZEstey
2754,57,WRMcIntyre
2755,47,RARitchie
2755,51,BLaskin
2755,52,RGBDickson
2755,53,JBeetz
2755,55,WZEstey
2755,58,JChoinard
2755,59,ALamer
2756,47,RARitchie
2756,52,RGBDickson
2756,53,JBeetz
2756,55,WZEstey
2756,57,WRMcIntyre
2756,58,JChoinard
2756,59,ALamer
2757,45,RMartland
2757,47,RARitchie
2757,52,RGBDickson
2757,53,JBeetz
2757,55,WZEstey
2757,58,JChoinard
2757,59,ALamer
2758,45,RMartland
2758,51,BLaskin
2758,52,RGBDickson
2758,53,JBeetz
2758,55,WZEstey
2758,57,WRMcIntyre
2758,59,ALamer
2759,52,RGBDickson
2759,53,JBeetz
2759,55,WZEstey
2759,57,WRMcIntyre
2759,58,JChoinard
2759,59,ALamer
2759,60,BWilson
2760,45,RMartland
2760,47,RARitchie
2760,51,BLaskin
2760,52,RGBDickson
2760,53,JBeetz
2760,55,WZEstey
2760,57,WRMcIntyre
2760,58,JChoinard
2760,59,ALamer
2761,45,RMartland
2761,47,RARitchie
2761,51,BLaskin
2761,52,RGBDickson
2761,53,JBeetz
2761,55,WZEstey
2761,57,WRMcIntyre
2761,58,JChoinard
2761,59,ALamer
2762,47,RARitchie
2762,51,BLaskin
2762,55,WZEstey
2762,57,WRMcIntyre
2762,58,JChoinard
2763,47,RARitchie
2763,51,BLaskin
2763,52,RGBDickson
2763,53,JBeetz
2763,55,WZEstey
2763,57,WRMcIntyre
2763,58,JChoinard
2763,59,ALamer
2763,60,BWilson
2764,45,RMartland
2764,47,RARitchie
2764,51,BLaskin
2764,52,RGBDickson
2764,53,JBeetz
2764,55,WZEstey
2764,57,WRMcIntyre
2764,58,JChoinard
2764,59,ALamer
2765,45,RMartland
2765,47,RARitchie
2765,51,BLaskin
2765,52,RGBDickson
2765,53,JBeetz
2765,55,WZEstey
2765,57,WRMcIntyre
2765,58,JChoinard
2765,59,ALamer
2766,45,RMartland
2766,47,RARitchie
2766,51,BLaskin
2766,52,RGBDickson
2766,53,JBeetz
2766,55,WZEstey
2766,57,WRMcIntyre
2766,58,JChoinard
2766,59,ALamer
2767,45,RMartland
2767,47,RARitchie
2767,51,BLaskin
2767,52,RGBDickson
2767,53,JBeetz
2767,55,WZEstey
2767,57,WRMcIntyre
2767,58,JChoinard
2767,59,ALamer
2768,45,RMartland
2768,47,RARitchie
2768,51,BLaskin
2768,52,RGBDickson
2768,55,WZEstey
2768,57,WRMcIntyre
2768,58,JChoinard
2769,45,RMartland
2769,47,RARitchie
2769,51,BLaskin
2769,52,RGBDickson
2769,53,JBeetz
2769,55,WZEstey
2769,57,WRMcIntyre
2769,58,JChoinard
2769,59,ALamer
2770,45,RMartland
2770,47,RARitchie
2770,51,BLaskin
2770,52,RGBDickson
2770,53,JBeetz
2770,55,WZEstey
2770,57,WRMcIntyre
2770,58,JChoinard
2770,59,ALamer
2771,45,RMartland
2771,47,RARitchie
2771,51,BLaskin
2771,52,RGBDickson
2771,53,JBeetz
2771,55,WZEstey
2771,57,WRMcIntyre
2771,58,JChoinard
2771,59,ALamer
2772,45,RMartland
2772,47,RARitchie
2772,52,RGBDickson
2772,55,WZEstey
2772,58,JChoinard
2773,45,RMartland
2773,52,RGBDickson
2773,53,JBeetz
2773,55,WZEstey
2773,57,WRMcIntyre
2773,58,JChoinard
2773,59,ALamer
2774,45,RMartland
2774,47,RARitchie
2774,51,BLaskin
2774,52,RGBDickson
2774,53,JBeetz
2774,55,WZEstey
2774,57,WRMcIntyre
2774,58,JChoinard
2774,59,ALamer
2775,45,RMartland
2775,47,RARitchie
2775,51,BLaskin
2775,52,RGBDickson
2775,53,JBeetz
2775,55,WZEstey
2775,57,WRMcIntyre
2775,58,JChoinard
2775,59,ALamer
2776,45,RMartland
2776,47,RARitchie
2776,51,BLaskin
2776,52,RGBDickson
2776,53,JBeetz
2776,55,WZEstey
2776,57,WRMcIntyre
2776,58,JChoinard
2776,59,ALamer
2777,45,RMartland
2777,47,RARitchie
2777,51,BLaskin
2777,52,RGBDickson
2777,53,JBeetz
2777,55,WZEstey
2777,57,WRMcIntyre
2777,58,JChoinard
2777,59,ALamer
2778,55,WZEstey
2778,57,WRMcIntyre
2778,58,JChoinard
2778,59,ALamer
2778,60,BWilson
2779,47,RARitchie
2779,52,RGBDickson
2779,53,JBeetz
2779,58,JChoinard
2779,60,BWilson
2780,47,RARitchie
2780,55,WZEstey
2780,57,WRMcIntyre
2780,59,ALamer
2780,60,BWilson
2781,47,RARitchie
2781,51,BLaskin
2781,52,RGBDickson
2781,55,WZEstey
2781,57,WRMcIntyre
2781,58,JChoinard
2781,59,ALamer
2782,47,RARitchie
2782,51,BLaskin
2782,52,RGBDickson
2782,53,JBeetz
2782,55,WZEstey
2782,57,WRMcIntyre
2782,58,JChoinard
2783,47,RARitchie
2783,52,RGBDickson
2783,53,JBeetz
2783,57,WRMcIntyre
2783,58,JChoinard
2783,59,ALamer
2783,60,BWilson
2784,47,RARitchie
2784,51,BLaskin
2784,52,RGBDickson
2784,53,JBeetz
2784,55,WZEstey
2784,59,ALamer
2784,60,BWilson
2785,47,RARitchie
2785,51,BLaskin
2785,52,RGBDickson
2785,53,JBeetz
2785,55,WZEstey
2785,57,WRMcIntyre
2785,58,JChoinard
2785,59,ALamer
2786,52,RGBDickson
2786,53,JBeetz
2786,55,WZEstey
2786,57,WRMcIntyre
2786,58,JChoinard
2786,59,ALamer
2786,60,BWilson
2787,47,RARitchie
2787,53,JBeetz
2787,55,WZEstey
2787,57,WRMcIntyre
2787,58,JChoinard
2787,59,ALamer
2787,60,BWilson
2788,47,RARitchie
2788,51,BLaskin
2788,52,RGBDickson
2788,55,WZEstey
2788,57,WRMcIntyre
2788,58,JChoinard
2788,60,BWilson
2789,47,RARitchie
2789,52,RGBDickson
2789,53,JBeetz
2789,57,WRMcIntyre
2789,60,BWilson
2790,47,RARitchie
2790,52,RGBDickson
2790,53,JBeetz
2790,55,WZEstey
2790,57,WRMcIntyre
2790,58,JChoinard
2790,60,BWilson
2791,47,RARitchie
2791,51,BLaskin
2791,53,JBeetz
2791,55,WZEstey
2791,57,WRMcIntyre
2791,58,JChoinard
2791,60,BWilson
2792,51,BLaskin
2792,52,RGBDickson
2792,55,WZEstey
2792,57,WRMcIntyre
2792,60,BWilson
2793,47,RARitchie
2793,53,JBeetz
2793,55,WZEstey
2793,58,JChoinard
2793,59,ALamer
2794,52,RGBDickson
2794,55,WZEstey
2794,57,WRMcIntyre
2794,59,ALamer
2794,60,BWilson
2795,53,JBeetz
2795,55,WZEstey
2795,57,WRMcIntyre
2795,58,JChoinard
2795,59,ALamer
2796,47,RARitchie
2796,52,RGBDickson
2796,55,WZEstey
2796,57,WRMcIntyre
2796,60,BWilson
2797,55,WZEstey
2797,57,WRMcIntyre
2797,58,JChoinard
2797,59,ALamer
2797,60,BWilson
2798,51,BLaskin
2798,52,RGBDickson
2798,53,JBeetz
2798,55,WZEstey
2798,57,WRMcIntyre
2798,58,JChoinard
2798,60,BWilson
2799,47,RARitchie
2799,52,RGBDickson
2799,53,JBeetz
2799,57,WRMcIntyre
2799,58,JChoinard
2799,59,ALamer
2799,60,BWilson
2800,47,RARitchie
2800,51,BLaskin
2800,52,RGBDickson
2800,53,JBeetz
2800,55,WZEstey
2800,58,JChoinard
2800,59,ALamer
2801,47,RARitchie
2801,52,RGBDickson
2801,53,JBeetz
2801,57,WRMcIntyre
2801,58,JChoinard
2801,59,ALamer
2801,60,BWilson
2802,47,RARitchie
2802,51,BLaskin
2802,52,RGBDickson
2802,53,JBeetz
2802,55,WZEstey
2802,57,WRMcIntyre
2802,58,JChoinard
2803,47,RARitchie
2803,51,BLaskin
2803,52,RGBDickson
2803,55,WZEstey
2803,59,ALamer
2804,47,RARitchie
2804,51,BLaskin
2804,52,RGBDickson
2804,53,JBeetz
2804,55,WZEstey
2804,57,WRMcIntyre
2804,58,JChoinard
2804,59,ALamer
2804,60,BWilson
2805,53,JBeetz
2805,55,WZEstey
2805,57,WRMcIntyre
2805,58,JChoinard
2805,59,ALamer
2806,51,BLaskin
2806,53,JBeetz
2806,55,WZEstey
2806,57,WRMcIntyre
2806,58,JChoinard
2806,59,ALamer
2806,60,BWilson
2807,52,RGBDickson
2807,55,WZEstey
2807,57,WRMcIntyre
2807,59,ALamer
2807,60,BWilson
2808,47,RARitchie
2808,51,BLaskin
2808,53,JBeetz
2808,55,WZEstey
2808,57,WRMcIntyre
2808,58,JChoinard
2808,59,ALamer
2809,47,RARitchie
2809,52,RGBDickson
2809,53,JBeetz
2809,55,WZEstey
2809,57,WRMcIntyre
2809,58,JChoinard
2809,60,BWilson
2810,47,RARitchie
2810,51,BLaskin
2810,52,RGBDickson
2810,53,JBeetz
2810,55,WZEstey
2810,57,WRMcIntyre
2810,58,JChoinard
2810,59,ALamer
2810,60,BWilson
2811,52,RGBDickson
2811,57,WRMcIntyre
2811,58,JChoinard
2811,59,ALamer
2811,60,BWilson
2812,47,RARitchie
2812,52,RGBDickson
2812,53,JBeetz
2812,55,WZEstey
2812,57,WRMcIntyre
2812,58,JChoinard
2812,59,ALamer
2813,52,RGBDickson
2813,53,JBeetz
2813,55,WZEstey
2813,57,WRMcIntyre
2813,58,JChoinard
2813,59,ALamer
2813,60,BWilson
2814,52,RGBDickson
2814,53,JBeetz
2814,55,WZEstey
2814,57,WRMcIntyre
2814,58,JChoinard
2814,59,ALamer
2814,60,BWilson
2815,47,RARitchie
2815,51,BLaskin
2815,52,RGBDickson
2815,53,JBeetz
2815,55,WZEstey
2815,57,WRMcIntyre
2815,58,JChoinard
2815,59,ALamer
2815,60,BWilson
2816,47,RARitchie
2816,52,RGBDickson
2816,53,JBeetz
2816,55,WZEstey
2816,57,WRMcIntyre
2816,58,JChoinard
2816,60,BWilson
2817,47,RARitchie
2817,52,RGBDickson
2817,55,WZEstey
2817,57,WRMcIntyre
2817,58,JChoinard
2817,59,ALamer
2817,60,BWilson
2818,51,BLaskin
2818,52,RGBDickson
2818,53,JBeetz
2818,55,WZEstey
2818,57,WRMcIntyre
2819,47,RARitchie
2819,52,RGBDickson
2819,53,JBeetz
2819,59,ALamer
2819,60,BWilson
2820,47,RARitchie
2820,51,BLaskin
2820,57,WRMcIntyre
2820,58,JChoinard
2820,59,ALamer
2821,51,BLaskin
2821,52,RGBDickson
2821,53,JBeetz
2821,55,WZEstey
2821,57,WRMcIntyre
2821,58,JChoinard
2821,59,ALamer
2822,52,RGBDickson
2822,53,JBeetz
2822,55,WZEstey
2822,57,WRMcIntyre
2822,58,JChoinard
2822,59,ALamer
2822,60,BWilson
2823,47,RARitchie
2823,51,BLaskin
2823,52,RGBDickson
2823,53,JBeetz
2823,55,WZEstey
2823,57,WRMcIntyre
2823,58,JChoinard
2824,52,RGBDickson
2824,53,JBeetz
2824,55,WZEstey
2824,57,WRMcIntyre
2824,58,JChoinard
2824,59,ALamer
2824,60,BWilson
2825,47,RARitchie
2825,52,RGBDickson
2825,53,JBeetz
2825,55,WZEstey
2825,57,WRMcIntyre
2825,58,JChoinard
2825,59,ALamer
2826,47,RARitchie
2826,51,BLaskin
2826,53,JBeetz
2826,55,WZEstey
2826,57,WRMcIntyre
2826,58,JChoinard
2826,60,BWilson
2827,52,RGBDickson
2827,53,JBeetz
2827,57,WRMcIntyre
2827,58,JChoinard
2827,60,BWilson
2828,51,BLaskin
2828,52,RGBDickson
2828,53,JBeetz
2828,55,WZEstey
2828,57,WRMcIntyre
2828,58,JChoinard
2828,60,BWilson
2829,47,RARitchie
2829,51,BLaskin
2829,52,RGBDickson
2829,53,JBeetz
2829,57,WRMcIntyre
2829,58,JChoinard
2829,60,BWilson
2830,51,BLaskin
2830,52,RGBDickson
2830,53,JBeetz
2830,55,WZEstey
2830,57,WRMcIntyre
2830,58,JChoinard
2830,60,BWilson
2831,47,RARitchie
2831,52,RGBDickson
2831,53,JBeetz
2831,55,WZEstey
2831,57,WRMcIntyre
2831,59,ALamer
2831,60,BWilson
2832,47,RARitchie
2832,52,RGBDickson
2832,53,JBeetz
2832,55,WZEstey
2832,57,WRMcIntyre
2832,59,ALamer
2832,60,BWilson
2833,51,BLaskin
2833,52,RGBDickson
2833,55,WZEstey
2833,57,WRMcIntyre
2833,60,BWilson
2834,47,RARitchie
2834,53,JBeetz
2834,57,WRMcIntyre
2834,59,ALamer
2834,60,BWilson
2835,47,RARitchie
2835,53,JBeetz
2835,55,WZEstey
2835,57,WRMcIntyre
2835,58,JChoinard
2835,59,ALamer
2835,60,BWilson
2836,51,BLaskin
2836,52,RGBDickson
2836,53,JBeetz
2836,55,WZEstey
2836,57,WRMcIntyre
2836,58,JChoinard
2836,59,ALamer
2837,52,RGBDickson
2837,53,JBeetz
2837,55,WZEstey
2837,57,WRMcIntyre
2837,58,JChoinard
2837,59,ALamer
2837,60,BWilson
2838,47,RARitchie
2838,51,BLaskin
2838,52,RGBDickson
2838,53,JBeetz
2838,55,WZEstey
2838,57,WRMcIntyre
2838,58,JChoinard
2839,47,RARitchie
2839,51,BLaskin
2839,52,RGBDickson
2839,53,JBeetz
2839,58,JChoinard
2839,59,ALamer
2839,60,BWilson
2840,53,JBeetz
2840,55,WZEstey
2840,57,WRMcIntyre
2840,58,JChoinard
2840,59,ALamer
2841,47,RARitchie
2841,51,BLaskin
2841,55,WZEstey
2841,57,WRMcIntyre
2841,60,BWilson
2842,47,RARitchie
2842,51,BLaskin
2842,53,JBeetz
2842,55,WZEstey
2842,58,JChoinard
2843,47,RARitchie
2843,52,RGBDickson
2843,55,WZEstey
2843,59,ALamer
2843,60,BWilson
2844,47,RARitchie
2844,51,BLaskin
2844,52,RGBDickson
2844,55,WZEstey
2844,58,JChoinard
2844,59,ALamer
2844,60,BWilson
2845,47,RARitchie
2845,55,WZEstey
2845,57,WRMcIntyre
2845,59,ALamer
2845,60,BWilson
2846,47,RARitchie
2846,52,RGBDickson
2846,57,WRMcIntyre
2846,58,JChoinard
2846,59,ALamer
2847,47,RARitchie
2847,51,BLaskin
2847,55,WZEstey
2847,57,WRMcIntyre
2847,59,ALamer
2848,51,BLaskin
2848,52,RGBDickson
2848,55,WZEstey
2848,57,WRMcIntyre
2848,58,JChoinard
2849,47,RARitchie
2849,53,JBeetz
2849,55,WZEstey
2849,58,JChoinard
2849,59,ALamer
2850,47,RARitchie
2850,53,JBeetz
2850,55,WZEstey
2850,58,JChoinard
2850,59,ALamer
2851,53,JBeetz
2851,55,WZEstey
2851,57,WRMcIntyre
2851,58,JChoinard
2851,59,ALamer
2852,47,RARitchie
2852,51,BLaskin
2852,52,RGBDickson
2852,53,JBeetz
2852,55,WZEstey
2852,57,WRMcIntyre
2852,58,JChoinard
2853,51,BLaskin
2853,52,RGBDickson
2853,53,JBeetz
2853,55,WZEstey
2853,57,WRMcIntyre
2853,58,JChoinard
2853,60,BWilson
2854,47,RARitchie
2854,52,RGBDickson
2854,53,JBeetz
2854,55,WZEstey
2854,57,WRMcIntyre
2854,58,JChoinard
2854,59,ALamer
2855,52,RGBDickson
2855,53,JBeetz
2855,55,WZEstey
2855,57,WRMcIntyre
2855,58,JChoinard
2855,59,ALamer
2855,60,BWilson
2856,47,RARitchie
2856,51,BLaskin
2856,52,RGBDickson
2856,53,JBeetz
2856,55,WZEstey
2856,57,WRMcIntyre
2856,58,JChoinard
2856,59,ALamer
2856,60,BWilson
2857,47,RARitchie
2857,57,WRMcIntyre
2857,58,JChoinard
2857,59,ALamer
2857,60,BWilson
2858,51,BLaskin
2858,52,RGBDickson
2858,55,WZEstey
2858,57,WRMcIntyre
2858,58,JChoinard
2859,53,JBeetz
2859,55,WZEstey
2859,57,WRMcIntyre
2859,58,JChoinard
2859,60,BWilson
2860,52,RGBDickson
2860,53,JBeetz
2860,57,WRMcIntyre
2860,58,JChoinard
2860,59,ALamer
2861,47,RARitchie
2861,51,BLaskin
2861,52,RGBDickson
2861,53,JBeetz
2861,55,WZEstey
2861,58,JChoinard
2861,60,BWilson
2862,52,RGBDickson
2862,55,WZEstey
2862,58,JChoinard
2862,59,ALamer
2862,60,BWilson
2863,47,RARitchie
2863,51,BLaskin
2863,52,RGBDickson
2863,55,WZEstey
2863,59,ALamer
2864,47,RARitchie
2864,52,RGBDickson
2864,53,JBeetz
2864,55,WZEstey
2864,57,WRMcIntyre
2864,58,JChoinard
2864,59,ALamer
2865,53,JBeetz
2865,55,WZEstey
2865,57,WRMcIntyre
2865,58,JChoinard
2865,60,BWilson
2866,52,RGBDickson
2866,53,JBeetz
2866,55,WZEstey
2866,57,WRMcIntyre
2866,58,JChoinard
2866,59,ALamer
2866,60,BWilson
2867,47,RARitchie
2867,51,BLaskin
2867,52,RGBDickson
2867,53,JBeetz
2867,55,WZEstey
2867,57,WRMcIntyre
2867,58,JChoinard
2867,59,ALamer
2867,60,BWilson
2868,47,RARitchie
2868,52,RGBDickson
2868,57,WRMcIntyre
2868,58,JChoinard
2868,60,BWilson
2869,47,RARitchie
2869,52,RGBDickson
2869,55,WZEstey
2869,57,WRMcIntyre
2869,60,BWilson
2870,47,RARitchie
2870,51,BLaskin
2870,52,RGBDickson
2870,55,WZEstey
2870,57,WRMcIntyre
2871,47,RARitchie
2871,52,RGBDickson
2871,55,WZEstey
2871,57,WRMcIntyre
2871,58,JChoinard
2871,59,ALamer
2871,60,BWilson
2872,52,RGBDickson
2872,53,JBeetz
2872,55,WZEstey
2872,57,WRMcIntyre
2872,58,JChoinard
2872,59,ALamer
2872,60,BWilson
2873,52,RGBDickson
2873,53,JBeetz
2873,55,WZEstey
2873,58,JChoinard
2873,59,ALamer
2874,51,BLaskin
2874,52,RGBDickson
2874,55,WZEstey
2874,57,WRMcIntyre
2874,58,JChoinard
2874,59,ALamer
2874,60,BWilson
2875,47,RARitchie
2875,51,BLaskin
2875,52,RGBDickson
2875,53,JBeetz
2875,55,WZEstey
2875,57,WRMcIntyre
2875,58,JChoinard
2875,59,ALamer
2875,60,BWilson
2876,47,RARitchie
2876,52,RGBDickson
2876,53,JBeetz
2876,55,WZEstey
2876,57,WRMcIntyre
2876,59,ALamer
2876,60,BWilson
2877,51,BLaskin
2877,52,RGBDickson
2877,57,WRMcIntyre
2877,58,JChoinard
2877,60,BWilson
2878,47,RARitchie
2878,51,BLaskin
2878,52,RGBDickson
2878,53,JBeetz
2878,55,WZEstey
2878,57,WRMcIntyre
2878,59,ALamer
2879,47,RARitchie
2879,52,RGBDickson
2879,57,WRMcIntyre
2879,58,JChoinard
2879,60,BWilson
2880,47,RARitchie
2880,52,RGBDickson
2880,53,JBeetz
2880,55,WZEstey
2880,57,WRMcIntyre
2881,47,RARitchie
2881,52,RGBDickson
2881,55,WZEstey
2881,57,WRMcIntyre
2881,60,BWilson
2882,47,RARitchie
2882,51,BLaskin
2882,52,RGBDickson
2882,53,JBeetz
2882,55,WZEstey
2882,58,JChoinard
2882,59,ALamer
2883,51,BLaskin
2883,52,RGBDickson
2883,55,WZEstey
2883,57,WRMcIntyre
2883,58,JChoinard
2883,59,ALamer
2883,60,BWilson
2884,47,RARitchie
2884,51,BLaskin
2884,52,RGBDickson
2884,53,JBeetz
2884,55,WZEstey
2884,58,JChoinard
2884,59,ALamer
2885,47,RARitchie
2885,51,BLaskin
2885,52,RGBDickson
2885,53,JBeetz
2885,55,WZEstey
2885,57,WRMcIntyre
2885,59,ALamer
2886,47,RARitchie
2886,51,BLaskin
2886,52,RGBDickson
2886,53,JBeetz
2886,55,WZEstey
2886,57,WRMcIntyre
2886,58,JChoinard
2886,59,ALamer
2886,60,BWilson
2887,53,JBeetz
2887,55,WZEstey
2887,57,WRMcIntyre
2887,58,JChoinard
2887,59,ALamer
2888,47,RARitchie
2888,53,JBeetz
2888,55,WZEstey
2888,57,WRMcIntyre
2888,58,JChoinard
2888,59,ALamer
2888,60,BWilson
2889,52,RGBDickson
2889,53,JBeetz
2889,57,WRMcIntyre
2889,58,JChoinard
2889,60,BWilson
2890,47,RARitchie
2890,52,RGBDickson
2890,55,WZEstey
2890,57,WRMcIntyre
2890,58,JChoinard
2891,52,RGBDickson
2891,53,JBeetz
2891,55,WZEstey
2891,57,WRMcIntyre
2891,58,JChoinard
2891,59,ALamer
2891,60,BWilson
2892,52,RGBDickson
2892,57,WRMcIntyre
2892,58,JChoinard
2892,59,ALamer
2892,60,BWilson
2893,52,RGBDickson
2893,53,JBeetz
2893,55,WZEstey
2893,57,WRMcIntyre
2893,58,JChoinard
2894,47,RARitchie
2894,52,RGBDickson
2894,57,WRMcIntyre
2894,59,ALamer
2894,60,BWilson
2895,47,RARitchie
2895,53,JBeetz
2895,55,WZEstey
2895,58,JChoinard
2895,60,BWilson
2896,47,RARitchie
2896,51,BLaskin
2896,52,RGBDickson
2896,53,JBeetz
2896,57,WRMcIntyre
2896,58,JChoinard
2896,60,BWilson
2897,47,RARitchie
2897,51,BLaskin
2897,52,RGBDickson
2897,55,WZEstey
2897,57,WRMcIntyre
2898,47,RARitchie
2898,51,BLaskin
2898,52,RGBDickson
2898,57,WRMcIntyre
2898,58,JChoinard
2899,51,BLaskin
2899,52,RGBDickson
2899,55,WZEstey
2899,57,WRMcIntyre
2899,58,JChoinard
2900,47,RARitchie
2900,52,RGBDickson
2900,53,JBeetz
2900,55,WZEstey
2900,57,WRMcIntyre
2900,58,JChoinard
2900,60,BWilson
2901,53,JBeetz
2901,55,WZEstey
2901,57,WRMcIntyre
2901,58,JChoinard
2901,59,ALamer
2902,52,RGBDickson
2902,53,JBeetz
2902,58,JChoinard
2902,59,ALamer
2902,60,BWilson
2903,52,RGBDickson
2903,53,JBeetz
2903,55,WZEstey
2903,57,WRMcIntyre
2903,58,JChoinard
2903,59,ALamer
2903,60,BWilson
2904,52,RGBDickson
2904,53,JBeetz
2904,55,WZEstey
2904,57,WRMcIntyre
2904,58,JChoinard
2904,59,ALamer
2904,60,BWilson
2905,47,RARitchie
2905,52,RGBDickson
2905,53,JBeetz
2905,55,WZEstey
2905,57,WRMcIntyre
2905,58,JChoinard
2905,60,BWilson
2906,47,RARitchie
2906,52,RGBDickson
2906,55,WZEstey
2906,59,ALamer
2906,60,BWilson
2907,47,RARitchie
2907,51,BLaskin
2907,52,RGBDickson
2907,53,JBeetz
2907,55,WZEstey
2907,57,WRMcIntyre
2907,58,JChoinard
2908,47,RARitchie
2908,51,BLaskin
2908,52,RGBDickson
2908,53,JBeetz
2908,55,WZEstey
2908,57,WRMcIntyre
2908,58,JChoinard
2908,59,ALamer
2908,60,BWilson
2909,52,RGBDickson
2909,53,JBeetz
2909,57,WRMcIntyre
2909,58,JChoinard
2909,60,BWilson
2910,52,RGBDickson
2910,53,JBeetz
2910,58,JChoinard
2910,59,ALamer
2910,60,BWilson
2911,47,RARitchie
2911,52,RGBDickson
2911,55,WZEstey
2911,57,WRMcIntyre
2911,58,JChoinard
2911,59,ALamer
2911,60,BWilson
2912,47,RARitchie
2912,55,WZEstey
2912,57,WRMcIntyre
2912,58,JChoinard
2912,60,BWilson
2913,47,RARitchie
2913,52,RGBDickson
2913,55,WZEstey
2913,57,WRMcIntyre
2913,60,BWilson
2914,47,RARitchie
2914,52,RGBDickson
2914,53,JBeetz
2914,55,WZEstey
2914,57,WRMcIntyre
2914,59,ALamer
2914,60,BWilson
2915,52,RGBDickson
2915,53,JBeetz
2915,55,WZEstey
2915,57,WRMcIntyre
2915,58,JChoinard
2915,59,ALamer
2915,60,BWilson
2916,47,RARitchie
2916,52,RGBDickson
2916,53,JBeetz
2916,55,WZEstey
2916,57,WRMcIntyre
2916,58,JChoinard
2916,60,BWilson
2917,47,RARitchie
2917,53,JBeetz
2917,55,WZEstey
2917,57,WRMcIntyre
2917,58,JChoinard
2917,59,ALamer
2917,60,BWilson
2918,47,RARitchie
2918,51,BLaskin
2918,52,RGBDickson
2918,53,JBeetz
2918,55,WZEstey
2918,57,WRMcIntyre
2918,58,JChoinard
2918,59,ALamer
2918,60,BWilson
2919,47,RARitchie
2919,52,RGBDickson
2919,53,JBeetz
2919,57,WRMcIntyre
2919,58,JChoinard
2919,59,ALamer
2919,60,BWilson
2920,47,RARitchie
2920,51,BLaskin
2920,52,RGBDickson
2920,53,JBeetz
2920,55,WZEstey
2920,58,JChoinard
2920,60,BWilson
2921,47,RARitchie
2921,53,JBeetz
2921,55,WZEstey
2921,57,WRMcIntyre
2921,60,BWilson
2922,53,JBeetz
2922,57,WRMcIntyre
2922,58,JChoinard
2922,59,ALamer
2922,60,BWilson
2923,47,RARitchie
2923,51,BLaskin
2923,52,RGBDickson
2923,57,WRMcIntyre
2923,59,ALamer
2924,47,RARitchie
2924,52,RGBDickson
2924,53,JBeetz
2924,55,WZEstey
2924,57,WRMcIntyre
2924,58,JChoinard
2924,59,ALamer
2925,47,RARitchie
2925,52,RGBDickson
2925,53,JBeetz
2925,55,WZEstey
2925,57,WRMcIntyre
2925,58,JChoinard
2925,59,ALamer
2925,60,BWilson
2925,61,GELDain
2926,51,BLaskin
2926,52,RGBDickson
2926,55,WZEstey
2926,57,WRMcIntyre
2926,58,JChoinard
2927,51,BLaskin
2927,53,JBeetz
2927,55,WZEstey
2927,57,WRMcIntyre
2927,58,JChoinard
2927,59,ALamer
2927,60,BWilson
2928,52,RGBDickson
2928,53,JBeetz
2928,55,WZEstey
2928,57,WRMcIntyre
2928,58,JChoinard
2928,59,ALamer
2928,60,BWilson
2929,47,RARitchie
2929,52,RGBDickson
2929,55,WZEstey
2929,57,WRMcIntyre
2929,60,BWilson
2930,52,RGBDickson
2930,55,WZEstey
2930,57,WRMcIntyre
2930,58,JChoinard
2930,59,ALamer
2931,47,RARitchie
2931,52,RGBDickson
2931,53,JBeetz
2931,55,WZEstey
2931,57,WRMcIntyre
2931,59,ALamer
2931,60,BWilson
2932,52,RGBDickson
2932,55,WZEstey
2932,57,WRMcIntyre
2932,60,BWilson
2932,61,GELDain
2933,51,BLaskin
2933,55,WZEstey
2933,57,WRMcIntyre
2933,58,JChoinard
2933,60,BWilson
2934,55,WZEstey
2934,57,WRMcIntyre
2934,58,JChoinard
2934,59,ALamer
2934,60,BWilson
2935,47,RARitchie
2935,52,RGBDickson
2935,55,WZEstey
2935,57,WRMcIntyre
2935,58,JChoinard
2936,47,RARitchie
2936,52,RGBDickson
2936,55,WZEstey
2936,57,WRMcIntyre
2936,58,JChoinard
2937,47,RARitchie
2937,52,RGBDickson
2937,53,JBeetz
2937,55,WZEstey
2937,57,WRMcIntyre
2937,58,JChoinard
2937,59,ALamer
2938,47,RARitchie
2938,51,BLaskin
2938,52,RGBDickson
2938,53,JBeetz
2938,55,WZEstey
2938,57,WRMcIntyre
2938,58,JChoinard
2938,59,ALamer
2938,60,BWilson
2939,47,RARitchie
2939,52,RGBDickson
2939,58,JChoinard
2939,59,ALamer
2939,60,BWilson
2940,47,RARitchie
2940,53,JBeetz
2940,55,WZEstey
2940,57,WRMcIntyre
2940,58,JChoinard
2940,59,ALamer
2940,60,BWilson
2941,53,JBeetz
2941,55,WZEstey
2941,57,WRMcIntyre
2941,58,JChoinard
2941,59,ALamer
2941,60,BWilson
2941,61,GELDain
2942,52,RGBDickson
2942,53,JBeetz
2942,55,WZEstey
2942,57,WRMcIntyre
2942,58,JChoinard
2942,59,ALamer
2942,60,BWilson
2943,52,RGBDickson
2943,53,JBeetz
2943,57,WRMcIntyre
2943,58,JChoinard
2943,59,ALamer
2943,60,BWilson
2943,61,GELDain
2944,55,WZEstey
2944,57,WRMcIntyre
2944,58,JChoinard
2944,60,BWilson
2944,61,GELDain
2945,47,RARitchie
2945,51,BLaskin
2945,52,RGBDickson
2945,55,WZEstey
2945,57,WRMcIntyre
2945,59,ALamer
2945,60,BWilson
2946,47,RARitchie
2946,51,BLaskin
2946,52,RGBDickson
2946,53,JBeetz
2946,55,WZEstey
2946,57,WRMcIntyre
2946,58,JChoinard
2946,59,ALamer
2946,60,BWilson
2947,52,RGBDickson
2947,53,JBeetz
2947,55,WZEstey
2947,59,ALamer
2947,60,BWilson
2948,53,JBeetz
2948,57,WRMcIntyre
2948,58,JChoinard
2948,59,ALamer
2948,60,BWilson
2949,47,RARitchie
2949,52,RGBDickson
2949,55,WZEstey
2949,57,WRMcIntyre
2949,60,BWilson
2950,51,BLaskin
2950,52,RGBDickson
2950,53,JBeetz
2950,55,WZEstey
2950,57,WRMcIntyre
2950,58,JChoinard
2950,60,BWilson
2951,52,RGBDickson
2951,55,WZEstey
2951,57,WRMcIntyre
2951,58,JChoinard
2951,59,ALamer
2951,60,BWilson
2951,61,GELDain
2952,52,RGBDickson
2952,53,JBeetz
2952,55,WZEstey
2952,57,WRMcIntyre
2952,58,JChoinard
2952,59,ALamer
2952,60,BWilson
2953,52,RGBDickson
2953,55,WZEstey
2953,57,WRMcIntyre
2953,58,JChoinard
2953,59,ALamer
2953,60,BWilson
2953,61,GELDain
2954,52,RGBDickson
2954,53,JBeetz
2954,55,WZEstey
2954,57,WRMcIntyre
2954,58,JChoinard
2954,59,ALamer
2954,60,BWilson
2955,47,RARitchie
2955,52,RGBDickson
2955,53,JBeetz
2955,55,WZEstey
2955,58,JChoinard
2955,59,ALamer
2955,60,BWilson
2956,53,JBeetz
2956,55,WZEstey
2956,57,WRMcIntyre
2956,58,JChoinard
2956,59,ALamer
2957,52,RGBDickson
2957,53,JBeetz
2957,57,WRMcIntyre
2957,58,JChoinard
2957,59,ALamer
2958,47,RARitchie
2958,53,JBeetz
2958,55,WZEstey
2958,57,WRMcIntyre
2958,58,JChoinard
2959,52,RGBDickson
2959,53,JBeetz
2959,55,WZEstey
2959,57,WRMcIntyre
2959,58,JChoinard
2959,59,ALamer
2959,61,GELDain
2960,47,RARitchie
2960,52,RGBDickson
2960,53,JBeetz
2960,55,WZEstey
2960,57,WRMcIntyre
2960,58,JChoinard
2960,59,ALamer
2961,52,RGBDickson
2961,53,JBeetz
2961,55,WZEstey
2961,57,WRMcIntyre
2961,58,JChoinard
2961,59,ALamer
2962,47,RARitchie
2962,52,RGBDickson
2962,53,JBeetz
2962,55,WZEstey
2962,57,WRMcIntyre
2962,58,JChoinard
2962,60,BWilson
2963,47,RARitchie
2963,52,RGBDickson
2963,53,JBeetz
2963,55,WZEstey
2963,57,WRMcIntyre
2963,58,JChoinard
2963,59,ALamer
2963,60,BWilson
2963,61,GELDain
2964,47,RARitchie
2964,52,RGBDickson
2964,53,JBeetz
2964,55,WZEstey
2964,57,WRMcIntyre
2964,58,JChoinard
2964,60,BWilson
2965,52,RGBDickson
2965,55,WZEstey
2965,57,WRMcIntyre
2965,59,ALamer
2965,60,BWilson
2966,53,JBeetz
2966,57,WRMcIntyre
2966,58,JChoinard
2966,59,ALamer
2966,61,GELDain
2967,52,RGBDickson
2967,53,JBeetz
2967,55,WZEstey
2967,57,WRMcIntyre
2967,58,JChoinard
2967,59,ALamer
2967,60,BWilson
2968,47,RARitchie
2968,52,RGBDickson
2968,55,WZEstey
2968,58,JChoinard
2968,60,BWilson
2969,47,RARitchie
2969,52,RGBDickson
2969,53,JBeetz
2969,57,WRMcIntyre
2969,58,JChoinard
2969,59,ALamer
2969,60,BWilson
2970,47,RARitchie
2970,52,RGBDickson
2970,53,JBeetz
2970,57,WRMcIntyre
2970,58,JChoinard
2970,59,ALamer
2970,60,BWilson
2971,52,RGBDickson
2971,53,JBeetz
2971,55,WZEstey
2971,57,WRMcIntyre
2971,58,JChoinard
2971,59,ALamer
2971,61,GELDain
2972,52,RGBDickson
2972,53,JBeetz
2972,55,WZEstey
2972,57,WRMcIntyre
2972,58,JChoinard
2972,59,ALamer
2972,60,BWilson
2973,52,RGBDickson
2973,55,WZEstey
2973,57,WRMcIntyre
2973,59,ALamer
2973,60,BWilson
2973,61,GELDain
2973,62,GLForest
2974,47,RARitchie
2974,52,RGBDickson
2974,53,JBeetz
2974,55,WZEstey
2974,57,WRMcIntyre
2974,59,ALamer
2974,60,BWilson
2975,47,RARitchie
2975,52,RGBDickson
2975,55,WZEstey
2975,57,WRMcIntyre
2975,58,JChoinard
2975,59,ALamer
2975,60,BWilson
2976,52,RGBDickson
2976,53,JBeetz
2976,57,WRMcIntyre
2976,59,ALamer
2976,60,BWilson
2976,61,GELDain
2976,62,GLForest
2977,52,RGBDickson
2977,53,JBeetz
2977,55,WZEstey
2977,58,JChoinard
2977,59,ALamer
2977,60,BWilson
2977,61,GELDain
2978,52,RGBDickson
2978,55,WZEstey
2978,58,JChoinard
2978,59,ALamer
2978,60,BWilson
2978,61,GELDain
2978,62,GLForest
2979,53,JBeetz
2979,58,JChoinard
2979,59,ALamer
2979,60,BWilson
2979,61,GELDain
2980,47,RARitchie
2980,52,RGBDickson
2980,53,JBeetz
2980,57,WRMcIntyre
2980,58,JChoinard
2980,59,ALamer
2980,60,BWilson
2981,47,RARitchie
2981,52,RGBDickson
2981,53,JBeetz
2981,57,WRMcIntyre
2981,58,JChoinard
2981,59,ALamer
2981,60,BWilson
2982,47,RARitchie
2982,52,RGBDickson
2982,53,JBeetz
2982,57,WRMcIntyre
2982,58,JChoinard
2982,59,ALamer
2982,60,BWilson
2983,47,RARitchie
2983,52,RGBDickson
2983,53,JBeetz
2983,55,WZEstey
2983,57,WRMcIntyre
2983,58,JChoinard
2983,60,BWilson
2984,52,RGBDickson
2984,53,JBeetz
2984,55,WZEstey
2984,57,WRMcIntyre
2984,58,JChoinard
2984,59,ALamer
2984,60,BWilson
2984,61,GELDain
2984,62,GLForest
2985,47,RARitchie
2985,52,RGBDickson
2985,55,WZEstey
2985,57,WRMcIntyre
2985,58,JChoinard
2985,59,ALamer
2985,60,BWilson
2986,52,RGBDickson
2986,53,JBeetz
2986,57,WRMcIntyre
2986,58,JChoinard
2986,59,ALamer
2986,61,GELDain
2986,62,GLForest
2987,52,RGBDickson
2987,55,WZEstey
2987,57,WRMcIntyre
2987,58,JChoinard
2987,59,ALamer
2987,60,BWilson
2987,61,GELDain
2988,52,RGBDickson
2988,53,JBeetz
2988,55,WZEstey
2988,57,WRMcIntyre
2988,59,ALamer
2988,60,BWilson
2988,61,GELDain
2989,52,RGBDickson
2989,53,JBeetz
2989,57,WRMcIntyre
2989,58,JChoinard
2989,59,ALamer
2989,61,GELDain
2989,62,GLForest
2990,52,RGBDickson
2990,53,JBeetz
2990,55,WZEstey
2990,57,WRMcIntyre
2990,58,JChoinard
2990,60,BWilson
2990,61,GELDain
2991,47,RARitchie
2991,52,RGBDickson
2991,53,JBeetz
2991,55,WZEstey
2991,57,WRMcIntyre
2991,58,JChoinard
2991,59,ALamer
2991,60,BWilson
2991,61,GELDain
2992,47,RARitchie
2992,51,BLaskin
2992,52,RGBDickson
2992,53,JBeetz
2992,55,WZEstey
2992,57,WRMcIntyre
2992,58,JChoinard
2992,59,ALamer
2992,60,BWilson
2993,52,RGBDickson
2993,53,JBeetz
2993,55,WZEstey
2993,57,WRMcIntyre
2993,60,BWilson
2993,61,GELDain
2993,62,GLForest
2994,47,RARitchie
2994,53,JBeetz
2994,55,WZEstey
2994,57,WRMcIntyre
2994,58,JChoinard
2994,59,ALamer
2994,60,BWilson
2995,47,RARitchie
2995,52,RGBDickson
2995,53,JBeetz
2995,55,WZEstey
2995,57,WRMcIntyre
2995,58,JChoinard
2995,59,ALamer
2995,60,BWilson
2995,61,GELDain
2996,47,RARitchie
2996,52,RGBDickson
2996,53,JBeetz
2996,55,WZEstey
2996,57,WRMcIntyre
2996,58,JChoinard
2996,59,ALamer
2996,60,BWilson
2996,61,GELDain
2997,52,RGBDickson
2997,53,JBeetz
2997,55,WZEstey
2997,57,WRMcIntyre
2997,58,JChoinard
2997,59,ALamer
2997,60,BWilson
2997,61,GELDain
2997,62,GLForest
2998,52,RGBDickson
2998,53,JBeetz
2998,55,WZEstey
2998,57,WRMcIntyre
2998,59,ALamer
2998,60,BWilson
2998,61,GELDain
2999,52,RGBDickson
2999,53,JBeetz
2999,55,WZEstey
2999,57,WRMcIntyre
2999,58,JChoinard
2999,59,ALamer
2999,60,BWilson
2999,61,GELDain
2999,62,GLForest
3000,47,RARitchie
3000,51,BLaskin
3000,52,RGBDickson
3000,53,JBeetz
3000,55,WZEstey
3000,57,WRMcIntyre
3000,58,JChoinard
3000,59,ALamer
3000,60,BWilson
3001,52,RGBDickson
3001,55,WZEstey
3001,57,WRMcIntyre
3001,58,JChoinard
3001,59,ALamer
3001,60,BWilson
3001,61,GELDain
3002,52,RGBDickson
3002,53,JBeetz
3002,57,WRMcIntyre
3002,58,JChoinard
3002,60,BWilson
3002,61,GELDain
3002,62,GLForest
3003,52,RGBDickson
3003,53,JBeetz
3003,55,WZEstey
3003,57,WRMcIntyre
3003,58,JChoinard
3003,60,BWilson
3003,61,GELDain
3004,52,RGBDickson
3004,53,JBeetz
3004,55,WZEstey
3004,57,WRMcIntyre
3004,59,ALamer
3004,60,BWilson
3004,62,GLForest
3005,53,JBeetz
3005,55,WZEstey
3005,58,JChoinard
3005,59,ALamer
3005,60,BWilson
3005,61,GELDain
3005,62,GLForest
3006,52,RGBDickson
3006,53,JBeetz
3006,55,WZEstey
3006,57,WRMcIntyre
3006,58,JChoinard
3006,60,BWilson
3006,62,GLForest
3007,52,RGBDickson
3007,53,JBeetz
3007,57,WRMcIntyre
3007,58,JChoinard
3007,59,ALamer
3007,60,BWilson
3007,61,GELDain
3008,47,RARitchie
3008,52,RGBDickson
3008,53,JBeetz
3008,55,WZEstey
3008,57,WRMcIntyre
3008,58,JChoinard
3008,60,BWilson
3009,53,JBeetz
3009,57,WRMcIntyre
3009,58,JChoinard
3009,59,ALamer
3009,60,BWilson
3009,61,GELDain
3009,62,GLForest
3010,52,RGBDickson
3010,53,JBeetz
3010,57,WRMcIntyre
3010,58,JChoinard
3010,59,ALamer
3010,60,BWilson
3010,61,GELDain
3011,52,RGBDickson
3011,53,JBeetz
3011,55,WZEstey
3011,57,WRMcIntyre
3011,58,JChoinard
3011,59,ALamer
3011,60,BWilson
3011,61,GELDain
3011,62,GLForest
3012,57,WRMcIntyre
3012,58,JChoinard
3012,59,ALamer
3012,60,BWilson
3012,61,GELDain
3013,52,RGBDickson
3013,53,JBeetz
3013,57,WRMcIntyre
3013,58,JChoinard
3013,59,ALamer
3013,60,BWilson
3013,61,GELDain
3014,52,RGBDickson
3014,53,JBeetz
3014,55,WZEstey
3014,57,WRMcIntyre
3014,58,JChoinard
3014,59,ALamer
3014,61,GELDain
3015,52,RGBDickson
3015,53,JBeetz
3015,57,WRMcIntyre
3015,58,JChoinard
3015,59,ALamer
3015,60,BWilson
3015,61,GELDain
3016,52,RGBDickson
3016,53,JBeetz
3016,55,WZEstey
3016,57,WRMcIntyre
3016,58,JChoinard
3016,59,ALamer
3016,60,BWilson
3016,61,GELDain
3016,62,GLForest
3017,52,RGBDickson
3017,53,JBeetz
3017,55,WZEstey
3017,57,WRMcIntyre
3017,60,BWilson
3017,61,GELDain
3017,62,GLForest
3018,52,RGBDickson
3018,53,JBeetz
3018,55,WZEstey
3018,57,WRMcIntyre
3018,58,JChoinard
3018,59,ALamer
3018,61,GELDain
3019,52,RGBDickson
3019,55,WZEstey
3019,57,WRMcIntyre
3019,58,JChoinard
3019,59,ALamer
3019,60,BWilson
3019,62,GLForest
3020,52,RGBDickson
3020,57,WRMcIntyre
3020,58,JChoinard
3020,59,ALamer
3020,60,BWilson
3020,61,GELDain
3020,62,GLForest
3021,52,RGBDickson
3021,53,JBeetz
3021,55,WZEstey
3021,57,WRMcIntyre
3021,58,JChoinard
3021,59,ALamer
3021,61,GELDain
3022,52,RGBDickson
3022,57,WRMcIntyre
3022,58,JChoinard
3022,59,ALamer
3022,60,BWilson
3022,61,GELDain
3022,62,GLForest
3023,52,RGBDickson
3023,53,JBeetz
3023,55,WZEstey
3023,57,WRMcIntyre
3023,58,JChoinard
3023,59,ALamer
3023,60,BWilson
3023,61,GELDain
3023,62,GLForest
3024,52,RGBDickson
3024,53,JBeetz
3024,55,WZEstey
3024,57,WRMcIntyre
3024,58,JChoinard
3024,59,ALamer
3024,60,BWilson
3024,61,GELDain
3024,62,GLForest
3025,52,RGBDickson
3025,53,JBeetz
3025,58,JChoinard
3025,59,ALamer
3025,60,BWilson
3025,61,GELDain
3025,62,GLForest
3026,53,JBeetz
3026,55,WZEstey
3026,57,WRMcIntyre
3026,58,JChoinard
3026,59,ALamer
3026,60,BWilson
3026,62,GLForest
3027,52,RGBDickson
3027,53,JBeetz
3027,55,WZEstey
3027,57,WRMcIntyre
3027,58,JChoinard
3028,52,RGBDickson
3028,53,JBeetz
3028,55,WZEstey
3028,57,WRMcIntyre
3028,58,JChoinard
3029,52,RGBDickson
3029,53,JBeetz
3029,57,WRMcIntyre
3029,60,BWilson
3029,61,GELDain
3030,52,RGBDickson
3030,55,WZEstey
3030,57,WRMcIntyre
3030,58,JChoinard
3030,59,ALamer
3030,60,BWilson
3030,61,GELDain
3031,52,RGBDickson
3031,53,JBeetz
3031,55,WZEstey
3031,57,WRMcIntyre
3031,58,JChoinard
3031,60,BWilson
3031,61,GELDain
3032,52,RGBDickson
3032,53,JBeetz
3032,55,WZEstey
3032,57,WRMcIntyre
3032,58,JChoinard
3032,59,ALamer
3032,60,BWilson
3033,52,RGBDickson
3033,53,JBeetz
3033,57,WRMcIntyre
3033,58,JChoinard
3033,59,ALamer
3033,60,BWilson
3033,61,GELDain
3034,52,RGBDickson
3034,53,JBeetz
3034,55,WZEstey
3034,57,WRMcIntyre
3034,58,JChoinard
3034,59,ALamer
3034,61,GELDain
3035,52,RGBDickson
3035,53,JBeetz
3035,55,WZEstey
3035,57,WRMcIntyre
3035,58,JChoinard
3035,59,ALamer
3035,60,BWilson
3035,61,GELDain
3035,62,GLForest
3036,52,RGBDickson
3036,53,JBeetz
3036,57,WRMcIntyre
3036,58,JChoinard
3036,59,ALamer
3036,60,BWilson
3036,62,GLForest
3037,52,RGBDickson
3037,53,JBeetz
3037,58,JChoinard
3037,59,ALamer
3037,60,BWilson
3037,61,GELDain
3037,62,GLForest
3038,52,RGBDickson
3038,53,JBeetz
3038,57,WRMcIntyre
3038,58,JChoinard
3038,59,ALamer
3038,60,BWilson
3038,61,GELDain
3039,52,RGBDickson
3039,53,JBeetz
3039,55,WZEstey
3039,57,WRMcIntyre
3039,58,JChoinard
3039,59,ALamer
3039,60,BWilson
3040,52,RGBDickson
3040,53,JBeetz
3040,55,WZEstey
3040,57,WRMcIntyre
3040,58,JChoinard
3040,59,ALamer
3040,60,BWilson
3041,52,RGBDickson
3041,53,JBeetz
3041,55,WZEstey
3041,57,WRMcIntyre
3041,58,JChoinard
3041,59,ALamer
3041,60,BWilson
3042,52,RGBDickson
3042,53,JBeetz
3042,57,WRMcIntyre
3042,58,JChoinard
3042,59,ALamer
3042,60,BWilson
3042,61,GELDain
3043,52,RGBDickson
3043,53,JBeetz
3043,55,WZEstey
3043,57,WRMcIntyre
3043,58,JChoinard
3043,59,ALamer
3043,60,BWilson
3043,61,GELDain
3043,62,GLForest
3044,52,RGBDickson
3044,53,JBeetz
3044,55,WZEstey
3044,57,WRMcIntyre
3044,59,ALamer
3044,60,BWilson
3044,61,GELDain
3045,52,RGBDickson
3045,53,JBeetz
3045,55,WZEstey
3045,57,WRMcIntyre
3045,59,ALamer
3045,60,BWilson
3045,61,GELDain
3046,52,RGBDickson
3046,53,JBeetz
3046,55,WZEstey
3046,57,WRMcIntyre
3046,58,JChoinard
3046,59,ALamer
3046,61,GELDain
3047,52,RGBDickson
3047,53,JBeetz
3047,55,WZEstey
3047,57,WRMcIntyre
3047,59,ALamer
3047,60,BWilson
3047,61,GELDain
3048,53,JBeetz
3048,57,WRMcIntyre
3048,58,JChoinard
3048,59,ALamer
3048,60,BWilson
3048,61,GELDain
3048,62,GLForest
3049,52,RGBDickson
3049,53,JBeetz
3049,55,WZEstey
3049,58,JChoinard
3049,59,ALamer
3049,60,BWilson
3049,61,GELDain
3050,53,JBeetz
3050,55,WZEstey
3050,57,WRMcIntyre
3050,58,JChoinard
3050,59,ALamer
3050,60,BWilson
3050,61,GELDain
3051,53,JBeetz
3051,58,JChoinard
3051,59,ALamer
3051,61,GELDain
3051,62,GLForest
3052,53,JBeetz
3052,57,WRMcIntyre
3052,58,JChoinard
3052,59,ALamer
3052,60,BWilson
3052,61,GELDain
3052,62,GLForest
3053,52,RGBDickson
3053,55,WZEstey
3053,57,WRMcIntyre
3053,58,JChoinard
3053,59,ALamer
3053,61,GELDain
3053,62,GLForest
3054,52,RGBDickson
3054,53,JBeetz
3054,55,WZEstey
3054,57,WRMcIntyre
3054,58,JChoinard
3054,59,ALamer
3054,60,BWilson
3054,61,GELDain
3054,62,GLForest
3055,53,JBeetz
3055,55,WZEstey
3055,57,WRMcIntyre
3055,59,ALamer
3055,61,GELDain
3056,57,WRMcIntyre
3056,59,ALamer
3056,60,BWilson
3056,61,GELDain
3056,62,GLForest
3057,52,RGBDickson
3057,53,JBeetz
3057,57,WRMcIntyre
3057,58,JChoinard
3057,59,ALamer
3057,60,BWilson
3057,61,GELDain
3058,52,RGBDickson
3058,53,JBeetz
3058,55,WZEstey
3058,58,JChoinard
3058,59,ALamer
3058,60,BWilson
3058,62,GLForest
3059,52,RGBDickson
3059,55,WZEstey
3059,57,WRMcIntyre
3059,58,JChoinard
3059,59,ALamer
3059,60,BWilson
3059,61,GELDain
3060,47,RARitchie
3060,55,WZEstey
3060,58,JChoinard
3060,59,ALamer
3060,60,BWilson
3061,53,JBeetz
3061,55,WZEstey
3061,57,WRMcIntyre
3061,58,JChoinard
3061,59,ALamer
3061,60,BWilson
3061,61,GELDain
3062,53,JBeetz
3062,57,WRMcIntyre
3062,58,JChoinard
3062,59,ALamer
3062,60,BWilson
3062,61,GELDain
3062,62,GLForest
3063,52,RGBDickson
3063,53,JBeetz
3063,55,WZEstey
3063,57,WRMcIntyre
3063,58,JChoinard
3063,59,ALamer
3063,60,BWilson
3064,52,RGBDickson
3064,53,JBeetz
3064,57,WRMcIntyre
3064,58,JChoinard
3064,59,ALamer
3064,61,GELDain
3064,62,GLForest
3065,52,RGBDickson
3065,53,JBeetz
3065,57,WRMcIntyre
3065,58,JChoinard
3065,59,ALamer
3065,61,GELDain
3065,62,GLForest
3066,52,RGBDickson
3066,53,JBeetz
3066,55,WZEstey
3066,58,JChoinard
3066,59,ALamer
3066,60,BWilson
3066,61,GELDain
3067,52,RGBDickson
3067,53,JBeetz
3067,55,WZEstey
3067,57,WRMcIntyre
3067,58,JChoinard
3067,59,ALamer
3067,60,BWilson
3067,61,GELDain
3067,62,GLForest
3068,55,WZEstey
3068,57,WRMcIntyre
3068,58,JChoinard
3068,59,ALamer
3068,60,BWilson
3068,61,GELDain
3068,62,GLForest
3069,53,JBeetz
3069,58,JChoinard
3069,59,ALamer
3069,61,GELDain
3069,62,GLForest
3070,52,RGBDickson
3070,57,WRMcIntyre
3070,58,JChoinard
3070,59,ALamer
3070,60,BWilson
3070,61,GELDain
3070,62,GLForest
3071,52,RGBDickson
3071,53,JBeetz
3071,58,JChoinard
3071,59,ALamer
3071,60,BWilson
3071,61,GELDain
3071,62,GLForest
3072,52,RGBDickson
3072,53,JBeetz
3072,55,WZEstey
3072,57,WRMcIntyre
3072,58,JChoinard
3072,59,ALamer
3072,60,BWilson
3072,61,GELDain
3072,62,GLForest
3073,52,RGBDickson
3073,53,JBeetz
3073,55,WZEstey
3073,58,JChoinard
3073,59,ALamer
3073,60,BWilson
3073,61,GELDain
3074,52,RGBDickson
3074,53,JBeetz
3074,55,WZEstey
3074,57,WRMcIntyre
3074,59,ALamer
3074,60,BWilson
3074,61,GELDain
3075,52,RGBDickson
3075,53,JBeetz
3075,55,WZEstey
3075,57,WRMcIntyre
3075,59,ALamer
3075,60,BWilson
3075,61,GELDain
3076,55,WZEstey
3076,57,WRMcIntyre
3076,58,JChoinard
3076,60,BWilson
3076,61,GELDain
3077,52,RGBDickson
3077,53,JBeetz
3077,57,WRMcIntyre
3077,58,JChoinard
3077,59,ALamer
3077,61,GELDain
3077,62,GLForest
3078,53,JBeetz
3078,57,WRMcIntyre
3078,58,JChoinard
3078,59,ALamer
3078,60,BWilson
3078,61,GELDain
3078,62,GLForest
3079,52,RGBDickson
3079,53,JBeetz
3079,55,WZEstey
3079,57,WRMcIntyre
3079,59,ALamer
3079,60,BWilson
3079,61,GELDain
3080,53,JBeetz
3080,57,WRMcIntyre
3080,58,JChoinard
3080,59,ALamer
3080,60,BWilson
3081,53,JBeetz
3081,58,JChoinard
3081,59,ALamer
3081,61,GELDain
3081,62,GLForest
3082,52,RGBDickson
3082,55,WZEstey
3082,57,WRMcIntyre
3082,58,JChoinard
3082,59,ALamer
3082,60,BWilson
3082,61,GELDain
3083,53,JBeetz
3083,57,WRMcIntyre
3083,59,ALamer
3083,61,GELDain
3083,62,GLForest
3084,52,RGBDickson
3084,53,JBeetz
3084,57,WRMcIntyre
3084,58,JChoinard
3084,59,ALamer
3084,60,BWilson
3084,62,GLForest
3085,52,RGBDickson
3085,53,JBeetz
3085,55,WZEstey
3085,57,WRMcIntyre
3085,58,JChoinard
3085,59,ALamer
3085,60,BWilson
3085,61,GELDain
3085,62,GLForest
3086,57,WRMcIntyre
3086,58,JChoinard
3086,59,ALamer
3086,61,GELDain
3086,62,GLForest
3087,52,RGBDickson
3087,53,JBeetz
3087,55,WZEstey
3087,57,WRMcIntyre
3087,58,JChoinard
3087,59,ALamer
3087,60,BWilson
3088,52,RGBDickson
3088,53,JBeetz
3088,57,WRMcIntyre
3088,58,JChoinard
3088,60,BWilson
3088,61,GELDain
3088,62,GLForest
3089,52,RGBDickson
3089,53,JBeetz
3089,55,WZEstey
3089,57,WRMcIntyre
3089,58,JChoinard
3089,59,ALamer
3089,60,BWilson
3089,61,GELDain
3089,62,GLForest
3090,52,RGBDickson
3090,53,JBeetz
3090,57,WRMcIntyre
3090,58,JChoinard
3090,59,ALamer
3090,60,BWilson
3090,62,GLForest
3091,53,JBeetz
3091,57,WRMcIntyre
3091,59,ALamer
3091,60,BWilson
3091,61,GELDain
3092,52,RGBDickson
3092,53,JBeetz
3092,58,JChoinard
3092,59,ALamer
3092,60,BWilson
3092,61,GELDain
3092,62,GLForest
3093,52,RGBDickson
3093,53,JBeetz
3093,55,WZEstey
3093,57,WRMcIntyre
3093,59,ALamer
3094,58,JChoinard
3094,59,ALamer
3094,60,BWilson
3094,61,GELDain
3094,62,GLForest
3095,52,RGBDickson
3095,53,JBeetz
3095,57,WRMcIntyre
3095,58,JChoinard
3095,59,ALamer
3095,60,BWilson
3095,62,GLForest
3096,53,JBeetz
3096,57,WRMcIntyre
3096,58,JChoinard
3096,59,ALamer
3096,60,BWilson
3096,61,GELDain
3096,62,GLForest
3097,52,RGBDickson
3097,53,JBeetz
3097,55,WZEstey
3097,58,JChoinard
3097,59,ALamer
3097,60,BWilson
3097,62,GLForest
3098,52,RGBDickson
3098,53,JBeetz
3098,55,WZEstey
3098,57,WRMcIntyre
3098,58,JChoinard
3098,59,ALamer
3098,60,BWilson
3098,61,GELDain
3098,62,GLForest
3099,52,RGBDickson
3099,53,JBeetz
3099,57,WRMcIntyre
3099,59,ALamer
3099,60,BWilson
3099,61,GELDain
3099,62,GLForest
3100,52,RGBDickson
3100,58,JChoinard
3100,60,BWilson
3100,61,GELDain
3100,62,GLForest
3101,57,WRMcIntyre
3101,58,JChoinard
3101,59,ALamer
3101,60,BWilson
3101,62,GLForest
3102,52,RGBDickson
3102,53,JBeetz
3102,58,JChoinard
3102,59,ALamer
3102,60,BWilson
3102,61,GELDain
3102,62,GLForest
3103,52,RGBDickson
3103,53,JBeetz
3103,55,WZEstey
3103,57,WRMcIntyre
3103,59,ALamer
3103,60,BWilson
3103,61,GELDain
3104,52,RGBDickson
3104,53,JBeetz
3104,55,WZEstey
3104,57,WRMcIntyre
3104,59,ALamer
3104,60,BWilson
3104,62,GLForest
3105,52,RGBDickson
3105,53,JBeetz
3105,58,JChoinard
3105,60,BWilson
3105,61,GELDain
3106,52,RGBDickson
3106,53,JBeetz
3106,55,WZEstey
3106,57,WRMcIntyre
3106,58,JChoinard
3106,59,ALamer
3106,60,BWilson
3106,61,GELDain
3106,62,GLForest
3107,52,RGBDickson
3107,53,JBeetz
3107,57,WRMcIntyre
3107,58,JChoinard
3107,60,BWilson
3108,55,WZEstey
3108,57,WRMcIntyre
3108,58,JChoinard
3108,60,BWilson
3108,62,GLForest
3109,52,RGBDickson
3109,53,JBeetz
3109,57,WRMcIntyre
3109,58,JChoinard
3109,60,BWilson
3110,52,RGBDickson
3110,53,JBeetz
3110,55,WZEstey
3110,57,WRMcIntyre
3110,59,ALamer
3110,60,BWilson
3110,61,GELDain
3111,52,RGBDickson
3111,53,JBeetz
3111,57,WRMcIntyre
3111,58,JChoinard
3111,59,ALamer
3111,60,BWilson
3111,61,GELDain
3112,52,RGBDickson
3112,53,JBeetz
3112,57,WRMcIntyre
3112,58,JChoinard
3112,59,ALamer
3112,61,GELDain
3112,62,GLForest
3113,57,WRMcIntyre
3113,58,JChoinard
3113,60,BWilson
3113,61,GELDain
3113,62,GLForest
3114,53,JBeetz
3114,58,JChoinard
3114,59,ALamer
3114,61,GELDain
3114,62,GLForest
3115,52,RGBDickson
3115,53,JBeetz
3115,57,WRMcIntyre
3115,58,JChoinard
3115,60,BWilson
3115,61,GELDain
3115,62,GLForest
3116,52,RGBDickson
3116,55,WZEstey
3116,57,WRMcIntyre
3116,58,JChoinard
3116,59,ALamer
3116,60,BWilson
3116,61,GELDain
3117,52,RGBDickson
3117,53,JBeetz
3117,57,WRMcIntyre
3117,58,JChoinard
3117,60,BWilson
3117,61,GELDain
3117,62,GLForest
3118,52,RGBDickson
3118,55,WZEstey
3118,57,WRMcIntyre
3118,60,BWilson
3118,61,GELDain
3119,53,JBeetz
3119,57,WRMcIntyre
3119,58,JChoinard
3119,59,ALamer
3119,60,BWilson
3119,61,GELDain
3119,62,GLForest
3120,53,JBeetz
3120,55,WZEstey
3120,57,WRMcIntyre
3120,58,JChoinard
3120,60,BWilson
3120,61,GELDain
3120,62,GLForest
3121,52,RGBDickson
3121,53,JBeetz
3121,55,WZEstey
3121,57,WRMcIntyre
3121,58,JChoinard
3121,60,BWilson
3121,61,GELDain
3122,52,RGBDickson
3122,53,JBeetz
3122,57,WRMcIntyre
3122,58,JChoinard
3122,59,ALamer
3122,60,BWilson
3122,62,GLForest
3123,52,RGBDickson
3123,53,JBeetz
3123,57,WRMcIntyre
3123,58,JChoinard
3123,60,BWilson
3123,61,GELDain
3123,62,GLForest
3124,53,JBeetz
3124,57,WRMcIntyre
3124,58,JChoinard
3124,59,ALamer
3124,60,BWilson
3124,61,GELDain
3124,62,GLForest
3125,52,RGBDickson
3125,53,JBeetz
3125,55,WZEstey
3125,57,WRMcIntyre
3125,58,JChoinard
3125,59,ALamer
3125,60,BWilson
3126,52,RGBDickson
3126,53,JBeetz
3126,57,WRMcIntyre
3126,58,JChoinard
3126,59,ALamer
3126,60,BWilson
3126,62,GLForest
3127,53,JBeetz
3127,55,WZEstey
3127,58,JChoinard
3127,61,GELDain
3127,62,GLForest
3128,53,JBeetz
3128,57,WRMcIntyre
3128,59,ALamer
3128,61,GELDain
3128,62,GLForest
3129,52,RGBDickson
3129,53,JBeetz
3129,55,WZEstey
3129,57,WRMcIntyre
3129,58,JChoinard
3129,59,ALamer
3129,60,BWilson
3129,61,GELDain
3129,62,GLForest
3130,52,RGBDickson
3130,53,JBeetz
3130,55,WZEstey
3130,57,WRMcIntyre
3130,58,JChoinard
3130,59,ALamer
3130,61,GELDain
3131,53,JBeetz
3131,59,ALamer
3131,60,BWilson
3131,61,GELDain
3131,62,GLForest
3132,53,JBeetz
3132,57,WRMcIntyre
3132,59,ALamer
3132,61,GELDain
3132,62,GLForest
3133,52,RGBDickson
3133,53,JBeetz
3133,57,WRMcIntyre
3133,58,JChoinard
3133,60,BWilson
3133,61,GELDain
3133,62,GLForest
3134,52,RGBDickson
3134,53,JBeetz
3134,57,WRMcIntyre
3134,58,JChoinard
3134,60,BWilson
3134,61,GELDain
3134,62,GLForest
3135,52,RGBDickson
3135,57,WRMcIntyre
3135,58,JChoinard
3135,59,ALamer
3135,60,BWilson
3135,61,GELDain
3135,62,GLForest
3136,52,RGBDickson
3136,53,JBeetz
3136,57,WRMcIntyre
3136,58,JChoinard
3136,60,BWilson
3136,61,GELDain
3136,62,GLForest
3137,53,JBeetz
3137,57,WRMcIntyre
3137,58,JChoinard
3137,59,ALamer
3137,62,GLForest
3138,52,RGBDickson
3138,53,JBeetz
3138,57,WRMcIntyre
3138,58,JChoinard
3138,59,ALamer
3138,61,GELDain
3138,62,GLForest
3139,52,RGBDickson
3139,57,WRMcIntyre
3139,58,JChoinard
3139,59,ALamer
3139,60,BWilson
3139,61,GELDain
3139,62,GLForest
3140,52,RGBDickson
3140,57,WRMcIntyre
3140,58,JChoinard
3140,59,ALamer
3140,60,BWilson
3140,61,GELDain
3140,62,GLForest
3141,53,JBeetz
3141,59,ALamer
3141,60,BWilson
3141,61,GELDain
3141,62,GLForest
3142,57,WRMcIntyre
3142,59,ALamer
3142,60,BWilson
3142,61,GELDain
3142,63,CLHDube
3143,52,RGBDickson
3143,53,JBeetz
3143,57,WRMcIntyre
3143,59,ALamer
3143,60,BWilson
3143,61,GELDain
3143,62,GLForest
3144,52,RGBDickson
3144,53,JBeetz
3144,57,WRMcIntyre
3144,59,ALamer
3144,60,BWilson
3144,61,GELDain
3144,62,GLForest
3145,52,RGBDickson
3145,57,WRMcIntyre
3145,58,JChoinard
3145,59,ALamer
3145,60,BWilson
3146,53,JBeetz
3146,57,WRMcIntyre
3146,59,ALamer
3146,61,GELDain
3146,62,GLForest
3147,52,RGBDickson
3147,53,JBeetz
3147,57,WRMcIntyre
3147,59,ALamer
3147,60,BWilson
3147,61,GELDain
3147,62,GLForest
3148,52,RGBDickson
3148,53,JBeetz
3148,55,WZEstey
3148,59,ALamer
3148,60,BWilson
3148,61,GELDain
3148,62,GLForest
3149,52,RGBDickson
3149,53,JBeetz
3149,55,WZEstey
3149,57,WRMcIntyre
3149,58,JChoinard
3149,59,ALamer
3149,60,BWilson
3149,61,GELDain
3149,62,GLForest
3150,52,RGBDickson
3150,57,WRMcIntyre
3150,58,JChoinard
3150,59,ALamer
3150,60,BWilson
3150,61,GELDain
3150,62,GLForest
3151,57,WRMcIntyre
3151,58,JChoinard
3151,59,ALamer
3151,60,BWilson
3151,61,GELDain
3152,55,WZEstey
3152,57,WRMcIntyre
3152,58,JChoinard
3152,59,ALamer
3152,60,BWilson
3152,61,GELDain
3152,62,GLForest
3153,52,RGBDickson
3153,57,WRMcIntyre
3153,58,JChoinard
3153,59,ALamer
3153,60,BWilson
3153,61,GELDain
3153,62,GLForest
3154,52,RGBDickson
3154,57,WRMcIntyre
3154,58,JChoinard
3154,59,ALamer
3154,60,BWilson
3154,61,GELDain
3154,62,GLForest
3155,52,RGBDickson
3155,57,WRMcIntyre
3155,58,JChoinard
3155,59,ALamer
3155,60,BWilson
3155,61,GELDain
3155,62,GLForest
3156,52,RGBDickson
3156,53,JBeetz
3156,57,WRMcIntyre
3156,59,ALamer
3156,60,BWilson
3156,61,GELDain
3156,62,GLForest
3157,52,RGBDickson
3157,53,JBeetz
3157,55,WZEstey
3157,57,WRMcIntyre
3157,58,JChoinard
3157,59,ALamer
3157,60,BWilson
3157,61,GELDain
3157,62,GLForest
3158,53,JBeetz
3158,57,WRMcIntyre
3158,59,ALamer
3158,60,BWilson
3158,61,GELDain
3158,62,GLForest
3158,63,CLHDube
3159,53,JBeetz
3159,59,ALamer
3159,60,BWilson
3159,61,GELDain
3159,62,GLForest
3160,52,RGBDickson
3160,57,WRMcIntyre
3160,58,JChoinard
3160,59,ALamer
3160,60,BWilson
3160,61,GELDain
3160,62,GLForest
3161,53,JBeetz
3161,55,WZEstey
3161,57,WRMcIntyre
3161,58,JChoinard
3161,59,ALamer
3161,61,GELDain
3161,62,GLForest
3162,52,RGBDickson
3162,53,JBeetz
3162,59,ALamer
3162,60,BWilson
3162,61,GELDain
3162,62,GLForest
3162,63,CLHDube
3163,53,JBeetz
3163,57,WRMcIntyre
3163,59,ALamer
3163,60,BWilson
3163,61,GELDain
3163,62,GLForest
3163,63,CLHDube
3164,52,RGBDickson
3164,53,JBeetz
3164,55,WZEstey
3164,57,WRMcIntyre
3164,60,BWilson
3164,61,GELDain
3164,62,GLForest
3165,52,RGBDickson
3165,53,JBeetz
3165,57,WRMcIntyre
3165,59,ALamer
3165,60,BWilson
3165,61,GELDain
3165,62,GLForest
3166,52,RGBDickson
3166,53,JBeetz
3166,55,WZEstey
3166,57,WRMcIntyre
3166,59,ALamer
3166,60,BWilson
3166,62,GLForest
3167,52,RGBDickson
3167,53,JBeetz
3167,55,WZEstey
3167,57,WRMcIntyre
3167,58,JChoinard
3167,59,ALamer
3167,60,BWilson
3167,61,GELDain
3167,62,GLForest
3168,52,RGBDickson
3168,53,JBeetz
3168,57,WRMcIntyre
3168,58,JChoinard
3168,59,ALamer
3168,61,GELDain
3168,62,GLForest
3169,52,RGBDickson
3169,53,JBeetz
3169,55,WZEstey
3169,57,WRMcIntyre
3169,59,ALamer
3169,60,BWilson
3169,61,GELDain
3170,52,RGBDickson
3170,57,WRMcIntyre
3170,59,ALamer
3170,60,BWilson
3170,61,GELDain
3170,62,GLForest
3170,63,CLHDube
3171,52,RGBDickson
3171,53,JBeetz
3171,57,WRMcIntyre
3171,58,JChoinard
3171,59,ALamer
3171,60,BWilson
3171,62,GLForest
3172,52,RGBDickson
3172,53,JBeetz
3172,60,BWilson
3172,61,GELDain
3172,62,GLForest
3173,53,JBeetz
3173,59,ALamer
3173,61,GELDain
3173,62,GLForest
3173,63,CLHDube
3174,52,RGBDickson
3174,55,WZEstey
3174,57,WRMcIntyre
3174,60,BWilson
3174,61,GELDain
3175,52,RGBDickson
3175,55,WZEstey
3175,57,WRMcIntyre
3175,58,JChoinard
3175,59,ALamer
3175,60,BWilson
3175,61,GELDain
3176,52,RGBDickson
3176,55,WZEstey
3176,57,WRMcIntyre
3176,59,ALamer
3176,60,BWilson
3176,61,GELDain
3176,62,GLForest
3177,52,RGBDickson
3177,53,JBeetz
3177,55,WZEstey
3177,57,WRMcIntyre
3177,61,GELDain
3177,62,GLForest
3177,63,CLHDube
3178,52,RGBDickson
3178,55,WZEstey
3178,57,WRMcIntyre
3178,60,BWilson
3178,61,GELDain
3178,62,GLForest
3178,63,CLHDube
3179,52,RGBDickson
3179,55,WZEstey
3179,57,WRMcIntyre
3179,59,ALamer
3179,60,BWilson
3179,61,GELDain
3179,62,GLForest
3180,52,RGBDickson
3180,53,JBeetz
3180,57,WRMcIntyre
3180,59,ALamer
3180,60,BWilson
3180,61,GELDain
3180,62,GLForest
3181,52,RGBDickson
3181,53,JBeetz
3181,57,WRMcIntyre
3181,60,BWilson
3181,62,GLForest
3182,52,RGBDickson
3182,55,WZEstey
3182,57,WRMcIntyre
3182,59,ALamer
3182,60,BWilson
3183,52,RGBDickson
3183,53,JBeetz
3183,57,WRMcIntyre
3183,58,JChoinard
3183,59,ALamer
3183,60,BWilson
3183,61,GELDain
3184,52,RGBDickson
3184,53,JBeetz
3184,57,WRMcIntyre
3184,58,JChoinard
3184,59,ALamer
3184,60,BWilson
3184,61,GELDain
3185,52,RGBDickson
3185,53,JBeetz
3185,57,WRMcIntyre
3185,59,ALamer
3185,60,BWilson
3185,61,GELDain
3185,62,GLForest
3186,52,RGBDickson
3186,53,JBeetz
3186,55,WZEstey
3186,57,WRMcIntyre
3186,60,BWilson
3186,62,GLForest
3186,63,CLHDube
3187,52,RGBDickson
3187,53,JBeetz
3187,55,WZEstey
3187,57,WRMcIntyre
3187,60,BWilson
3187,61,GELDain
3187,62,GLForest
3187,63,CLHDube
3188,53,JBeetz
3188,55,WZEstey
3188,57,WRMcIntyre
3188,59,ALamer
3188,60,BWilson
3188,61,GELDain
3188,63,CLHDube
3189,53,JBeetz
3189,55,WZEstey
3189,57,WRMcIntyre
3189,59,ALamer
3189,60,BWilson
3189,61,GELDain
3189,63,CLHDube
3190,52,RGBDickson
3190,55,WZEstey
3190,57,WRMcIntyre
3190,59,ALamer
3190,60,BWilson
3190,61,GELDain
3190,62,GLForest
3191,52,RGBDickson
3191,53,JBeetz
3191,55,WZEstey
3191,57,WRMcIntyre
3191,59,ALamer
3191,60,BWilson
3191,62,GLForest
3192,52,RGBDickson
3192,53,JBeetz
3192,55,WZEstey
3192,57,WRMcIntyre
3192,59,ALamer
3192,60,BWilson
3192,61,GELDain
3192,62,GLForest
3192,63,CLHDube
3193,53,JBeetz
3193,58,JChoinard
3193,59,ALamer
3193,61,GELDain
3193,62,GLForest
3194,53,JBeetz
3194,58,JChoinard
3194,59,ALamer
3194,61,GELDain
3194,62,GLForest
3195,53,JBeetz
3195,55,WZEstey
3195,59,ALamer
3195,60,BWilson
3195,61,GELDain
3196,53,JBeetz
3196,57,WRMcIntyre
3196,59,ALamer
3196,60,BWilson
3196,61,GELDain
3197,53,JBeetz
3197,57,WRMcIntyre
3197,59,ALamer
3197,60,BWilson
3197,61,GELDain
3198,53,JBeetz
3198,55,WZEstey
3198,57,WRMcIntyre
3198,59,ALamer
3198,60,BWilson
3198,61,GELDain
3198,63,CLHDube
3199,52,RGBDickson
3199,53,JBeetz
3199,55,WZEstey
3199,57,WRMcIntyre
3199,59,ALamer
3199,60,BWilson
3199,62,GLForest
3200,52,RGBDickson
3200,53,JBeetz
3200,55,WZEstey
3200,57,WRMcIntyre
3200,59,ALamer
3200,60,BWilson
3200,62,GLForest
3201,52,RGBDickson
3201,53,JBeetz
3201,55,WZEstey
3201,57,WRMcIntyre
3201,59,ALamer
3201,60,BWilson
3201,62,GLForest
3202,52,RGBDickson
3202,53,JBeetz
3202,57,WRMcIntyre
3202,59,ALamer
3202,60,BWilson
3202,61,GELDain
3202,62,GLForest
3203,52,RGBDickson
3203,53,JBeetz
3203,55,WZEstey
3203,57,WRMcIntyre
3203,58,JChoinard
3203,59,ALamer
3203,60,BWilson
3203,61,GELDain
3203,62,GLForest
3204,52,RGBDickson
3204,53,JBeetz
3204,55,WZEstey
3204,57,WRMcIntyre
3204,58,JChoinard
3204,59,ALamer
3204,60,BWilson
3205,52,RGBDickson
3205,53,JBeetz
3205,55,WZEstey
3205,57,WRMcIntyre
3205,58,JChoinard
3205,59,ALamer
3205,60,BWilson
3205,61,GELDain
3205,62,GLForest
3206,57,WRMcIntyre
3206,59,ALamer
3206,60,BWilson
3206,62,GLForest
3206,63,CLHDube
3207,57,WRMcIntyre
3207,59,ALamer
3207,60,BWilson
3207,62,GLForest
3207,63,CLHDube
3208,52,RGBDickson
3208,53,JBeetz
3208,55,WZEstey
3208,57,WRMcIntyre
3208,59,ALamer
3208,60,BWilson
3208,61,GELDain
3208,62,GLForest
3208,63,CLHDube
3209,53,JBeetz
3209,59,ALamer
3209,61,GELDain
3209,62,GLForest
3209,63,CLHDube
3210,53,JBeetz
3210,59,ALamer
3210,61,GELDain
3210,62,GLForest
3210,63,CLHDube
3211,52,RGBDickson
3211,55,WZEstey
3211,60,BWilson
3211,62,GLForest
3211,63,CLHDube
3212,52,RGBDickson
3212,53,JBeetz
3212,55,WZEstey
3212,57,WRMcIntyre
3212,60,BWilson
3212,61,GELDain
3212,62,GLForest
3213,55,WZEstey
3213,57,WRMcIntyre
3213,60,BWilson
3213,62,GLForest
3213,63,CLHDube
3214,53,JBeetz
3214,55,WZEstey
3214,57,WRMcIntyre
3214,59,ALamer
3214,61,GELDain
3215,55,WZEstey
3215,57,WRMcIntyre
3215,60,BWilson
3215,62,GLForest
3215,63,CLHDube
3216,52,RGBDickson
3216,55,WZEstey
3216,60,BWilson
3216,62,GLForest
3216,63,CLHDube
3217,55,WZEstey
3217,59,ALamer
3217,60,BWilson
3217,62,GLForest
3217,63,CLHDube
3218,52,RGBDickson
3218,53,JBeetz
3218,55,WZEstey
3218,57,WRMcIntyre
3218,59,ALamer
3218,60,BWilson
3218,62,GLForest
3219,52,RGBDickson
3219,53,JBeetz
3219,57,WRMcIntyre
3219,60,BWilson
3219,61,GELDain
3220,53,JBeetz
3220,55,WZEstey
3220,57,WRMcIntyre
3220,59,ALamer
3220,60,BWilson
3220,61,GELDain
3220,63,CLHDube
3221,53,JBeetz
3221,55,WZEstey
3221,57,WRMcIntyre
3221,59,ALamer
3221,61,GELDain
3221,62,GLForest
3221,63,CLHDube
3222,55,WZEstey
3222,57,WRMcIntyre
3222,59,ALamer
3222,60,BWilson
3222,61,GELDain
3223,55,WZEstey
3223,57,WRMcIntyre
3223,59,ALamer
3223,60,BWilson
3223,63,CLHDube
3224,53,JBeetz
3224,59,ALamer
3224,61,GELDain
3224,62,GLForest
3224,63,CLHDube
3225,55,WZEstey
3225,57,WRMcIntyre
3225,59,ALamer
3225,62,GLForest
3225,63,CLHDube
3226,55,WZEstey
3226,57,WRMcIntyre
3226,60,BWilson
3226,62,GLForest
3226,63,CLHDube
3227,53,JBeetz
3227,57,WRMcIntyre
3227,59,ALamer
3227,60,BWilson
3227,61,GELDain
3228,52,RGBDickson
3228,55,WZEstey
3228,57,WRMcIntyre
3228,59,ALamer
3228,60,BWilson
3229,53,JBeetz
3229,59,ALamer
3229,61,GELDain
3229,62,GLForest
3229,63,CLHDube
3230,53,JBeetz
3230,59,ALamer
3230,61,GELDain
3230,62,GLForest
3230,63,CLHDube
3231,53,JBeetz
3231,55,WZEstey
3231,57,WRMcIntyre
3231,59,ALamer
3231,60,BWilson
3231,61,GELDain
3231,63,CLHDube
3232,52,RGBDickson
3232,53,JBeetz
3232,55,WZEstey
3232,57,WRMcIntyre
3232,58,JChoinard
3232,59,ALamer
3232,60,BWilson
3232,61,GELDain
3232,62,GLForest
3233,52,RGBDickson
3233,57,WRMcIntyre
3233,59,ALamer
3233,61,GELDain
3233,62,GLForest
3234,52,RGBDickson
3234,53,JBeetz
3234,57,WRMcIntyre
3234,60,BWilson
3234,63,CLHDube
3235,52,RGBDickson
3235,53,JBeetz
3235,58,JChoinard
3235,59,ALamer
3235,60,BWilson
3235,61,GELDain
3235,62,GLForest
3236,52,RGBDickson
3236,53,JBeetz
3236,58,JChoinard
3236,59,ALamer
3236,60,BWilson
3236,61,GELDain
3236,62,GLForest
3237,53,JBeetz
3237,55,WZEstey
3237,57,WRMcIntyre
3237,59,ALamer
3237,60,BWilson
3237,61,GELDain
3237,62,GLForest
3238,52,RGBDickson
3238,53,JBeetz
3238,55,WZEstey
3238,57,WRMcIntyre
3238,59,ALamer
3238,60,BWilson
3238,61,GELDain
3239,52,RGBDickson
3239,53,JBeetz
3239,58,JChoinard
3239,59,ALamer
3239,60,BWilson
3239,61,GELDain
3239,62,GLForest
3240,52,RGBDickson
3240,53,JBeetz
3240,59,ALamer
3240,60,BWilson
3240,61,GELDain
3240,62,GLForest
3240,63,CLHDube
3241,53,JBeetz
3241,55,WZEstey
3241,59,ALamer
3241,60,BWilson
3241,61,GELDain
3241,62,GLForest
3241,63,CLHDube
3242,52,RGBDickson
3242,53,JBeetz
3242,55,WZEstey
3242,57,WRMcIntyre
3242,59,ALamer
3242,60,BWilson
3242,61,GELDain
3242,62,GLForest
3242,63,CLHDube
3243,52,RGBDickson
3243,53,JBeetz
3243,57,WRMcIntyre
3243,59,ALamer
3243,62,GLForest
3244,52,RGBDickson
3244,53,JBeetz
3244,57,WRMcIntyre
3244,59,ALamer
3244,60,BWilson
3245,52,RGBDickson
3245,53,JBeetz
3245,57,WRMcIntyre
3245,59,ALamer
3245,60,BWilson
3245,61,GELDain
3245,62,GLForest
3246,52,RGBDickson
3246,53,JBeetz
3246,57,WRMcIntyre
3246,59,ALamer
3246,60,BWilson
3246,61,GELDain
3246,62,GLForest
3247,52,RGBDickson
3247,57,WRMcIntyre
3247,59,ALamer
3247,60,BWilson
3247,63,CLHDube
3248,52,RGBDickson
3248,57,WRMcIntyre
3248,59,ALamer
3248,60,BWilson
3248,63,CLHDube
3249,52,RGBDickson
3249,57,WRMcIntyre
3249,59,ALamer
3249,60,BWilson
3249,63,CLHDube
3250,53,JBeetz
3250,59,ALamer
3250,60,BWilson
3250,61,GELDain
3250,62,GLForest
3251,52,RGBDickson
3251,57,WRMcIntyre
3251,59,ALamer
3251,60,BWilson
3251,61,GELDain
3251,62,GLForest
3251,63,CLHDube
3252,52,RGBDickson
3252,53,JBeetz
3252,55,WZEstey
3252,57,WRMcIntyre
3252,59,ALamer
3252,60,BWilson
3252,61,GELDain
3252,62,GLForest
3252,63,CLHDube
3253,53,JBeetz
3253,59,ALamer
3253,61,GELDain
3253,62,GLForest
3253,63,CLHDube
3254,52,RGBDickson
3254,53,JBeetz
3254,57,WRMcIntyre
3254,59,ALamer
3254,60,BWilson
3254,61,GELDain
3255,52,RGBDickson
3255,55,WZEstey
3255,57,WRMcIntyre
3255,60,BWilson
3255,61,GELDain
3255,62,GLForest
3255,63,CLHDube
3256,52,RGBDickson
3256,53,JBeetz
3256,55,WZEstey
3256,57,WRMcIntyre
3256,59,ALamer
3256,62,GLForest
3256,63,CLHDube
3257,53,JBeetz
3257,55,WZEstey
3257,57,WRMcIntyre
3257,60,BWilson
3257,61,GELDain
3257,62,GLForest
3257,63,CLHDube
3258,53,JBeetz
3258,55,WZEstey
3258,57,WRMcIntyre
3258,60,BWilson
3258,61,GELDain
3258,62,GLForest
3258,63,CLHDube
3259,52,RGBDickson
3259,53,JBeetz
3259,55,WZEstey
3259,57,WRMcIntyre
3259,59,ALamer
3259,60,BWilson
3259,61,GELDain
3259,62,GLForest
3259,63,CLHDube
3260,52,RGBDickson
3260,57,WRMcIntyre
3260,60,BWilson
3260,61,GELDain
3260,62,GLForest
3261,52,RGBDickson
3261,55,WZEstey
3261,57,WRMcIntyre
3261,59,ALamer
3261,60,BWilson
3261,62,GLForest
3261,63,CLHDube
3262,55,WZEstey
3262,57,WRMcIntyre
3262,59,ALamer
3262,60,BWilson
3262,62,GLForest
3263,53,JBeetz
3263,55,WZEstey
3263,57,WRMcIntyre
3263,59,ALamer
3263,60,BWilson
3264,57,WRMcIntyre
3264,60,BWilson
3264,62,GLForest
3264,63,CLHDube
3264,64,JSopinka
3265,52,RGBDickson
3265,57,WRMcIntyre
3265,59,ALamer
3265,60,BWilson
3265,62,GLForest
3265,63,CLHDube
3265,64,JSopinka
3266,52,RGBDickson
3266,57,WRMcIntyre
3266,59,ALamer
3266,60,BWilson
3266,62,GLForest
3266,63,CLHDube
3266,64,JSopinka
3267,57,WRMcIntyre
3267,59,ALamer
3267,60,BWilson
3267,61,GELDain
3267,62,GLForest
3268,52,RGBDickson
3268,55,WZEstey
3268,57,WRMcIntyre
3268,60,BWilson
3268,61,GELDain
3268,62,GLForest
3268,63,CLHDube
3269,52,RGBDickson
3269,53,JBeetz
3269,57,WRMcIntyre
3269,59,ALamer
3269,62,GLForest
3270,52,RGBDickson
3270,55,WZEstey
3270,57,WRMcIntyre
3270,59,ALamer
3270,60,BWilson
3270,62,GLForest
3270,63,CLHDube
3271,52,RGBDickson
3271,55,WZEstey
3271,57,WRMcIntyre
3271,59,ALamer
3271,60,BWilson
3271,62,GLForest
3271,63,CLHDube
3272,53,JBeetz
3272,60,BWilson
3272,61,GELDain
3272,62,GLForest
3272,63,CLHDube
3273,53,JBeetz
3273,57,WRMcIntyre
3273,58,JChoinard
3273,59,ALamer
3273,60,BWilson
3273,61,GELDain
3273,62,GLForest
3274,52,RGBDickson
3274,57,WRMcIntyre
3274,59,ALamer
3274,60,BWilson
3274,61,GELDain
3274,62,GLForest
3274,64,JSopinka
3275,52,RGBDickson
3275,57,WRMcIntyre
3275,59,ALamer
3275,60,BWilson
3275,62,GLForest
3275,63,CLHDube
3275,64,JSopinka
3276,52,RGBDickson
3276,53,JBeetz
3276,55,WZEstey
3276,57,WRMcIntyre
3276,59,ALamer
3276,60,BWilson
3276,61,GELDain
3276,62,GLForest
3276,63,CLHDube
3277,52,RGBDickson
3277,53,JBeetz
3277,59,ALamer
3277,60,BWilson
3277,63,CLHDube
3278,52,RGBDickson
3278,53,JBeetz
3278,55,WZEstey
3278,57,WRMcIntyre
3278,59,ALamer
3278,62,GLForest
3278,63,CLHDube
3279,52,RGBDickson
3279,55,WZEstey
3279,59,ALamer
3279,60,BWilson
3279,61,GELDain
3279,62,GLForest
3279,63,CLHDube
3280,52,RGBDickson
3280,53,JBeetz
3280,57,WRMcIntyre
3280,59,ALamer
3280,60,BWilson
3280,61,GELDain
3280,62,GLForest
3281,52,RGBDickson
3281,53,JBeetz
3281,55,WZEstey
3281,57,WRMcIntyre
3281,59,ALamer
3281,60,BWilson
3281,61,GELDain
3281,62,GLForest
3281,63,CLHDube
3282,52,RGBDickson
3282,53,JBeetz
3282,55,WZEstey
3282,57,WRMcIntyre
3282,59,ALamer
3282,60,BWilson
3282,61,GELDain
3282,62,GLForest
3282,63,CLHDube
3283,52,RGBDickson
3283,57,WRMcIntyre
3283,59,ALamer
3283,60,BWilson
3283,62,GLForest
3283,63,CLHDube
3283,64,JSopinka
3284,57,WRMcIntyre
3284,59,ALamer
3284,60,BWilson
3284,63,CLHDube
3284,64,JSopinka
3285,52,RGBDickson
3285,53,JBeetz
3285,55,WZEstey
3285,57,WRMcIntyre
3285,59,ALamer
3285,60,BWilson
3285,61,GELDain
3285,62,GLForest
3285,63,CLHDube
3286,52,RGBDickson
3286,53,JBeetz
3286,55,WZEstey
3286,57,WRMcIntyre
3286,59,ALamer
3286,60,BWilson
3286,61,GELDain
3286,62,GLForest
3286,63,CLHDube
3287,52,RGBDickson
3287,53,JBeetz
3287,55,WZEstey
3287,57,WRMcIntyre
3287,59,ALamer
3287,60,BWilson
3287,61,GELDain
3288,52,RGBDickson
3288,53,JBeetz
3288,55,WZEstey
3288,57,WRMcIntyre
3288,59,ALamer
3288,60,BWilson
3288,61,GELDain
3289,53,JBeetz
3289,55,WZEstey
3289,57,WRMcIntyre
3289,59,ALamer
3289,60,BWilson
3289,61,GELDain
3289,62,GLForest
3290,52,RGBDickson
3290,53,JBeetz
3290,55,WZEstey
3290,57,WRMcIntyre
3290,59,ALamer
3290,60,BWilson
3290,61,GELDain
3291,52,RGBDickson
3291,53,JBeetz
3291,57,WRMcIntyre
3291,59,ALamer
3291,60,BWilson
3291,61,GELDain
3291,63,CLHDube
3292,52,RGBDickson
3292,53,JBeetz
3292,57,WRMcIntyre
3292,60,BWilson
3292,61,GELDain
3292,62,GLForest
3292,63,CLHDube
3293,53,JBeetz
3293,57,WRMcIntyre
3293,59,ALamer
3293,60,BWilson
3293,61,GELDain
3293,62,GLForest
3293,63,CLHDube
3294,52,RGBDickson
3294,53,JBeetz
3294,55,WZEstey
3294,57,WRMcIntyre
3294,59,ALamer
3294,60,BWilson
3294,61,GELDain
3294,62,GLForest
3294,63,CLHDube
3295,52,RGBDickson
3295,53,JBeetz
3295,55,WZEstey
3295,57,WRMcIntyre
3295,59,ALamer
3295,60,BWilson
3295,61,GELDain
3295,62,GLForest
3295,63,CLHDube
3296,52,RGBDickson
3296,53,JBeetz
3296,55,WZEstey
3296,57,WRMcIntyre
3296,59,ALamer
3296,60,BWilson
3296,61,GELDain
3296,62,GLForest
3296,63,CLHDube
3297,52,RGBDickson
3297,59,ALamer
3297,62,GLForest
3297,63,CLHDube
3297,64,JSopinka
3298,53,JBeetz
3298,55,WZEstey
3298,57,WRMcIntyre
3298,58,JChoinard
3298,59,ALamer
3298,61,GELDain
3298,62,GLForest
3299,52,RGBDickson
3299,57,WRMcIntyre
3299,59,ALamer
3299,60,BWilson
3299,62,GLForest
3299,63,CLHDube
3299,64,JSopinka
3300,53,JBeetz
3300,55,WZEstey
3300,57,WRMcIntyre
3300,59,ALamer
3300,60,BWilson
3300,62,GLForest
3300,63,CLHDube
3301,52,RGBDickson
3301,57,WRMcIntyre
3301,59,ALamer
3301,60,BWilson
3301,62,GLForest
3301,63,CLHDube
3301,64,JSopinka
3302,52,RGBDickson
3302,57,WRMcIntyre
3302,59,ALamer
3302,60,BWilson
3302,62,GLForest
3302,63,CLHDube
3302,64,JSopinka
3303,52,RGBDickson
3303,53,JBeetz
3303,55,WZEstey
3303,57,WRMcIntyre
3303,59,ALamer
3303,60,BWilson
3303,61,GELDain
3303,62,GLForest
3303,63,CLHDube
3304,59,ALamer
3304,60,BWilson
3304,62,GLForest
3304,63,CLHDube
3304,64,JSopinka
3305,52,RGBDickson
3305,57,WRMcIntyre
3305,59,ALamer
3305,60,BWilson
3305,61,GELDain
3305,62,GLForest
3305,63,CLHDube
3306,52,RGBDickson
3306,57,WRMcIntyre
3306,61,GELDain
3306,62,GLForest
3306,63,CLHDube
3307,59,ALamer
3307,60,BWilson
3307,62,GLForest
3307,63,CLHDube
3307,64,JSopinka
3308,52,RGBDickson
3308,57,WRMcIntyre
3308,59,ALamer
3308,60,BWilson
3308,62,GLForest
3308,63,CLHDube
3308,64,JSopinka
3309,52,RGBDickson
3309,59,ALamer
3309,60,BWilson
3309,62,GLForest
3309,63,CLHDube
3309,64,JSopinka
3309,66,PCCory
3310,60,BWilson
3310,62,GLForest
3310,63,CLHDube
3310,64,JSopinka
3310,66,PCCory
3311,52,RGBDickson
3311,59,ALamer
3311,60,BWilson
3311,62,GLForest
3311,63,CLHDube
3311,64,JSopinka
3311,66,PCCory
3312,52,RGBDickson
3312,53,JBeetz
3312,55,WZEstey
3312,57,WRMcIntyre
3312,59,ALamer
3312,60,BWilson
3312,61,GELDain
3312,62,GLForest
3312,63,CLHDube
3313,59,ALamer
3313,62,GLForest
3313,63,CLHDube
3313,64,JSopinka
3313,66,PCCory
3314,52,RGBDickson
3314,53,JBeetz
3314,59,ALamer
3314,60,BWilson
3314,61,GELDain
3315,52,RGBDickson
3315,55,WZEstey
3315,59,ALamer
3315,60,BWilson
3315,61,GELDain
3315,62,GLForest
3315,63,CLHDube
3316,52,RGBDickson
3316,57,WRMcIntyre
3316,59,ALamer
3316,60,BWilson
3316,62,GLForest
3316,63,CLHDube
3316,64,JSopinka
3317,59,ALamer
3317,63,CLHDube
3317,64,JSopinka
3317,65,CDGonthier
3317,66,PCCory
3318,52,RGBDickson
3318,53,JBeetz
3318,57,WRMcIntyre
3318,59,ALamer
3318,60,BWilson
3318,61,GELDain
3318,62,GLForest
3319,59,ALamer
3319,62,GLForest
3319,63,CLHDube
3319,65,CDGonthier
3319,66,PCCory
3320,60,BWilson
3320,62,GLForest
3320,64,JSopinka
3320,65,CDGonthier
3320,66,PCCory
3321,52,RGBDickson
3321,57,WRMcIntyre
3321,59,ALamer
3321,60,BWilson
3321,62,GLForest
3321,63,CLHDube
3321,64,JSopinka
3322,52,RGBDickson
3322,55,WZEstey
3322,57,WRMcIntyre
3322,60,BWilson
3322,61,GELDain
3322,62,GLForest
3322,63,CLHDube
3323,52,RGBDickson
3323,59,ALamer
3323,60,BWilson
3323,62,GLForest
3323,64,JSopinka
3324,52,RGBDickson
3324,57,WRMcIntyre
3324,62,GLForest
3324,63,CLHDube
3324,64,JSopinka
3325,52,RGBDickson
3325,55,WZEstey
3325,57,WRMcIntyre
3325,60,BWilson
3325,61,GELDain
3325,62,GLForest
3325,63,CLHDube
3326,53,JBeetz
3326,59,ALamer
3326,60,BWilson
3326,61,GELDain
3326,62,GLForest
3327,53,JBeetz
3327,59,ALamer
3327,60,BWilson
3327,61,GELDain
3327,62,GLForest
3328,53,JBeetz
3328,59,ALamer
3328,60,BWilson
3328,61,GELDain
3328,62,GLForest
3329,53,JBeetz
3329,59,ALamer
3329,60,BWilson
3329,61,GELDain
3329,62,GLForest
3330,53,JBeetz
3330,57,WRMcIntyre
3330,59,ALamer
3330,60,BWilson
3330,61,GELDain
3330,62,GLForest
3330,63,CLHDube
3331,52,RGBDickson
3331,53,JBeetz
3331,57,WRMcIntyre
3331,59,ALamer
3331,61,GELDain
3331,62,GLForest
3331,63,CLHDube
3332,52,RGBDickson
3332,53,JBeetz
3332,57,WRMcIntyre
3332,59,ALamer
3332,61,GELDain
3332,62,GLForest
3332,63,CLHDube
3333,52,RGBDickson
3333,59,ALamer
3333,60,BWilson
3333,62,GLForest
3333,63,CLHDube
3333,65,CDGonthier
3333,66,PCCory
3334,59,ALamer
3334,60,BWilson
3334,62,GLForest
3334,64,JSopinka
3334,66,PCCory
3335,52,RGBDickson
3335,53,JBeetz
3335,55,WZEstey
3335,57,WRMcIntyre
3335,59,ALamer
3335,60,BWilson
3335,61,GELDain
3336,52,RGBDickson
3336,60,BWilson
3336,62,GLForest
3336,63,CLHDube
3336,64,JSopinka
3337,59,ALamer
3337,60,BWilson
3337,62,GLForest
3337,63,CLHDube
3337,64,JSopinka
3337,65,CDGonthier
3337,66,PCCory
3338,52,RGBDickson
3338,59,ALamer
3338,60,BWilson
3338,62,GLForest
3338,63,CLHDube
3338,64,JSopinka
3338,66,PCCory
3339,59,ALamer
3339,60,BWilson
3339,62,GLForest
3339,63,CLHDube
3339,64,JSopinka
3339,65,CDGonthier
3339,66,PCCory
3340,53,JBeetz
3340,55,WZEstey
3340,57,WRMcIntyre
3340,59,ALamer
3340,60,BWilson
3340,61,GELDain
3340,63,CLHDube
3341,52,RGBDickson
3341,53,JBeetz
3341,59,ALamer
3341,60,BWilson
3341,61,GELDain
3341,62,GLForest
3341,63,CLHDube
3342,53,JBeetz
3342,57,WRMcIntyre
3342,59,ALamer
3342,60,BWilson
3342,61,GELDain
3342,62,GLForest
3342,63,CLHDube
3343,52,RGBDickson
3343,53,JBeetz
3343,57,WRMcIntyre
3343,60,BWilson
3343,61,GELDain
3343,62,GLForest
3343,63,CLHDube
3344,52,RGBDickson
3344,53,JBeetz
3344,57,WRMcIntyre
3344,60,BWilson
3344,61,GELDain
3344,62,GLForest
3344,63,CLHDube
3345,52,RGBDickson
3345,53,JBeetz
3345,59,ALamer
3345,60,BWilson
3345,61,GELDain
3345,62,GLForest
3345,63,CLHDube
3346,53,JBeetz
3346,57,WRMcIntyre
3346,59,ALamer
3346,60,BWilson
3346,61,GELDain
3346,62,GLForest
3346,63,CLHDube
3347,57,WRMcIntyre
3347,59,ALamer
3347,61,GELDain
3347,62,GLForest
3347,63,CLHDube
3348,52,RGBDickson
3348,60,BWilson
3348,62,GLForest
3348,63,CLHDube
3348,64,JSopinka
3348,65,CDGonthier
3348,66,PCCory
3349,60,BWilson
3349,63,CLHDube
3349,64,JSopinka
3349,65,CDGonthier
3349,66,PCCory
3350,52,RGBDickson
3350,59,ALamer
3350,60,BWilson
3350,62,GLForest
3350,63,CLHDube
3350,64,JSopinka
3350,65,CDGonthier
3350,66,PCCory
3350,67,BMcLachlin
3351,52,RGBDickson
3351,59,ALamer
3351,60,BWilson
3351,62,GLForest
3351,63,CLHDube
3351,64,JSopinka
3351,65,CDGonthier
3351,66,PCCory
3351,67,BMcLachlin
3352,52,RGBDickson
3352,57,WRMcIntyre
3352,59,ALamer
3352,60,BWilson
3352,62,GLForest
3352,63,CLHDube
3352,64,JSopinka
3353,52,RGBDickson
3353,60,BWilson
3353,62,GLForest
3353,63,CLHDube
3353,64,JSopinka
3353,65,CDGonthier
3353,66,PCCory
3354,59,ALamer
3354,62,GLForest
3354,63,CLHDube
3354,65,CDGonthier
3354,66,PCCory
3355,60,BWilson
3355,62,GLForest
3355,63,CLHDube
3355,64,JSopinka
3355,65,CDGonthier
3356,52,RGBDickson
3356,53,JBeetz
3356,55,WZEstey
3356,57,WRMcIntyre
3356,59,ALamer
3356,60,BWilson
3356,61,GELDain
3356,62,GLForest
3356,63,CLHDube
3357,52,RGBDickson
3357,53,JBeetz
3357,55,WZEstey
3357,57,WRMcIntyre
3357,59,ALamer
3357,60,BWilson
3357,61,GELDain
3357,62,GLForest
3357,63,CLHDube
3358,52,RGBDickson
3358,59,ALamer
3358,60,BWilson
3358,63,CLHDube
3358,64,JSopinka
3358,65,CDGonthier
3358,66,PCCory
3359,52,RGBDickson
3359,59,ALamer
3359,60,BWilson
3359,62,GLForest
3359,63,CLHDube
3359,64,JSopinka
3359,65,CDGonthier
3360,52,RGBDickson
3360,59,ALamer
3360,60,BWilson
3360,62,GLForest
3360,64,JSopinka
3360,65,CDGonthier
3360,66,PCCory
3361,59,ALamer
3361,62,GLForest
3361,64,JSopinka
3361,65,CDGonthier
3361,66,PCCory
3362,59,ALamer
3362,63,CLHDube
3362,64,JSopinka
3362,65,CDGonthier
3362,66,PCCory
3363,59,ALamer
3363,63,CLHDube
3363,64,JSopinka
3363,65,CDGonthier
3363,66,PCCory
3364,52,RGBDickson
3364,59,ALamer
3364,62,GLForest
3364,63,CLHDube
3364,64,JSopinka
3364,65,CDGonthier
3364,66,PCCory
3365,52,RGBDickson
3365,59,ALamer
3365,62,GLForest
3365,63,CLHDube
3365,64,JSopinka
3365,65,CDGonthier
3365,66,PCCory
3366,59,ALamer
3366,63,CLHDube
3366,64,JSopinka
3366,65,CDGonthier
3366,66,PCCory
3367,57,WRMcIntyre
3367,59,ALamer
3367,60,BWilson
3367,62,GLForest
3367,63,CLHDube
3368,52,RGBDickson
3368,59,ALamer
3368,62,GLForest
3368,63,CLHDube
3368,64,JSopinka
3369,52,RGBDickson
3369,53,JBeetz
3369,57,WRMcIntyre
3369,59,ALamer
3369,61,GELDain
3369,62,GLForest
3369,63,CLHDube
3370,57,WRMcIntyre
3370,59,ALamer
3370,60,BWilson
3370,63,CLHDube
3370,64,JSopinka
3371,59,ALamer
3371,60,BWilson
3371,62,GLForest
3371,63,CLHDube
3371,64,JSopinka
3371,65,CDGonthier
3371,66,PCCory
3372,53,JBeetz
3372,57,WRMcIntyre
3372,59,ALamer
3372,60,BWilson
3372,61,GELDain
3372,62,GLForest
3372,63,CLHDube
3373,53,JBeetz
3373,57,WRMcIntyre
3373,59,ALamer
3373,60,BWilson
3373,61,GELDain
3373,62,GLForest
3373,63,CLHDube
3374,53,JBeetz
3374,57,WRMcIntyre
3374,59,ALamer
3374,60,BWilson
3374,61,GELDain
3374,62,GLForest
3374,63,CLHDube
3375,59,ALamer
3375,60,BWilson
3375,62,GLForest
3375,63,CLHDube
3375,65,CDGonthier
3375,66,PCCory
3375,67,BMcLachlin
3376,52,RGBDickson
3376,60,BWilson
3376,62,GLForest
3376,63,CLHDube
3376,64,JSopinka
3377,57,WRMcIntyre
3377,59,ALamer
3377,60,BWilson
3377,63,CLHDube
3377,64,JSopinka
3378,59,ALamer
3378,60,BWilson
3378,62,GLForest
3378,63,CLHDube
3378,64,JSopinka
3379,52,RGBDickson
3379,59,ALamer
3379,60,BWilson
3379,62,GLForest
3379,65,CDGonthier
3380,52,RGBDickson
3380,57,WRMcIntyre
3380,59,ALamer
3380,60,BWilson
3380,62,GLForest
3380,63,CLHDube
3380,64,JSopinka
3381,57,WRMcIntyre
3381,59,ALamer
3381,60,BWilson
3381,62,GLForest
3381,64,JSopinka
3382,52,RGBDickson
3382,53,JBeetz
3382,55,WZEstey
3382,57,WRMcIntyre
3382,59,ALamer
3382,60,BWilson
3382,61,GELDain
3382,62,GLForest
3382,63,CLHDube
3383,52,RGBDickson
3383,53,JBeetz
3383,55,WZEstey
3383,57,WRMcIntyre
3383,59,ALamer
3383,60,BWilson
3383,61,GELDain
3383,62,GLForest
3383,63,CLHDube
3384,52,RGBDickson
3384,53,JBeetz
3384,55,WZEstey
3384,57,WRMcIntyre
3384,59,ALamer
3384,60,BWilson
3384,61,GELDain
3384,62,GLForest
3384,63,CLHDube
3385,52,RGBDickson
3385,59,ALamer
3385,60,BWilson
3385,62,GLForest
3385,63,CLHDube
3385,64,JSopinka
3385,65,CDGonthier
3386,59,ALamer
3386,60,BWilson
3386,63,CLHDube
3386,64,JSopinka
3386,67,BMcLachlin
3387,59,ALamer
3387,63,CLHDube
3387,64,JSopinka
3387,65,CDGonthier
3387,66,PCCory
3388,52,RGBDickson
3388,59,ALamer
3388,60,BWilson
3388,62,GLForest
3388,63,CLHDube
3388,64,JSopinka
3388,65,CDGonthier
3389,52,RGBDickson
3389,59,ALamer
3389,60,BWilson
3389,62,GLForest
3389,63,CLHDube
3389,64,JSopinka
3389,66,PCCory
3390,52,RGBDickson
3390,59,ALamer
3390,60,BWilson
3390,62,GLForest
3390,63,CLHDube
3390,64,JSopinka
3390,65,CDGonthier
3390,66,PCCory
3390,67,BMcLachlin
3391,52,RGBDickson
3391,59,ALamer
3391,60,BWilson
3391,62,GLForest
3391,63,CLHDube
3391,64,JSopinka
3391,65,CDGonthier
3391,66,PCCory
3391,67,BMcLachlin
3392,59,ALamer
3392,60,BWilson
3392,62,GLForest
3392,65,CDGonthier
3392,66,PCCory
3393,59,ALamer
3393,60,BWilson
3393,62,GLForest
3393,63,CLHDube
3393,64,JSopinka
3393,66,PCCory
3393,67,BMcLachlin
3394,52,RGBDickson
3394,59,ALamer
3394,60,BWilson
3394,62,GLForest
3394,63,CLHDube
3394,64,JSopinka
3394,65,CDGonthier
3394,66,PCCory
3394,67,BMcLachlin
3395,52,RGBDickson
3395,59,ALamer
3395,60,BWilson
3395,62,GLForest
3395,63,CLHDube
3395,64,JSopinka
3395,65,CDGonthier
3395,66,PCCory
3395,67,BMcLachlin
3396,52,RGBDickson
3396,59,ALamer
3396,60,BWilson
3396,62,GLForest
3396,63,CLHDube
3396,64,JSopinka
3396,65,CDGonthier
3396,66,PCCory
3396,67,BMcLachlin
3397,59,ALamer
3397,60,BWilson
3397,62,GLForest
3397,63,CLHDube
3397,65,CDGonthier
3397,66,PCCory
3397,67,BMcLachlin
3398,60,BWilson
3398,64,JSopinka
3398,65,CDGonthier
3398,66,PCCory
3398,67,BMcLachlin
3399,59,ALamer
3399,60,BWilson
3399,62,GLForest
3399,63,CLHDube
3399,65,CDGonthier
3399,66,PCCory
3399,67,BMcLachlin
3400,52,RGBDickson
3400,60,BWilson
3400,62,GLForest
3400,63,CLHDube
3400,64,JSopinka
3401,52,RGBDickson
3401,57,WRMcIntyre
3401,59,ALamer
3401,60,BWilson
3401,62,GLForest
3401,63,CLHDube
3401,64,JSopinka
3402,59,ALamer
3402,63,CLHDube
3402,64,JSopinka
3402,65,CDGonthier
3402,66,PCCory
3403,52,RGBDickson
3403,59,ALamer
3403,60,BWilson
3403,62,GLForest
3403,64,JSopinka
3403,66,PCCory
3403,67,BMcLachlin
3404,59,ALamer
3404,60,BWilson
3404,62,GLForest
3404,63,CLHDube
3404,64,JSopinka
3404,65,CDGonthier
3404,66,PCCory
3405,52,RGBDickson
3405,57,WRMcIntyre
3405,59,ALamer
3405,60,BWilson
3405,62,GLForest
3405,63,CLHDube
3405,64,JSopinka
3406,59,ALamer
3406,63,CLHDube
3406,64,JSopinka
3406,65,CDGonthier
3406,66,PCCory
3407,59,ALamer
3407,60,BWilson
3407,62,GLForest
3407,64,JSopinka
3407,65,CDGonthier
3407,66,PCCory
3407,67,BMcLachlin
3408,52,RGBDickson
3408,59,ALamer
3408,60,BWilson
3408,62,GLForest
3408,63,CLHDube
3409,52,RGBDickson
3409,60,BWilson
3409,62,GLForest
3409,63,CLHDube
3409,64,JSopinka
3409,66,PCCory
3409,67,BMcLachlin
3410,52,RGBDickson
3410,59,ALamer
3410,62,GLForest
3410,63,CLHDube
3410,64,JSopinka
3410,65,CDGonthier
3410,66,PCCory
3411,52,RGBDickson
3411,59,ALamer
3411,60,BWilson
3411,62,GLForest
3411,63,CLHDube
3411,64,JSopinka
3411,65,CDGonthier
3411,66,PCCory
3411,67,BMcLachlin
3412,52,RGBDickson
3412,59,ALamer
3412,60,BWilson
3412,62,GLForest
3412,63,CLHDube
3412,64,JSopinka
3412,65,CDGonthier
3412,66,PCCory
3412,67,BMcLachlin
3413,52,RGBDickson
3413,59,ALamer
3413,60,BWilson
3413,62,GLForest
3413,63,CLHDube
3413,66,PCCory
3413,67,BMcLachlin
3414,59,ALamer
3414,60,BWilson
3414,63,CLHDube
3414,65,CDGonthier
3414,66,PCCory
3415,52,RGBDickson
3415,59,ALamer
3415,60,BWilson
3415,62,GLForest
3415,63,CLHDube
3415,64,JSopinka
3415,65,CDGonthier
3415,66,PCCory
3415,67,BMcLachlin
3416,59,ALamer
3416,60,BWilson
3416,64,JSopinka
3416,65,CDGonthier
3416,66,PCCory
3417,52,RGBDickson
3417,59,ALamer
3417,60,BWilson
3417,62,GLForest
3417,63,CLHDube
3417,65,CDGonthier
3417,66,PCCory
3418,52,RGBDickson
3418,60,BWilson
3418,62,GLForest
3418,63,CLHDube
3418,64,JSopinka
3418,65,CDGonthier
3418,66,PCCory
3419,52,RGBDickson
3419,59,ALamer
3419,60,BWilson
3419,64,JSopinka
3419,66,PCCory
3420,52,RGBDickson
3420,57,WRMcIntyre
3420,59,ALamer
3420,60,BWilson
3420,62,GLForest
3420,63,CLHDube
3420,64,JSopinka
3421,52,RGBDickson
3421,59,ALamer
3421,60,BWilson
3421,62,GLForest
3421,63,CLHDube
3421,64,JSopinka
3421,65,CDGonthier
3421,66,PCCory
3421,67,BMcLachlin
3422,60,BWilson
3422,63,CLHDube
3422,65,CDGonthier
3422,66,PCCory
3422,67,BMcLachlin
3423,52,RGBDickson
3423,59,ALamer
3423,60,BWilson
3423,62,GLForest
3423,63,CLHDube
3423,64,JSopinka
3423,66,PCCory
3424,52,RGBDickson
3424,59,ALamer
3424,60,BWilson
3424,62,GLForest
3424,64,JSopinka
3424,65,CDGonthier
3424,66,PCCory
3425,59,ALamer
3425,60,BWilson
3425,62,GLForest
3425,63,CLHDube
3425,65,CDGonthier
3425,66,PCCory
3425,67,BMcLachlin
3426,52,RGBDickson
3426,59,ALamer
3426,60,BWilson
3426,62,GLForest
3426,63,CLHDube
3426,64,JSopinka
3426,66,PCCory
3427,52,RGBDickson
3427,59,ALamer
3427,60,BWilson
3427,62,GLForest
3427,63,CLHDube
3427,64,JSopinka
3427,66,PCCory
3428,60,BWilson
3428,64,JSopinka
3428,65,CDGonthier
3428,66,PCCory
3428,67,BMcLachlin
3429,52,RGBDickson
3429,60,BWilson
3429,62,GLForest
3429,63,CLHDube
3429,64,JSopinka
3429,66,PCCory
3429,67,BMcLachlin
3430,59,ALamer
3430,63,CLHDube
3430,64,JSopinka
3430,65,CDGonthier
3430,67,BMcLachlin
3431,52,RGBDickson
3431,60,BWilson
3431,62,GLForest
3431,63,CLHDube
3431,64,JSopinka
3431,66,PCCory
3431,67,BMcLachlin
3432,52,RGBDickson
3432,59,ALamer
3432,62,GLForest
3432,63,CLHDube
3432,64,JSopinka
3432,65,CDGonthier
3432,67,BMcLachlin
3433,59,ALamer
3433,60,BWilson
3433,63,CLHDube
3433,64,JSopinka
3433,65,CDGonthier
3433,66,PCCory
3433,67,BMcLachlin
3434,52,RGBDickson
3434,59,ALamer
3434,62,GLForest
3434,63,CLHDube
3434,64,JSopinka
3434,65,CDGonthier
3434,67,BMcLachlin
3435,59,ALamer
3435,60,BWilson
3435,62,GLForest
3435,63,CLHDube
3435,64,JSopinka
3435,65,CDGonthier
3435,67,BMcLachlin
3436,60,BWilson
3436,62,GLForest
3436,63,CLHDube
3436,64,JSopinka
3436,66,PCCory
3437,59,ALamer
3437,60,BWilson
3437,62,GLForest
3437,63,CLHDube
3437,65,CDGonthier
3437,66,PCCory
3437,67,BMcLachlin
3438,59,ALamer
3438,62,GLForest
3438,63,CLHDube
3438,64,JSopinka
3438,65,CDGonthier
3438,66,PCCory
3438,67,BMcLachlin
3439,52,RGBDickson
3439,64,JSopinka
3439,67,BMcLachlin
3440,52,RGBDickson
3440,59,ALamer
3440,60,BWilson
3440,62,GLForest
3440,63,CLHDube
3440,64,JSopinka
3440,65,CDGonthier
3440,66,PCCory
3440,67,BMcLachlin
3441,59,ALamer
3441,62,GLForest
3441,63,CLHDube
3441,64,JSopinka
3441,65,CDGonthier
3441,66,PCCory
3441,67,BMcLachlin
3442,59,ALamer
3442,60,BWilson
3442,62,GLForest
3442,64,JSopinka
3442,65,CDGonthier
3442,66,PCCory
3442,67,BMcLachlin
3443,52,RGBDickson
3443,59,ALamer
3443,62,GLForest
3443,64,JSopinka
3443,66,PCCory
3444,52,RGBDickson
3444,59,ALamer
3444,60,BWilson
3444,62,GLForest
3444,63,CLHDube
3444,64,JSopinka
3444,65,CDGonthier
3444,66,PCCory
3444,67,BMcLachlin
3445,59,ALamer
3445,60,BWilson
3445,62,GLForest
3445,64,JSopinka
3445,65,CDGonthier
3445,66,PCCory
3445,67,BMcLachlin
3446,52,RGBDickson
3446,59,ALamer
3446,60,BWilson
3446,62,GLForest
3446,64,JSopinka
3446,65,CDGonthier
3446,66,PCCory
3447,52,RGBDickson
3447,60,BWilson
3447,62,GLForest
3447,64,JSopinka
3447,65,CDGonthier
3447,66,PCCory
3447,67,BMcLachlin
3448,52,RGBDickson
3448,59,ALamer
3448,62,GLForest
3448,64,JSopinka
3448,65,CDGonthier
3448,66,PCCory
3448,67,BMcLachlin
3449,59,ALamer
3449,60,BWilson
3449,62,GLForest
3449,63,CLHDube
3449,64,JSopinka
3449,65,CDGonthier
3449,67,BMcLachlin
3450,52,RGBDickson
3450,60,BWilson
3450,62,GLForest
3450,63,CLHDube
3450,64,JSopinka
3450,65,CDGonthier
3450,66,PCCory
3451,52,RGBDickson
3451,59,ALamer
3451,62,GLForest
3451,64,JSopinka
3451,65,CDGonthier
3451,66,PCCory
3451,67,BMcLachlin
3452,59,ALamer
3452,60,BWilson
3452,62,GLForest
3452,63,CLHDube
3452,64,JSopinka
3453,59,ALamer
3453,60,BWilson
3453,62,GLForest
3453,63,CLHDube
3453,64,JSopinka
3454,59,ALamer
3454,60,BWilson
3454,62,GLForest
3454,63,CLHDube
3454,64,JSopinka
3455,52,RGBDickson
3455,60,BWilson
3455,63,CLHDube
3455,64,JSopinka
3455,65,CDGonthier
3455,66,PCCory
3455,67,BMcLachlin
3456,52,RGBDickson
3456,60,BWilson
3456,63,CLHDube
3456,64,JSopinka
3456,65,CDGonthier
3456,66,PCCory
3456,67,BMcLachlin
3457,52,RGBDickson
3457,60,BWilson
3457,62,GLForest
3457,63,CLHDube
3457,64,JSopinka
3457,66,PCCory
3457,67,BMcLachlin
3458,52,RGBDickson
3458,59,ALamer
3458,62,GLForest
3458,63,CLHDube
3458,64,JSopinka
3458,65,CDGonthier
3458,66,PCCory
3459,60,BWilson
3459,64,JSopinka
3459,67,BMcLachlin
3460,52,RGBDickson
3460,59,ALamer
3460,60,BWilson
3460,62,GLForest
3460,63,CLHDube
3460,65,CDGonthier
3460,66,PCCory
3461,59,ALamer
3461,62,GLForest
3461,63,CLHDube
3461,66,PCCory
3461,67,BMcLachlin
3462,52,RGBDickson
3462,59,ALamer
3462,60,BWilson
3462,63,CLHDube
3462,64,JSopinka
3462,65,CDGonthier
3462,67,BMcLachlin
3463,52,RGBDickson
3463,60,BWilson
3463,62,GLForest
3463,63,CLHDube
3463,64,JSopinka
3463,66,PCCory
3463,67,BMcLachlin
3464,52,RGBDickson
3464,60,BWilson
3464,62,GLForest
3464,63,CLHDube
3464,65,CDGonthier
3464,66,PCCory
3464,67,BMcLachlin
3465,59,ALamer
3465,63,CLHDube
3465,64,JSopinka
3465,66,PCCory
3465,67,BMcLachlin
3466,62,GLForest
3466,63,CLHDube
3466,65,CDGonthier
3466,66,PCCory
3466,67,BMcLachlin
3467,59,ALamer
3467,60,BWilson
3467,62,GLForest
3467,64,JSopinka
3467,65,CDGonthier
3467,66,PCCory
3467,67,BMcLachlin
3468,52,RGBDickson
3468,59,ALamer
3468,60,BWilson
3468,62,GLForest
3468,63,CLHDube
3468,64,JSopinka
3468,65,CDGonthier
3468,66,PCCory
3468,67,BMcLachlin
3469,52,RGBDickson
3469,59,ALamer
3469,60,BWilson
3469,62,GLForest
3469,63,CLHDube
3469,65,CDGonthier
3469,66,PCCory
3470,62,GLForest
3470,63,CLHDube
3470,65,CDGonthier
3470,66,PCCory
3470,67,BMcLachlin
3471,52,RGBDickson
3471,59,ALamer
3471,60,BWilson
3471,63,CLHDube
3471,64,JSopinka
3471,65,CDGonthier
3471,67,BMcLachlin
3472,60,BWilson
3472,62,GLForest
3472,63,CLHDube
3472,65,CDGonthier
3472,66,PCCory
3473,52,RGBDickson
3473,60,BWilson
3473,62,GLForest
3473,63,CLHDube
3473,64,JSopinka
3473,65,CDGonthier
3473,66,PCCory
3474,52,RGBDickson
3474,59,ALamer
3474,63,CLHDube
3474,64,JSopinka
3474,65,CDGonthier
3474,66,PCCory
3474,67,BMcLachlin
3475,59,ALamer
3475,60,BWilson
3475,63,CLHDube
3475,64,JSopinka
3475,65,CDGonthier
3475,66,PCCory
3475,67,BMcLachlin
3476,52,RGBDickson
3476,59,ALamer
3476,60,BWilson
3476,62,GLForest
3476,63,CLHDube
3476,64,JSopinka
3476,65,CDGonthier
3476,66,PCCory
3476,67,BMcLachlin
3477,52,RGBDickson
3477,59,ALamer
3477,60,BWilson
3477,62,GLForest
3477,63,CLHDube
3477,64,JSopinka
3477,65,CDGonthier
3477,66,PCCory
3477,67,BMcLachlin
3478,52,RGBDickson
3478,57,WRMcIntyre
3478,59,ALamer
3478,60,BWilson
3478,62,GLForest
3478,63,CLHDube
3478,64,JSopinka
3479,52,RGBDickson
3479,57,WRMcIntyre
3479,59,ALamer
3479,60,BWilson
3479,62,GLForest
3479,63,CLHDube
3479,64,JSopinka
3480,52,RGBDickson
3480,57,WRMcIntyre
3480,59,ALamer
3480,60,BWilson
3480,62,GLForest
3480,63,CLHDube
3480,64,JSopinka
3481,52,RGBDickson
3481,57,WRMcIntyre
3481,59,ALamer
3481,60,BWilson
3481,62,GLForest
3481,63,CLHDube
3481,64,JSopinka
3482,59,ALamer
3482,60,BWilson
3482,63,CLHDube
3482,64,JSopinka
3482,65,CDGonthier
3482,66,PCCory
3482,67,BMcLachlin
3483,59,ALamer
3483,60,BWilson
3483,63,CLHDube
3483,64,JSopinka
3483,65,CDGonthier
3483,66,PCCory
3483,67,BMcLachlin
3484,59,ALamer
3484,60,BWilson
3484,62,GLForest
3484,63,CLHDube
3484,65,CDGonthier
3484,66,PCCory
3484,67,BMcLachlin
3485,59,ALamer
3485,60,BWilson
3485,62,GLForest
3485,63,CLHDube
3485,65,CDGonthier
3485,66,PCCory
3485,67,BMcLachlin
3486,59,ALamer
3486,60,BWilson
3486,62,GLForest
3486,63,CLHDube
3486,65,CDGonthier
3486,66,PCCory
3486,67,BMcLachlin
3487,52,RGBDickson
3487,59,ALamer
3487,60,BWilson
3487,62,GLForest
3487,63,CLHDube
3487,64,JSopinka
3487,65,CDGonthier
3487,66,PCCory
3487,67,BMcLachlin
3488,52,RGBDickson
3488,59,ALamer
3488,60,BWilson
3488,62,GLForest
3488,63,CLHDube
3488,64,JSopinka
3488,65,CDGonthier
3488,66,PCCory
3488,67,BMcLachlin
3489,60,BWilson
3489,63,CLHDube
3489,65,CDGonthier
3489,66,PCCory
3489,67,BMcLachlin
3490,60,BWilson
3490,63,CLHDube
3490,65,CDGonthier
3490,66,PCCory
3490,67,BMcLachlin
3491,60,BWilson
3491,63,CLHDube
3491,65,CDGonthier
3491,66,PCCory
3491,67,BMcLachlin
3492,62,GLForest
3492,63,CLHDube
3492,65,CDGonthier
3492,66,PCCory
3492,67,BMcLachlin
3493,52,RGBDickson
3493,59,ALamer
3493,60,BWilson
3493,62,GLForest
3493,64,JSopinka
3493,65,CDGonthier
3493,67,BMcLachlin
3494,52,RGBDickson
3494,59,ALamer
3494,60,BWilson
3494,62,GLForest
3494,63,CLHDube
3494,64,JSopinka
3494,65,CDGonthier
3495,52,RGBDickson
3495,59,ALamer
3495,60,BWilson
3495,62,GLForest
3495,63,CLHDube
3495,64,JSopinka
3495,65,CDGonthier
3495,66,PCCory
3495,67,BMcLachlin
3496,52,RGBDickson
3496,59,ALamer
3496,60,BWilson
3496,62,GLForest
3496,63,CLHDube
3496,64,JSopinka
3496,65,CDGonthier
3496,66,PCCory
3496,67,BMcLachlin
3497,52,RGBDickson
3497,59,ALamer
3497,60,BWilson
3497,62,GLForest
3497,63,CLHDube
3497,64,JSopinka
3497,65,CDGonthier
3497,66,PCCory
3497,67,BMcLachlin
3498,52,RGBDickson
3498,59,ALamer
3498,60,BWilson
3498,62,GLForest
3498,64,JSopinka
3498,65,CDGonthier
3498,66,PCCory
3499,52,RGBDickson
3499,59,ALamer
3499,60,BWilson
3499,62,GLForest
3499,64,JSopinka
3499,65,CDGonthier
3499,66,PCCory
3500,52,RGBDickson
3500,59,ALamer
3500,60,BWilson
3500,62,GLForest
3500,64,JSopinka
3500,65,CDGonthier
3500,66,PCCory
3501,52,RGBDickson
3501,59,ALamer
3501,60,BWilson
3501,62,GLForest
3501,64,JSopinka
3501,65,CDGonthier
3501,66,PCCory
3502,52,RGBDickson
3502,59,ALamer
3502,60,BWilson
3502,62,GLForest
3502,64,JSopinka
3502,65,CDGonthier
3502,66,PCCory
3503,60,BWilson
3503,62,GLForest
3503,63,CLHDube
3503,64,JSopinka
3503,65,CDGonthier
3503,66,PCCory
3503,67,BMcLachlin
3504,52,RGBDickson
3504,60,BWilson
3504,62,GLForest
3504,63,CLHDube
3504,64,JSopinka
3504,65,CDGonthier
3504,66,PCCory
3505,59,ALamer
3505,63,CLHDube
3505,65,CDGonthier
3505,66,PCCory
3505,67,BMcLachlin
3506,59,ALamer
3506,62,GLForest
3506,63,CLHDube
3506,65,CDGonthier
3506,67,BMcLachlin
3507,59,ALamer
3507,60,BWilson
3507,62,GLForest
3507,63,CLHDube
3507,65,CDGonthier
3507,66,PCCory
3507,67,BMcLachlin
3508,52,RGBDickson
3508,60,BWilson
3508,62,GLForest
3508,63,CLHDube
3508,64,JSopinka
3508,66,PCCory
3508,67,BMcLachlin
3509,52,RGBDickson
3509,59,ALamer
3509,60,BWilson
3509,63,CLHDube
3509,64,JSopinka
3509,65,CDGonthier
3509,66,PCCory
3510,52,RGBDickson
3510,59,ALamer
3510,60,BWilson
3510,63,CLHDube
3510,64,JSopinka
3510,65,CDGonthier
3510,66,PCCory
3511,52,RGBDickson
3511,59,ALamer
3511,60,BWilson
3511,63,CLHDube
3511,64,JSopinka
3511,65,CDGonthier
3511,66,PCCory
3512,52,RGBDickson
3512,59,ALamer
3512,60,BWilson
3512,63,CLHDube
3512,64,JSopinka
3512,65,CDGonthier
3512,66,PCCory
3513,52,RGBDickson
3513,59,ALamer
3513,60,BWilson
3513,63,CLHDube
3513,64,JSopinka
3513,65,CDGonthier
3513,66,PCCory
3514,62,GLForest
3514,63,CLHDube
3514,64,JSopinka
3514,65,CDGonthier
3514,66,PCCory
3515,59,ALamer
3515,60,BWilson
3515,64,JSopinka
3515,65,CDGonthier
3515,67,BMcLachlin
3516,59,ALamer
3516,62,GLForest
3516,63,CLHDube
3516,64,JSopinka
3516,65,CDGonthier
3516,66,PCCory
3516,67,BMcLachlin
3517,52,RGBDickson
3517,59,ALamer
3517,60,BWilson
3517,63,CLHDube
3517,64,JSopinka
3517,65,CDGonthier
3517,66,PCCory
3518,52,RGBDickson
3518,60,BWilson
3518,62,GLForest
3518,63,CLHDube
3518,64,JSopinka
3518,66,PCCory
3518,67,BMcLachlin
3519,59,ALamer
3519,60,BWilson
3519,62,GLForest
3519,63,CLHDube
3519,64,JSopinka
3519,65,CDGonthier
3519,66,PCCory
3520,60,BWilson
3520,62,GLForest
3520,64,JSopinka
3520,65,CDGonthier
3520,68,WStevenson
3521,62,GLForest
3521,63,CLHDube
3521,65,CDGonthier
3521,66,PCCory
3521,67,BMcLachlin
3522,59,ALamer
3522,60,BWilson
3522,62,GLForest
3522,63,CLHDube
3522,64,JSopinka
3522,65,CDGonthier
3522,67,BMcLachlin
3523,62,GLForest
3523,63,CLHDube
3523,65,CDGonthier
3523,66,PCCory
3523,67,BMcLachlin
3524,59,ALamer
3524,60,BWilson
3524,64,JSopinka
3524,66,PCCory
3524,67,BMcLachlin
3525,59,ALamer
3525,60,BWilson
3525,62,GLForest
3525,63,CLHDube
3525,64,JSopinka
3525,65,CDGonthier
3525,66,PCCory
3526,52,RGBDickson
3526,60,BWilson
3526,62,GLForest
3526,63,CLHDube
3526,64,JSopinka
3526,66,PCCory
3526,67,BMcLachlin
3527,59,ALamer
3527,60,BWilson
3527,62,GLForest
3527,63,CLHDube
3527,64,JSopinka
3527,65,CDGonthier
3527,67,BMcLachlin
3528,59,ALamer
3528,60,BWilson
3528,63,CLHDube
3528,64,JSopinka
3528,65,CDGonthier
3528,66,PCCory
3528,67,BMcLachlin
3529,59,ALamer
3529,62,GLForest
3529,63,CLHDube
3529,65,CDGonthier
3529,66,PCCory
3530,59,ALamer
3530,63,CLHDube
3530,64,JSopinka
3530,66,PCCory
3530,67,BMcLachlin
3531,60,BWilson
3531,62,GLForest
3531,63,CLHDube
3531,64,JSopinka
3531,67,BMcLachlin
3532,59,ALamer
3532,60,BWilson
3532,62,GLForest
3532,63,CLHDube
3532,64,JSopinka
3532,66,PCCory
3532,68,WStevenson
3533,52,RGBDickson
3533,57,WRMcIntyre
3533,59,ALamer
3533,60,BWilson
3533,62,GLForest
3533,63,CLHDube
3533,64,JSopinka
3534,52,RGBDickson
3534,59,ALamer
3534,62,GLForest
3534,63,CLHDube
3534,64,JSopinka
3534,66,PCCory
3534,67,BMcLachlin
3535,59,ALamer
3535,62,GLForest
3535,65,CDGonthier
3535,66,PCCory
3535,67,BMcLachlin
3536,59,ALamer
3536,60,BWilson
3536,62,GLForest
3536,63,CLHDube
3536,65,CDGonthier
3536,66,PCCory
3536,67,BMcLachlin
3537,52,RGBDickson
3537,59,ALamer
3537,60,BWilson
3537,62,GLForest
3537,63,CLHDube
3537,64,JSopinka
3537,65,CDGonthier
3537,66,PCCory
3537,67,BMcLachlin
3538,59,ALamer
3538,60,BWilson
3538,62,GLForest
3538,63,CLHDube
3538,64,JSopinka
3538,65,CDGonthier
3538,66,PCCory
3538,67,BMcLachlin
3539,60,BWilson
3539,64,JSopinka
3539,66,PCCory
3539,67,BMcLachlin
3539,68,WStevenson
3540,52,RGBDickson
3540,59,ALamer
3540,60,BWilson
3540,62,GLForest
3540,63,CLHDube
3540,65,CDGonthier
3540,67,BMcLachlin
3541,52,RGBDickson
3541,59,ALamer
3541,62,GLForest
3541,63,CLHDube
3541,65,CDGonthier
3541,66,PCCory
3541,67,BMcLachlin
3542,52,RGBDickson
3542,60,BWilson
3542,62,GLForest
3542,63,CLHDube
3542,64,JSopinka
3542,66,PCCory
3542,67,BMcLachlin
3543,52,RGBDickson
3543,59,ALamer
3543,62,GLForest
3543,63,CLHDube
3543,64,JSopinka
3543,65,CDGonthier
3543,67,BMcLachlin
3544,52,RGBDickson
3544,59,ALamer
3544,62,GLForest
3544,63,CLHDube
3544,64,JSopinka
3544,65,CDGonthier
3544,67,BMcLachlin
3545,59,ALamer
3545,60,BWilson
3545,62,GLForest
3545,63,CLHDube
3545,64,JSopinka
3545,65,CDGonthier
3545,66,PCCory
3546,52,RGBDickson
3546,59,ALamer
3546,60,BWilson
3546,62,GLForest
3546,63,CLHDube
3546,64,JSopinka
3546,67,BMcLachlin
3547,59,ALamer
3547,60,BWilson
3547,64,JSopinka
3547,66,PCCory
3547,67,BMcLachlin
3548,59,ALamer
3548,60,BWilson
3548,62,GLForest
3548,63,CLHDube
3548,64,JSopinka
3548,65,CDGonthier
3548,66,PCCory
3549,52,RGBDickson
3549,59,ALamer
3549,62,GLForest
3549,63,CLHDube
3549,64,JSopinka
3549,65,CDGonthier
3549,67,BMcLachlin
3550,52,RGBDickson
3550,59,ALamer
3550,62,GLForest
3550,63,CLHDube
3550,64,JSopinka
3550,65,CDGonthier
3550,67,BMcLachlin
3551,59,ALamer
3551,62,GLForest
3551,63,CLHDube
3551,64,JSopinka
3551,65,CDGonthier
3551,66,PCCory
3551,67,BMcLachlin
3552,52,RGBDickson
3552,60,BWilson
3552,62,GLForest
3552,63,CLHDube
3552,64,JSopinka
3552,65,CDGonthier
3552,66,PCCory
3553,52,RGBDickson
3553,60,BWilson
3553,62,GLForest
3553,63,CLHDube
3553,64,JSopinka
3553,65,CDGonthier
3553,66,PCCory
3554,52,RGBDickson
3554,60,BWilson
3554,62,GLForest
3554,63,CLHDube
3554,64,JSopinka
3554,65,CDGonthier
3554,66,PCCory
3555,52,RGBDickson
3555,60,BWilson
3555,62,GLForest
3555,63,CLHDube
3555,64,JSopinka
3555,65,CDGonthier
3555,66,PCCory
3556,59,ALamer
3556,62,GLForest
3556,63,CLHDube
3556,65,CDGonthier
3556,66,PCCory
3556,67,BMcLachlin
3556,68,WStevenson
3557,52,RGBDickson
3557,59,ALamer
3557,60,BWilson
3557,62,GLForest
3557,63,CLHDube
3557,64,JSopinka
3557,65,CDGonthier
3557,66,PCCory
3557,67,BMcLachlin
3558,52,RGBDickson
3558,59,ALamer
3558,60,BWilson
3558,62,GLForest
3558,63,CLHDube
3558,65,CDGonthier
3558,67,BMcLachlin
3559,59,ALamer
3559,64,JSopinka
3559,65,CDGonthier
3559,67,BMcLachlin
3559,68,WStevenson
3560,52,RGBDickson
3560,59,ALamer
3560,60,BWilson
3560,62,GLForest
3560,63,CLHDube
3560,64,JSopinka
3560,65,CDGonthier
3560,66,PCCory
3560,67,BMcLachlin
3561,52,RGBDickson
3561,60,BWilson
3561,62,GLForest
3561,63,CLHDube
3561,64,JSopinka
3561,65,CDGonthier
3561,67,BMcLachlin
3562,52,RGBDickson
3562,60,BWilson
3562,62,GLForest
3562,63,CLHDube
3562,64,JSopinka
3562,65,CDGonthier
3562,67,BMcLachlin
3563,52,RGBDickson
3563,60,BWilson
3563,62,GLForest
3563,63,CLHDube
3563,64,JSopinka
3563,65,CDGonthier
3563,67,BMcLachlin
3564,62,GLForest
3564,63,CLHDube
3564,64,JSopinka
3564,65,CDGonthier
3564,67,BMcLachlin
3565,52,RGBDickson
3565,59,ALamer
3565,60,BWilson
3565,62,GLForest
3565,63,CLHDube
3565,64,JSopinka
3565,65,CDGonthier
3565,66,PCCory
3565,67,BMcLachlin
3566,52,RGBDickson
3566,60,BWilson
3566,62,GLForest
3566,63,CLHDube
3566,64,JSopinka
3566,65,CDGonthier
3566,66,PCCory
3567,52,RGBDickson
3567,59,ALamer
3567,60,BWilson
3567,62,GLForest
3567,63,CLHDube
3567,64,JSopinka
3567,65,CDGonthier
3567,66,PCCory
3567,67,BMcLachlin
3568,52,RGBDickson
3568,59,ALamer
3568,60,BWilson
3568,62,GLForest
3568,63,CLHDube
3568,64,JSopinka
3568,65,CDGonthier
3568,66,PCCory
3568,67,BMcLachlin
3569,52,RGBDickson
3569,59,ALamer
3569,62,GLForest
3569,63,CLHDube
3569,64,JSopinka
3569,65,CDGonthier
3569,66,PCCory
3570,52,RGBDickson
3570,62,GLForest
3570,63,CLHDube
3570,64,JSopinka
3570,65,CDGonthier
3570,66,PCCory
3570,67,BMcLachlin
3571,52,RGBDickson
3571,59,ALamer
3571,60,BWilson
3571,62,GLForest
3571,63,CLHDube
3571,64,JSopinka
3571,65,CDGonthier
3571,66,PCCory
3571,67,BMcLachlin
3572,59,ALamer
3572,60,BWilson
3572,62,GLForest
3572,63,CLHDube
3572,64,JSopinka
3572,65,CDGonthier
3572,67,BMcLachlin
3573,62,GLForest
3573,63,CLHDube
3573,64,JSopinka
3573,65,CDGonthier
3573,66,PCCory
3573,67,BMcLachlin
3573,68,WStevenson
3574,59,ALamer
3574,62,GLForest
3574,63,CLHDube
3574,64,JSopinka
3574,65,CDGonthier
3574,66,PCCory
3574,68,WStevenson
3575,62,GLForest
3575,63,CLHDube
3575,64,JSopinka
3575,65,CDGonthier
3575,66,PCCory
3575,67,BMcLachlin
3575,68,WStevenson
3576,64,JSopinka
3576,65,CDGonthier
3576,66,PCCory
3576,67,BMcLachlin
3576,68,WStevenson
3577,59,ALamer
3577,60,BWilson
3577,62,GLForest
3577,63,CLHDube
3577,64,JSopinka
3577,66,PCCory
3577,67,BMcLachlin
3578,59,ALamer
3578,60,BWilson
3578,62,GLForest
3578,63,CLHDube
3578,64,JSopinka
3578,66,PCCory
3578,67,BMcLachlin
3579,59,ALamer
3579,60,BWilson
3579,62,GLForest
3579,63,CLHDube
3579,64,JSopinka
3579,66,PCCory
3579,67,BMcLachlin
3580,59,ALamer
3580,62,GLForest
3580,63,CLHDube
3580,64,JSopinka
3580,65,CDGonthier
3580,66,PCCory
3580,67,BMcLachlin
3581,62,GLForest
3581,63,CLHDube
3581,64,JSopinka
3581,66,PCCory
3581,68,WStevenson
3582,59,ALamer
3582,63,CLHDube
3582,64,JSopinka
3582,65,CDGonthier
3582,66,PCCory
3582,68,WStevenson
3582,69,FIacobucci
3583,62,GLForest
3583,63,CLHDube
3583,64,JSopinka
3583,65,CDGonthier
3583,67,BMcLachlin
3584,62,GLForest
3584,63,CLHDube
3584,64,JSopinka
3584,65,CDGonthier
3584,66,PCCory
3584,67,BMcLachlin
3584,68,WStevenson
3585,59,ALamer
3585,60,BWilson
3585,62,GLForest
3585,63,CLHDube
3585,64,JSopinka
3585,65,CDGonthier
3585,66,PCCory
3585,67,BMcLachlin
3585,68,WStevenson
3586,59,ALamer
3586,62,GLForest
3586,63,CLHDube
3586,64,JSopinka
3586,65,CDGonthier
3587,59,ALamer
3587,63,CLHDube
3587,64,JSopinka
3587,65,CDGonthier
3587,66,PCCory
3588,60,BWilson
3588,64,JSopinka
3588,66,PCCory
3588,67,BMcLachlin
3588,68,WStevenson
3589,59,ALamer
3589,62,GLForest
3589,63,CLHDube
3589,64,JSopinka
3589,65,CDGonthier
3589,66,PCCory
3589,67,BMcLachlin
3590,59,ALamer
3590,62,GLForest
3590,63,CLHDube
3590,64,JSopinka
3590,65,CDGonthier
3590,66,PCCory
3590,67,BMcLachlin
3591,59,ALamer
3591,60,BWilson
3591,62,GLForest
3591,63,CLHDube
3591,64,JSopinka
3591,65,CDGonthier
3591,66,PCCory
3591,67,BMcLachlin
3591,68,WStevenson
3592,63,CLHDube
3592,64,JSopinka
3592,65,CDGonthier
3592,66,PCCory
3592,68,WStevenson
3593,59,ALamer
3593,62,GLForest
3593,63,CLHDube
3593,64,JSopinka
3593,65,CDGonthier
3593,66,PCCory
3593,67,BMcLachlin
3593,68,WStevenson
3593,69,FIacobucci
3594,59,ALamer
3594,60,BWilson
3594,62,GLForest
3594,63,CLHDube
3594,64,JSopinka
3594,65,CDGonthier
3594,66,PCCory
3594,67,BMcLachlin
3594,68,WStevenson
3595,64,JSopinka
3595,65,CDGonthier
3595,66,PCCory
3595,67,BMcLachlin
3595,69,FIacobucci
3596,59,ALamer
3596,62,GLForest
3596,63,CLHDube
3596,65,CDGonthier
3596,66,PCCory
3596,68,WStevenson
3596,69,FIacobucci
3597,59,ALamer
3597,62,GLForest
3597,63,CLHDube
3597,64,JSopinka
3597,65,CDGonthier
3597,66,PCCory
3597,67,BMcLachlin
3598,64,JSopinka
3598,65,CDGonthier
3598,66,PCCory
3598,67,BMcLachlin
3598,68,WStevenson
3599,59,ALamer
3599,62,GLForest
3599,63,CLHDube
3599,66,PCCory
3599,68,WStevenson
3600,59,ALamer
3600,62,GLForest
3600,63,CLHDube
3600,64,JSopinka
3600,65,CDGonthier
3600,66,PCCory
3600,67,BMcLachlin
3600,68,WStevenson
3600,69,FIacobucci
3601,64,JSopinka
3601,65,CDGonthier
3601,66,PCCory
3601,67,BMcLachlin
3601,68,WStevenson
3602,62,GLForest
3602,63,CLHDube
3602,64,JSopinka
3602,65,CDGonthier
3602,66,PCCory
3602,67,BMcLachlin
3602,68,WStevenson
3603,59,ALamer
3603,63,CLHDube
3603,65,CDGonthier
3603,68,WStevenson
3603,69,FIacobucci
3604,63,CLHDube
3604,65,CDGonthier
3604,66,PCCory
3604,67,BMcLachlin
3604,68,WStevenson
3605,59,ALamer
3605,60,BWilson
3605,62,GLForest
3605,63,CLHDube
3605,64,JSopinka
3605,65,CDGonthier
3605,66,PCCory
3606,62,GLForest
3606,64,JSopinka
3606,66,PCCory
3606,68,WStevenson
3606,69,FIacobucci
3607,59,ALamer
3607,62,GLForest
3607,63,CLHDube
3607,64,JSopinka
3607,65,CDGonthier
3608,59,ALamer
3608,62,GLForest
3608,63,CLHDube
3608,64,JSopinka
3608,65,CDGonthier
3608,66,PCCory
3608,67,BMcLachlin
3609,63,CLHDube
3609,65,CDGonthier
3609,67,BMcLachlin
3609,68,WStevenson
3609,69,FIacobucci
3610,59,ALamer
3610,62,GLForest
3610,65,CDGonthier
3610,68,WStevenson
3610,69,FIacobucci
3611,63,CLHDube
3611,64,JSopinka
3611,65,CDGonthier
3611,66,PCCory
3611,67,BMcLachlin
3611,68,WStevenson
3611,69,FIacobucci
3612,59,ALamer
3612,62,GLForest
3612,63,CLHDube
3612,64,JSopinka
3612,65,CDGonthier
3612,66,PCCory
3612,68,WStevenson
3613,59,ALamer
3613,62,GLForest
3613,63,CLHDube
3613,64,JSopinka
3613,65,CDGonthier
3613,66,PCCory
3613,67,BMcLachlin
3613,68,WStevenson
3613,69,FIacobucci
3614,60,BWilson
3614,62,GLForest
3614,63,CLHDube
3614,64,JSopinka
3614,66,PCCory
3614,67,BMcLachlin
3614,68,WStevenson
3615,62,GLForest
3615,63,CLHDube
3615,64,JSopinka
3615,65,CDGonthier
3615,66,PCCory
3615,67,BMcLachlin
3615,69,FIacobucci
3616,62,GLForest
3616,63,CLHDube
3616,64,JSopinka
3616,65,CDGonthier
3616,66,PCCory
3616,67,BMcLachlin
3616,69,FIacobucci
3617,59,ALamer
3617,60,BWilson
3617,62,GLForest
3617,63,CLHDube
3617,64,JSopinka
3617,65,CDGonthier
3617,66,PCCory
3617,67,BMcLachlin
3617,68,WStevenson
3618,59,ALamer
3618,62,GLForest
3618,63,CLHDube
3618,64,JSopinka
3618,65,CDGonthier
3618,66,PCCory
3618,67,BMcLachlin
3618,68,WStevenson
3618,69,FIacobucci
3619,59,ALamer
3619,64,JSopinka
3619,65,CDGonthier
3619,66,PCCory
3619,69,FIacobucci
3620,62,GLForest
3620,63,CLHDube
3620,64,JSopinka
3620,65,CDGonthier
3620,67,BMcLachlin
3620,68,WStevenson
3620,69,FIacobucci
3621,59,ALamer
3621,62,GLForest
3621,63,CLHDube
3621,64,JSopinka
3621,66,PCCory
3621,67,BMcLachlin
3621,68,WStevenson
3622,59,ALamer
3622,62,GLForest
3622,63,CLHDube
3622,65,CDGonthier
3622,66,PCCory
3623,59,ALamer
3623,64,JSopinka
3623,65,CDGonthier
3623,66,PCCory
3623,69,FIacobucci
3624,59,ALamer
3624,62,GLForest
3624,63,CLHDube
3624,64,JSopinka
3624,65,CDGonthier
3624,66,PCCory
3624,67,BMcLachlin
3624,68,WStevenson
3624,69,FIacobucci
3625,59,ALamer
3625,62,GLForest
3625,63,CLHDube
3625,64,JSopinka
3625,65,CDGonthier
3625,66,PCCory
3625,67,BMcLachlin
3625,68,WStevenson
3625,69,FIacobucci
3626,62,GLForest
3626,63,CLHDube
3626,64,JSopinka
3626,65,CDGonthier
3626,66,PCCory
3626,67,BMcLachlin
3626,69,FIacobucci
3627,62,GLForest
3627,63,CLHDube
3627,64,JSopinka
3627,65,CDGonthier
3627,66,PCCory
3627,67,BMcLachlin
3627,69,FIacobucci
3628,59,ALamer
3628,62,GLForest
3628,63,CLHDube
3628,64,JSopinka
3628,65,CDGonthier
3628,67,BMcLachlin
3628,69,FIacobucci
3629,59,ALamer
3629,62,GLForest
3629,63,CLHDube
3629,64,JSopinka
3629,65,CDGonthier
3629,66,PCCory
3629,67,BMcLachlin
3630,64,JSopinka
3630,66,PCCory
3630,67,BMcLachlin
3630,68,WStevenson
3630,69,FIacobucci
3631,62,GLForest
3631,63,CLHDube
3631,64,JSopinka
3631,65,CDGonthier
3631,66,PCCory
3631,67,BMcLachlin
3631,69,FIacobucci
3632,59,ALamer
3632,64,JSopinka
3632,66,PCCory
3632,67,BMcLachlin
3632,69,FIacobucci
3633,59,ALamer
3633,62,GLForest
3633,63,CLHDube
3633,64,JSopinka
3633,65,CDGonthier
3633,66,PCCory
3633,67,BMcLachlin
3633,68,WStevenson
3633,69,FIacobucci
3634,62,GLForest
3634,63,CLHDube
3634,64,JSopinka
3634,65,CDGonthier
3634,66,PCCory
3634,67,BMcLachlin
3634,68,WStevenson
3635,62,GLForest
3635,63,CLHDube
3635,64,JSopinka
3635,65,CDGonthier
3635,66,PCCory
3635,67,BMcLachlin
3635,68,WStevenson
3636,62,GLForest
3636,63,CLHDube
3636,64,JSopinka
3636,65,CDGonthier
3636,66,PCCory
3636,68,WStevenson
3636,69,FIacobucci
3637,62,GLForest
3637,63,CLHDube
3637,64,JSopinka
3637,65,CDGonthier
3637,66,PCCory
3637,67,BMcLachlin
3637,69,FIacobucci
3638,59,ALamer
3638,60,BWilson
3638,62,GLForest
3638,63,CLHDube
3638,64,JSopinka
3638,65,CDGonthier
3638,66,PCCory
3638,67,BMcLachlin
3638,68,WStevenson
3639,59,ALamer
3639,65,CDGonthier
3639,66,PCCory
3639,67,BMcLachlin
3639,69,FIacobucci
3640,62,GLForest
3640,63,CLHDube
3640,64,JSopinka
3640,66,PCCory
3640,67,BMcLachlin
3640,68,WStevenson
3640,69,FIacobucci
3641,62,GLForest
3641,63,CLHDube
3641,64,JSopinka
3641,65,CDGonthier
3641,66,PCCory
3641,67,BMcLachlin
3641,69,FIacobucci
3642,64,JSopinka
3642,65,CDGonthier
3642,66,PCCory
3642,67,BMcLachlin
3642,69,FIacobucci
3643,64,JSopinka
3643,65,CDGonthier
3643,66,PCCory
3643,67,BMcLachlin
3643,69,FIacobucci
3644,59,ALamer
3644,62,GLForest
3644,63,CLHDube
3644,64,JSopinka
3644,65,CDGonthier
3645,59,ALamer
3645,63,CLHDube
3645,64,JSopinka
3645,65,CDGonthier
3645,69,FIacobucci
3646,62,GLForest
3646,63,CLHDube
3646,64,JSopinka
3646,65,CDGonthier
3646,66,PCCory
3646,67,BMcLachlin
3646,69,FIacobucci
3647,62,GLForest
3647,63,CLHDube
3647,65,CDGonthier
3647,67,BMcLachlin
3647,69,FIacobucci
3648,59,ALamer
3648,64,JSopinka
3648,66,PCCory
3648,67,BMcLachlin
3648,69,FIacobucci
3649,59,ALamer
3649,62,GLForest
3649,63,CLHDube
3649,64,JSopinka
3649,65,CDGonthier
3649,66,PCCory
3649,67,BMcLachlin
3649,68,WStevenson
3649,69,FIacobucci
3650,59,ALamer
3650,62,GLForest
3650,65,CDGonthier
3650,66,PCCory
3650,67,BMcLachlin
3650,68,WStevenson
3650,69,FIacobucci
3651,59,ALamer
3651,62,GLForest
3651,63,CLHDube
3651,64,JSopinka
3651,65,CDGonthier
3651,66,PCCory
3651,67,BMcLachlin
3651,68,WStevenson
3651,69,FIacobucci
3652,59,ALamer
3652,62,GLForest
3652,63,CLHDube
3652,65,CDGonthier
3652,67,BMcLachlin
3653,62,GLForest
3653,63,CLHDube
3653,64,JSopinka
3653,65,CDGonthier
3653,66,PCCory
3653,68,WStevenson
3653,69,FIacobucci
3654,63,CLHDube
3654,64,JSopinka
3654,65,CDGonthier
3654,66,PCCory
3654,67,BMcLachlin
3654,68,WStevenson
3654,69,FIacobucci
3655,59,ALamer
3655,62,GLForest
3655,63,CLHDube
3655,64,JSopinka
3655,65,CDGonthier
3655,66,PCCory
3655,67,BMcLachlin
3655,68,WStevenson
3655,69,FIacobucci
3656,59,ALamer
3656,62,GLForest
3656,63,CLHDube
3656,65,CDGonthier
3656,68,WStevenson
3657,62,GLForest
3657,63,CLHDube
3657,64,JSopinka
3657,65,CDGonthier
3657,66,PCCory
3657,67,BMcLachlin
3657,68,WStevenson
3658,59,ALamer
3658,62,GLForest
3658,63,CLHDube
3658,64,JSopinka
3658,65,CDGonthier
3658,66,PCCory
3658,67,BMcLachlin
3658,68,WStevenson
3658,69,FIacobucci
3659,59,ALamer
3659,62,GLForest
3659,63,CLHDube
3659,64,JSopinka
3659,65,CDGonthier
3659,66,PCCory
3659,67,BMcLachlin
3659,68,WStevenson
3659,69,FIacobucci
3660,59,ALamer
3660,62,GLForest
3660,63,CLHDube
3660,65,CDGonthier
3660,66,PCCory
3661,59,ALamer
3661,63,CLHDube
3661,64,JSopinka
3661,65,CDGonthier
3661,66,PCCory
3662,59,ALamer
3662,63,CLHDube
3662,64,JSopinka
3662,65,CDGonthier
3662,66,PCCory
3663,62,GLForest
3663,63,CLHDube
3663,65,CDGonthier
3663,66,PCCory
3663,67,BMcLachlin
3663,68,WStevenson
3663,69,FIacobucci
3664,59,ALamer
3664,62,GLForest
3664,64,JSopinka
3664,65,CDGonthier
3664,66,PCCory
3664,68,WStevenson
3664,69,FIacobucci
3665,59,ALamer
3665,64,JSopinka
3665,66,PCCory
3665,67,BMcLachlin
3665,69,FIacobucci
3666,62,GLForest
3666,63,CLHDube
3666,64,JSopinka
3666,65,CDGonthier
3666,66,PCCory
3666,68,WStevenson
3666,69,FIacobucci
3667,59,ALamer
3667,62,GLForest
3667,63,CLHDube
3667,64,JSopinka
3667,66,PCCory
3667,67,BMcLachlin
3667,68,WStevenson
3668,59,ALamer
3668,62,GLForest
3668,63,CLHDube
3668,64,JSopinka
3668,65,CDGonthier
3668,66,PCCory
3668,67,BMcLachlin
3668,68,WStevenson
3668,69,FIacobucci
3669,62,GLForest
3669,63,CLHDube
3669,64,JSopinka
3669,65,CDGonthier
3669,66,PCCory
3669,67,BMcLachlin
3669,68,WStevenson
3670,59,ALamer
3670,62,GLForest
3670,63,CLHDube
3670,64,JSopinka
3670,65,CDGonthier
3670,68,WStevenson
3670,69,FIacobucci
3671,62,GLForest
3671,63,CLHDube
3671,64,JSopinka
3671,65,CDGonthier
3671,66,PCCory
3671,67,BMcLachlin
3671,69,FIacobucci
3672,62,GLForest
3672,63,CLHDube
3672,64,JSopinka
3672,65,CDGonthier
3672,66,PCCory
3672,67,BMcLachlin
3672,69,FIacobucci
3673,59,ALamer
3673,62,GLForest
3673,63,CLHDube
3673,65,CDGonthier
3673,66,PCCory
3674,59,ALamer
3674,62,GLForest
3674,64,JSopinka
3674,65,CDGonthier
3674,67,BMcLachlin
3674,68,WStevenson
3674,69,FIacobucci
3675,59,ALamer
3675,62,GLForest
3675,64,JSopinka
3675,65,CDGonthier
3675,67,BMcLachlin
3675,68,WStevenson
3675,69,FIacobucci
3676,64,JSopinka
3676,65,CDGonthier
3676,66,PCCory
3676,67,BMcLachlin
3676,69,FIacobucci
3677,59,ALamer
3677,62,GLForest
3677,63,CLHDube
3677,64,JSopinka
3677,65,CDGonthier
3677,66,PCCory
3677,67,BMcLachlin
3677,68,WStevenson
3677,69,FIacobucci
3678,59,ALamer
3678,62,GLForest
3678,63,CLHDube
3678,64,JSopinka
3678,65,CDGonthier
3678,66,PCCory
3678,67,BMcLachlin
3678,68,WStevenson
3678,69,FIacobucci
3679,59,ALamer
3679,63,CLHDube
3679,64,JSopinka
3679,65,CDGonthier
3679,68,WStevenson
3680,59,ALamer
3680,62,GLForest
3680,63,CLHDube
3680,64,JSopinka
3680,65,CDGonthier
3680,66,PCCory
3680,67,BMcLachlin
3680,68,WStevenson
3680,69,FIacobucci
3681,59,ALamer
3681,62,GLForest
3681,63,CLHDube
3681,64,JSopinka
3681,65,CDGonthier
3681,66,PCCory
3681,67,BMcLachlin
3681,68,WStevenson
3681,69,FIacobucci
3682,59,ALamer
3682,62,GLForest
3682,65,CDGonthier
3682,66,PCCory
3682,67,BMcLachlin
3682,68,WStevenson
3682,69,FIacobucci
3683,59,ALamer
3683,64,JSopinka
3683,66,PCCory
3683,67,BMcLachlin
3683,69,FIacobucci
3684,59,ALamer
3684,62,GLForest
3684,64,JSopinka
3684,65,CDGonthier
3684,66,PCCory
3684,67,BMcLachlin
3684,69,FIacobucci
3685,59,ALamer
3685,62,GLForest
3685,63,CLHDube
3685,65,CDGonthier
3685,68,WStevenson
3686,62,GLForest
3686,63,CLHDube
3686,64,JSopinka
3686,65,CDGonthier
3686,66,PCCory
3686,67,BMcLachlin
3686,68,WStevenson
3687,62,GLForest
3687,65,CDGonthier
3687,67,BMcLachlin
3687,68,WStevenson
3687,69,FIacobucci
3688,62,GLForest
3688,64,JSopinka
3688,65,CDGonthier
3688,66,PCCory
3688,67,BMcLachlin
3688,68,WStevenson
3688,69,FIacobucci
3689,62,GLForest
3689,63,CLHDube
3689,64,JSopinka
3689,65,CDGonthier
3689,67,BMcLachlin
3689,68,WStevenson
3689,69,FIacobucci
3690,62,GLForest
3690,63,CLHDube
3690,64,JSopinka
3690,66,PCCory
3690,67,BMcLachlin
3690,68,WStevenson
3690,69,FIacobucci
3691,62,GLForest
3691,63,CLHDube
3691,65,CDGonthier
3691,66,PCCory
3691,68,WStevenson
3692,62,GLForest
3692,63,CLHDube
3692,64,JSopinka
3692,65,CDGonthier
3692,66,PCCory
3692,67,BMcLachlin
3692,69,FIacobucci
3693,62,GLForest
3693,64,JSopinka
3693,66,PCCory
3693,67,BMcLachlin
3693,69,FIacobucci
3694,59,ALamer
3694,62,GLForest
3694,63,CLHDube
3694,65,CDGonthier
3694,66,PCCory
3694,67,BMcLachlin
3694,69,FIacobucci
3695,59,ALamer
3695,62,GLForest
3695,64,JSopinka
3695,65,CDGonthier
3695,66,PCCory
3695,67,BMcLachlin
3695,69,FIacobucci
3696,62,GLForest
3696,63,CLHDube
3696,64,JSopinka
3696,65,CDGonthier
3696,66,PCCory
3696,67,BMcLachlin
3696,69,FIacobucci
3697,62,GLForest
3697,63,CLHDube
3697,64,JSopinka
3697,65,CDGonthier
3697,66,PCCory
3698,59,ALamer
3698,64,JSopinka
3698,66,PCCory
3698,67,BMcLachlin
3698,69,FIacobucci
3699,63,CLHDube
3699,64,JSopinka
3699,65,CDGonthier
3699,67,BMcLachlin
3699,69,FIacobucci
3700,59,ALamer
3700,63,CLHDube
3700,64,JSopinka
3700,65,CDGonthier
3700,67,BMcLachlin
3700,69,FIacobucci
3701,63,CLHDube
3701,64,JSopinka
3701,65,CDGonthier
3701,67,BMcLachlin
3701,69,FIacobucci
3702,63,CLHDube
3702,64,JSopinka
3702,65,CDGonthier
3702,67,BMcLachlin
3702,69,FIacobucci
3703,63,CLHDube
3703,64,JSopinka
3703,66,PCCory
3703,67,BMcLachlin
3703,69,FIacobucci
3704,63,CLHDube
3704,64,JSopinka
3704,65,CDGonthier
3704,66,PCCory
3704,67,BMcLachlin
3704,68,WStevenson
3704,69,FIacobucci
3705,62,GLForest
3705,63,CLHDube
3705,65,CDGonthier
3705,68,WStevenson
3705,69,FIacobucci
3706,62,GLForest
3706,63,CLHDube
3706,65,CDGonthier
3706,66,PCCory
3706,67,BMcLachlin
3706,68,WStevenson
3706,69,FIacobucci
3707,62,GLForest
3707,63,CLHDube
3707,65,CDGonthier
3707,66,PCCory
3707,67,BMcLachlin
3707,68,WStevenson
3707,69,FIacobucci
3708,59,ALamer
3708,64,JSopinka
3708,66,PCCory
3708,67,BMcLachlin
3708,69,FIacobucci
3709,62,GLForest
3709,63,CLHDube
3709,64,JSopinka
3709,65,CDGonthier
3709,66,PCCory
3709,67,BMcLachlin
3709,68,WStevenson
3710,59,ALamer
3710,62,GLForest
3710,63,CLHDube
3710,64,JSopinka
3710,65,CDGonthier
3710,67,BMcLachlin
3710,69,FIacobucci
3711,62,GLForest
3711,63,CLHDube
3711,64,JSopinka
3711,65,CDGonthier
3711,66,PCCory
3711,67,BMcLachlin
3711,68,WStevenson
3712,59,ALamer
3712,62,GLForest
3712,63,CLHDube
3712,65,CDGonthier
3712,68,WStevenson
3713,59,ALamer
3713,62,GLForest
3713,63,CLHDube
3713,65,CDGonthier
3713,68,WStevenson
3714,59,ALamer
3714,62,GLForest
3714,63,CLHDube
3714,64,JSopinka
3714,65,CDGonthier
3714,66,PCCory
3714,67,BMcLachlin
3714,68,WStevenson
3714,69,FIacobucci
3715,59,ALamer
3715,62,GLForest
3715,63,CLHDube
3715,64,JSopinka
3715,65,CDGonthier
3715,67,BMcLachlin
3715,68,WStevenson
3716,59,ALamer
3716,62,GLForest
3716,63,CLHDube
3716,64,JSopinka
3716,65,CDGonthier
3716,66,PCCory
3716,69,FIacobucci
3717,59,ALamer
3717,62,GLForest
3717,63,CLHDube
3717,64,JSopinka
3717,65,CDGonthier
3717,66,PCCory
3717,67,BMcLachlin
3718,62,GLForest
3718,63,CLHDube
3718,64,JSopinka
3718,65,CDGonthier
3718,66,PCCory
3718,67,BMcLachlin
3718,69,FIacobucci
3719,59,ALamer
3719,62,GLForest
3719,63,CLHDube
3719,64,JSopinka
3719,65,CDGonthier
3719,66,PCCory
3719,67,BMcLachlin
3719,68,WStevenson
3719,69,FIacobucci
3720,62,GLForest
3720,63,CLHDube
3720,65,CDGonthier
3720,66,PCCory
3720,68,WStevenson
3721,64,JSopinka
3721,65,CDGonthier
3721,66,PCCory
3721,67,BMcLachlin
3721,69,FIacobucci
3722,59,ALamer
3722,62,GLForest
3722,64,JSopinka
3722,65,CDGonthier
3722,66,PCCory
3722,67,BMcLachlin
3722,69,FIacobucci
3723,62,GLForest
3723,63,CLHDube
3723,64,JSopinka
3723,65,CDGonthier
3723,66,PCCory
3723,67,BMcLachlin
3723,69,FIacobucci
3724,59,ALamer
3724,62,GLForest
3724,63,CLHDube
3724,64,JSopinka
3724,65,CDGonthier
3724,66,PCCory
3724,69,FIacobucci
3725,59,ALamer
3725,62,GLForest
3725,63,CLHDube
3725,65,CDGonthier
3725,68,WStevenson
3726,62,GLForest
3726,64,JSopinka
3726,66,PCCory
3726,68,WStevenson
3726,69,FIacobucci
3727,64,JSopinka
3727,65,CDGonthier
3727,66,PCCory
3727,67,BMcLachlin
3727,69,FIacobucci
3728,62,GLForest
3728,63,CLHDube
3728,64,JSopinka
3728,65,CDGonthier
3728,66,PCCory
3728,67,BMcLachlin
3729,62,GLForest
3729,63,CLHDube
3729,64,JSopinka
3729,65,CDGonthier
3729,66,PCCory
3729,67,BMcLachlin
3729,68,WStevenson
3730,59,ALamer
3730,63,CLHDube
3730,64,JSopinka
3730,65,CDGonthier
3730,66,PCCory
3730,67,BMcLachlin
3730,69,FIacobucci
3731,62,GLForest
3731,63,CLHDube
3731,64,JSopinka
3731,65,CDGonthier
3731,67,BMcLachlin
3732,59,ALamer
3732,62,GLForest
3732,63,CLHDube
3732,64,JSopinka
3732,65,CDGonthier
3732,66,PCCory
3732,67,BMcLachlin
3732,69,FIacobucci
3733,62,GLForest
3733,63,CLHDube
3733,64,JSopinka
3733,65,CDGonthier
3733,66,PCCory
3733,68,WStevenson
3733,69,FIacobucci
3734,62,GLForest
3734,63,CLHDube
3734,64,JSopinka
3734,66,PCCory
3734,67,BMcLachlin
3734,68,WStevenson
3734,69,FIacobucci
3735,62,GLForest
3735,63,CLHDube
3735,64,JSopinka
3735,65,CDGonthier
3735,66,PCCory
3735,67,BMcLachlin
3735,69,FIacobucci
3736,62,GLForest
3736,63,CLHDube
3736,65,CDGonthier
3736,68,WStevenson
3736,69,FIacobucci
3737,59,ALamer
3737,62,GLForest
3737,63,CLHDube
3737,64,JSopinka
3737,65,CDGonthier
3737,66,PCCory
3737,69,FIacobucci
3738,59,ALamer
3738,62,GLForest
3738,63,CLHDube
3738,64,JSopinka
3738,65,CDGonthier
3738,66,PCCory
3738,69,FIacobucci
3739,62,GLForest
3739,63,CLHDube
3739,64,JSopinka
3739,65,CDGonthier
3739,66,PCCory
3739,67,BMcLachlin
3739,69,FIacobucci
3740,62,GLForest
3740,64,JSopinka
3740,66,PCCory
3740,67,BMcLachlin
3740,69,FIacobucci
3741,62,GLForest
3741,64,JSopinka
3741,66,PCCory
3741,67,BMcLachlin
3741,69,FIacobucci
3742,59,ALamer
3742,62,GLForest
3742,63,CLHDube
3742,65,CDGonthier
3742,66,PCCory
3742,67,BMcLachlin
3742,69,FIacobucci
3743,59,ALamer
3743,62,GLForest
3743,63,CLHDube
3743,64,JSopinka
3743,69,FIacobucci
3744,59,ALamer
3744,63,CLHDube
3744,64,JSopinka
3744,66,PCCory
3744,67,BMcLachlin
3745,63,CLHDube
3745,65,CDGonthier
3745,66,PCCory
3745,67,BMcLachlin
3745,69,FIacobucci
3746,63,CLHDube
3746,65,CDGonthier
3746,66,PCCory
3746,67,BMcLachlin
3746,69,FIacobucci
3747,59,ALamer
3747,62,GLForest
3747,63,CLHDube
3747,64,JSopinka
3747,65,CDGonthier
3747,66,PCCory
3747,67,BMcLachlin
3748,59,ALamer
3748,62,GLForest
3748,63,CLHDube
3748,64,JSopinka
3748,65,CDGonthier
3748,67,BMcLachlin
3748,69,FIacobucci
3749,59,ALamer
3749,62,GLForest
3749,63,CLHDube
3749,64,JSopinka
3749,65,CDGonthier
3749,67,BMcLachlin
3749,69,FIacobucci
3750,64,JSopinka
3750,65,CDGonthier
3750,66,PCCory
3750,67,BMcLachlin
3750,69,FIacobucci
3751,62,GLForest
3751,63,CLHDube
3751,65,CDGonthier
3751,66,PCCory
3751,67,BMcLachlin
3751,68,WStevenson
3751,69,FIacobucci
3752,59,ALamer
3752,62,GLForest
3752,63,CLHDube
3752,64,JSopinka
3752,66,PCCory
3752,67,BMcLachlin
3752,69,FIacobucci
3753,59,ALamer
3753,62,GLForest
3753,64,JSopinka
3753,65,CDGonthier
3753,66,PCCory
3753,67,BMcLachlin
3753,69,FIacobucci
3754,59,ALamer
3754,62,GLForest
3754,63,CLHDube
3754,64,JSopinka
3754,65,CDGonthier
3754,67,BMcLachlin
3754,69,FIacobucci
3755,59,ALamer
3755,62,GLForest
3755,64,JSopinka
3755,65,CDGonthier
3755,66,PCCory
3755,67,BMcLachlin
3755,69,FIacobucci
3756,62,GLForest
3756,63,CLHDube
3756,64,JSopinka
3756,67,BMcLachlin
3756,69,FIacobucci
3757,62,GLForest
3757,63,CLHDube
3757,65,CDGonthier
3757,66,PCCory
3757,67,BMcLachlin
3757,68,WStevenson
3757,69,FIacobucci
3758,62,GLForest
3758,63,CLHDube
3758,64,JSopinka
3758,65,CDGonthier
3758,67,BMcLachlin
3758,68,WStevenson
3758,69,FIacobucci
3759,59,ALamer
3759,62,GLForest
3759,63,CLHDube
3759,64,JSopinka
3759,65,CDGonthier
3759,66,PCCory
3759,67,BMcLachlin
3759,68,WStevenson
3759,69,FIacobucci
3760,62,GLForest
3760,63,CLHDube
3760,64,JSopinka
3760,65,CDGonthier
3760,66,PCCory
3761,59,ALamer
3761,63,CLHDube
3761,64,JSopinka
3761,65,CDGonthier
3761,66,PCCory
3761,67,BMcLachlin
3761,69,FIacobucci
3762,59,ALamer
3762,62,GLForest
3762,65,CDGonthier
3762,67,BMcLachlin
3762,68,WStevenson
3763,62,GLForest
3763,64,JSopinka
3763,65,CDGonthier
3763,66,PCCory
3763,67,BMcLachlin
3764,62,GLForest
3764,64,JSopinka
3764,65,CDGonthier
3764,66,PCCory
3764,67,BMcLachlin
3765,62,GLForest
3765,63,CLHDube
3765,64,JSopinka
3765,65,CDGonthier
3765,67,BMcLachlin
3765,68,WStevenson
3765,69,FIacobucci
3766,62,GLForest
3766,63,CLHDube
3766,64,JSopinka
3766,66,PCCory
3766,67,BMcLachlin
3766,68,WStevenson
3766,69,FIacobucci
3767,62,GLForest
3767,63,CLHDube
3767,64,JSopinka
3767,65,CDGonthier
3767,66,PCCory
3767,68,WStevenson
3767,69,FIacobucci
3768,59,ALamer
3768,63,CLHDube
3768,64,JSopinka
3768,65,CDGonthier
3768,66,PCCory
3768,67,BMcLachlin
3768,69,FIacobucci
3769,62,GLForest
3769,64,JSopinka
3769,67,BMcLachlin
3769,69,FIacobucci
3769,70,JCMajor
3770,59,ALamer
3770,62,GLForest
3770,64,JSopinka
3770,66,PCCory
3770,67,BMcLachlin
3770,69,FIacobucci
3770,70,JCMajor
3771,65,CDGonthier
3771,66,PCCory
3771,67,BMcLachlin
3771,69,FIacobucci
3771,70,JCMajor
3772,65,CDGonthier
3772,66,PCCory
3772,67,BMcLachlin
3772,69,FIacobucci
3772,70,JCMajor
3773,59,ALamer
3773,62,GLForest
3773,63,CLHDube
3773,65,CDGonthier
3773,66,PCCory
3773,67,BMcLachlin
3773,69,FIacobucci
3774,59,ALamer
3774,62,GLForest
3774,63,CLHDube
3774,64,JSopinka
3774,66,PCCory
3774,67,BMcLachlin
3774,69,FIacobucci
3775,59,ALamer
3775,63,CLHDube
3775,64,JSopinka
3775,65,CDGonthier
3775,69,FIacobucci
3776,62,GLForest
3776,63,CLHDube
3776,64,JSopinka
3776,65,CDGonthier
3776,66,PCCory
3776,67,BMcLachlin
3776,69,FIacobucci
3777,59,ALamer
3777,62,GLForest
3777,63,CLHDube
3777,65,CDGonthier
3777,69,FIacobucci
3778,62,GLForest
3778,63,CLHDube
3778,64,JSopinka
3778,65,CDGonthier
3778,66,PCCory
3778,68,WStevenson
3778,69,FIacobucci
3779,62,GLForest
3779,63,CLHDube
3779,64,JSopinka
3779,65,CDGonthier
3779,66,PCCory
3779,67,BMcLachlin
3779,69,FIacobucci
3780,59,ALamer
3780,63,CLHDube
3780,64,JSopinka
3780,65,CDGonthier
3780,66,PCCory
3780,67,BMcLachlin
3780,69,FIacobucci
3781,59,ALamer
3781,62,GLForest
3781,63,CLHDube
3781,65,CDGonthier
3781,66,PCCory
3781,67,BMcLachlin
3781,69,FIacobucci
3782,59,ALamer
3782,62,GLForest
3782,63,CLHDube
3782,65,CDGonthier
3782,66,PCCory
3782,67,BMcLachlin
3782,69,FIacobucci
3783,62,GLForest
3783,63,CLHDube
3783,64,JSopinka
3783,65,CDGonthier
3783,67,BMcLachlin
3783,69,FIacobucci
3783,70,JCMajor
3784,59,ALamer
3784,62,GLForest
3784,63,CLHDube
3784,65,CDGonthier
3784,66,PCCory
3784,67,BMcLachlin
3784,69,FIacobucci
3785,59,ALamer
3785,62,GLForest
3785,63,CLHDube
3785,64,JSopinka
3785,65,CDGonthier
3785,66,PCCory
3785,67,BMcLachlin
3785,68,WStevenson
3785,69,FIacobucci
3786,64,JSopinka
3786,66,PCCory
3786,67,BMcLachlin
3786,69,FIacobucci
3786,70,JCMajor
3787,59,ALamer
3787,63,CLHDube
3787,64,JSopinka
3787,65,CDGonthier
3787,67,BMcLachlin
3787,69,FIacobucci
3787,70,JCMajor
3788,62,GLForest
3788,65,CDGonthier
3788,66,PCCory
3788,69,FIacobucci
3788,70,JCMajor
3789,59,ALamer
3789,62,GLForest
3789,63,CLHDube
3789,64,JSopinka
3789,65,CDGonthier
3789,66,PCCory
3789,67,BMcLachlin
3789,69,FIacobucci
3789,70,JCMajor
3790,59,ALamer
3790,63,CLHDube
3790,64,JSopinka
3790,65,CDGonthier
3790,69,FIacobucci
3791,62,GLForest
3791,64,JSopinka
3791,65,CDGonthier
3791,66,PCCory
3791,67,BMcLachlin
3792,59,ALamer
3792,62,GLForest
3792,64,JSopinka
3792,65,CDGonthier
3792,66,PCCory
3792,67,BMcLachlin
3792,69,FIacobucci
3793,62,GLForest
3793,63,CLHDube
3793,64,JSopinka
3793,65,CDGonthier
3793,66,PCCory
3793,67,BMcLachlin
3793,69,FIacobucci
3794,59,ALamer
3794,63,CLHDube
3794,64,JSopinka
3794,65,CDGonthier
3794,66,PCCory
3794,67,BMcLachlin
3794,69,FIacobucci
3795,62,GLForest
3795,63,CLHDube
3795,64,JSopinka
3795,65,CDGonthier
3795,66,PCCory
3795,67,BMcLachlin
3795,69,FIacobucci
3796,59,ALamer
3796,65,CDGonthier
3796,67,BMcLachlin
3796,69,FIacobucci
3796,70,JCMajor
3797,59,ALamer
3797,64,JSopinka
3797,66,PCCory
3797,67,BMcLachlin
3797,69,FIacobucci
3798,59,ALamer
3798,63,CLHDube
3798,64,JSopinka
3798,66,PCCory
3798,67,BMcLachlin
3799,59,ALamer
3799,63,CLHDube
3799,64,JSopinka
3799,66,PCCory
3799,67,BMcLachlin
3800,59,ALamer
3800,62,GLForest
3800,63,CLHDube
3800,64,JSopinka
3800,65,CDGonthier
3800,66,PCCory
3800,67,BMcLachlin
3801,62,GLForest
3801,64,JSopinka
3801,66,PCCory
3801,67,BMcLachlin
3801,69,FIacobucci
3802,62,GLForest
3802,63,CLHDube
3802,64,JSopinka
3802,66,PCCory
3802,67,BMcLachlin
3802,68,WStevenson
3802,69,FIacobucci
3803,59,ALamer
3803,62,GLForest
3803,63,CLHDube
3803,64,JSopinka
3803,65,CDGonthier
3803,67,BMcLachlin
3803,69,FIacobucci
3804,59,ALamer
3804,63,CLHDube
3804,64,JSopinka
3804,65,CDGonthier
3804,66,PCCory
3804,67,BMcLachlin
3804,70,JCMajor
3805,62,GLForest
3805,63,CLHDube
3805,64,JSopinka
3805,65,CDGonthier
3805,66,PCCory
3805,67,BMcLachlin
3805,69,FIacobucci
3806,63,CLHDube
3806,65,CDGonthier
3806,67,BMcLachlin
3806,69,FIacobucci
3806,70,JCMajor
3807,63,CLHDube
3807,64,JSopinka
3807,66,PCCory
3807,67,BMcLachlin
3807,69,FIacobucci
3808,59,ALamer
3808,62,GLForest
3808,64,JSopinka
3808,65,CDGonthier
3808,66,PCCory
3808,67,BMcLachlin
3808,69,FIacobucci
3809,59,ALamer
3809,62,GLForest
3809,65,CDGonthier
3809,66,PCCory
3809,70,JCMajor
3810,59,ALamer
3810,62,GLForest
3810,63,CLHDube
3810,64,JSopinka
3810,65,CDGonthier
3810,66,PCCory
3810,67,BMcLachlin
3810,69,FIacobucci
3810,70,JCMajor
3811,63,CLHDube
3811,64,JSopinka
3811,65,CDGonthier
3811,66,PCCory
3811,67,BMcLachlin
3812,59,ALamer
3812,62,GLForest
3812,63,CLHDube
3812,65,CDGonthier
3812,66,PCCory
3812,69,FIacobucci
3812,70,JCMajor
3813,59,ALamer
3813,62,GLForest
3813,63,CLHDube
3813,64,JSopinka
3813,65,CDGonthier
3813,66,PCCory
3813,67,BMcLachlin
3813,69,FIacobucci
3813,70,JCMajor
3814,62,GLForest
3814,63,CLHDube
3814,64,JSopinka
3814,66,PCCory
3814,67,BMcLachlin
3814,69,FIacobucci
3814,70,JCMajor
3815,59,ALamer
3815,62,GLForest
3815,63,CLHDube
3815,64,JSopinka
3815,65,CDGonthier
3815,66,PCCory
3815,67,BMcLachlin
3815,69,FIacobucci
3815,70,JCMajor
3816,59,ALamer
3816,62,GLForest
3816,63,CLHDube
3816,64,JSopinka
3816,65,CDGonthier
3816,66,PCCory
3816,67,BMcLachlin
3816,69,FIacobucci
3816,70,JCMajor
3817,59,ALamer
3817,64,JSopinka
3817,67,BMcLachlin
3817,69,FIacobucci
3817,70,JCMajor
3818,59,ALamer
3818,62,GLForest
3818,63,CLHDube
3818,64,JSopinka
3818,67,BMcLachlin
3818,69,FIacobucci
3818,70,JCMajor
3819,62,GLForest
3819,63,CLHDube
3819,64,JSopinka
3819,65,CDGonthier
3819,66,PCCory
3820,63,CLHDube
3820,64,JSopinka
3820,66,PCCory
3820,67,BMcLachlin
3820,69,FIacobucci
3821,63,CLHDube
3821,64,JSopinka
3821,66,PCCory
3821,69,FIacobucci
3821,70,JCMajor
3822,59,ALamer
3822,63,CLHDube
3822,64,JSopinka
3822,65,CDGonthier
3822,66,PCCory
3822,67,BMcLachlin
3822,70,JCMajor
3823,59,ALamer
3823,62,GLForest
3823,63,CLHDube
3823,64,JSopinka
3823,65,CDGonthier
3823,66,PCCory
3823,67,BMcLachlin
3824,59,ALamer
3824,62,GLForest
3824,63,CLHDube
3824,64,JSopinka
3824,65,CDGonthier
3824,66,PCCory
3824,67,BMcLachlin
3825,59,ALamer
3825,62,GLForest
3825,63,CLHDube
3825,64,JSopinka
3825,66,PCCory
3825,67,BMcLachlin
3825,69,FIacobucci
3826,62,GLForest
3826,63,CLHDube
3826,65,CDGonthier
3826,68,WStevenson
3826,69,FIacobucci
3827,59,ALamer
3827,62,GLForest
3827,63,CLHDube
3827,65,CDGonthier
3827,66,PCCory
3827,67,BMcLachlin
3827,69,FIacobucci
3828,59,ALamer
3828,62,GLForest
3828,63,CLHDube
3828,64,JSopinka
3828,66,PCCory
3828,67,BMcLachlin
3828,69,FIacobucci
3829,62,GLForest
3829,63,CLHDube
3829,65,CDGonthier
3829,67,BMcLachlin
3829,69,FIacobucci
3830,62,GLForest
3830,63,CLHDube
3830,64,JSopinka
3830,65,CDGonthier
3830,69,FIacobucci
3831,62,GLForest
3831,63,CLHDube
3831,64,JSopinka
3831,65,CDGonthier
3831,67,BMcLachlin
3831,69,FIacobucci
3831,70,JCMajor
3832,59,ALamer
3832,62,GLForest
3832,64,JSopinka
3832,66,PCCory
3832,67,BMcLachlin
3832,69,FIacobucci
3832,70,JCMajor
3833,59,ALamer
3833,62,GLForest
3833,64,JSopinka
3833,66,PCCory
3833,67,BMcLachlin
3833,69,FIacobucci
3833,70,JCMajor
3834,59,ALamer
3834,62,GLForest
3834,63,CLHDube
3834,64,JSopinka
3834,65,CDGonthier
3834,66,PCCory
3834,67,BMcLachlin
3834,69,FIacobucci
3834,70,JCMajor
3835,62,GLForest
3835,63,CLHDube
3835,65,CDGonthier
3835,66,PCCory
3835,67,BMcLachlin
3836,59,ALamer
3836,64,JSopinka
3836,65,CDGonthier
3836,66,PCCory
3836,70,JCMajor
3837,59,ALamer
3837,62,GLForest
3837,63,CLHDube
3837,64,JSopinka
3837,65,CDGonthier
3837,66,PCCory
3837,67,BMcLachlin
3837,69,FIacobucci
3837,70,JCMajor
3838,62,GLForest
3838,63,CLHDube
3838,64,JSopinka
3838,66,PCCory
3838,67,BMcLachlin
3838,69,FIacobucci
3838,70,JCMajor
3839,59,ALamer
3839,62,GLForest
3839,63,CLHDube
3839,64,JSopinka
3839,65,CDGonthier
3839,66,PCCory
3839,67,BMcLachlin
3839,69,FIacobucci
3839,70,JCMajor
3840,59,ALamer
3840,62,GLForest
3840,63,CLHDube
3840,64,JSopinka
3840,66,PCCory
3840,69,FIacobucci
3840,70,JCMajor
3841,59,ALamer
3841,62,GLForest
3841,63,CLHDube
3841,64,JSopinka
3841,65,CDGonthier
3841,66,PCCory
3841,67,BMcLachlin
3841,69,FIacobucci
3841,70,JCMajor
3842,59,ALamer
3842,63,CLHDube
3842,64,JSopinka
3842,66,PCCory
3842,67,BMcLachlin
3843,62,GLForest
3843,64,JSopinka
3843,65,CDGonthier
3843,66,PCCory
3843,67,BMcLachlin
3843,69,FIacobucci
3843,70,JCMajor
3844,59,ALamer
3844,62,GLForest
3844,63,CLHDube
3844,64,JSopinka
3844,65,CDGonthier
3844,66,PCCory
3844,67,BMcLachlin
3844,69,FIacobucci
3844,70,JCMajor
3845,59,ALamer
3845,62,GLForest
3845,63,CLHDube
3845,64,JSopinka
3845,65,CDGonthier
3845,66,PCCory
3845,67,BMcLachlin
3845,68,WStevenson
3845,69,FIacobucci
3846,59,ALamer
3846,62,GLForest
3846,63,CLHDube
3846,64,JSopinka
3846,65,CDGonthier
3846,66,PCCory
3846,67,BMcLachlin
3846,69,FIacobucci
3846,70,JCMajor
3847,59,ALamer
3847,62,GLForest
3847,63,CLHDube
3847,64,JSopinka
3847,65,CDGonthier
3847,66,PCCory
3847,69,FIacobucci
3848,59,ALamer
3848,62,GLForest
3848,63,CLHDube
3848,64,JSopinka
3848,65,CDGonthier
3848,66,PCCory
3848,67,BMcLachlin
3848,69,FIacobucci
3848,70,JCMajor
3849,62,GLForest
3849,64,JSopinka
3849,65,CDGonthier
3849,66,PCCory
3849,67,BMcLachlin
3849,69,FIacobucci
3849,70,JCMajor
3850,59,ALamer
3850,62,GLForest
3850,64,JSopinka
3850,65,CDGonthier
3850,66,PCCory
3850,67,BMcLachlin
3850,69,FIacobucci
3851,59,ALamer
3851,62,GLForest
3851,64,JSopinka
3851,65,CDGonthier
3851,66,PCCory
3851,67,BMcLachlin
3851,69,FIacobucci
3852,59,ALamer
3852,62,GLForest
3852,63,CLHDube
3852,64,JSopinka
3852,65,CDGonthier
3852,66,PCCory
3852,67,BMcLachlin
3852,69,FIacobucci
3852,70,JCMajor
3853,59,ALamer
3853,62,GLForest
3853,63,CLHDube
3853,64,JSopinka
3853,65,CDGonthier
3853,66,PCCory
3853,67,BMcLachlin
3853,69,FIacobucci
3853,70,JCMajor
3854,59,ALamer
3854,62,GLForest
3854,63,CLHDube
3854,64,JSopinka
3854,65,CDGonthier
3854,66,PCCory
3854,67,BMcLachlin
3854,69,FIacobucci
3854,70,JCMajor
3855,59,ALamer
3855,62,GLForest
3855,63,CLHDube
3855,64,JSopinka
3855,65,CDGonthier
3855,66,PCCory
3855,67,BMcLachlin
3855,69,FIacobucci
3855,70,JCMajor
3856,59,ALamer
3856,62,GLForest
3856,64,JSopinka
3856,65,CDGonthier
3856,66,PCCory
3856,67,BMcLachlin
3856,69,FIacobucci
3857,64,JSopinka
3857,65,CDGonthier
3857,66,PCCory
3857,67,BMcLachlin
3857,69,FIacobucci
3858,59,ALamer
3858,63,CLHDube
3858,64,JSopinka
3858,67,BMcLachlin
3858,69,FIacobucci
3859,59,ALamer
3859,63,CLHDube
3859,64,JSopinka
3859,67,BMcLachlin
3859,69,FIacobucci
3860,64,JSopinka
3860,66,PCCory
3860,67,BMcLachlin
3860,69,FIacobucci
3860,70,JCMajor
3861,59,ALamer
3861,64,JSopinka
3861,67,BMcLachlin
3861,69,FIacobucci
3861,70,JCMajor
3862,59,ALamer
3862,62,GLForest
3862,63,CLHDube
3862,64,JSopinka
3862,65,CDGonthier
3862,66,PCCory
3862,67,BMcLachlin
3863,62,GLForest
3863,63,CLHDube
3863,66,PCCory
3863,67,BMcLachlin
3863,69,FIacobucci
3864,62,GLForest
3864,63,CLHDube
3864,66,PCCory
3864,67,BMcLachlin
3864,69,FIacobucci
3865,59,ALamer
3865,62,GLForest
3865,63,CLHDube
3865,64,JSopinka
3865,65,CDGonthier
3865,66,PCCory
3865,67,BMcLachlin
3865,69,FIacobucci
3865,70,JCMajor
3866,62,GLForest
3866,63,CLHDube
3866,64,JSopinka
3866,65,CDGonthier
3866,66,PCCory
3866,67,BMcLachlin
3866,69,FIacobucci
3867,63,CLHDube
3867,64,JSopinka
3867,65,CDGonthier
3867,66,PCCory
3867,67,BMcLachlin
3867,69,FIacobucci
3867,70,JCMajor
3868,59,ALamer
3868,62,GLForest
3868,63,CLHDube
3868,64,JSopinka
3868,65,CDGonthier
3868,66,PCCory
3868,67,BMcLachlin
3868,69,FIacobucci
3868,70,JCMajor
3869,59,ALamer
3869,62,GLForest
3869,63,CLHDube
3869,65,CDGonthier
3869,69,FIacobucci
3870,59,ALamer
3870,62,GLForest
3870,63,CLHDube
3870,64,JSopinka
3870,65,CDGonthier
3870,66,PCCory
3870,67,BMcLachlin
3870,69,FIacobucci
3870,70,JCMajor
3871,62,GLForest
3871,64,JSopinka
3871,65,CDGonthier
3871,66,PCCory
3871,67,BMcLachlin
3871,69,FIacobucci
3871,70,JCMajor
3872,62,GLForest
3872,63,CLHDube
3872,64,JSopinka
3872,65,CDGonthier
3872,66,PCCory
3872,67,BMcLachlin
3872,69,FIacobucci
3873,59,ALamer
3873,62,GLForest
3873,63,CLHDube
3873,64,JSopinka
3873,65,CDGonthier
3873,66,PCCory
3873,67,BMcLachlin
3873,69,FIacobucci
3873,70,JCMajor
3874,62,GLForest
3874,64,JSopinka
3874,65,CDGonthier
3874,66,PCCory
3874,67,BMcLachlin
3874,69,FIacobucci
3874,70,JCMajor
3875,59,ALamer
3875,62,GLForest
3875,63,CLHDube
3875,64,JSopinka
3875,65,CDGonthier
3875,66,PCCory
3875,67,BMcLachlin
3875,69,FIacobucci
3875,70,JCMajor
3876,63,CLHDube
3876,64,JSopinka
3876,65,CDGonthier
3876,69,FIacobucci
3876,70,JCMajor
3877,63,CLHDube
3877,64,JSopinka
3877,65,CDGonthier
3877,66,PCCory
3877,69,FIacobucci
3878,59,ALamer
3878,63,CLHDube
3878,64,JSopinka
3878,65,CDGonthier
3878,67,BMcLachlin
3878,69,FIacobucci
3878,70,JCMajor
3879,59,ALamer
3879,62,GLForest
3879,63,CLHDube
3879,64,JSopinka
3879,65,CDGonthier
3879,66,PCCory
3879,67,BMcLachlin
3880,62,GLForest
3880,63,CLHDube
3880,64,JSopinka
3880,65,CDGonthier
3880,66,PCCory
3880,67,BMcLachlin
3880,69,FIacobucci
3881,59,ALamer
3881,62,GLForest
3881,63,CLHDube
3881,64,JSopinka
3881,65,CDGonthier
3881,66,PCCory
3881,67,BMcLachlin
3881,69,FIacobucci
3881,70,JCMajor
3882,59,ALamer
3882,62,GLForest
3882,63,CLHDube
3882,64,JSopinka
3882,65,CDGonthier
3882,66,PCCory
3882,67,BMcLachlin
3882,69,FIacobucci
3882,70,JCMajor
3883,59,ALamer
3883,62,GLForest
3883,63,CLHDube
3883,64,JSopinka
3883,65,CDGonthier
3883,66,PCCory
3883,67,BMcLachlin
3883,69,FIacobucci
3883,70,JCMajor
3884,59,ALamer
3884,63,CLHDube
3884,66,PCCory
3884,67,BMcLachlin
3884,70,JCMajor
3885,59,ALamer
3885,62,GLForest
3885,63,CLHDube
3885,64,JSopinka
3885,65,CDGonthier
3885,66,PCCory
3885,67,BMcLachlin
3885,69,FIacobucci
3885,70,JCMajor
3886,59,ALamer
3886,62,GLForest
3886,63,CLHDube
3886,64,JSopinka
3886,65,CDGonthier
3886,66,PCCory
3886,67,BMcLachlin
3887,59,ALamer
3887,62,GLForest
3887,63,CLHDube
3887,64,JSopinka
3887,66,PCCory
3887,67,BMcLachlin
3887,69,FIacobucci
3888,59,ALamer
3888,62,GLForest
3888,63,CLHDube
3888,64,JSopinka
3888,65,CDGonthier
3888,66,PCCory
3888,67,BMcLachlin
3888,69,FIacobucci
3888,70,JCMajor
3889,59,ALamer
3889,62,GLForest
3889,63,CLHDube
3889,64,JSopinka
3889,65,CDGonthier
3889,66,PCCory
3889,67,BMcLachlin
3889,69,FIacobucci
3889,70,JCMajor
3890,59,ALamer
3890,62,GLForest
3890,63,CLHDube
3890,64,JSopinka
3890,65,CDGonthier
3890,69,FIacobucci
3890,70,JCMajor
3891,62,GLForest
3891,63,CLHDube
3891,64,JSopinka
3891,65,CDGonthier
3891,67,BMcLachlin
3891,69,FIacobucci
3891,70,JCMajor
3892,59,ALamer
3892,62,GLForest
3892,63,CLHDube
3892,64,JSopinka
3892,65,CDGonthier
3892,66,PCCory
3892,67,BMcLachlin
3892,69,FIacobucci
3892,70,JCMajor
3893,59,ALamer
3893,62,GLForest
3893,63,CLHDube
3893,64,JSopinka
3893,65,CDGonthier
3893,66,PCCory
3893,67,BMcLachlin
3893,69,FIacobucci
3893,70,JCMajor
3894,59,ALamer
3894,62,GLForest
3894,63,CLHDube
3894,64,JSopinka
3894,65,CDGonthier
3894,66,PCCory
3894,67,BMcLachlin
3894,69,FIacobucci
3894,70,JCMajor
3895,59,ALamer
3895,62,GLForest
3895,63,CLHDube
3895,64,JSopinka
3895,65,CDGonthier
3895,66,PCCory
3895,67,BMcLachlin
3895,69,FIacobucci
3895,70,JCMajor
3896,59,ALamer
3896,64,JSopinka
3896,65,CDGonthier
3896,66,PCCory
3896,67,BMcLachlin
3896,69,FIacobucci
3896,70,JCMajor
3897,59,ALamer
3897,62,GLForest
3897,63,CLHDube
3897,64,JSopinka
3897,65,CDGonthier
3897,66,PCCory
3897,67,BMcLachlin
3897,69,FIacobucci
3897,70,JCMajor
3898,62,GLForest
3898,64,JSopinka
3898,65,CDGonthier
3898,66,PCCory
3898,69,FIacobucci
3899,59,ALamer
3899,62,GLForest
3899,63,CLHDube
3899,64,JSopinka
3899,65,CDGonthier
3899,66,PCCory
3899,67,BMcLachlin
3899,69,FIacobucci
3899,70,JCMajor
3900,59,ALamer
3900,63,CLHDube
3900,64,JSopinka
3900,67,BMcLachlin
3900,70,JCMajor
3901,59,ALamer
3901,62,GLForest
3901,64,JSopinka
3901,69,FIacobucci
3901,70,JCMajor
3902,62,GLForest
3902,64,JSopinka
3902,65,CDGonthier
3902,66,PCCory
3902,67,BMcLachlin
3902,69,FIacobucci
3902,70,JCMajor
3903,59,ALamer
3903,62,GLForest
3903,63,CLHDube
3903,64,JSopinka
3903,65,CDGonthier
3903,66,PCCory
3903,67,BMcLachlin
3903,69,FIacobucci
3903,70,JCMajor
3904,62,GLForest
3904,63,CLHDube
3904,64,JSopinka
3904,65,CDGonthier
3904,66,PCCory
3904,67,BMcLachlin
3904,69,FIacobucci
3905,59,ALamer
3905,62,GLForest
3905,63,CLHDube
3905,64,JSopinka
3905,65,CDGonthier
3905,66,PCCory
3905,67,BMcLachlin
3905,69,FIacobucci
3905,70,JCMajor
3906,59,ALamer
3906,62,GLForest
3906,63,CLHDube
3906,64,JSopinka
3906,65,CDGonthier
3906,66,PCCory
3906,67,BMcLachlin
3906,69,FIacobucci
3906,70,JCMajor
3907,59,ALamer
3907,62,GLForest
3907,63,CLHDube
3907,64,JSopinka
3907,65,CDGonthier
3907,66,PCCory
3907,67,BMcLachlin
3907,69,FIacobucci
3907,70,JCMajor
3908,59,ALamer
3908,64,JSopinka
3908,67,BMcLachlin
3908,69,FIacobucci
3908,70,JCMajor
3909,59,ALamer
3909,62,GLForest
3909,63,CLHDube
3909,64,JSopinka
3909,65,CDGonthier
3909,66,PCCory
3909,67,BMcLachlin
3909,69,FIacobucci
3909,70,JCMajor
3910,62,GLForest
3910,63,CLHDube
3910,64,JSopinka
3910,66,PCCory
3910,67,BMcLachlin
3910,69,FIacobucci
3910,70,JCMajor
3911,59,ALamer
3911,63,CLHDube
3911,64,JSopinka
3911,65,CDGonthier
3911,66,PCCory
3911,67,BMcLachlin
3911,70,JCMajor
3912,62,GLForest
3912,64,JSopinka
3912,65,CDGonthier
3912,66,PCCory
3912,67,BMcLachlin
3912,69,FIacobucci
3912,70,JCMajor
3913,62,GLForest
3913,64,JSopinka
3913,65,CDGonthier
3913,66,PCCory
3913,67,BMcLachlin
3913,69,FIacobucci
3913,70,JCMajor
3914,59,ALamer
3914,62,GLForest
3914,63,CLHDube
3914,64,JSopinka
3914,65,CDGonthier
3914,66,PCCory
3914,67,BMcLachlin
3915,59,ALamer
3915,62,GLForest
3915,63,CLHDube
3915,65,CDGonthier
3915,66,PCCory
3915,67,BMcLachlin
3915,70,JCMajor
3916,59,ALamer
3916,62,GLForest
3916,63,CLHDube
3916,64,JSopinka
3916,65,CDGonthier
3916,66,PCCory
3916,67,BMcLachlin
3916,69,FIacobucci
3916,70,JCMajor
3917,62,GLForest
3917,63,CLHDube
3917,64,JSopinka
3917,65,CDGonthier
3917,66,PCCory
3917,67,BMcLachlin
3917,70,JCMajor
3918,62,GLForest
3918,63,CLHDube
3918,64,JSopinka
3918,65,CDGonthier
3918,66,PCCory
3918,67,BMcLachlin
3918,70,JCMajor
3919,59,ALamer
3919,62,GLForest
3919,63,CLHDube
3919,64,JSopinka
3919,65,CDGonthier
3919,66,PCCory
3919,67,BMcLachlin
3919,69,FIacobucci
3919,70,JCMajor
3920,59,ALamer
3920,62,GLForest
3920,63,CLHDube
3920,64,JSopinka
3920,65,CDGonthier
3920,66,PCCory
3920,67,BMcLachlin
3920,69,FIacobucci
3920,70,JCMajor
3921,64,JSopinka
3921,65,CDGonthier
3921,67,BMcLachlin
3921,69,FIacobucci
3921,70,JCMajor
3922,62,GLForest
3922,63,CLHDube
3922,65,CDGonthier
3922,66,PCCory
3922,67,BMcLachlin
3922,69,FIacobucci
3922,70,JCMajor
3923,59,ALamer
3923,62,GLForest
3923,63,CLHDube
3923,64,JSopinka
3923,65,CDGonthier
3923,66,PCCory
3923,67,BMcLachlin
3923,69,FIacobucci
3923,70,JCMajor
3924,59,ALamer
3924,62,GLForest
3924,63,CLHDube
3924,64,JSopinka
3924,65,CDGonthier
3924,66,PCCory
3924,69,FIacobucci
3925,59,ALamer
3925,62,GLForest
3925,64,JSopinka
3925,66,PCCory
3925,67,BMcLachlin
3925,69,FIacobucci
3925,70,JCMajor
3926,62,GLForest
3926,64,JSopinka
3926,67,BMcLachlin
3926,69,FIacobucci
3926,70,JCMajor
3927,59,ALamer
3927,62,GLForest
3927,63,CLHDube
3927,64,JSopinka
3927,65,CDGonthier
3927,66,PCCory
3927,67,BMcLachlin
3927,69,FIacobucci
3927,70,JCMajor
3928,59,ALamer
3928,63,CLHDube
3928,65,CDGonthier
3928,69,FIacobucci
3928,70,JCMajor
3929,62,GLForest
3929,63,CLHDube
3929,64,JSopinka
3929,65,CDGonthier
3929,66,PCCory
3929,67,BMcLachlin
3929,69,FIacobucci
3930,59,ALamer
3930,62,GLForest
3930,63,CLHDube
3930,64,JSopinka
3930,65,CDGonthier
3930,66,PCCory
3930,67,BMcLachlin
3930,69,FIacobucci
3930,70,JCMajor
3931,59,ALamer
3931,62,GLForest
3931,63,CLHDube
3931,64,JSopinka
3931,65,CDGonthier
3931,66,PCCory
3931,67,BMcLachlin
3931,69,FIacobucci
3931,70,JCMajor
3932,59,ALamer
3932,62,GLForest
3932,64,JSopinka
3932,65,CDGonthier
3932,66,PCCory
3932,67,BMcLachlin
3932,69,FIacobucci
3933,59,ALamer
3933,63,CLHDube
3933,64,JSopinka
3933,65,CDGonthier
3933,66,PCCory
3933,69,FIacobucci
3933,70,JCMajor
3934,59,ALamer
3934,62,GLForest
3934,63,CLHDube
3934,64,JSopinka
3934,66,PCCory
3934,67,BMcLachlin
3934,69,FIacobucci
3935,62,GLForest
3935,63,CLHDube
3935,65,CDGonthier
3935,69,FIacobucci
3935,70,JCMajor
3936,62,GLForest
3936,64,JSopinka
3936,67,BMcLachlin
3936,69,FIacobucci
3936,70,JCMajor
3937,62,GLForest
3937,63,CLHDube
3937,64,JSopinka
3937,65,CDGonthier
3937,66,PCCory
3937,67,BMcLachlin
3937,69,FIacobucci
3938,62,GLForest
3938,63,CLHDube
3938,64,JSopinka
3938,65,CDGonthier
3938,66,PCCory
3938,67,BMcLachlin
3938,70,JCMajor
3939,59,ALamer
3939,62,GLForest
3939,63,CLHDube
3939,64,JSopinka
3939,66,PCCory
3939,67,BMcLachlin
3939,70,JCMajor
3940,59,ALamer
3940,62,GLForest
3940,63,CLHDube
3940,64,JSopinka
3940,65,CDGonthier
3940,66,PCCory
3940,67,BMcLachlin
3940,69,FIacobucci
3940,70,JCMajor
3941,59,ALamer
3941,62,GLForest
3941,63,CLHDube
3941,64,JSopinka
3941,65,CDGonthier
3941,66,PCCory
3941,67,BMcLachlin
3941,69,FIacobucci
3941,70,JCMajor
3942,59,ALamer
3942,62,GLForest
3942,63,CLHDube
3942,64,JSopinka
3942,65,CDGonthier
3942,66,PCCory
3942,67,BMcLachlin
3942,69,FIacobucci
3942,70,JCMajor
3943,64,JSopinka
3943,65,CDGonthier
3943,66,PCCory
3943,69,FIacobucci
3943,70,JCMajor
3944,64,JSopinka
3944,65,CDGonthier
3944,66,PCCory
3944,69,FIacobucci
3944,70,JCMajor
3945,59,ALamer
3945,62,GLForest
3945,63,CLHDube
3945,65,CDGonthier
3945,67,BMcLachlin
3945,69,FIacobucci
3945,70,JCMajor
3946,62,GLForest
3946,63,CLHDube
3946,65,CDGonthier
3946,66,PCCory
3946,67,BMcLachlin
3946,69,FIacobucci
3946,70,JCMajor
3947,59,ALamer
3947,62,GLForest
3947,63,CLHDube
3947,64,JSopinka
3947,65,CDGonthier
3947,66,PCCory
3947,70,JCMajor
3948,59,ALamer
3948,62,GLForest
3948,64,JSopinka
3948,65,CDGonthier
3948,67,BMcLachlin
3948,69,FIacobucci
3948,70,JCMajor
3949,59,ALamer
3949,62,GLForest
3949,63,CLHDube
3949,64,JSopinka
3949,65,CDGonthier
3949,66,PCCory
3949,67,BMcLachlin
3949,69,FIacobucci
3949,70,JCMajor
3950,59,ALamer
3950,62,GLForest
3950,63,CLHDube
3950,64,JSopinka
3950,65,CDGonthier
3950,66,PCCory
3950,67,BMcLachlin
3950,69,FIacobucci
3950,70,JCMajor
3951,59,ALamer
3951,62,GLForest
3951,63,CLHDube
3951,64,JSopinka
3951,65,CDGonthier
3951,66,PCCory
3951,67,BMcLachlin
3951,69,FIacobucci
3951,70,JCMajor
3952,62,GLForest
3952,64,JSopinka
3952,65,CDGonthier
3952,66,PCCory
3952,67,BMcLachlin
3952,69,FIacobucci
3952,70,JCMajor
3953,62,GLForest
3953,63,CLHDube
3953,65,CDGonthier
3953,66,PCCory
3953,67,BMcLachlin
3953,69,FIacobucci
3953,70,JCMajor
3954,62,GLForest
3954,63,CLHDube
3954,64,JSopinka
3954,65,CDGonthier
3954,66,PCCory
3954,67,BMcLachlin
3954,69,FIacobucci
3955,59,ALamer
3955,62,GLForest
3955,63,CLHDube
3955,64,JSopinka
3955,65,CDGonthier
3955,66,PCCory
3955,67,BMcLachlin
3955,69,FIacobucci
3955,70,JCMajor
3956,59,ALamer
3956,62,GLForest
3956,63,CLHDube
3956,64,JSopinka
3956,65,CDGonthier
3956,66,PCCory
3956,67,BMcLachlin
3956,69,FIacobucci
3956,70,JCMajor
3957,59,ALamer
3957,62,GLForest
3957,64,JSopinka
3957,66,PCCory
3957,67,BMcLachlin
3957,69,FIacobucci
3957,70,JCMajor
3958,59,ALamer
3958,62,GLForest
3958,64,JSopinka
3958,66,PCCory
3958,67,BMcLachlin
3958,69,FIacobucci
3958,70,JCMajor
3959,59,ALamer
3959,62,GLForest
3959,63,CLHDube
3959,64,JSopinka
3959,66,PCCory
3959,67,BMcLachlin
3959,69,FIacobucci
3960,59,ALamer
3960,62,GLForest
3960,63,CLHDube
3960,64,JSopinka
3960,65,CDGonthier
3960,66,PCCory
3960,67,BMcLachlin
3960,69,FIacobucci
3960,70,JCMajor
3961,59,ALamer
3961,62,GLForest
3961,63,CLHDube
3961,64,JSopinka
3961,65,CDGonthier
3961,66,PCCory
3961,67,BMcLachlin
3961,69,FIacobucci
3961,70,JCMajor
3962,59,ALamer
3962,62,GLForest
3962,63,CLHDube
3962,64,JSopinka
3962,65,CDGonthier
3962,66,PCCory
3962,67,BMcLachlin
3962,69,FIacobucci
3962,70,JCMajor
3963,59,ALamer
3963,62,GLForest
3963,63,CLHDube
3963,64,JSopinka
3963,65,CDGonthier
3963,66,PCCory
3963,67,BMcLachlin
3963,69,FIacobucci
3963,70,JCMajor
3964,59,ALamer
3964,62,GLForest
3964,63,CLHDube
3964,64,JSopinka
3964,65,CDGonthier
3964,66,PCCory
3964,67,BMcLachlin
3964,69,FIacobucci
3964,70,JCMajor
3965,59,ALamer
3965,62,GLForest
3965,63,CLHDube
3965,64,JSopinka
3965,65,CDGonthier
3965,66,PCCory
3965,67,BMcLachlin
3965,69,FIacobucci
3965,70,JCMajor
3966,59,ALamer
3966,62,GLForest
3966,64,JSopinka
3966,65,CDGonthier
3966,66,PCCory
3966,67,BMcLachlin
3966,69,FIacobucci
3967,59,ALamer
3967,62,GLForest
3967,63,CLHDube
3967,64,JSopinka
3967,65,CDGonthier
3967,66,PCCory
3967,67,BMcLachlin
3967,69,FIacobucci
3967,70,JCMajor
3968,62,GLForest
3968,63,CLHDube
3968,64,JSopinka
3968,65,CDGonthier
3968,67,BMcLachlin
3968,69,FIacobucci
3968,70,JCMajor
3969,59,ALamer
3969,62,GLForest
3969,63,CLHDube
3969,64,JSopinka
3969,65,CDGonthier
3969,66,PCCory
3969,67,BMcLachlin
3969,69,FIacobucci
3969,70,JCMajor
3970,62,GLForest
3970,64,JSopinka
3970,67,BMcLachlin
3970,69,FIacobucci
3970,70,JCMajor
3971,62,GLForest
3971,63,CLHDube
3971,64,JSopinka
3971,65,CDGonthier
3971,66,PCCory
3971,67,BMcLachlin
3971,69,FIacobucci
3972,62,GLForest
3972,63,CLHDube
3972,64,JSopinka
3972,65,CDGonthier
3972,66,PCCory
3972,67,BMcLachlin
3972,69,FIacobucci
3973,62,GLForest
3973,63,CLHDube
3973,64,JSopinka
3973,65,CDGonthier
3973,66,PCCory
3973,67,BMcLachlin
3973,69,FIacobucci
3974,59,ALamer
3974,62,GLForest
3974,64,JSopinka
3974,65,CDGonthier
3974,67,BMcLachlin
3974,69,FIacobucci
3974,70,JCMajor
3975,59,ALamer
3975,63,CLHDube
3975,64,JSopinka
3975,65,CDGonthier
3975,66,PCCory
3975,67,BMcLachlin
3975,69,FIacobucci
3976,59,ALamer
3976,62,GLForest
3976,64,JSopinka
3976,65,CDGonthier
3976,66,PCCory
3976,67,BMcLachlin
3976,69,FIacobucci
3977,59,ALamer
3977,62,GLForest
3977,63,CLHDube
3977,64,JSopinka
3977,66,PCCory
3977,67,BMcLachlin
3977,70,JCMajor
3978,59,ALamer
3978,62,GLForest
3978,63,CLHDube
3978,64,JSopinka
3978,66,PCCory
3978,67,BMcLachlin
3978,70,JCMajor
3979,59,ALamer
3979,62,GLForest
3979,63,CLHDube
3979,64,JSopinka
3979,66,PCCory
3979,67,BMcLachlin
3979,70,JCMajor
3980,62,GLForest
3980,64,JSopinka
3980,65,CDGonthier
3980,66,PCCory
3980,67,BMcLachlin
3980,69,FIacobucci
3980,70,JCMajor
3981,59,ALamer
3981,62,GLForest
3981,63,CLHDube
3981,64,JSopinka
3981,65,CDGonthier
3981,66,PCCory
3981,67,BMcLachlin
3981,69,FIacobucci
3981,70,JCMajor
3982,59,ALamer
3982,62,GLForest
3982,63,CLHDube
3982,64,JSopinka
3982,65,CDGonthier
3982,66,PCCory
3982,67,BMcLachlin
3982,69,FIacobucci
3982,70,JCMajor
3983,59,ALamer
3983,62,GLForest
3983,63,CLHDube
3983,64,JSopinka
3983,65,CDGonthier
3983,66,PCCory
3983,67,BMcLachlin
3983,69,FIacobucci
3983,70,JCMajor
3984,59,ALamer
3984,62,GLForest
3984,63,CLHDube
3984,64,JSopinka
3984,65,CDGonthier
3984,66,PCCory
3984,67,BMcLachlin
3984,69,FIacobucci
3984,70,JCMajor
3985,62,GLForest
3985,63,CLHDube
3985,64,JSopinka
3985,65,CDGonthier
3985,66,PCCory
3985,67,BMcLachlin
3985,70,JCMajor
3986,64,JSopinka
3986,65,CDGonthier
3986,66,PCCory
3986,69,FIacobucci
3986,70,JCMajor
3987,59,ALamer
3987,62,GLForest
3987,63,CLHDube
3987,64,JSopinka
3987,65,CDGonthier
3987,66,PCCory
3987,67,BMcLachlin
3987,69,FIacobucci
3987,70,JCMajor
3988,62,GLForest
3988,63,CLHDube
3988,64,JSopinka
3988,65,CDGonthier
3988,66,PCCory
3988,67,BMcLachlin
3988,69,FIacobucci
3989,59,ALamer
3989,62,GLForest
3989,63,CLHDube
3989,64,JSopinka
3989,65,CDGonthier
3989,66,PCCory
3989,67,BMcLachlin
3989,69,FIacobucci
3989,70,JCMajor
3990,64,JSopinka
3990,65,CDGonthier
3990,67,BMcLachlin
3990,69,FIacobucci
3990,70,JCMajor
3991,59,ALamer
3991,62,GLForest
3991,63,CLHDube
3991,64,JSopinka
3991,65,CDGonthier
3991,67,BMcLachlin
3991,69,FIacobucci
3992,59,ALamer
3992,62,GLForest
3992,63,CLHDube
3992,64,JSopinka
3992,65,CDGonthier
3992,66,PCCory
3992,67,BMcLachlin
3992,69,FIacobucci
3992,70,JCMajor
3993,59,ALamer
3993,62,GLForest
3993,63,CLHDube
3993,64,JSopinka
3993,65,CDGonthier
3993,66,PCCory
3993,67,BMcLachlin
3993,69,FIacobucci
3993,70,JCMajor
3994,59,ALamer
3994,62,GLForest
3994,63,CLHDube
3994,64,JSopinka
3994,65,CDGonthier
3994,66,PCCory
3994,67,BMcLachlin
3994,69,FIacobucci
3994,70,JCMajor
3995,62,GLForest
3995,64,JSopinka
3995,65,CDGonthier
3995,66,PCCory
3995,67,BMcLachlin
3995,69,FIacobucci
3995,70,JCMajor
3996,62,GLForest
3996,64,JSopinka
3996,65,CDGonthier
3996,66,PCCory
3996,67,BMcLachlin
3996,69,FIacobucci
3996,70,JCMajor
3997,62,GLForest
3997,64,JSopinka
3997,65,CDGonthier
3997,66,PCCory
3997,67,BMcLachlin
3997,69,FIacobucci
3997,70,JCMajor
3998,62,GLForest
3998,64,JSopinka
3998,65,CDGonthier
3998,66,PCCory
3998,67,BMcLachlin
3998,69,FIacobucci
3998,70,JCMajor
3999,62,GLForest
3999,63,CLHDube
3999,64,JSopinka
3999,65,CDGonthier
3999,66,PCCory
3999,69,FIacobucci
3999,70,JCMajor
4000,62,GLForest
4000,63,CLHDube
4000,64,JSopinka
4000,65,CDGonthier
4000,66,PCCory
4000,67,BMcLachlin
4000,69,FIacobucci
4001,59,ALamer
4001,62,GLForest
4001,63,CLHDube
4001,64,JSopinka
4001,65,CDGonthier
4001,66,PCCory
4001,67,BMcLachlin
4001,69,FIacobucci
4001,70,JCMajor
4002,59,ALamer
4002,62,GLForest
4002,63,CLHDube
4002,64,JSopinka
4002,65,CDGonthier
4002,66,PCCory
4002,67,BMcLachlin
4002,69,FIacobucci
4002,70,JCMajor
4003,62,GLForest
4003,64,JSopinka
4003,65,CDGonthier
4003,66,PCCory
4003,67,BMcLachlin
4003,69,FIacobucci
4003,70,JCMajor
4004,62,GLForest
4004,63,CLHDube
4004,64,JSopinka
4004,66,PCCory
4004,67,BMcLachlin
4004,69,FIacobucci
4004,70,JCMajor
4005,59,ALamer
4005,62,GLForest
4005,64,JSopinka
4005,65,CDGonthier
4005,66,PCCory
4005,67,BMcLachlin
4005,70,JCMajor
4006,59,ALamer
4006,62,GLForest
4006,63,CLHDube
4006,64,JSopinka
4006,65,CDGonthier
4006,66,PCCory
4006,67,BMcLachlin
4006,69,FIacobucci
4006,70,JCMajor
4007,59,ALamer
4007,62,GLForest
4007,63,CLHDube
4007,64,JSopinka
4007,65,CDGonthier
4007,66,PCCory
4007,67,BMcLachlin
4007,69,FIacobucci
4007,70,JCMajor
4008,64,JSopinka
4008,66,PCCory
4008,67,BMcLachlin
4008,69,FIacobucci
4008,70,JCMajor
4009,59,ALamer
4009,62,GLForest
4009,63,CLHDube
4009,64,JSopinka
4009,65,CDGonthier
4009,66,PCCory
4009,69,FIacobucci
4010,62,GLForest
4010,63,CLHDube
4010,65,CDGonthier
4010,66,PCCory
4010,67,BMcLachlin
4010,69,FIacobucci
4010,70,JCMajor
4011,59,ALamer
4011,62,GLForest
4011,63,CLHDube
4011,65,CDGonthier
4011,66,PCCory
4011,69,FIacobucci
4011,70,JCMajor
4012,59,ALamer
4012,62,GLForest
4012,63,CLHDube
4012,64,JSopinka
4012,65,CDGonthier
4012,66,PCCory
4012,67,BMcLachlin
4012,69,FIacobucci
4012,70,JCMajor
4013,59,ALamer
4013,62,GLForest
4013,63,CLHDube
4013,64,JSopinka
4013,65,CDGonthier
4013,66,PCCory
4013,67,BMcLachlin
4013,69,FIacobucci
4013,70,JCMajor
4014,59,ALamer
4014,62,GLForest
4014,63,CLHDube
4014,64,JSopinka
4014,65,CDGonthier
4014,66,PCCory
4014,67,BMcLachlin
4014,69,FIacobucci
4014,70,JCMajor
4015,62,GLForest
4015,63,CLHDube
4015,64,JSopinka
4015,65,CDGonthier
4015,66,PCCory
4015,67,BMcLachlin
4015,69,FIacobucci
4016,63,CLHDube
4016,64,JSopinka
4016,65,CDGonthier
4016,69,FIacobucci
4016,70,JCMajor
4017,59,ALamer
4017,64,JSopinka
4017,65,CDGonthier
4017,69,FIacobucci
4017,70,JCMajor
4018,62,GLForest
4018,63,CLHDube
4018,65,CDGonthier
4018,66,PCCory
4018,67,BMcLachlin
4018,69,FIacobucci
4018,70,JCMajor
4019,62,GLForest
4019,63,CLHDube
4019,64,JSopinka
4019,65,CDGonthier
4019,66,PCCory
4019,69,FIacobucci
4019,70,JCMajor
4020,59,ALamer
4020,62,GLForest
4020,63,CLHDube
4020,64,JSopinka
4020,65,CDGonthier
4020,66,PCCory
4020,67,BMcLachlin
4020,69,FIacobucci
4020,70,JCMajor
4021,59,ALamer
4021,62,GLForest
4021,63,CLHDube
4021,64,JSopinka
4021,65,CDGonthier
4021,66,PCCory
4021,67,BMcLachlin
4021,69,FIacobucci
4021,70,JCMajor
4022,62,GLForest
4022,63,CLHDube
4022,64,JSopinka
4022,67,BMcLachlin
4022,69,FIacobucci
4023,59,ALamer
4023,62,GLForest
4023,63,CLHDube
4023,64,JSopinka
4023,65,CDGonthier
4023,66,PCCory
4023,67,BMcLachlin
4023,69,FIacobucci
4023,70,JCMajor
4024,62,GLForest
4024,63,CLHDube
4024,64,JSopinka
4024,65,CDGonthier
4024,66,PCCory
4024,69,FIacobucci
4024,70,JCMajor
4025,62,GLForest
4025,63,CLHDube
4025,64,JSopinka
4025,65,CDGonthier
4025,66,PCCory
4025,67,BMcLachlin
4025,69,FIacobucci
4026,64,JSopinka
4026,66,PCCory
4026,67,BMcLachlin
4026,69,FIacobucci
4026,70,JCMajor
4027,62,GLForest
4027,64,JSopinka
4027,65,CDGonthier
4027,66,PCCory
4027,67,BMcLachlin
4027,69,FIacobucci
4027,70,JCMajor
4028,59,ALamer
4028,63,CLHDube
4028,64,JSopinka
4028,65,CDGonthier
4028,66,PCCory
4028,69,FIacobucci
4028,70,JCMajor
4029,59,ALamer
4029,62,GLForest
4029,63,CLHDube
4029,64,JSopinka
4029,65,CDGonthier
4029,66,PCCory
4029,67,BMcLachlin
4029,69,FIacobucci
4029,70,JCMajor
4030,59,ALamer
4030,62,GLForest
4030,63,CLHDube
4030,64,JSopinka
4030,65,CDGonthier
4030,66,PCCory
4030,67,BMcLachlin
4030,69,FIacobucci
4030,70,JCMajor
4031,59,ALamer
4031,63,CLHDube
4031,64,JSopinka
4031,65,CDGonthier
4031,66,PCCory
4031,67,BMcLachlin
4031,70,JCMajor
4032,59,ALamer
4032,62,GLForest
4032,63,CLHDube
4032,64,JSopinka
4032,65,CDGonthier
4032,66,PCCory
4032,67,BMcLachlin
4032,69,FIacobucci
4032,70,JCMajor
4033,59,ALamer
4033,62,GLForest
4033,63,CLHDube
4033,64,JSopinka
4033,65,CDGonthier
4033,66,PCCory
4033,67,BMcLachlin
4033,69,FIacobucci
4033,70,JCMajor
4034,59,ALamer
4034,62,GLForest
4034,63,CLHDube
4034,64,JSopinka
4034,65,CDGonthier
4034,66,PCCory
4034,67,BMcLachlin
4034,69,FIacobucci
4034,70,JCMajor
4035,64,JSopinka
4035,65,CDGonthier
4035,66,PCCory
4035,67,BMcLachlin
4035,69,FIacobucci
4036,64,JSopinka
4036,65,CDGonthier
4036,66,PCCory
4036,67,BMcLachlin
4036,69,FIacobucci
4037,63,CLHDube
4037,65,CDGonthier
4037,66,PCCory
4037,69,FIacobucci
4037,70,JCMajor
4038,62,GLForest
4038,64,JSopinka
4038,65,CDGonthier
4038,69,FIacobucci
4038,70,JCMajor
4039,62,GLForest
4039,63,CLHDube
4039,64,JSopinka
4039,65,CDGonthier
4039,66,PCCory
4039,69,FIacobucci
4039,70,JCMajor
4040,59,ALamer
4040,62,GLForest
4040,63,CLHDube
4040,64,JSopinka
4040,65,CDGonthier
4040,66,PCCory
4040,67,BMcLachlin
4040,69,FIacobucci
4040,70,JCMajor
4041,59,ALamer
4041,62,GLForest
4041,63,CLHDube
4041,64,JSopinka
4041,65,CDGonthier
4041,66,PCCory
4041,67,BMcLachlin
4041,69,FIacobucci
4041,70,JCMajor
4042,59,ALamer
4042,62,GLForest
4042,64,JSopinka
4042,66,PCCory
4042,67,BMcLachlin
4042,69,FIacobucci
4042,70,JCMajor
4043,59,ALamer
4043,62,GLForest
4043,63,CLHDube
4043,64,JSopinka
4043,65,CDGonthier
4043,66,PCCory
4043,67,BMcLachlin
4043,69,FIacobucci
4043,70,JCMajor
4044,59,ALamer
4044,62,GLForest
4044,63,CLHDube
4044,64,JSopinka
4044,65,CDGonthier
4044,66,PCCory
4044,67,BMcLachlin
4044,69,FIacobucci
4044,70,JCMajor
4045,59,ALamer
4045,62,GLForest
4045,63,CLHDube
4045,64,JSopinka
4045,65,CDGonthier
4045,66,PCCory
4045,67,BMcLachlin
4045,69,FIacobucci
4045,70,JCMajor
4046,59,ALamer
4046,62,GLForest
4046,63,CLHDube
4046,64,JSopinka
4046,65,CDGonthier
4046,66,PCCory
4046,67,BMcLachlin
4046,69,FIacobucci
4046,70,JCMajor
4047,59,ALamer
4047,62,GLForest
4047,63,CLHDube
4047,64,JSopinka
4047,65,CDGonthier
4047,66,PCCory
4047,67,BMcLachlin
4047,69,FIacobucci
4047,70,JCMajor
4048,59,ALamer
4048,62,GLForest
4048,63,CLHDube
4048,64,JSopinka
4048,65,CDGonthier
4048,66,PCCory
4048,67,BMcLachlin
4048,69,FIacobucci
4048,70,JCMajor
4049,62,GLForest
4049,63,CLHDube
4049,64,JSopinka
4049,65,CDGonthier
4049,66,PCCory
4049,67,BMcLachlin
4049,69,FIacobucci
4050,59,ALamer
4050,62,GLForest
4050,63,CLHDube
4050,64,JSopinka
4050,65,CDGonthier
4050,66,PCCory
4050,70,JCMajor
4051,62,GLForest
4051,63,CLHDube
4051,64,JSopinka
4051,65,CDGonthier
4051,66,PCCory
4051,67,BMcLachlin
4051,70,JCMajor
4052,59,ALamer
4052,62,GLForest
4052,63,CLHDube
4052,64,JSopinka
4052,65,CDGonthier
4052,66,PCCory
4052,67,BMcLachlin
4052,69,FIacobucci
4052,70,JCMajor
4053,59,ALamer
4053,62,GLForest
4053,63,CLHDube
4053,64,JSopinka
4053,65,CDGonthier
4053,66,PCCory
4053,67,BMcLachlin
4053,69,FIacobucci
4053,70,JCMajor
4054,62,GLForest
4054,63,CLHDube
4054,64,JSopinka
4054,65,CDGonthier
4054,66,PCCory
4054,67,BMcLachlin
4054,69,FIacobucci
4055,62,GLForest
4055,63,CLHDube
4055,65,CDGonthier
4055,66,PCCory
4055,67,BMcLachlin
4055,69,FIacobucci
4055,70,JCMajor
4056,62,GLForest
4056,64,JSopinka
4056,65,CDGonthier
4056,66,PCCory
4056,67,BMcLachlin
4056,69,FIacobucci
4056,70,JCMajor
4057,64,JSopinka
4057,66,PCCory
4057,67,BMcLachlin
4057,69,FIacobucci
4057,70,JCMajor
4058,62,GLForest
4058,63,CLHDube
4058,64,JSopinka
4058,65,CDGonthier
4058,66,PCCory
4058,69,FIacobucci
4058,70,JCMajor
4059,64,JSopinka
4059,65,CDGonthier
4059,66,PCCory
4059,67,BMcLachlin
4059,70,JCMajor
4060,59,ALamer
4060,62,GLForest
4060,63,CLHDube
4060,64,JSopinka
4060,65,CDGonthier
4060,66,PCCory
4060,67,BMcLachlin
4060,69,FIacobucci
4060,70,JCMajor
4061,59,ALamer
4061,62,GLForest
4061,63,CLHDube
4061,64,JSopinka
4061,65,CDGonthier
4061,66,PCCory
4061,67,BMcLachlin
4061,69,FIacobucci
4061,70,JCMajor
4062,62,GLForest
4062,63,CLHDube
4062,65,CDGonthier
4062,66,PCCory
4062,67,BMcLachlin
4062,69,FIacobucci
4062,70,JCMajor
4063,59,ALamer
4063,62,GLForest
4063,63,CLHDube
4063,64,JSopinka
4063,65,CDGonthier
4063,66,PCCory
4063,67,BMcLachlin
4063,69,FIacobucci
4063,70,JCMajor
4064,62,GLForest
4064,63,CLHDube
4064,65,CDGonthier
4064,66,PCCory
4064,70,JCMajor
4065,59,ALamer
4065,62,GLForest
4065,63,CLHDube
4065,64,JSopinka
4065,65,CDGonthier
4065,66,PCCory
4065,67,BMcLachlin
4065,69,FIacobucci
4065,70,JCMajor
4066,62,GLForest
4066,63,CLHDube
4066,64,JSopinka
4066,65,CDGonthier
4066,67,BMcLachlin
4066,69,FIacobucci
4066,70,JCMajor
4067,59,ALamer
4067,62,GLForest
4067,63,CLHDube
4067,64,JSopinka
4067,65,CDGonthier
4067,66,PCCory
4067,69,FIacobucci
4068,59,ALamer
4068,63,CLHDube
4068,64,JSopinka
4068,65,CDGonthier
4068,66,PCCory
4068,67,BMcLachlin
4068,70,JCMajor
4069,62,GLForest
4069,64,JSopinka
4069,65,CDGonthier
4069,66,PCCory
4069,67,BMcLachlin
4069,69,FIacobucci
4069,70,JCMajor
4070,62,GLForest
4070,63,CLHDube
4070,64,JSopinka
4070,65,CDGonthier
4070,67,BMcLachlin
4070,69,FIacobucci
4070,70,JCMajor
4071,62,GLForest
4071,63,CLHDube
4071,64,JSopinka
4071,65,CDGonthier
4071,67,BMcLachlin
4071,69,FIacobucci
4071,70,JCMajor
4072,59,ALamer
4072,62,GLForest
4072,63,CLHDube
4072,64,JSopinka
4072,65,CDGonthier
4072,66,PCCory
4072,67,BMcLachlin
4072,69,FIacobucci
4072,70,JCMajor
4073,59,ALamer
4073,62,GLForest
4073,63,CLHDube
4073,64,JSopinka
4073,65,CDGonthier
4073,66,PCCory
4073,67,BMcLachlin
4073,69,FIacobucci
4073,70,JCMajor
4074,64,JSopinka
4074,65,CDGonthier
4074,67,BMcLachlin
4074,69,FIacobucci
4074,70,JCMajor
4075,64,JSopinka
4075,65,CDGonthier
4075,66,PCCory
4075,67,BMcLachlin
4075,70,JCMajor
4076,59,ALamer
4076,62,GLForest
4076,63,CLHDube
4076,64,JSopinka
4076,65,CDGonthier
4076,66,PCCory
4076,67,BMcLachlin
4076,69,FIacobucci
4076,70,JCMajor
4077,59,ALamer
4077,62,GLForest
4077,63,CLHDube
4077,64,JSopinka
4077,65,CDGonthier
4077,66,PCCory
4077,67,BMcLachlin
4077,69,FIacobucci
4077,70,JCMajor
4078,59,ALamer
4078,62,GLForest
4078,63,CLHDube
4078,64,JSopinka
4078,65,CDGonthier
4078,66,PCCory
4078,67,BMcLachlin
4078,69,FIacobucci
4078,70,JCMajor
4079,59,ALamer
4079,62,GLForest
4079,63,CLHDube
4079,64,JSopinka
4079,65,CDGonthier
4079,66,PCCory
4079,67,BMcLachlin
4079,69,FIacobucci
4079,70,JCMajor
4080,59,ALamer
4080,62,GLForest
4080,63,CLHDube
4080,64,JSopinka
4080,65,CDGonthier
4080,66,PCCory
4080,67,BMcLachlin
4080,69,FIacobucci
4080,70,JCMajor
4081,63,CLHDube
4081,64,JSopinka
4081,65,CDGonthier
4081,66,PCCory
4081,67,BMcLachlin
4081,69,FIacobucci
4081,70,JCMajor
4082,62,GLForest
4082,64,JSopinka
4082,65,CDGonthier
4082,66,PCCory
4082,67,BMcLachlin
4082,69,FIacobucci
4082,70,JCMajor
4083,59,ALamer
4083,62,GLForest
4083,63,CLHDube
4083,64,JSopinka
4083,65,CDGonthier
4083,66,PCCory
4083,67,BMcLachlin
4083,69,FIacobucci
4083,70,JCMajor
4084,64,JSopinka
4084,65,CDGonthier
4084,66,PCCory
4084,67,BMcLachlin
4084,69,FIacobucci
4085,62,GLForest
4085,63,CLHDube
4085,64,JSopinka
4085,65,CDGonthier
4085,66,PCCory
4085,69,FIacobucci
4085,70,JCMajor
4086,59,ALamer
4086,62,GLForest
4086,63,CLHDube
4086,64,JSopinka
4086,65,CDGonthier
4086,66,PCCory
4086,67,BMcLachlin
4086,69,FIacobucci
4086,70,JCMajor
4087,59,ALamer
4087,62,GLForest
4087,63,CLHDube
4087,64,JSopinka
4087,65,CDGonthier
4087,66,PCCory
4087,67,BMcLachlin
4087,69,FIacobucci
4087,70,JCMajor
4088,59,ALamer
4088,62,GLForest
4088,63,CLHDube
4088,64,JSopinka
4088,65,CDGonthier
4088,66,PCCory
4088,67,BMcLachlin
4088,69,FIacobucci
4088,70,JCMajor
4089,59,ALamer
4089,62,GLForest
4089,63,CLHDube
4089,65,CDGonthier
4089,66,PCCory
4089,67,BMcLachlin
4089,70,JCMajor
4090,64,JSopinka
4090,65,CDGonthier
4090,66,PCCory
4090,69,FIacobucci
4090,70,JCMajor
4091,65,CDGonthier
4091,66,PCCory
4091,67,BMcLachlin
4091,69,FIacobucci
4091,70,JCMajor
4092,59,ALamer
4092,62,GLForest
4092,63,CLHDube
4092,64,JSopinka
4092,65,CDGonthier
4092,66,PCCory
4092,69,FIacobucci
4093,59,ALamer
4093,62,GLForest
4093,63,CLHDube
4093,64,JSopinka
4093,65,CDGonthier
4093,66,PCCory
4093,67,BMcLachlin
4093,69,FIacobucci
4093,70,JCMajor
4094,59,ALamer
4094,63,CLHDube
4094,64,JSopinka
4094,65,CDGonthier
4094,69,FIacobucci
4095,62,GLForest
4095,66,PCCory
4095,67,BMcLachlin
4095,69,FIacobucci
4095,70,JCMajor
4096,59,ALamer
4096,63,CLHDube
4096,65,CDGonthier
4096,67,BMcLachlin
4096,70,JCMajor
4097,59,ALamer
4097,62,GLForest
4097,63,CLHDube
4097,64,JSopinka
4097,65,CDGonthier
4097,66,PCCory
4097,67,BMcLachlin
4097,69,FIacobucci
4097,70,JCMajor
4098,64,JSopinka
4098,65,CDGonthier
4098,66,PCCory
4098,69,FIacobucci
4098,70,JCMajor
4099,62,GLForest
4099,64,JSopinka
4099,65,CDGonthier
4099,67,BMcLachlin
4099,70,JCMajor
4100,59,ALamer
4100,62,GLForest
4100,63,CLHDube
4100,64,JSopinka
4100,65,CDGonthier
4100,66,PCCory
4100,67,BMcLachlin
4100,69,FIacobucci
4100,70,JCMajor
4101,59,ALamer
4101,62,GLForest
4101,63,CLHDube
4101,64,JSopinka
4101,65,CDGonthier
4101,66,PCCory
4101,67,BMcLachlin
4101,69,FIacobucci
4101,70,JCMajor
4102,59,ALamer
4102,62,GLForest
4102,63,CLHDube
4102,64,JSopinka
4102,65,CDGonthier
4102,66,PCCory
4102,67,BMcLachlin
4102,69,FIacobucci
4102,70,JCMajor
4103,62,GLForest
4103,63,CLHDube
4103,64,JSopinka
4103,66,PCCory
4103,67,BMcLachlin
4103,69,FIacobucci
4103,70,JCMajor
4104,62,GLForest
4104,64,JSopinka
4104,67,BMcLachlin
4104,69,FIacobucci
4104,70,JCMajor
4105,64,JSopinka
4105,66,PCCory
4105,67,BMcLachlin
4105,69,FIacobucci
4105,70,JCMajor
4106,59,ALamer
4106,62,GLForest
4106,63,CLHDube
4106,64,JSopinka
4106,65,CDGonthier
4106,66,PCCory
4106,67,BMcLachlin
4106,69,FIacobucci
4106,70,JCMajor
4107,59,ALamer
4107,63,CLHDube
4107,64,JSopinka
4107,66,PCCory
4107,67,BMcLachlin
4107,69,FIacobucci
4107,70,JCMajor
4108,62,GLForest
4108,63,CLHDube
4108,64,JSopinka
4108,65,CDGonthier
4108,66,PCCory
4108,67,BMcLachlin
4108,70,JCMajor
4109,64,JSopinka
4109,66,PCCory
4109,67,BMcLachlin
4109,69,FIacobucci
4109,70,JCMajor
4110,62,GLForest
4110,64,JSopinka
4110,66,PCCory
4110,69,FIacobucci
4110,70,JCMajor
4111,59,ALamer
4111,62,GLForest
4111,63,CLHDube
4111,64,JSopinka
4111,65,CDGonthier
4111,66,PCCory
4111,67,BMcLachlin
4111,69,FIacobucci
4111,70,JCMajor
4112,59,ALamer
4112,62,GLForest
4112,63,CLHDube
4112,64,JSopinka
4112,65,CDGonthier
4112,66,PCCory
4112,67,BMcLachlin
4112,69,FIacobucci
4112,70,JCMajor
4113,62,GLForest
4113,64,JSopinka
4113,65,CDGonthier
4113,66,PCCory
4113,67,BMcLachlin
4113,69,FIacobucci
4113,70,JCMajor
4114,62,GLForest
4114,64,JSopinka
4114,65,CDGonthier
4114,66,PCCory
4114,67,BMcLachlin
4114,69,FIacobucci
4114,70,JCMajor
4115,64,JSopinka
4115,65,CDGonthier
4115,66,PCCory
4115,67,BMcLachlin
4115,70,JCMajor
4116,62,GLForest
4116,64,JSopinka
4116,65,CDGonthier
4116,66,PCCory
4116,70,JCMajor
4117,59,ALamer
4117,63,CLHDube
4117,64,JSopinka
4117,66,PCCory
4117,67,BMcLachlin
4117,69,FIacobucci
4117,70,JCMajor
4118,62,GLForest
4118,63,CLHDube
4118,64,JSopinka
4118,65,CDGonthier
4118,67,BMcLachlin
4118,69,FIacobucci
4118,70,JCMajor
4119,62,GLForest
4119,64,JSopinka
4119,65,CDGonthier
4119,66,PCCory
4119,67,BMcLachlin
4119,69,FIacobucci
4119,70,JCMajor
4120,59,ALamer
4120,63,CLHDube
4120,65,CDGonthier
4120,66,PCCory
4120,67,BMcLachlin
4120,69,FIacobucci
4120,70,JCMajor
4121,63,CLHDube
4121,64,JSopinka
4121,65,CDGonthier
4121,66,PCCory
4121,67,BMcLachlin
4121,69,FIacobucci
4121,70,JCMajor
4122,64,JSopinka
4122,65,CDGonthier
4122,66,PCCory
4122,67,BMcLachlin
4122,70,JCMajor
4123,64,JSopinka
4123,65,CDGonthier
4123,66,PCCory
4123,67,BMcLachlin
4123,70,JCMajor
4124,59,ALamer
4124,62,GLForest
4124,63,CLHDube
4124,64,JSopinka
4124,65,CDGonthier
4124,66,PCCory
4124,67,BMcLachlin
4124,69,FIacobucci
4124,70,JCMajor
4125,59,ALamer
4125,62,GLForest
4125,63,CLHDube
4125,64,JSopinka
4125,65,CDGonthier
4125,66,PCCory
4125,67,BMcLachlin
4125,69,FIacobucci
4125,70,JCMajor
4126,59,ALamer
4126,62,GLForest
4126,63,CLHDube
4126,64,JSopinka
4126,65,CDGonthier
4126,66,PCCory
4126,67,BMcLachlin
4126,69,FIacobucci
4126,70,JCMajor
4127,59,ALamer
4127,62,GLForest
4127,63,CLHDube
4127,64,JSopinka
4127,65,CDGonthier
4127,66,PCCory
4127,67,BMcLachlin
4127,69,FIacobucci
4127,70,JCMajor
4128,59,ALamer
4128,62,GLForest
4128,63,CLHDube
4128,64,JSopinka
4128,65,CDGonthier
4128,66,PCCory
4128,67,BMcLachlin
4128,69,FIacobucci
4128,70,JCMajor
4129,59,ALamer
4129,62,GLForest
4129,63,CLHDube
4129,65,CDGonthier
4129,67,BMcLachlin
4130,59,ALamer
4130,62,GLForest
4130,63,CLHDube
4130,64,JSopinka
4130,65,CDGonthier
4130,66,PCCory
4130,67,BMcLachlin
4130,69,FIacobucci
4130,70,JCMajor
4131,59,ALamer
4131,62,GLForest
4131,63,CLHDube
4131,64,JSopinka
4131,65,CDGonthier
4131,66,PCCory
4131,67,BMcLachlin
4131,69,FIacobucci
4131,70,JCMajor
4132,59,ALamer
4132,62,GLForest
4132,63,CLHDube
4132,64,JSopinka
4132,65,CDGonthier
4132,66,PCCory
4132,67,BMcLachlin
4132,69,FIacobucci
4132,70,JCMajor
4133,59,ALamer
4133,62,GLForest
4133,63,CLHDube
4133,64,JSopinka
4133,65,CDGonthier
4133,66,PCCory
4133,67,BMcLachlin
4133,69,FIacobucci
4133,70,JCMajor
4134,59,ALamer
4134,62,GLForest
4134,63,CLHDube
4134,64,JSopinka
4134,65,CDGonthier
4134,66,PCCory
4134,67,BMcLachlin
4134,69,FIacobucci
4134,70,JCMajor
4135,59,ALamer
4135,62,GLForest
4135,63,CLHDube
4135,65,CDGonthier
4135,66,PCCory
4135,67,BMcLachlin
4135,69,FIacobucci
4136,59,ALamer
4136,62,GLForest
4136,63,CLHDube
4136,64,JSopinka
4136,65,CDGonthier
4136,66,PCCory
4136,67,BMcLachlin
4136,69,FIacobucci
4136,70,JCMajor
4137,62,GLForest
4137,63,CLHDube
4137,64,JSopinka
4137,66,PCCory
4137,67,BMcLachlin
4137,69,FIacobucci
4137,70,JCMajor
4138,64,JSopinka
4138,65,CDGonthier
4138,66,PCCory
4138,69,FIacobucci
4138,70,JCMajor
4139,59,ALamer
4139,62,GLForest
4139,63,CLHDube
4139,64,JSopinka
4139,65,CDGonthier
4139,66,PCCory
4139,67,BMcLachlin
4139,69,FIacobucci
4139,70,JCMajor
4140,59,ALamer
4140,62,GLForest
4140,63,CLHDube
4140,65,CDGonthier
4140,66,PCCory
4140,67,BMcLachlin
4140,70,JCMajor
4141,62,GLForest
4141,63,CLHDube
4141,65,CDGonthier
4141,66,PCCory
4141,67,BMcLachlin
4142,59,ALamer
4142,62,GLForest
4142,63,CLHDube
4142,64,JSopinka
4142,65,CDGonthier
4142,66,PCCory
4142,67,BMcLachlin
4142,69,FIacobucci
4142,70,JCMajor
4143,59,ALamer
4143,62,GLForest
4143,63,CLHDube
4143,64,JSopinka
4143,65,CDGonthier
4143,66,PCCory
4143,67,BMcLachlin
4143,69,FIacobucci
4143,70,JCMajor
4144,59,ALamer
4144,62,GLForest
4144,63,CLHDube
4144,64,JSopinka
4144,65,CDGonthier
4144,66,PCCory
4144,67,BMcLachlin
4144,69,FIacobucci
4144,70,JCMajor
4145,59,ALamer
4145,62,GLForest
4145,63,CLHDube
4145,64,JSopinka
4145,65,CDGonthier
4145,66,PCCory
4145,67,BMcLachlin
4145,69,FIacobucci
4145,70,JCMajor
4146,59,ALamer
4146,62,GLForest
4146,63,CLHDube
4146,64,JSopinka
4146,65,CDGonthier
4146,66,PCCory
4146,67,BMcLachlin
4146,69,FIacobucci
4146,70,JCMajor
4147,65,CDGonthier
4147,66,PCCory
4147,67,BMcLachlin
4147,69,FIacobucci
4147,70,JCMajor
4148,59,ALamer
4148,62,GLForest
4148,63,CLHDube
4148,64,JSopinka
4148,65,CDGonthier
4148,66,PCCory
4148,67,BMcLachlin
4148,69,FIacobucci
4148,70,JCMajor
4149,65,CDGonthier
4149,66,PCCory
4149,67,BMcLachlin
4149,69,FIacobucci
4149,70,JCMajor
4150,65,CDGonthier
4150,66,PCCory
4150,67,BMcLachlin
4150,69,FIacobucci
4150,70,JCMajor
4151,62,GLForest
4151,63,CLHDube
4151,64,JSopinka
4151,65,CDGonthier
4151,66,PCCory
4151,69,FIacobucci
4151,70,JCMajor
4152,59,ALamer
4152,62,GLForest
4152,63,CLHDube
4152,65,CDGonthier
4152,67,BMcLachlin
4153,59,ALamer
4153,62,GLForest
4153,64,JSopinka
4153,66,PCCory
4153,67,BMcLachlin
4153,69,FIacobucci
4153,70,JCMajor
4154,63,CLHDube
4154,64,JSopinka
4154,65,CDGonthier
4154,66,PCCory
4154,67,BMcLachlin
4154,69,FIacobucci
4154,70,JCMajor
4155,59,ALamer
4155,62,GLForest
4155,63,CLHDube
4155,64,JSopinka
4155,65,CDGonthier
4155,66,PCCory
4155,67,BMcLachlin
4155,69,FIacobucci
4155,70,JCMajor
4156,59,ALamer
4156,62,GLForest
4156,63,CLHDube
4156,64,JSopinka
4156,65,CDGonthier
4156,66,PCCory
4156,67,BMcLachlin
4156,69,FIacobucci
4156,70,JCMajor
4157,59,ALamer
4157,62,GLForest
4157,63,CLHDube
4157,64,JSopinka
4157,65,CDGonthier
4157,66,PCCory
4157,67,BMcLachlin
4157,69,FIacobucci
4157,70,JCMajor
4158,59,ALamer
4158,62,GLForest
4158,63,CLHDube
4158,64,JSopinka
4158,65,CDGonthier
4158,66,PCCory
4158,67,BMcLachlin
4158,69,FIacobucci
4158,70,JCMajor
4159,64,JSopinka
4159,66,PCCory
4159,67,BMcLachlin
4159,69,FIacobucci
4159,70,JCMajor
4160,64,JSopinka
4160,66,PCCory
4160,67,BMcLachlin
4160,69,FIacobucci
4160,70,JCMajor
4161,64,JSopinka
4161,66,PCCory
4161,67,BMcLachlin
4161,69,FIacobucci
4161,70,JCMajor
4162,62,GLForest
4162,64,JSopinka
4162,65,CDGonthier
4162,66,PCCory
4162,67,BMcLachlin
4162,69,FIacobucci
4162,70,JCMajor
4163,59,ALamer
4163,62,GLForest
4163,63,CLHDube
4163,64,JSopinka
4163,65,CDGonthier
4163,67,BMcLachlin
4163,69,FIacobucci
4164,63,CLHDube
4164,64,JSopinka
4164,65,CDGonthier
4164,66,PCCory
4164,67,BMcLachlin
4164,69,FIacobucci
4164,70,JCMajor
4165,59,ALamer
4165,62,GLForest
4165,63,CLHDube
4165,64,JSopinka
4165,65,CDGonthier
4165,66,PCCory
4165,67,BMcLachlin
4165,69,FIacobucci
4165,70,JCMajor
4166,59,ALamer
4166,62,GLForest
4166,63,CLHDube
4166,64,JSopinka
4166,65,CDGonthier
4166,66,PCCory
4166,67,BMcLachlin
4166,69,FIacobucci
4166,70,JCMajor
4167,59,ALamer
4167,62,GLForest
4167,63,CLHDube
4167,64,JSopinka
4167,65,CDGonthier
4167,66,PCCory
4167,67,BMcLachlin
4167,69,FIacobucci
4167,70,JCMajor
4168,59,ALamer
4168,62,GLForest
4168,63,CLHDube
4168,64,JSopinka
4168,65,CDGonthier
4168,66,PCCory
4168,67,BMcLachlin
4168,69,FIacobucci
4168,70,JCMajor
4169,59,ALamer
4169,62,GLForest
4169,63,CLHDube
4169,64,JSopinka
4169,65,CDGonthier
4169,66,PCCory
4169,67,BMcLachlin
4169,69,FIacobucci
4169,70,JCMajor
4170,59,ALamer
4170,64,JSopinka
4170,67,BMcLachlin
4170,69,FIacobucci
4170,70,JCMajor
4171,59,ALamer
4171,64,JSopinka
4171,67,BMcLachlin
4171,69,FIacobucci
4171,70,JCMajor
4172,59,ALamer
4172,62,GLForest
4172,63,CLHDube
4172,64,JSopinka
4172,65,CDGonthier
4172,66,PCCory
4172,67,BMcLachlin
4172,69,FIacobucci
4172,70,JCMajor
4173,62,GLForest
4173,63,CLHDube
4173,64,JSopinka
4173,65,CDGonthier
4173,66,PCCory
4173,67,BMcLachlin
4173,69,FIacobucci
4174,62,GLForest
4174,64,JSopinka
4174,65,CDGonthier
4174,66,PCCory
4174,67,BMcLachlin
4174,69,FIacobucci
4174,70,JCMajor
4175,59,ALamer
4175,62,GLForest
4175,64,JSopinka
4175,65,CDGonthier
4175,66,PCCory
4175,67,BMcLachlin
4175,69,FIacobucci
4176,63,CLHDube
4176,64,JSopinka
4176,65,CDGonthier
4176,66,PCCory
4176,67,BMcLachlin
4176,69,FIacobucci
4176,70,JCMajor
4177,64,JSopinka
4177,66,PCCory
4177,67,BMcLachlin
4177,69,FIacobucci
4177,70,JCMajor
4178,62,GLForest
4178,64,JSopinka
4178,65,CDGonthier
4178,66,PCCory
4178,67,BMcLachlin
4178,69,FIacobucci
4178,70,JCMajor
4179,64,JSopinka
4179,66,PCCory
4179,67,BMcLachlin
4179,69,FIacobucci
4179,70,JCMajor
4180,63,CLHDube
4180,64,JSopinka
4180,65,CDGonthier
4180,66,PCCory
4180,67,BMcLachlin
4180,69,FIacobucci
4180,70,JCMajor
4181,62,GLForest
4181,64,JSopinka
4181,65,CDGonthier
4181,66,PCCory
4181,67,BMcLachlin
4181,69,FIacobucci
4181,70,JCMajor
4182,59,ALamer
4182,62,GLForest
4182,63,CLHDube
4182,64,JSopinka
4182,65,CDGonthier
4182,66,PCCory
4182,67,BMcLachlin
4182,69,FIacobucci
4182,70,JCMajor
4183,59,ALamer
4183,62,GLForest
4183,63,CLHDube
4183,64,JSopinka
4183,65,CDGonthier
4183,66,PCCory
4183,67,BMcLachlin
4183,69,FIacobucci
4183,70,JCMajor
4184,59,ALamer
4184,62,GLForest
4184,63,CLHDube
4184,64,JSopinka
4184,65,CDGonthier
4184,66,PCCory
4184,67,BMcLachlin
4184,69,FIacobucci
4184,70,JCMajor
4185,59,ALamer
4185,62,GLForest
4185,63,CLHDube
4185,64,JSopinka
4185,65,CDGonthier
4185,66,PCCory
4185,67,BMcLachlin
4185,69,FIacobucci
4185,70,JCMajor
4186,59,ALamer
4186,62,GLForest
4186,63,CLHDube
4186,64,JSopinka
4186,65,CDGonthier
4186,66,PCCory
4186,67,BMcLachlin
4186,69,FIacobucci
4186,70,JCMajor
4187,64,JSopinka
4187,66,PCCory
4187,67,BMcLachlin
4187,69,FIacobucci
4187,70,JCMajor
4188,64,JSopinka
4188,66,PCCory
4188,67,BMcLachlin
4188,69,FIacobucci
4188,70,JCMajor
4189,59,ALamer
4189,62,GLForest
4189,63,CLHDube
4189,64,JSopinka
4189,65,CDGonthier
4189,66,PCCory
4189,67,BMcLachlin
4189,69,FIacobucci
4189,70,JCMajor
4190,59,ALamer
4190,62,GLForest
4190,63,CLHDube
4190,64,JSopinka
4190,65,CDGonthier
4190,66,PCCory
4190,67,BMcLachlin
4190,69,FIacobucci
4190,70,JCMajor
4191,59,ALamer
4191,62,GLForest
4191,63,CLHDube
4191,64,JSopinka
4191,65,CDGonthier
4191,66,PCCory
4191,67,BMcLachlin
4191,69,FIacobucci
4191,70,JCMajor
4192,59,ALamer
4192,62,GLForest
4192,63,CLHDube
4192,64,JSopinka
4192,65,CDGonthier
4192,66,PCCory
4192,70,JCMajor
4193,65,CDGonthier
4193,66,PCCory
4193,67,BMcLachlin
4193,69,FIacobucci
4193,70,JCMajor
4194,65,CDGonthier
4194,66,PCCory
4194,67,BMcLachlin
4194,69,FIacobucci
4194,70,JCMajor
4195,62,GLForest
4195,64,JSopinka
4195,65,CDGonthier
4195,66,PCCory
4195,67,BMcLachlin
4195,69,FIacobucci
4195,70,JCMajor
4196,59,ALamer
4196,62,GLForest
4196,63,CLHDube
4196,64,JSopinka
4196,65,CDGonthier
4196,66,PCCory
4196,67,BMcLachlin
4196,69,FIacobucci
4196,70,JCMajor
4197,59,ALamer
4197,62,GLForest
4197,63,CLHDube
4197,64,JSopinka
4197,65,CDGonthier
4197,66,PCCory
4197,67,BMcLachlin
4197,69,FIacobucci
4197,70,JCMajor
4198,59,ALamer
4198,63,CLHDube
4198,64,JSopinka
4198,66,PCCory
4198,67,BMcLachlin
4198,69,FIacobucci
4198,70,JCMajor
4199,59,ALamer
4199,62,GLForest
4199,63,CLHDube
4199,64,JSopinka
4199,65,CDGonthier
4199,66,PCCory
4199,67,BMcLachlin
4199,69,FIacobucci
4199,70,JCMajor
4200,62,GLForest
4200,63,CLHDube
4200,64,JSopinka
4200,65,CDGonthier
4200,70,JCMajor
4201,59,ALamer
4201,62,GLForest
4201,63,CLHDube
4201,64,JSopinka
4201,65,CDGonthier
4201,66,PCCory
4201,67,BMcLachlin
4201,69,FIacobucci
4201,70,JCMajor
4202,59,ALamer
4202,63,CLHDube
4202,64,JSopinka
4202,69,FIacobucci
4202,70,JCMajor
4203,64,JSopinka
4203,65,CDGonthier
4203,66,PCCory
4203,69,FIacobucci
4203,70,JCMajor
4204,59,ALamer
4204,62,GLForest
4204,63,CLHDube
4204,64,JSopinka
4204,65,CDGonthier
4204,66,PCCory
4204,67,BMcLachlin
4204,69,FIacobucci
4204,70,JCMajor
4205,59,ALamer
4205,62,GLForest
4205,63,CLHDube
4205,64,JSopinka
4205,65,CDGonthier
4206,59,ALamer
4206,62,GLForest
4206,63,CLHDube
4206,65,CDGonthier
4206,66,PCCory
4207,62,GLForest
4207,63,CLHDube
4207,64,JSopinka
4207,65,CDGonthier
4207,66,PCCory
4207,67,BMcLachlin
4207,69,FIacobucci
4208,59,ALamer
4208,62,GLForest
4208,63,CLHDube
4208,64,JSopinka
4208,65,CDGonthier
4208,66,PCCory
4208,67,BMcLachlin
4208,69,FIacobucci
4208,70,JCMajor
4209,59,ALamer
4209,62,GLForest
4209,63,CLHDube
4209,64,JSopinka
4209,65,CDGonthier
4209,66,PCCory
4209,67,BMcLachlin
4209,69,FIacobucci
4209,70,JCMajor
4210,59,ALamer
4210,62,GLForest
4210,63,CLHDube
4210,65,CDGonthier
4210,66,PCCory
4211,63,CLHDube
4211,64,JSopinka
4211,65,CDGonthier
4211,66,PCCory
4211,67,BMcLachlin
4211,69,FIacobucci
4211,70,JCMajor
4212,59,ALamer
4212,62,GLForest
4212,63,CLHDube
4212,64,JSopinka
4212,65,CDGonthier
4212,66,PCCory
4212,67,BMcLachlin
4212,69,FIacobucci
4212,70,JCMajor
4213,59,ALamer
4213,62,GLForest
4213,63,CLHDube
4213,64,JSopinka
4213,65,CDGonthier
4213,66,PCCory
4213,67,BMcLachlin
4213,69,FIacobucci
4213,70,JCMajor
4214,62,GLForest
4214,63,CLHDube
4214,64,JSopinka
4214,65,CDGonthier
4214,66,PCCory
4214,67,BMcLachlin
4214,70,JCMajor
4215,64,JSopinka
4215,66,PCCory
4215,67,BMcLachlin
4215,69,FIacobucci
4215,70,JCMajor
4216,59,ALamer
4216,62,GLForest
4216,63,CLHDube
4216,64,JSopinka
4216,65,CDGonthier
4216,66,PCCory
4216,67,BMcLachlin
4216,69,FIacobucci
4216,70,JCMajor
4217,62,GLForest
4217,64,JSopinka
4217,65,CDGonthier
4217,66,PCCory
4217,67,BMcLachlin
4217,69,FIacobucci
4217,70,JCMajor
4218,59,ALamer
4218,62,GLForest
4218,63,CLHDube
4218,64,JSopinka
4218,65,CDGonthier
4218,66,PCCory
4218,67,BMcLachlin
4218,69,FIacobucci
4218,70,JCMajor
4219,62,GLForest
4219,64,JSopinka
4219,65,CDGonthier
4219,66,PCCory
4219,67,BMcLachlin
4219,69,FIacobucci
4219,70,JCMajor
4220,59,ALamer
4220,62,GLForest
4220,63,CLHDube
4220,64,JSopinka
4220,65,CDGonthier
4220,66,PCCory
4220,67,BMcLachlin
4220,69,FIacobucci
4220,70,JCMajor
4221,59,ALamer
4221,62,GLForest
4221,63,CLHDube
4221,64,JSopinka
4221,65,CDGonthier
4221,66,PCCory
4221,67,BMcLachlin
4221,69,FIacobucci
4221,70,JCMajor
4222,59,ALamer
4222,62,GLForest
4222,63,CLHDube
4222,64,JSopinka
4222,65,CDGonthier
4222,66,PCCory
4222,67,BMcLachlin
4222,69,FIacobucci
4222,70,JCMajor
4223,64,JSopinka
4223,65,CDGonthier
4223,66,PCCory
4223,67,BMcLachlin
4223,70,JCMajor
4224,59,ALamer
4224,62,GLForest
4224,63,CLHDube
4224,65,CDGonthier
4224,67,BMcLachlin
4225,59,ALamer
4225,62,GLForest
4225,63,CLHDube
4225,65,CDGonthier
4225,67,BMcLachlin
4226,64,JSopinka
4226,66,PCCory
4226,67,BMcLachlin
4226,69,FIacobucci
4226,70,JCMajor
4227,59,ALamer
4227,62,GLForest
4227,63,CLHDube
4227,64,JSopinka
4227,65,CDGonthier
4227,66,PCCory
4227,67,BMcLachlin
4227,69,FIacobucci
4227,70,JCMajor
4228,59,ALamer
4228,65,CDGonthier
4228,67,BMcLachlin
4228,69,FIacobucci
4228,70,JCMajor
4229,59,ALamer
4229,64,JSopinka
4229,65,CDGonthier
4229,66,PCCory
4229,67,BMcLachlin
4229,69,FIacobucci
4229,70,JCMajor
4230,59,ALamer
4230,62,GLForest
4230,63,CLHDube
4230,64,JSopinka
4230,65,CDGonthier
4230,66,PCCory
4230,67,BMcLachlin
4230,69,FIacobucci
4230,70,JCMajor
4231,62,GLForest
4231,63,CLHDube
4231,64,JSopinka
4231,66,PCCory
4231,67,BMcLachlin
4231,69,FIacobucci
4231,70,JCMajor
4232,59,ALamer
4232,62,GLForest
4232,63,CLHDube
4232,64,JSopinka
4232,65,CDGonthier
4232,66,PCCory
4232,67,BMcLachlin
4232,69,FIacobucci
4232,70,JCMajor
4233,62,GLForest
4233,63,CLHDube
4233,64,JSopinka
4233,65,CDGonthier
4233,66,PCCory
4233,69,FIacobucci
4233,70,JCMajor
4234,62,GLForest
4234,63,CLHDube
4234,64,JSopinka
4234,65,CDGonthier
4234,66,PCCory
4234,67,BMcLachlin
4234,69,FIacobucci
4235,59,ALamer
4235,62,GLForest
4235,63,CLHDube
4235,64,JSopinka
4235,66,PCCory
4235,69,FIacobucci
4235,70,JCMajor
4236,59,ALamer
4236,62,GLForest
4236,63,CLHDube
4236,64,JSopinka
4236,65,CDGonthier
4236,66,PCCory
4236,67,BMcLachlin
4236,69,FIacobucci
4236,70,JCMajor
4237,59,ALamer
4237,62,GLForest
4237,63,CLHDube
4237,64,JSopinka
4237,65,CDGonthier
4237,66,PCCory
4237,67,BMcLachlin
4237,69,FIacobucci
4237,70,JCMajor
4238,59,ALamer
4238,62,GLForest
4238,63,CLHDube
4238,64,JSopinka
4238,65,CDGonthier
4238,66,PCCory
4238,67,BMcLachlin
4238,69,FIacobucci
4238,70,JCMajor
4239,59,ALamer
4239,62,GLForest
4239,63,CLHDube
4239,64,JSopinka
4239,65,CDGonthier
4239,66,PCCory
4239,67,BMcLachlin
4239,69,FIacobucci
4239,70,JCMajor
4240,59,ALamer
4240,62,GLForest
4240,63,CLHDube
4240,64,JSopinka
4240,65,CDGonthier
4240,66,PCCory
4240,67,BMcLachlin
4240,69,FIacobucci
4240,70,JCMajor
4241,59,ALamer
4241,63,CLHDube
4241,64,JSopinka
4241,66,PCCory
4241,67,BMcLachlin
4241,69,FIacobucci
4241,70,JCMajor
4242,59,ALamer
4242,63,CLHDube
4242,64,JSopinka
4242,65,CDGonthier
4242,67,BMcLachlin
4242,69,FIacobucci
4242,70,JCMajor
4243,59,ALamer
4243,62,GLForest
4243,63,CLHDube
4243,64,JSopinka
4243,65,CDGonthier
4244,62,GLForest
4244,63,CLHDube
4244,64,JSopinka
4244,65,CDGonthier
4244,66,PCCory
4244,67,BMcLachlin
4244,70,JCMajor
4245,62,GLForest
4245,63,CLHDube
4245,64,JSopinka
4245,65,CDGonthier
4245,66,PCCory
4245,67,BMcLachlin
4245,69,FIacobucci
4246,59,ALamer
4246,62,GLForest
4246,63,CLHDube
4246,64,JSopinka
4246,65,CDGonthier
4246,67,BMcLachlin
4246,70,JCMajor
4247,59,ALamer
4247,62,GLForest
4247,63,CLHDube
4247,64,JSopinka
4247,65,CDGonthier
4247,66,PCCory
4247,67,BMcLachlin
4247,69,FIacobucci
4247,70,JCMajor
4248,59,ALamer
4248,62,GLForest
4248,63,CLHDube
4248,64,JSopinka
4248,65,CDGonthier
4248,66,PCCory
4248,69,FIacobucci
4249,59,ALamer
4249,62,GLForest
4249,63,CLHDube
4249,64,JSopinka
4249,65,CDGonthier
4249,66,PCCory
4249,67,BMcLachlin
4249,69,FIacobucci
4249,70,JCMajor
4250,59,ALamer
4250,62,GLForest
4250,63,CLHDube
4250,64,JSopinka
4250,65,CDGonthier
4250,66,PCCory
4250,67,BMcLachlin
4250,69,FIacobucci
4250,70,JCMajor
4251,59,ALamer
4251,62,GLForest
4251,63,CLHDube
4251,64,JSopinka
4251,65,CDGonthier
4251,66,PCCory
4251,67,BMcLachlin
4251,69,FIacobucci
4251,70,JCMajor
4252,59,ALamer
4252,62,GLForest
4252,63,CLHDube
4252,64,JSopinka
4252,65,CDGonthier
4252,66,PCCory
4252,67,BMcLachlin
4252,69,FIacobucci
4252,70,JCMajor
4253,59,ALamer
4253,62,GLForest
4253,63,CLHDube
4253,64,JSopinka
4253,65,CDGonthier
4253,66,PCCory
4253,67,BMcLachlin
4253,69,FIacobucci
4253,70,JCMajor
4254,59,ALamer
4254,62,GLForest
4254,63,CLHDube
4254,64,JSopinka
4254,65,CDGonthier
4254,66,PCCory
4254,67,BMcLachlin
4254,69,FIacobucci
4254,70,JCMajor
4255,63,CLHDube
4255,64,JSopinka
4255,65,CDGonthier
4255,66,PCCory
4255,67,BMcLachlin
4255,69,FIacobucci
4255,70,JCMajor
4256,59,ALamer
4256,62,GLForest
4256,63,CLHDube
4256,64,JSopinka
4256,65,CDGonthier
4256,66,PCCory
4256,67,BMcLachlin
4256,69,FIacobucci
4256,70,JCMajor
4257,59,ALamer
4257,62,GLForest
4257,63,CLHDube
4257,64,JSopinka
4257,65,CDGonthier
4257,66,PCCory
4257,67,BMcLachlin
4257,69,FIacobucci
4257,70,JCMajor
4258,59,ALamer
4258,62,GLForest
4258,63,CLHDube
4258,64,JSopinka
4258,65,CDGonthier
4258,66,PCCory
4258,67,BMcLachlin
4258,69,FIacobucci
4258,70,JCMajor
4259,59,ALamer
4259,63,CLHDube
4259,66,PCCory
4259,69,FIacobucci
4259,70,JCMajor
4260,63,CLHDube
4260,65,CDGonthier
4260,66,PCCory
4260,67,BMcLachlin
4260,69,FIacobucci
4260,70,JCMajor
4260,71,MBastarache
4261,64,JSopinka
4261,65,CDGonthier
4261,66,PCCory
4261,67,BMcLachlin
4261,69,FIacobucci
4262,64,JSopinka
4262,65,CDGonthier
4262,66,PCCory
4262,67,BMcLachlin
4262,70,JCMajor
4263,59,ALamer
4263,62,GLForest
4263,63,CLHDube
4263,64,JSopinka
4263,65,CDGonthier
4263,66,PCCory
4263,67,BMcLachlin
4263,69,FIacobucci
4263,70,JCMajor
4264,62,GLForest
4264,64,JSopinka
4264,65,CDGonthier
4264,66,PCCory
4264,67,BMcLachlin
4264,69,FIacobucci
4264,70,JCMajor
4265,62,GLForest
4265,64,JSopinka
4265,65,CDGonthier
4265,66,PCCory
4265,67,BMcLachlin
4265,69,FIacobucci
4265,70,JCMajor
4266,59,ALamer
4266,62,GLForest
4266,63,CLHDube
4266,64,JSopinka
4266,65,CDGonthier
4266,66,PCCory
4266,67,BMcLachlin
4266,69,FIacobucci
4266,70,JCMajor
4267,59,ALamer
4267,62,GLForest
4267,63,CLHDube
4267,64,JSopinka
4267,65,CDGonthier
4267,66,PCCory
4267,67,BMcLachlin
4267,69,FIacobucci
4267,70,JCMajor
4268,59,ALamer
4268,63,CLHDube
4268,64,JSopinka
4268,65,CDGonthier
4268,66,PCCory
4268,67,BMcLachlin
4268,69,FIacobucci
4268,70,JCMajor
4268,71,MBastarache
4269,63,CLHDube
4269,65,CDGonthier
4269,67,BMcLachlin
4269,69,FIacobucci
4269,71,MBastarache
4270,63,CLHDube
4270,65,CDGonthier
4270,67,BMcLachlin
4270,69,FIacobucci
4270,71,MBastarache
4271,63,CLHDube
4271,65,CDGonthier
4271,66,PCCory
4271,67,BMcLachlin
4271,70,JCMajor
4272,59,ALamer
4272,63,CLHDube
4272,65,CDGonthier
4272,66,PCCory
4272,67,BMcLachlin
4272,69,FIacobucci
4272,70,JCMajor
4273,66,PCCory
4273,67,BMcLachlin
4273,69,FIacobucci
4273,70,JCMajor
4273,71,MBastarache
4274,59,ALamer
4274,66,PCCory
4274,67,BMcLachlin
4274,69,FIacobucci
4274,70,JCMajor
4275,64,JSopinka
4275,66,PCCory
4275,67,BMcLachlin
4275,69,FIacobucci
4275,70,JCMajor
4276,64,JSopinka
4276,66,PCCory
4276,67,BMcLachlin
4276,69,FIacobucci
4276,70,JCMajor
4277,59,ALamer
4277,62,GLForest
4277,63,CLHDube
4277,64,JSopinka
4277,66,PCCory
4277,67,BMcLachlin
4277,70,JCMajor
4278,62,GLForest
4278,64,JSopinka
4278,65,CDGonthier
4278,66,PCCory
4278,67,BMcLachlin
4278,69,FIacobucci
4278,70,JCMajor
4279,64,JSopinka
4279,66,PCCory
4279,67,BMcLachlin
4279,69,FIacobucci
4279,70,JCMajor
4280,63,CLHDube
4280,64,JSopinka
4280,65,CDGonthier
4280,66,PCCory
4280,67,BMcLachlin
4280,69,FIacobucci
4280,70,JCMajor
4281,63,CLHDube
4281,65,CDGonthier
4281,66,PCCory
4281,67,BMcLachlin
4281,69,FIacobucci
4281,70,JCMajor
4281,71,MBastarache
4282,59,ALamer
4282,63,CLHDube
4282,65,CDGonthier
4282,66,PCCory
4282,67,BMcLachlin
4282,70,JCMajor
4282,71,MBastarache
4283,65,CDGonthier
4283,66,PCCory
4283,67,BMcLachlin
4283,69,FIacobucci
4283,70,JCMajor
4284,59,ALamer
4284,66,PCCory
4284,67,BMcLachlin
4284,69,FIacobucci
4284,70,JCMajor
4285,59,ALamer
4285,66,PCCory
4285,69,FIacobucci
4285,70,JCMajor
4285,71,MBastarache
4286,59,ALamer
4286,65,CDGonthier
4286,66,PCCory
4286,67,BMcLachlin
4286,69,FIacobucci
4286,70,JCMajor
4286,71,MBastarache
4287,63,CLHDube
4287,66,PCCory
4287,67,BMcLachlin
4287,69,FIacobucci
4287,70,JCMajor
4288,63,CLHDube
4288,66,PCCory
4288,67,BMcLachlin
4288,69,FIacobucci
4288,70,JCMajor
4289,59,ALamer
4289,63,CLHDube
4289,66,PCCory
4289,67,BMcLachlin
4289,69,FIacobucci
4289,70,JCMajor
4289,71,MBastarache
4290,66,PCCory
4290,67,BMcLachlin
4290,69,FIacobucci
4290,70,JCMajor
4290,71,MBastarache
4291,59,ALamer
4291,63,CLHDube
4291,65,CDGonthier
4291,66,PCCory
4291,69,FIacobucci
4292,59,ALamer
4292,63,CLHDube
4292,65,CDGonthier
4292,69,FIacobucci
4292,71,MBastarache
4293,65,CDGonthier
4293,66,PCCory
4293,69,FIacobucci
4293,70,JCMajor
4293,71,MBastarache
4294,65,CDGonthier
4294,66,PCCory
4294,69,FIacobucci
4294,70,JCMajor
4294,71,MBastarache
4295,65,CDGonthier
4295,66,PCCory
4295,69,FIacobucci
4295,70,JCMajor
4295,71,MBastarache
4296,63,CLHDube
4296,64,JSopinka
4296,65,CDGonthier
4296,66,PCCory
4296,67,BMcLachlin
4296,69,FIacobucci
4296,70,JCMajor
4297,59,ALamer
4297,63,CLHDube
4297,64,JSopinka
4297,66,PCCory
4297,67,BMcLachlin
4297,69,FIacobucci
4297,70,JCMajor
4298,65,CDGonthier
4298,66,PCCory
4298,67,BMcLachlin
4298,69,FIacobucci
4298,70,JCMajor
4299,65,CDGonthier
4299,66,PCCory
4299,67,BMcLachlin
4299,69,FIacobucci
4299,70,JCMajor
4300,65,CDGonthier
4300,66,PCCory
4300,67,BMcLachlin
4300,69,FIacobucci
4300,70,JCMajor
4301,65,CDGonthier
4301,66,PCCory
4301,67,BMcLachlin
4301,69,FIacobucci
4301,70,JCMajor
4302,65,CDGonthier
4302,66,PCCory
4302,67,BMcLachlin
4302,69,FIacobucci
4302,70,JCMajor
4303,59,ALamer
4303,65,CDGonthier
4303,66,PCCory
4303,67,BMcLachlin
4303,69,FIacobucci
4303,70,JCMajor
4303,71,MBastarache
4304,59,ALamer
4304,63,CLHDube
4304,65,CDGonthier
4304,66,PCCory
4304,67,BMcLachlin
4304,69,FIacobucci
4304,71,MBastarache
4305,66,PCCory
4305,67,BMcLachlin
4305,70,JCMajor
4305,71,MBastarache
4305,72,WICBinnie
4306,63,CLHDube
4306,66,PCCory
4306,67,BMcLachlin
4306,69,FIacobucci
4306,70,JCMajor
4306,71,MBastarache
4306,72,WICBinnie
4307,63,CLHDube
4307,65,CDGonthier
4307,66,PCCory
4307,67,BMcLachlin
4307,69,FIacobucci
4307,70,JCMajor
4307,71,MBastarache
4308,65,CDGonthier
4308,66,PCCory
4308,67,BMcLachlin
4308,69,FIacobucci
4308,70,JCMajor
4309,59,ALamer
4309,63,CLHDube
4309,64,JSopinka
4309,65,CDGonthier
4309,66,PCCory
4309,67,BMcLachlin
4309,69,FIacobucci
4309,70,JCMajor
4309,71,MBastarache
4310,59,ALamer
4310,63,CLHDube
4310,64,JSopinka
4310,65,CDGonthier
4310,66,PCCory
4310,67,BMcLachlin
4310,69,FIacobucci
4310,70,JCMajor
4310,71,MBastarache
4311,66,PCCory
4311,67,BMcLachlin
4311,69,FIacobucci
4311,70,JCMajor
4311,71,MBastarache
4312,63,CLHDube
4312,65,CDGonthier
4312,67,BMcLachlin
4312,70,JCMajor
4312,71,MBastarache
4313,59,ALamer
4313,63,CLHDube
4313,65,CDGonthier
4313,66,PCCory
4313,69,FIacobucci
4313,70,JCMajor
4313,71,MBastarache
4314,63,CLHDube
4314,66,PCCory
4314,69,FIacobucci
4314,70,JCMajor
4314,72,WICBinnie
4315,59,ALamer
4315,66,PCCory
4315,69,FIacobucci
4315,70,JCMajor
4315,72,WICBinnie
4316,59,ALamer
4316,63,CLHDube
4316,65,CDGonthier
4316,66,PCCory
4316,67,BMcLachlin
4316,69,FIacobucci
4316,71,MBastarache
4317,59,ALamer
4317,63,CLHDube
4317,65,CDGonthier
4317,66,PCCory
4317,67,BMcLachlin
4317,69,FIacobucci
4317,71,MBastarache
4318,59,ALamer
4318,65,CDGonthier
4318,66,PCCory
4318,67,BMcLachlin
4318,69,FIacobucci
4318,70,JCMajor
4318,71,MBastarache
4319,66,PCCory
4319,67,BMcLachlin
4319,69,FIacobucci
4319,70,JCMajor
4319,72,WICBinnie
4320,63,CLHDube
4320,65,CDGonthier
4320,66,PCCory
4320,67,BMcLachlin
4320,69,FIacobucci
4320,70,JCMajor
4320,71,MBastarache
4321,63,CLHDube
4321,65,CDGonthier
4321,67,BMcLachlin
4321,71,MBastarache
4321,72,WICBinnie
4322,63,CLHDube
4322,65,CDGonthier
4322,67,BMcLachlin
4322,71,MBastarache
4322,72,WICBinnie
4323,59,ALamer
4323,63,CLHDube
4323,65,CDGonthier
4323,66,PCCory
4323,69,FIacobucci
4323,70,JCMajor
4323,71,MBastarache
4324,59,ALamer
4324,63,CLHDube
4324,65,CDGonthier
4324,67,BMcLachlin
4324,69,FIacobucci
4324,71,MBastarache
4324,72,WICBinnie
4325,63,CLHDube
4325,65,CDGonthier
4325,67,BMcLachlin
4325,69,FIacobucci
4325,70,JCMajor
4325,71,MBastarache
4325,72,WICBinnie
4326,59,ALamer
4326,63,CLHDube
4326,64,JSopinka
4326,65,CDGonthier
4326,66,PCCory
4326,67,BMcLachlin
4326,69,FIacobucci
4326,70,JCMajor
4326,71,MBastarache
4327,63,CLHDube
4327,65,CDGonthier
4327,70,JCMajor
4327,71,MBastarache
4327,72,WICBinnie
4328,63,CLHDube
4328,64,JSopinka
4328,65,CDGonthier
4328,66,PCCory
4328,67,BMcLachlin
4328,70,JCMajor
4328,71,MBastarache
4329,63,CLHDube
4329,65,CDGonthier
4329,66,PCCory
4329,67,BMcLachlin
4329,69,FIacobucci
4329,70,JCMajor
4329,71,MBastarache
4330,63,CLHDube
4330,65,CDGonthier
4330,66,PCCory
4330,67,BMcLachlin
4330,69,FIacobucci
4330,70,JCMajor
4330,71,MBastarache
4331,59,ALamer
4331,63,CLHDube
4331,65,CDGonthier
4331,66,PCCory
4331,67,BMcLachlin
4331,69,FIacobucci
4331,70,JCMajor
4331,71,MBastarache
4331,72,WICBinnie
4332,59,ALamer
4332,65,CDGonthier
4332,66,PCCory
4332,67,BMcLachlin
4332,69,FIacobucci
4332,70,JCMajor
4332,72,WICBinnie
4333,59,ALamer
4333,63,CLHDube
4333,65,CDGonthier
4333,66,PCCory
4333,67,BMcLachlin
4333,69,FIacobucci
4333,70,JCMajor
4333,71,MBastarache
4333,72,WICBinnie
4334,66,PCCory
4334,67,BMcLachlin
4334,69,FIacobucci
4334,70,JCMajor
4334,71,MBastarache
4335,63,CLHDube
4335,65,CDGonthier
4335,67,BMcLachlin
4335,71,MBastarache
4335,72,WICBinnie
4336,59,ALamer
4336,63,CLHDube
4336,65,CDGonthier
4336,67,BMcLachlin
4336,71,MBastarache
4337,63,CLHDube
4337,65,CDGonthier
4337,66,PCCory
4337,67,BMcLachlin
4337,69,FIacobucci
4337,70,JCMajor
4337,71,MBastarache
4338,63,CLHDube
4338,65,CDGonthier
4338,66,PCCory
4338,67,BMcLachlin
4338,69,FIacobucci
4338,70,JCMajor
4338,71,MBastarache
4339,63,CLHDube
4339,65,CDGonthier
4339,66,PCCory
4339,67,BMcLachlin
4339,70,JCMajor
4339,71,MBastarache
4339,72,WICBinnie
4340,63,CLHDube
4340,65,CDGonthier
4340,66,PCCory
4340,67,BMcLachlin
4340,70,JCMajor
4340,71,MBastarache
4340,72,WICBinnie
4341,59,ALamer
4341,63,CLHDube
4341,65,CDGonthier
4341,66,PCCory
4341,67,BMcLachlin
4341,69,FIacobucci
4341,70,JCMajor
4341,71,MBastarache
4341,72,WICBinnie
4342,63,CLHDube
4342,65,CDGonthier
4342,66,PCCory
4342,67,BMcLachlin
4342,69,FIacobucci
4342,70,JCMajor
4342,71,MBastarache
4343,63,CLHDube
4343,65,CDGonthier
4343,66,PCCory
4343,67,BMcLachlin
4343,69,FIacobucci
4343,70,JCMajor
4343,71,MBastarache
4344,63,CLHDube
4344,65,CDGonthier
4344,66,PCCory
4344,67,BMcLachlin
4344,70,JCMajor
4344,71,MBastarache
4344,72,WICBinnie
4345,59,ALamer
4345,63,CLHDube
4345,65,CDGonthier
4345,66,PCCory
4345,69,FIacobucci
4346,63,CLHDube
4346,65,CDGonthier
4346,66,PCCory
4346,67,BMcLachlin
4346,70,JCMajor
4346,71,MBastarache
4347,59,ALamer
4347,63,CLHDube
4347,65,CDGonthier
4347,66,PCCory
4347,67,BMcLachlin
4347,69,FIacobucci
4347,70,JCMajor
4347,71,MBastarache
4347,72,WICBinnie
4348,59,ALamer
4348,63,CLHDube
4348,65,CDGonthier
4348,66,PCCory
4348,67,BMcLachlin
4348,69,FIacobucci
4348,70,JCMajor
4348,71,MBastarache
4348,72,WICBinnie
4349,59,ALamer
4349,63,CLHDube
4349,65,CDGonthier
4349,66,PCCory
4349,67,BMcLachlin
4349,69,FIacobucci
4349,70,JCMajor
4349,71,MBastarache
4349,72,WICBinnie
4350,63,CLHDube
4350,65,CDGonthier
4350,66,PCCory
4350,67,BMcLachlin
4350,69,FIacobucci
4350,70,JCMajor
4350,72,WICBinnie
4351,65,CDGonthier
4351,66,PCCory
4351,67,BMcLachlin
4351,69,FIacobucci
4351,70,JCMajor
4351,71,MBastarache
4351,72,WICBinnie
4352,66,PCCory
4352,67,BMcLachlin
4352,69,FIacobucci
4352,70,JCMajor
4352,71,MBastarache
4353,59,ALamer
4353,63,CLHDube
4353,65,CDGonthier
4353,66,PCCory
4353,67,BMcLachlin
4353,69,FIacobucci
4353,70,JCMajor
4353,71,MBastarache
4353,72,WICBinnie
4354,59,ALamer
4354,63,CLHDube
4354,65,CDGonthier
4354,67,BMcLachlin
4354,69,FIacobucci
4354,71,MBastarache
4354,72,WICBinnie
4355,59,ALamer
4355,63,CLHDube
4355,65,CDGonthier
4355,66,PCCory
4355,67,BMcLachlin
4355,70,JCMajor
4355,71,MBastarache
4356,59,ALamer
4356,63,CLHDube
4356,65,CDGonthier
4356,66,PCCory
4356,67,BMcLachlin
4356,70,JCMajor
4356,71,MBastarache
4357,63,CLHDube
4357,66,PCCory
4357,67,BMcLachlin
4357,69,FIacobucci
4357,70,JCMajor
4357,71,MBastarache
4357,72,WICBinnie
4358,63,CLHDube
4358,66,PCCory
4358,67,BMcLachlin
4358,69,FIacobucci
4358,70,JCMajor
4358,71,MBastarache
4358,72,WICBinnie
4359,59,ALamer
4359,63,CLHDube
4359,65,CDGonthier
4359,66,PCCory
4359,67,BMcLachlin
4359,69,FIacobucci
4359,70,JCMajor
4359,71,MBastarache
4359,72,WICBinnie
4360,63,CLHDube
4360,65,CDGonthier
4360,67,BMcLachlin
4360,69,FIacobucci
4360,71,MBastarache
4361,59,ALamer
4361,63,CLHDube
4361,65,CDGonthier
4361,66,PCCory
4361,67,BMcLachlin
4361,69,FIacobucci
4361,70,JCMajor
4361,71,MBastarache
4361,72,WICBinnie
4362,59,ALamer
4362,63,CLHDube
4362,65,CDGonthier
4362,66,PCCory
4362,67,BMcLachlin
4362,69,FIacobucci
4362,70,JCMajor
4362,71,MBastarache
4362,72,WICBinnie
4363,63,CLHDube
4363,65,CDGonthier
4363,66,PCCory
4363,67,BMcLachlin
4363,69,FIacobucci
4363,70,JCMajor
4363,71,MBastarache
4364,59,ALamer
4364,63,CLHDube
4364,65,CDGonthier
4364,66,PCCory
4364,67,BMcLachlin
4364,69,FIacobucci
4364,70,JCMajor
4364,71,MBastarache
4364,72,WICBinnie
4365,66,PCCory
4365,67,BMcLachlin
4365,69,FIacobucci
4365,70,JCMajor
4365,71,MBastarache
4366,66,PCCory
4366,67,BMcLachlin
4366,69,FIacobucci
4366,70,JCMajor
4366,71,MBastarache
4367,59,ALamer
4367,63,CLHDube
4367,65,CDGonthier
4367,66,PCCory
4367,67,BMcLachlin
4367,69,FIacobucci
4367,70,JCMajor
4367,71,MBastarache
4367,72,WICBinnie
4368,59,ALamer
4368,63,CLHDube
4368,65,CDGonthier
4368,66,PCCory
4368,67,BMcLachlin
4368,69,FIacobucci
4368,70,JCMajor
4368,71,MBastarache
4368,72,WICBinnie
4369,59,ALamer
4369,63,CLHDube
4369,65,CDGonthier
4369,66,PCCory
4369,67,BMcLachlin
4369,69,FIacobucci
4369,70,JCMajor
4369,71,MBastarache
4369,72,WICBinnie
4370,59,ALamer
4370,63,CLHDube
4370,65,CDGonthier
4370,66,PCCory
4370,69,FIacobucci
4371,63,CLHDube
4371,65,CDGonthier
4371,66,PCCory
4371,69,FIacobucci
4371,70,JCMajor
4371,71,MBastarache
4371,72,WICBinnie
4372,59,ALamer
4372,63,CLHDube
4372,65,CDGonthier
4372,67,BMcLachlin
4372,70,JCMajor
4372,71,MBastarache
4372,72,WICBinnie
4373,59,ALamer
4373,63,CLHDube
4373,65,CDGonthier
4373,66,PCCory
4373,67,BMcLachlin
4373,69,FIacobucci
4373,71,MBastarache
4374,63,CLHDube
4374,65,CDGonthier
4374,66,PCCory
4374,67,BMcLachlin
4374,69,FIacobucci
4374,70,JCMajor
4374,71,MBastarache
4375,59,ALamer
4375,63,CLHDube
4375,65,CDGonthier
4375,66,PCCory
4375,67,BMcLachlin
4375,69,FIacobucci
4375,70,JCMajor
4375,71,MBastarache
4375,72,WICBinnie
4376,63,CLHDube
4376,67,BMcLachlin
4376,69,FIacobucci
4376,70,JCMajor
4376,71,MBastarache
4376,72,WICBinnie
4377,65,CDGonthier
4377,66,PCCory
4377,67,BMcLachlin
4377,69,FIacobucci
4377,70,JCMajor
4377,71,MBastarache
4377,72,WICBinnie
4378,59,ALamer
4378,65,CDGonthier
4378,66,PCCory
4378,69,FIacobucci
4378,70,JCMajor
4378,71,MBastarache
4378,72,WICBinnie
4379,59,ALamer
4379,63,CLHDube
4379,65,CDGonthier
4379,66,PCCory
4379,67,BMcLachlin
4379,69,FIacobucci
4379,70,JCMajor
4379,71,MBastarache
4379,72,WICBinnie
4380,59,ALamer
4380,63,CLHDube
4380,65,CDGonthier
4380,66,PCCory
4380,67,BMcLachlin
4380,69,FIacobucci
4380,70,JCMajor
4380,71,MBastarache
4380,72,WICBinnie
4381,66,PCCory
4381,67,BMcLachlin
4381,69,FIacobucci
4381,70,JCMajor
4381,72,WICBinnie
4382,59,ALamer
4382,63,CLHDube
4382,65,CDGonthier
4382,66,PCCory
4382,67,BMcLachlin
4382,69,FIacobucci
4382,70,JCMajor
4382,71,MBastarache
4382,72,WICBinnie
4383,59,ALamer
4383,63,CLHDube
4383,66,PCCory
4383,67,BMcLachlin
4383,69,FIacobucci
4383,71,MBastarache
4383,72,WICBinnie
4384,59,ALamer
4384,63,CLHDube
4384,65,CDGonthier
4384,66,PCCory
4384,67,BMcLachlin
4384,69,FIacobucci
4384,70,JCMajor
4384,71,MBastarache
4384,72,WICBinnie
4385,59,ALamer
4385,63,CLHDube
4385,65,CDGonthier
4385,66,PCCory
4385,67,BMcLachlin
4385,69,FIacobucci
4385,70,JCMajor
4385,71,MBastarache
4385,72,WICBinnie
4386,59,ALamer
4386,66,PCCory
4386,67,BMcLachlin
4386,69,FIacobucci
4386,70,JCMajor
4386,71,MBastarache
4386,72,WICBinnie
4387,59,ALamer
4387,63,CLHDube
4387,65,CDGonthier
4387,66,PCCory
4387,67,BMcLachlin
4387,69,FIacobucci
4387,70,JCMajor
4387,71,MBastarache
4387,72,WICBinnie
4388,59,ALamer
4388,63,CLHDube
4388,65,CDGonthier
4388,66,PCCory
4388,69,FIacobucci
4388,71,MBastarache
4388,72,WICBinnie
4389,59,ALamer
4389,63,CLHDube
4389,65,CDGonthier
4389,66,PCCory
4389,69,FIacobucci
4389,70,JCMajor
4389,72,WICBinnie
4390,63,CLHDube
4390,65,CDGonthier
4390,67,BMcLachlin
4390,69,FIacobucci
4390,70,JCMajor
4390,71,MBastarache
4390,72,WICBinnie
4391,59,ALamer
4391,63,CLHDube
4391,65,CDGonthier
4391,66,PCCory
4391,67,BMcLachlin
4391,69,FIacobucci
4391,70,JCMajor
4391,71,MBastarache
4391,72,WICBinnie
4392,59,ALamer
4392,63,CLHDube
4392,65,CDGonthier
4392,66,PCCory
4392,67,BMcLachlin
4392,69,FIacobucci
4392,70,JCMajor
4392,71,MBastarache
4392,72,WICBinnie
4393,59,ALamer
4393,63,CLHDube
4393,65,CDGonthier
4393,66,PCCory
4393,67,BMcLachlin
4393,69,FIacobucci
4393,70,JCMajor
4393,71,MBastarache
4393,72,WICBinnie
4394,59,ALamer
4394,63,CLHDube
4394,65,CDGonthier
4394,66,PCCory
4394,67,BMcLachlin
4394,69,FIacobucci
4394,70,JCMajor
4394,71,MBastarache
4394,72,WICBinnie
4395,59,ALamer
4395,63,CLHDube
4395,65,CDGonthier
4395,66,PCCory
4395,67,BMcLachlin
4395,69,FIacobucci
4395,70,JCMajor
4396,59,ALamer
4396,63,CLHDube
4396,65,CDGonthier
4396,66,PCCory
4396,67,BMcLachlin
4396,69,FIacobucci
4396,70,JCMajor
4396,71,MBastarache
4396,72,WICBinnie
4397,59,ALamer
4397,63,CLHDube
4397,65,CDGonthier
4397,66,PCCory
4397,67,BMcLachlin
4397,69,FIacobucci
4397,70,JCMajor
4397,71,MBastarache
4397,72,WICBinnie
4398,59,ALamer
4398,63,CLHDube
4398,65,CDGonthier
4398,66,PCCory
4398,67,BMcLachlin
4398,69,FIacobucci
4398,70,JCMajor
4398,71,MBastarache
4398,72,WICBinnie
4399,59,ALamer
4399,63,CLHDube
4399,65,CDGonthier
4399,66,PCCory
4399,67,BMcLachlin
4399,69,FIacobucci
4399,70,JCMajor
4399,71,MBastarache
4399,72,WICBinnie
4400,59,ALamer
4400,63,CLHDube
4400,65,CDGonthier
4400,66,PCCory
4400,67,BMcLachlin
4400,69,FIacobucci
4400,70,JCMajor
4400,71,MBastarache
4400,72,WICBinnie
4401,59,ALamer
4401,63,CLHDube
4401,65,CDGonthier
4401,67,BMcLachlin
4401,69,FIacobucci
4401,71,MBastarache
4401,72,WICBinnie
4402,63,CLHDube
4402,65,CDGonthier
4402,66,PCCory
4402,69,FIacobucci
4402,70,JCMajor
4402,71,MBastarache
4402,72,WICBinnie
4403,63,CLHDube
4403,66,PCCory
4403,67,BMcLachlin
4403,69,FIacobucci
4403,70,JCMajor
4403,71,MBastarache
4403,72,WICBinnie
4404,63,CLHDube
4404,66,PCCory
4404,67,BMcLachlin
4404,69,FIacobucci
4404,70,JCMajor
4404,71,MBastarache
4404,72,WICBinnie
4405,59,ALamer
4405,63,CLHDube
4405,65,CDGonthier
4405,66,PCCory
4405,67,BMcLachlin
4405,69,FIacobucci
4405,70,JCMajor
4405,71,MBastarache
4405,72,WICBinnie
4406,59,ALamer
4406,63,CLHDube
4406,65,CDGonthier
4406,66,PCCory
4406,67,BMcLachlin
4406,69,FIacobucci
4406,70,JCMajor
4406,71,MBastarache
4406,72,WICBinnie
4407,59,ALamer
4407,63,CLHDube
4407,65,CDGonthier
4407,66,PCCory
4407,67,BMcLachlin
4407,69,FIacobucci
4407,70,JCMajor
4407,71,MBastarache
4407,72,WICBinnie
4408,59,ALamer
4408,63,CLHDube
4408,65,CDGonthier
4408,66,PCCory
4408,67,BMcLachlin
4408,69,FIacobucci
4408,70,JCMajor
4408,71,MBastarache
4408,72,WICBinnie
4409,59,ALamer
4409,63,CLHDube
4409,65,CDGonthier
4409,66,PCCory
4409,67,BMcLachlin
4409,69,FIacobucci
4409,70,JCMajor
4409,71,MBastarache
4409,72,WICBinnie
4410,59,ALamer
4410,63,CLHDube
4410,65,CDGonthier
4410,66,PCCory
4410,67,BMcLachlin
4410,69,FIacobucci
4410,70,JCMajor
4410,71,MBastarache
4410,72,WICBinnie
4411,63,CLHDube
4411,65,CDGonthier
4411,66,PCCory
4411,69,FIacobucci
4411,71,MBastarache
4412,63,CLHDube
4412,65,CDGonthier
4412,66,PCCory
4412,67,BMcLachlin
4412,69,FIacobucci
4412,70,JCMajor
4412,71,MBastarache
4413,59,ALamer
4413,65,CDGonthier
4413,66,PCCory
4413,67,BMcLachlin
4413,69,FIacobucci
4413,70,JCMajor
4413,72,WICBinnie
4414,59,ALamer
4414,63,CLHDube
4414,65,CDGonthier
4414,66,PCCory
4414,69,FIacobucci
4414,70,JCMajor
4414,72,WICBinnie
4415,59,ALamer
4415,63,CLHDube
4415,65,CDGonthier
4415,66,PCCory
4415,69,FIacobucci
4415,70,JCMajor
4415,72,WICBinnie
4416,59,ALamer
4416,63,CLHDube
4416,65,CDGonthier
4416,66,PCCory
4416,67,BMcLachlin
4416,69,FIacobucci
4416,70,JCMajor
4416,71,MBastarache
4416,72,WICBinnie
4417,59,ALamer
4417,65,CDGonthier
4417,67,BMcLachlin
4417,69,FIacobucci
4417,70,JCMajor
4417,71,MBastarache
4417,72,WICBinnie
4418,65,CDGonthier
4418,66,PCCory
4418,67,BMcLachlin
4418,69,FIacobucci
4418,70,JCMajor
4418,71,MBastarache
4418,72,WICBinnie
4419,59,ALamer
4419,63,CLHDube
4419,65,CDGonthier
4419,66,PCCory
4419,67,BMcLachlin
4419,70,JCMajor
4419,72,WICBinnie
4420,59,ALamer
4420,63,CLHDube
4420,65,CDGonthier
4420,66,PCCory
4420,67,BMcLachlin
4420,69,FIacobucci
4420,70,JCMajor
4420,71,MBastarache
4420,72,WICBinnie
4421,59,ALamer
4421,63,CLHDube
4421,65,CDGonthier
4421,66,PCCory
4421,67,BMcLachlin
4421,69,FIacobucci
4421,70,JCMajor
4421,71,MBastarache
4421,72,WICBinnie
4422,59,ALamer
4422,63,CLHDube
4422,65,CDGonthier
4422,66,PCCory
4422,67,BMcLachlin
4422,69,FIacobucci
4422,70,JCMajor
4422,71,MBastarache
4422,72,WICBinnie
4423,59,ALamer
4423,63,CLHDube
4423,65,CDGonthier
4423,66,PCCory
4423,67,BMcLachlin
4423,69,FIacobucci
4423,70,JCMajor
4423,71,MBastarache
4423,72,WICBinnie
4424,59,ALamer
4424,63,CLHDube
4424,65,CDGonthier
4424,66,PCCory
4424,67,BMcLachlin
4424,69,FIacobucci
4424,72,WICBinnie
4425,63,CLHDube
4425,65,CDGonthier
4425,66,PCCory
4425,67,BMcLachlin
4425,69,FIacobucci
4425,70,JCMajor
4425,72,WICBinnie
4426,63,CLHDube
4426,65,CDGonthier
4426,66,PCCory
4426,67,BMcLachlin
4426,69,FIacobucci
4426,70,JCMajor
4426,72,WICBinnie
4427,63,CLHDube
4427,65,CDGonthier
4427,66,PCCory
4427,67,BMcLachlin
4427,69,FIacobucci
4427,71,MBastarache
4427,72,WICBinnie
4428,63,CLHDube
4428,65,CDGonthier
4428,66,PCCory
4428,67,BMcLachlin
4428,69,FIacobucci
4428,71,MBastarache
4428,72,WICBinnie
4429,67,BMcLachlin
4429,69,FIacobucci
4429,70,JCMajor
4429,71,MBastarache
4429,72,WICBinnie
4430,59,ALamer
4430,63,CLHDube
4430,65,CDGonthier
4430,66,PCCory
4430,67,BMcLachlin
4430,69,FIacobucci
4430,70,JCMajor
4430,71,MBastarache
4430,72,WICBinnie
4431,63,CLHDube
4431,67,BMcLachlin
4431,69,FIacobucci
4431,70,JCMajor
4431,73,LArbour
4432,63,CLHDube
4432,65,CDGonthier
4432,69,FIacobucci
4432,70,JCMajor
4432,71,MBastarache
4433,63,CLHDube
4433,67,BMcLachlin
4433,69,FIacobucci
4433,70,JCMajor
4433,73,LArbour
4434,63,CLHDube
4434,65,CDGonthier
4434,66,PCCory
4434,67,BMcLachlin
4434,69,FIacobucci
4434,71,MBastarache
4434,72,WICBinnie
4435,63,CLHDube
4435,65,CDGonthier
4435,67,BMcLachlin
4435,69,FIacobucci
4435,70,JCMajor
4435,71,MBastarache
4435,72,WICBinnie
4436,59,ALamer
4436,63,CLHDube
4436,65,CDGonthier
4436,69,FIacobucci
4436,70,JCMajor
4436,71,MBastarache
4436,72,WICBinnie
4437,69,FIacobucci
4437,70,JCMajor
4437,71,MBastarache
4437,72,WICBinnie
4437,73,LArbour
4438,63,CLHDube
4438,65,CDGonthier
4438,67,BMcLachlin
4438,71,MBastarache
4438,73,LArbour
4439,59,ALamer
4439,63,CLHDube
4439,65,CDGonthier
4439,67,BMcLachlin
4439,69,FIacobucci
4439,72,WICBinnie
4440,59,ALamer
4440,63,CLHDube
4440,65,CDGonthier
4440,66,PCCory
4440,67,BMcLachlin
4440,69,FIacobucci
4440,70,JCMajor
4440,71,MBastarache
4440,72,WICBinnie
4441,59,ALamer
4441,63,CLHDube
4441,65,CDGonthier
4441,66,PCCory
4441,67,BMcLachlin
4441,70,JCMajor
4441,72,WICBinnie
4442,63,CLHDube
4442,65,CDGonthier
4442,67,BMcLachlin
4442,69,FIacobucci
4442,70,JCMajor
4442,71,MBastarache
4442,72,WICBinnie
4443,63,CLHDube
4443,65,CDGonthier
4443,67,BMcLachlin
4443,69,FIacobucci
4443,71,MBastarache
4443,72,WICBinnie
4443,73,LArbour
4444,67,BMcLachlin
4444,69,FIacobucci
4444,70,JCMajor
4444,71,MBastarache
4444,73,LArbour
4445,63,CLHDube
4445,65,CDGonthier
4445,67,BMcLachlin
4445,69,FIacobucci
4445,70,JCMajor
4445,71,MBastarache
4445,72,WICBinnie
4446,65,CDGonthier
4446,67,BMcLachlin
4446,69,FIacobucci
4446,70,JCMajor
4446,71,MBastarache
4446,72,WICBinnie
4446,73,LArbour
4447,59,ALamer
4447,63,CLHDube
4447,65,CDGonthier
4447,67,BMcLachlin
4447,69,FIacobucci
4447,70,JCMajor
4447,71,MBastarache
4447,72,WICBinnie
4447,73,LArbour
4448,63,CLHDube
4448,65,CDGonthier
4448,67,BMcLachlin
4448,69,FIacobucci
4448,70,JCMajor
4448,71,MBastarache
4448,72,WICBinnie
4449,63,CLHDube
4449,65,CDGonthier
4449,67,BMcLachlin
4449,69,FIacobucci
4449,70,JCMajor
4449,71,MBastarache
4449,72,WICBinnie
4450,59,ALamer
4450,63,CLHDube
4450,65,CDGonthier
4450,66,PCCory
4450,67,BMcLachlin
4450,69,FIacobucci
4450,70,JCMajor
4450,71,MBastarache
4450,72,WICBinnie
4451,59,ALamer
4451,63,CLHDube
4451,65,CDGonthier
4451,66,PCCory
4451,67,BMcLachlin
4451,69,FIacobucci
4451,70,JCMajor
4451,71,MBastarache
4451,72,WICBinnie
4452,59,ALamer
4452,63,CLHDube
4452,65,CDGonthier
4452,66,PCCory
4452,67,BMcLachlin
4452,69,FIacobucci
4452,70,JCMajor
4452,71,MBastarache
4452,72,WICBinnie
4453,59,ALamer
4453,63,CLHDube
4453,65,CDGonthier
4453,66,PCCory
4453,67,BMcLachlin
4453,69,FIacobucci
4453,70,JCMajor
4453,71,MBastarache
4453,72,WICBinnie
4454,59,ALamer
4454,63,CLHDube
4454,65,CDGonthier
4454,66,PCCory
4454,67,BMcLachlin
4454,69,FIacobucci
4454,70,JCMajor
4454,71,MBastarache
4454,72,WICBinnie
4455,65,CDGonthier
4455,67,BMcLachlin
4455,69,FIacobucci
4455,70,JCMajor
4455,71,MBastarache
4455,72,WICBinnie
4455,73,LArbour
4456,63,CLHDube
4456,65,CDGonthier
4456,66,PCCory
4456,67,BMcLachlin
4456,69,FIacobucci
4456,71,MBastarache
4456,72,WICBinnie
4457,63,CLHDube
4457,65,CDGonthier
4457,67,BMcLachlin
4457,69,FIacobucci
4457,70,JCMajor
4457,71,MBastarache
4457,72,WICBinnie
4458,63,CLHDube
4458,65,CDGonthier
4458,67,BMcLachlin
4458,70,JCMajor
4458,71,MBastarache
4458,72,WICBinnie
4458,73,LArbour
4459,63,CLHDube
4459,65,CDGonthier
4459,67,BMcLachlin
4459,70,JCMajor
4459,71,MBastarache
4459,72,WICBinnie
4459,73,LArbour
4460,65,CDGonthier
4460,67,BMcLachlin
4460,69,FIacobucci
4460,70,JCMajor
4460,71,MBastarache
4460,72,WICBinnie
4460,73,LArbour
4461,65,CDGonthier
4461,67,BMcLachlin
4461,69,FIacobucci
4461,70,JCMajor
4461,71,MBastarache
4461,72,WICBinnie
4461,73,LArbour
4462,65,CDGonthier
4462,67,BMcLachlin
4462,69,FIacobucci
4462,70,JCMajor
4462,71,MBastarache
4462,72,WICBinnie
4462,73,LArbour
4463,59,ALamer
4463,63,CLHDube
4463,65,CDGonthier
4463,67,BMcLachlin
4463,69,FIacobucci
4463,70,JCMajor
4463,71,MBastarache
4463,72,WICBinnie
4463,73,LArbour
4464,59,ALamer
4464,63,CLHDube
4464,65,CDGonthier
4464,67,BMcLachlin
4464,69,FIacobucci
4464,70,JCMajor
4464,71,MBastarache
4464,72,WICBinnie
4464,73,LArbour
4465,59,ALamer
4465,63,CLHDube
4465,65,CDGonthier
4465,67,BMcLachlin
4465,69,FIacobucci
4465,70,JCMajor
4465,71,MBastarache
4465,72,WICBinnie
4465,73,LArbour
4466,63,CLHDube
4466,65,CDGonthier
4466,67,BMcLachlin
4466,69,FIacobucci
4466,70,JCMajor
4466,71,MBastarache
4466,72,WICBinnie
4466,73,LArbour
4466,74,LLeBel
4467,63,CLHDube
4467,65,CDGonthier
4467,67,BMcLachlin
4467,69,FIacobucci
4467,70,JCMajor
4467,71,MBastarache
4467,72,WICBinnie
4467,73,LArbour
4467,74,LLeBel
4468,70,JCMajor
4468,71,MBastarache
4468,72,WICBinnie
4468,73,LArbour
4468,74,LLeBel
4469,63,CLHDube
4469,65,CDGonthier
4469,67,BMcLachlin
4469,69,FIacobucci
4469,70,JCMajor
4469,71,MBastarache
4469,72,WICBinnie
4470,63,CLHDube
4470,65,CDGonthier
4470,67,BMcLachlin
4470,69,FIacobucci
4470,70,JCMajor
4470,71,MBastarache
4470,72,WICBinnie
4471,63,CLHDube
4471,65,CDGonthier
4471,67,BMcLachlin
4471,69,FIacobucci
4471,71,MBastarache
4471,72,WICBinnie
4471,73,LArbour
4472,63,CLHDube
4472,65,CDGonthier
4472,67,BMcLachlin
4472,69,FIacobucci
4472,71,MBastarache
4472,72,WICBinnie
4472,73,LArbour
4473,63,CLHDube
4473,65,CDGonthier
4473,67,BMcLachlin
4473,71,MBastarache
4473,72,WICBinnie
4474,63,CLHDube
4474,65,CDGonthier
4474,67,BMcLachlin
4474,69,FIacobucci
4474,70,JCMajor
4474,71,MBastarache
4474,72,WICBinnie
4475,63,CLHDube
4475,65,CDGonthier
4475,67,BMcLachlin
4475,69,FIacobucci
4475,70,JCMajor
4475,71,MBastarache
4475,72,WICBinnie
4475,73,LArbour
4475,74,LLeBel
4476,63,CLHDube
4476,65,CDGonthier
4476,67,BMcLachlin
4476,69,FIacobucci
4476,70,JCMajor
4476,71,MBastarache
4476,72,WICBinnie
4476,73,LArbour
4476,74,LLeBel
4477,63,CLHDube
4477,65,CDGonthier
4477,67,BMcLachlin
4477,69,FIacobucci
4477,70,JCMajor
4477,71,MBastarache
4477,72,WICBinnie
4477,73,LArbour
4477,74,LLeBel
4478,63,CLHDube
4478,65,CDGonthier
4478,67,BMcLachlin
4478,69,FIacobucci
4478,70,JCMajor
4478,71,MBastarache
4478,72,WICBinnie
4478,73,LArbour
4478,74,LLeBel
4479,63,CLHDube
4479,65,CDGonthier
4479,67,BMcLachlin
4479,69,FIacobucci
4479,70,JCMajor
4479,71,MBastarache
4479,72,WICBinnie
4480,65,CDGonthier
4480,70,JCMajor
4480,71,MBastarache
4480,72,WICBinnie
4480,73,LArbour
4481,63,CLHDube
4481,65,CDGonthier
4481,67,BMcLachlin
4481,69,FIacobucci
4481,70,JCMajor
4481,71,MBastarache
4481,73,LArbour
4482,63,CLHDube
4482,65,CDGonthier
4482,67,BMcLachlin
4482,69,FIacobucci
4482,71,MBastarache
4482,72,WICBinnie
4482,73,LArbour
4483,63,CLHDube
4483,65,CDGonthier
4483,67,BMcLachlin
4483,69,FIacobucci
4483,70,JCMajor
4483,71,MBastarache
4483,72,WICBinnie
4483,73,LArbour
4483,74,LLeBel
4484,63,CLHDube
4484,67,BMcLachlin
4484,69,FIacobucci
4484,70,JCMajor
4484,71,MBastarache
4484,72,WICBinnie
4484,73,LArbour
4485,65,CDGonthier
4485,67,BMcLachlin
4485,69,FIacobucci
4485,70,JCMajor
4485,71,MBastarache
4485,72,WICBinnie
4485,73,LArbour
4486,63,CLHDube
4486,65,CDGonthier
4486,67,BMcLachlin
4486,69,FIacobucci
4486,70,JCMajor
4486,71,MBastarache
4486,73,LArbour
4487,63,CLHDube
4487,65,CDGonthier
4487,67,BMcLachlin
4487,69,FIacobucci
4487,70,JCMajor
4487,71,MBastarache
4487,72,WICBinnie
4487,73,LArbour
4487,74,LLeBel
4488,63,CLHDube
4488,65,CDGonthier
4488,67,BMcLachlin
4488,69,FIacobucci
4488,70,JCMajor
4488,71,MBastarache
4488,72,WICBinnie
4488,73,LArbour
4488,74,LLeBel
4489,63,CLHDube
4489,65,CDGonthier
4489,67,BMcLachlin
4489,69,FIacobucci
4489,70,JCMajor
4489,72,WICBinnie
4489,73,LArbour
4490,63,CLHDube
4490,65,CDGonthier
4490,67,BMcLachlin
4490,69,FIacobucci
4490,70,JCMajor
4490,71,MBastarache
4490,72,WICBinnie
4490,73,LArbour
4490,74,LLeBel
4491,63,CLHDube
4491,65,CDGonthier
4491,67,BMcLachlin
4491,69,FIacobucci
4491,71,MBastarache
4491,72,WICBinnie
4491,73,LArbour
4492,63,CLHDube
4492,65,CDGonthier
4492,67,BMcLachlin
4492,69,FIacobucci
4492,70,JCMajor
4492,71,MBastarache
4492,72,WICBinnie
4492,73,LArbour
4492,74,LLeBel
4493,63,CLHDube
4493,65,CDGonthier
4493,67,BMcLachlin
4493,70,JCMajor
4493,71,MBastarache
4493,72,WICBinnie
4493,73,LArbour
4494,63,CLHDube
4494,65,CDGonthier
4494,67,BMcLachlin
4494,69,FIacobucci
4494,70,JCMajor
4494,71,MBastarache
4494,72,WICBinnie
4494,73,LArbour
4494,74,LLeBel
4495,63,CLHDube
4495,65,CDGonthier
4495,67,BMcLachlin
4495,69,FIacobucci
4495,70,JCMajor
4495,71,MBastarache
4495,72,WICBinnie
4495,73,LArbour
4495,74,LLeBel
4496,63,CLHDube
4496,67,BMcLachlin
4496,69,FIacobucci
4496,70,JCMajor
4496,71,MBastarache
4496,72,WICBinnie
4496,73,LArbour
4497,63,CLHDube
4497,65,CDGonthier
4497,67,BMcLachlin
4497,69,FIacobucci
4497,70,JCMajor
4497,71,MBastarache
4497,72,WICBinnie
4497,73,LArbour
4497,74,LLeBel
4498,70,JCMajor
4498,71,MBastarache
4498,72,WICBinnie
4498,73,LArbour
4498,74,LLeBel
4499,65,CDGonthier
4499,71,MBastarache
4499,72,WICBinnie
4499,73,LArbour
4499,74,LLeBel
4500,63,CLHDube
4500,65,CDGonthier
4500,67,BMcLachlin
4500,69,FIacobucci
4500,70,JCMajor
4500,71,MBastarache
4500,72,WICBinnie
4500,73,LArbour
4500,74,LLeBel
4501,65,CDGonthier
4501,67,BMcLachlin
4501,69,FIacobucci
4501,71,MBastarache
4501,72,WICBinnie
4502,69,FIacobucci
4502,70,JCMajor
4502,71,MBastarache
4502,72,WICBinnie
4502,73,LArbour
4503,63,CLHDube
4503,65,CDGonthier
4503,67,BMcLachlin
4503,69,FIacobucci
4503,70,JCMajor
4503,71,MBastarache
4503,72,WICBinnie
4503,73,LArbour
4503,74,LLeBel
4504,65,CDGonthier
4504,67,BMcLachlin
4504,69,FIacobucci
4504,70,JCMajor
4504,71,MBastarache
4504,72,WICBinnie
4504,73,LArbour
4505,63,CLHDube
4505,65,CDGonthier
4505,67,BMcLachlin
4505,71,MBastarache
4505,72,WICBinnie
4505,73,LArbour
4505,74,LLeBel
4506,63,CLHDube
4506,65,CDGonthier
4506,70,JCMajor
4506,71,MBastarache
4506,72,WICBinnie
4506,73,LArbour
4506,74,LLeBel
4507,65,CDGonthier
4507,69,FIacobucci
4507,70,JCMajor
4507,71,MBastarache
4507,72,WICBinnie
4507,73,LArbour
4507,74,LLeBel
4508,63,CLHDube
4508,65,CDGonthier
4508,67,BMcLachlin
4508,69,FIacobucci
4508,70,JCMajor
4508,71,MBastarache
4508,72,WICBinnie
4508,73,LArbour
4508,74,LLeBel
4509,63,CLHDube
4509,65,CDGonthier
4509,67,BMcLachlin
4509,69,FIacobucci
4509,70,JCMajor
4509,71,MBastarache
4509,72,WICBinnie
4509,73,LArbour
4509,74,LLeBel
4510,63,CLHDube
4510,65,CDGonthier
4510,67,BMcLachlin
4510,69,FIacobucci
4510,70,JCMajor
4510,71,MBastarache
4510,72,WICBinnie
4511,63,CLHDube
4511,65,CDGonthier
4511,67,BMcLachlin
4511,69,FIacobucci
4511,70,JCMajor
4511,71,MBastarache
4511,72,WICBinnie
4512,63,CLHDube
4512,65,CDGonthier
4512,67,BMcLachlin
4512,69,FIacobucci
4512,70,JCMajor
4512,71,MBastarache
4512,72,WICBinnie
4513,63,CLHDube
4513,65,CDGonthier
4513,67,BMcLachlin
4513,69,FIacobucci
4513,70,JCMajor
4513,72,WICBinnie
4513,73,LArbour
4514,63,CLHDube
4514,65,CDGonthier
4514,70,JCMajor
4514,71,MBastarache
4514,72,WICBinnie
4514,73,LArbour
4514,74,LLeBel
4515,63,CLHDube
4515,65,CDGonthier
4515,67,BMcLachlin
4515,69,FIacobucci
4515,70,JCMajor
4515,71,MBastarache
4515,72,WICBinnie
4515,73,LArbour
4515,74,LLeBel
4516,70,JCMajor
4516,71,MBastarache
4516,72,WICBinnie
4516,73,LArbour
4516,74,LLeBel
4517,63,CLHDube
4517,65,CDGonthier
4517,67,BMcLachlin
4517,69,FIacobucci
4517,70,JCMajor
4517,71,MBastarache
4517,72,WICBinnie
4517,73,LArbour
4517,74,LLeBel
4518,63,CLHDube
4518,65,CDGonthier
4518,67,BMcLachlin
4518,69,FIacobucci
4518,70,JCMajor
4518,71,MBastarache
4518,72,WICBinnie
4518,73,LArbour
4518,74,LLeBel
4519,59,ALamer
4519,63,CLHDube
4519,65,CDGonthier
4519,66,PCCory
4519,67,BMcLachlin
4519,69,FIacobucci
4519,70,JCMajor
4519,71,MBastarache
4519,72,WICBinnie
4520,63,CLHDube
4520,65,CDGonthier
4520,67,BMcLachlin
4520,70,JCMajor
4520,71,MBastarache
4520,73,LArbour
4520,74,LLeBel
4521,65,CDGonthier
4521,67,BMcLachlin
4521,69,FIacobucci
4521,71,MBastarache
4521,73,LArbour
4522,63,CLHDube
4522,65,CDGonthier
4522,67,BMcLachlin
4522,69,FIacobucci
4522,71,MBastarache
4522,72,WICBinnie
4522,74,LLeBel
4523,63,CLHDube
4523,65,CDGonthier
4523,67,BMcLachlin
4523,69,FIacobucci
4523,71,MBastarache
4523,72,WICBinnie
4523,74,LLeBel
4524,63,CLHDube
4524,65,CDGonthier
4524,67,BMcLachlin
4524,69,FIacobucci
4524,70,JCMajor
4524,71,MBastarache
4524,72,WICBinnie
4524,73,LArbour
4524,74,LLeBel
4525,63,CLHDube
4525,65,CDGonthier
4525,67,BMcLachlin
4525,69,FIacobucci
4525,70,JCMajor
4525,71,MBastarache
4525,72,WICBinnie
4525,73,LArbour
4525,74,LLeBel
4526,63,CLHDube
4526,65,CDGonthier
4526,67,BMcLachlin
4526,69,FIacobucci
4526,70,JCMajor
4526,71,MBastarache
4526,72,WICBinnie
4526,73,LArbour
4526,74,LLeBel
4527,63,CLHDube
4527,65,CDGonthier
4527,67,BMcLachlin
4527,69,FIacobucci
4527,70,JCMajor
4527,71,MBastarache
4527,72,WICBinnie
4527,73,LArbour
4527,74,LLeBel
4528,69,FIacobucci
4528,70,JCMajor
4528,71,MBastarache
4528,72,WICBinnie
4528,73,LArbour
4529,69,FIacobucci
4529,70,JCMajor
4529,71,MBastarache
4529,72,WICBinnie
4529,73,LArbour
4530,65,CDGonthier
4530,67,BMcLachlin
4530,69,FIacobucci
4530,70,JCMajor
4530,71,MBastarache
4530,72,WICBinnie
4530,73,LArbour
4531,65,CDGonthier
4531,67,BMcLachlin
4531,69,FIacobucci
4531,70,JCMajor
4531,71,MBastarache
4531,72,WICBinnie
4531,73,LArbour
4532,65,CDGonthier
4532,67,BMcLachlin
4532,69,FIacobucci
4532,70,JCMajor
4532,71,MBastarache
4532,72,WICBinnie
4532,73,LArbour
4533,65,CDGonthier
4533,67,BMcLachlin
4533,69,FIacobucci
4533,70,JCMajor
4533,71,MBastarache
4533,72,WICBinnie
4533,73,LArbour
4534,63,CLHDube
4534,67,BMcLachlin
4534,69,FIacobucci
4534,70,JCMajor
4534,71,MBastarache
4534,72,WICBinnie
4534,73,LArbour
4535,63,CLHDube
4535,65,CDGonthier
4535,67,BMcLachlin
4535,69,FIacobucci
4535,70,JCMajor
4535,71,MBastarache
4535,72,WICBinnie
4535,73,LArbour
4535,74,LLeBel
4536,69,FIacobucci
4536,70,JCMajor
4536,71,MBastarache
4536,72,WICBinnie
4536,73,LArbour
4537,63,CLHDube
4537,65,CDGonthier
4537,67,BMcLachlin
4537,69,FIacobucci
4537,70,JCMajor
4537,71,MBastarache
4537,72,WICBinnie
4537,73,LArbour
4537,74,LLeBel
4538,70,JCMajor
4538,71,MBastarache
4538,72,WICBinnie
4538,73,LArbour
4538,74,LLeBel
4539,70,JCMajor
4539,71,MBastarache
4539,72,WICBinnie
4539,73,LArbour
4539,74,LLeBel
4540,69,FIacobucci
4540,71,MBastarache
4540,72,WICBinnie
4540,73,LArbour
4540,74,LLeBel
4541,63,CLHDube
4541,65,CDGonthier
4541,67,BMcLachlin
4541,69,FIacobucci
4541,70,JCMajor
4541,71,MBastarache
4541,72,WICBinnie
4541,73,LArbour
4541,74,LLeBel
4542,63,CLHDube
4542,65,CDGonthier
4542,67,BMcLachlin
4542,69,FIacobucci
4542,70,JCMajor
4542,71,MBastarache
4542,72,WICBinnie
4542,73,LArbour
4542,74,LLeBel
4543,65,CDGonthier
4543,67,BMcLachlin
4543,69,FIacobucci
4543,70,JCMajor
4543,72,WICBinnie
4543,73,LArbour
4543,74,LLeBel
4544,63,CLHDube
4544,65,CDGonthier
4544,67,BMcLachlin
4544,69,FIacobucci
4544,71,MBastarache
4544,72,WICBinnie
4544,73,LArbour
4545,63,CLHDube
4545,65,CDGonthier
4545,67,BMcLachlin
4545,69,FIacobucci
4545,70,JCMajor
4545,71,MBastarache
4545,72,WICBinnie
4545,73,LArbour
4545,74,LLeBel
4546,63,CLHDube
4546,65,CDGonthier
4546,67,BMcLachlin
4546,69,FIacobucci
4546,70,JCMajor
4546,71,MBastarache
4546,73,LArbour
4547,63,CLHDube
4547,65,CDGonthier
4547,67,BMcLachlin
4547,69,FIacobucci
4547,71,MBastarache
4547,72,WICBinnie
4547,73,LArbour
4548,63,CLHDube
4548,65,CDGonthier
4548,67,BMcLachlin
4548,69,FIacobucci
4548,70,JCMajor
4548,71,MBastarache
4548,72,WICBinnie
4548,73,LArbour
4548,74,LLeBel
4549,63,CLHDube
4549,65,CDGonthier
4549,69,FIacobucci
4549,70,JCMajor
4549,71,MBastarache
4549,73,LArbour
4549,74,LLeBel
4550,63,CLHDube
4550,65,CDGonthier
4550,70,JCMajor
4550,71,MBastarache
4550,72,WICBinnie
4550,73,LArbour
4550,74,LLeBel
4551,63,CLHDube
4551,67,BMcLachlin
4551,69,FIacobucci
4551,70,JCMajor
4551,71,MBastarache
4551,72,WICBinnie
4551,73,LArbour
4552,63,CLHDube
4552,65,CDGonthier
4552,67,BMcLachlin
4552,69,FIacobucci
4552,70,JCMajor
4552,71,MBastarache
4552,72,WICBinnie
4553,63,CLHDube
4553,65,CDGonthier
4553,67,BMcLachlin
4553,69,FIacobucci
4553,70,JCMajor
4553,71,MBastarache
4553,72,WICBinnie
4553,73,LArbour
4553,74,LLeBel
4554,63,CLHDube
4554,65,CDGonthier
4554,67,BMcLachlin
4554,69,FIacobucci
4554,70,JCMajor
4554,71,MBastarache
4554,72,WICBinnie
4554,73,LArbour
4554,74,LLeBel
4555,67,BMcLachlin
4555,69,FIacobucci
4555,70,JCMajor
4555,71,MBastarache
4555,72,WICBinnie
4555,73,LArbour
4555,74,LLeBel
4556,63,CLHDube
4556,65,CDGonthier
4556,67,BMcLachlin
4556,69,FIacobucci
4556,70,JCMajor
4556,71,MBastarache
4556,72,WICBinnie
4556,73,LArbour
4556,74,LLeBel
4557,63,CLHDube
4557,65,CDGonthier
4557,67,BMcLachlin
4557,69,FIacobucci
4557,70,JCMajor
4557,71,MBastarache
4557,73,LArbour
4558,63,CLHDube
4558,65,CDGonthier
4558,67,BMcLachlin
4558,69,FIacobucci
4558,70,JCMajor
4558,71,MBastarache
4558,73,LArbour
4559,63,CLHDube
4559,65,CDGonthier
4559,67,BMcLachlin
4559,69,FIacobucci
4559,72,WICBinnie
4559,73,LArbour
4559,74,LLeBel
4560,63,CLHDube
4560,65,CDGonthier
4560,71,MBastarache
4560,73,LArbour
4560,74,LLeBel
4561,65,CDGonthier
4561,67,BMcLachlin
4561,69,FIacobucci
4561,71,MBastarache
4561,72,WICBinnie
4561,73,LArbour
4561,74,LLeBel
4562,63,CLHDube
4562,65,CDGonthier
4562,67,BMcLachlin
4562,69,FIacobucci
4562,70,JCMajor
4562,71,MBastarache
4562,72,WICBinnie
4562,73,LArbour
4562,74,LLeBel
4563,63,CLHDube
4563,65,CDGonthier
4563,67,BMcLachlin
4563,69,FIacobucci
4563,70,JCMajor
4563,71,MBastarache
4563,72,WICBinnie
4563,73,LArbour
4563,74,LLeBel
4564,63,CLHDube
4564,65,CDGonthier
4564,67,BMcLachlin
4564,69,FIacobucci
4564,70,JCMajor
4564,71,MBastarache
4564,72,WICBinnie
4564,73,LArbour
4564,74,LLeBel
4565,63,CLHDube
4565,65,CDGonthier
4565,67,BMcLachlin
4565,69,FIacobucci
4565,70,JCMajor
4565,71,MBastarache
4565,72,WICBinnie
4565,73,LArbour
4565,74,LLeBel
4566,63,CLHDube
4566,65,CDGonthier
4566,67,BMcLachlin
4566,70,JCMajor
4566,71,MBastarache
4566,72,WICBinnie
4566,73,LArbour
4567,67,BMcLachlin
4567,69,FIacobucci
4567,70,JCMajor
4567,71,MBastarache
4567,72,WICBinnie
4567,73,LArbour
4567,74,LLeBel
4568,63,CLHDube
4568,69,FIacobucci
4568,70,JCMajor
4568,71,MBastarache
4568,72,WICBinnie
4568,73,LArbour
4568,74,LLeBel
4569,65,CDGonthier
4569,69,FIacobucci
4569,70,JCMajor
4569,71,MBastarache
4569,72,WICBinnie
4569,73,LArbour
4569,74,LLeBel
4570,65,CDGonthier
4570,69,FIacobucci
4570,70,JCMajor
4570,71,MBastarache
4570,72,WICBinnie
4570,73,LArbour
4570,74,LLeBel
4571,65,CDGonthier
4571,69,FIacobucci
4571,70,JCMajor
4571,71,MBastarache
4571,72,WICBinnie
4571,73,LArbour
4571,74,LLeBel
4572,67,BMcLachlin
4572,69,FIacobucci
4572,70,JCMajor
4572,71,MBastarache
4572,72,WICBinnie
4572,73,LArbour
4572,74,LLeBel
4573,63,CLHDube
4573,65,CDGonthier
4573,67,BMcLachlin
4573,69,FIacobucci
4573,70,JCMajor
4573,71,MBastarache
4573,72,WICBinnie
4573,73,LArbour
4573,74,LLeBel
4574,63,CLHDube
4574,65,CDGonthier
4574,67,BMcLachlin
4574,69,FIacobucci
4574,70,JCMajor
4574,71,MBastarache
4574,72,WICBinnie
4574,73,LArbour
4574,74,LLeBel
4575,65,CDGonthier
4575,69,FIacobucci
4575,70,JCMajor
4575,71,MBastarache
4575,72,WICBinnie
4575,73,LArbour
4575,74,LLeBel
4576,69,FIacobucci
4576,70,JCMajor
4576,71,MBastarache
4576,73,LArbour
4576,74,LLeBel
4577,63,CLHDube
4577,65,CDGonthier
4577,67,BMcLachlin
4577,69,FIacobucci
4577,70,JCMajor
4577,71,MBastarache
4577,72,WICBinnie
4578,65,CDGonthier
4578,67,BMcLachlin
4578,69,FIacobucci
4578,70,JCMajor
4578,71,MBastarache
4578,72,WICBinnie
4578,73,LArbour
4579,65,CDGonthier
4579,67,BMcLachlin
4579,69,FIacobucci
4579,70,JCMajor
4579,71,MBastarache
4579,72,WICBinnie
4579,73,LArbour
4580,63,CLHDube
4580,65,CDGonthier
4580,67,BMcLachlin
4580,69,FIacobucci
4580,70,JCMajor
4580,71,MBastarache
4580,72,WICBinnie
4580,73,LArbour
4580,74,LLeBel
4581,63,CLHDube
4581,65,CDGonthier
4581,67,BMcLachlin
4581,69,FIacobucci
4581,70,JCMajor
4581,71,MBastarache
4581,72,WICBinnie
4581,73,LArbour
4581,74,LLeBel
4582,69,FIacobucci
4582,70,JCMajor
4582,72,WICBinnie
4582,73,LArbour
4582,74,LLeBel
4583,63,CLHDube
4583,69,FIacobucci
4583,70,JCMajor
4583,71,MBastarache
4583,72,WICBinnie
4583,73,LArbour
4583,74,LLeBel
4584,67,BMcLachlin
4584,70,JCMajor
4584,71,MBastarache
4584,72,WICBinnie
4584,74,LLeBel
4585,69,FIacobucci
4585,70,JCMajor
4585,72,WICBinnie
4585,73,LArbour
4585,74,LLeBel
4586,63,CLHDube
4586,65,CDGonthier
4586,67,BMcLachlin
4586,69,FIacobucci
4586,70,JCMajor
4586,71,MBastarache
4586,72,WICBinnie
4586,73,LArbour
4586,74,LLeBel
4587,63,CLHDube
4587,65,CDGonthier
4587,67,BMcLachlin
4587,69,FIacobucci
4587,70,JCMajor
4587,71,MBastarache
4587,72,WICBinnie
4587,73,LArbour
4587,74,LLeBel
4588,63,CLHDube
4588,65,CDGonthier
4588,67,BMcLachlin
4588,69,FIacobucci
4588,70,JCMajor
4588,71,MBastarache
4588,72,WICBinnie
4588,73,LArbour
4588,74,LLeBel
4589,65,CDGonthier
4589,67,BMcLachlin
4589,70,JCMajor
4589,71,MBastarache
4589,72,WICBinnie
4589,73,LArbour
4589,74,LLeBel
4590,65,CDGonthier
4590,67,BMcLachlin
4590,70,JCMajor
4590,71,MBastarache
4590,72,WICBinnie
4590,73,LArbour
4590,74,LLeBel
4591,65,CDGonthier
4591,69,FIacobucci
4591,70,JCMajor
4591,71,MBastarache
4591,72,WICBinnie
4591,73,LArbour
4591,74,LLeBel
4592,63,CLHDube
4592,65,CDGonthier
4592,67,BMcLachlin
4592,69,FIacobucci
4592,70,JCMajor
4592,71,MBastarache
4592,72,WICBinnie
4592,73,LArbour
4592,74,LLeBel
4593,63,CLHDube
4593,65,CDGonthier
4593,67,BMcLachlin
4593,69,FIacobucci
4593,70,JCMajor
4593,71,MBastarache
4593,72,WICBinnie
4593,73,LArbour
4593,74,LLeBel
4594,63,CLHDube
4594,65,CDGonthier
4594,67,BMcLachlin
4594,69,FIacobucci
4594,70,JCMajor
4594,71,MBastarache
4594,72,WICBinnie
4594,73,LArbour
4594,74,LLeBel
4595,63,CLHDube
4595,65,CDGonthier
4595,67,BMcLachlin
4595,69,FIacobucci
4595,70,JCMajor
4595,71,MBastarache
4595,72,WICBinnie
4595,73,LArbour
4595,74,LLeBel
4596,63,CLHDube
4596,71,MBastarache
4596,72,WICBinnie
4596,73,LArbour
4596,74,LLeBel
4597,63,CLHDube
4597,65,CDGonthier
4597,67,BMcLachlin
4597,70,JCMajor
4597,72,WICBinnie
4597,73,LArbour
4597,74,LLeBel
4598,63,CLHDube
4598,65,CDGonthier
4598,67,BMcLachlin
4598,69,FIacobucci
4598,70,JCMajor
4598,71,MBastarache
4598,72,WICBinnie
4598,73,LArbour
4598,74,LLeBel
4599,63,CLHDube
4599,65,CDGonthier
4599,67,BMcLachlin
4599,69,FIacobucci
4599,70,JCMajor
4599,71,MBastarache
4599,72,WICBinnie
4599,73,LArbour
4599,74,LLeBel
4600,63,CLHDube
4600,65,CDGonthier
4600,67,BMcLachlin
4600,69,FIacobucci
4600,70,JCMajor
4600,71,MBastarache
4600,72,WICBinnie
4600,73,LArbour
4600,74,LLeBel
4601,63,CLHDube
4601,67,BMcLachlin
4601,69,FIacobucci
4601,70,JCMajor
4601,72,WICBinnie
4601,73,LArbour
4601,74,LLeBel
4602,63,CLHDube
4602,65,CDGonthier
4602,70,JCMajor
4602,71,MBastarache
4602,72,WICBinnie
4602,73,LArbour
4602,74,LLeBel
4603,63,CLHDube
4603,65,CDGonthier
4603,67,BMcLachlin
4603,69,FIacobucci
4603,70,JCMajor
4603,71,MBastarache
4603,72,WICBinnie
4603,73,LArbour
4603,74,LLeBel
4604,63,CLHDube
4604,65,CDGonthier
4604,67,BMcLachlin
4604,69,FIacobucci
4604,70,JCMajor
4604,71,MBastarache
4604,72,WICBinnie
4604,73,LArbour
4604,74,LLeBel
4605,63,CLHDube
4605,65,CDGonthier
4605,67,BMcLachlin
4605,69,FIacobucci
4605,70,JCMajor
4605,71,MBastarache
4605,72,WICBinnie
4605,73,LArbour
4605,74,LLeBel
4606,63,CLHDube
4606,65,CDGonthier
4606,67,BMcLachlin
4606,69,FIacobucci
4606,70,JCMajor
4606,71,MBastarache
4606,72,WICBinnie
4606,73,LArbour
4606,74,LLeBel
4607,63,CLHDube
4607,65,CDGonthier
4607,67,BMcLachlin
4607,69,FIacobucci
4607,70,JCMajor
4607,71,MBastarache
4607,72,WICBinnie
4607,73,LArbour
4607,74,LLeBel
4608,63,CLHDube
4608,65,CDGonthier
4608,67,BMcLachlin
4608,69,FIacobucci
4608,70,JCMajor
4608,71,MBastarache
4608,72,WICBinnie
4608,73,LArbour
4608,74,LLeBel
4609,65,CDGonthier
4609,67,BMcLachlin
4609,70,JCMajor
4609,71,MBastarache
4609,72,WICBinnie
4609,73,LArbour
4609,74,LLeBel
4610,69,FIacobucci
4610,70,JCMajor
4610,71,MBastarache
4610,72,WICBinnie
4610,73,LArbour
4611,65,CDGonthier
4611,67,BMcLachlin
4611,69,FIacobucci
4611,70,JCMajor
4611,71,MBastarache
4611,72,WICBinnie
4611,74,LLeBel
4612,63,CLHDube
4612,65,CDGonthier
4612,67,BMcLachlin
4612,69,FIacobucci
4612,70,JCMajor
4612,71,MBastarache
4612,72,WICBinnie
4612,73,LArbour
4612,74,LLeBel
4613,63,CLHDube
4613,65,CDGonthier
4613,67,BMcLachlin
4613,69,FIacobucci
4613,70,JCMajor
4613,71,MBastarache
4613,72,WICBinnie
4613,73,LArbour
4613,74,LLeBel
4614,63,CLHDube
4614,65,CDGonthier
4614,67,BMcLachlin
4614,69,FIacobucci
4614,70,JCMajor
4614,71,MBastarache
4614,72,WICBinnie
4614,73,LArbour
4614,74,LLeBel
4615,63,CLHDube
4615,65,CDGonthier
4615,67,BMcLachlin
4615,69,FIacobucci
4615,70,JCMajor
4615,71,MBastarache
4615,72,WICBinnie
4615,73,LArbour
4615,74,LLeBel
4616,63,CLHDube
4616,65,CDGonthier
4616,69,FIacobucci
4616,70,JCMajor
4616,72,WICBinnie
4616,73,LArbour
4616,74,LLeBel
4617,63,CLHDube
4617,65,CDGonthier
4617,67,BMcLachlin
4617,69,FIacobucci
4617,70,JCMajor
4617,71,MBastarache
4617,72,WICBinnie
4617,73,LArbour
4617,74,LLeBel
4618,63,CLHDube
4618,65,CDGonthier
4618,67,BMcLachlin
4618,69,FIacobucci
4618,71,MBastarache
4618,72,WICBinnie
4618,74,LLeBel
4619,63,CLHDube
4619,69,FIacobucci
4619,70,JCMajor
4619,71,MBastarache
4619,72,WICBinnie
4619,73,LArbour
4619,74,LLeBel
4620,63,CLHDube
4620,65,CDGonthier
4620,67,BMcLachlin
4620,69,FIacobucci
4620,70,JCMajor
4620,71,MBastarache
4620,72,WICBinnie
4620,73,LArbour
4620,74,LLeBel
4621,63,CLHDube
4621,65,CDGonthier
4621,67,BMcLachlin
4621,69,FIacobucci
4621,70,JCMajor
4621,71,MBastarache
4621,72,WICBinnie
4621,73,LArbour
4621,74,LLeBel
4622,63,CLHDube
4622,65,CDGonthier
4622,67,BMcLachlin
4622,70,JCMajor
4622,72,WICBinnie
4622,73,LArbour
4622,74,LLeBel
4623,63,CLHDube
4623,65,CDGonthier
4623,67,BMcLachlin
4623,70,JCMajor
4623,72,WICBinnie
4623,73,LArbour
4623,74,LLeBel
4624,63,CLHDube
4624,65,CDGonthier
4624,67,BMcLachlin
4624,69,FIacobucci
4624,70,JCMajor
4624,71,MBastarache
4624,72,WICBinnie
4624,73,LArbour
4624,74,LLeBel
4625,63,CLHDube
4625,65,CDGonthier
4625,67,BMcLachlin
4625,69,FIacobucci
4625,70,JCMajor
4625,71,MBastarache
4625,72,WICBinnie
4625,73,LArbour
4625,74,LLeBel
4626,63,CLHDube
4626,65,CDGonthier
4626,67,BMcLachlin
4626,69,FIacobucci
4626,70,JCMajor
4626,71,MBastarache
4626,72,WICBinnie
4626,73,LArbour
4626,74,LLeBel
4627,63,CLHDube
4627,65,CDGonthier
4627,67,BMcLachlin
4627,69,FIacobucci
4627,70,JCMajor
4627,71,MBastarache
4627,72,WICBinnie
4627,73,LArbour
4627,74,LLeBel
4628,67,BMcLachlin
4628,69,FIacobucci
4628,70,JCMajor
4628,71,MBastarache
4628,72,WICBinnie
4628,73,LArbour
4628,74,LLeBel
4629,63,CLHDube
4629,65,CDGonthier
4629,67,BMcLachlin
4629,69,FIacobucci
4629,70,JCMajor
4629,71,MBastarache
4629,72,WICBinnie
4629,73,LArbour
4629,74,LLeBel
4630,65,CDGonthier
4630,69,FIacobucci
4630,70,JCMajor
4630,71,MBastarache
4630,72,WICBinnie
4630,73,LArbour
4630,74,LLeBel
4631,65,CDGonthier
4631,69,FIacobucci
4631,70,JCMajor
4631,71,MBastarache
4631,72,WICBinnie
4631,73,LArbour
4631,74,LLeBel
4632,65,CDGonthier
4632,69,FIacobucci
4632,70,JCMajor
4632,71,MBastarache
4632,72,WICBinnie
4632,73,LArbour
4632,74,LLeBel
4633,63,CLHDube
4633,65,CDGonthier
4633,67,BMcLachlin
4633,69,FIacobucci
4633,70,JCMajor
4633,71,MBastarache
4633,72,WICBinnie
4633,73,LArbour
4633,74,LLeBel
4634,63,CLHDube
4634,65,CDGonthier
4634,67,BMcLachlin
4634,69,FIacobucci
4634,70,JCMajor
4634,71,MBastarache
4634,72,WICBinnie
4634,73,LArbour
4634,74,LLeBel
4635,63,CLHDube
4635,65,CDGonthier
4635,67,BMcLachlin
4635,69,FIacobucci
4635,70,JCMajor
4635,72,WICBinnie
4635,74,LLeBel
4636,65,CDGonthier
4636,67,BMcLachlin
4636,69,FIacobucci
4636,71,MBastarache
4636,72,WICBinnie
4636,73,LArbour
4636,74,LLeBel
4637,65,CDGonthier
4637,67,BMcLachlin
4637,69,FIacobucci
4637,70,JCMajor
4637,72,WICBinnie
4637,73,LArbour
4637,74,LLeBel
4638,63,CLHDube
4638,65,CDGonthier
4638,67,BMcLachlin
4638,69,FIacobucci
4638,70,JCMajor
4638,71,MBastarache
4638,72,WICBinnie
4638,73,LArbour
4638,74,LLeBel
4639,63,CLHDube
4639,65,CDGonthier
4639,67,BMcLachlin
4639,69,FIacobucci
4639,70,JCMajor
4639,71,MBastarache
4639,72,WICBinnie
4639,73,LArbour
4639,74,LLeBel
4640,65,CDGonthier
4640,67,BMcLachlin
4640,69,FIacobucci
4640,71,MBastarache
4640,72,WICBinnie
4640,73,LArbour
4640,74,LLeBel
4641,65,CDGonthier
4641,69,FIacobucci
4641,71,MBastarache
4641,73,LArbour
4641,74,LLeBel
4642,63,CLHDube
4642,65,CDGonthier
4642,67,BMcLachlin
4642,69,FIacobucci
4642,70,JCMajor
4642,71,MBastarache
4642,72,WICBinnie
4642,73,LArbour
4642,74,LLeBel
4643,63,CLHDube
4643,65,CDGonthier
4643,67,BMcLachlin
4643,69,FIacobucci
4643,70,JCMajor
4643,71,MBastarache
4643,72,WICBinnie
4643,73,LArbour
4643,74,LLeBel
4644,63,CLHDube
4644,65,CDGonthier
4644,67,BMcLachlin
4644,69,FIacobucci
4644,70,JCMajor
4644,71,MBastarache
4644,72,WICBinnie
4644,73,LArbour
4644,74,LLeBel
4645,63,CLHDube
4645,69,FIacobucci
4645,70,JCMajor
4645,71,MBastarache
4645,72,WICBinnie
4645,73,LArbour
4645,74,LLeBel
4646,65,CDGonthier
4646,67,BMcLachlin
4646,69,FIacobucci
4646,71,MBastarache
4646,72,WICBinnie
4646,73,LArbour
4646,74,LLeBel
4647,63,CLHDube
4647,65,CDGonthier
4647,67,BMcLachlin
4647,69,FIacobucci
4647,70,JCMajor
4647,71,MBastarache
4647,72,WICBinnie
4647,73,LArbour
4647,74,LLeBel
4648,63,CLHDube
4648,65,CDGonthier
4648,67,BMcLachlin
4648,69,FIacobucci
4648,70,JCMajor
4648,71,MBastarache
4648,72,WICBinnie
4648,73,LArbour
4648,74,LLeBel
4649,69,FIacobucci
4649,71,MBastarache
4649,72,WICBinnie
4649,73,LArbour
4649,74,LLeBel
4650,65,CDGonthier
4650,67,BMcLachlin
4650,69,FIacobucci
4650,70,JCMajor
4650,71,MBastarache
4650,72,WICBinnie
4650,73,LArbour
4651,65,CDGonthier
4651,67,BMcLachlin
4651,69,FIacobucci
4651,70,JCMajor
4651,71,MBastarache
4651,72,WICBinnie
4651,74,LLeBel
4652,65,CDGonthier
4652,67,BMcLachlin
4652,69,FIacobucci
4652,70,JCMajor
4652,71,MBastarache
4652,72,WICBinnie
4652,74,LLeBel
4653,63,CLHDube
4653,65,CDGonthier
4653,67,BMcLachlin
4653,69,FIacobucci
4653,70,JCMajor
4653,71,MBastarache
4653,72,WICBinnie
4653,73,LArbour
4653,74,LLeBel
4654,63,CLHDube
4654,65,CDGonthier
4654,67,BMcLachlin
4654,69,FIacobucci
4654,70,JCMajor
4654,71,MBastarache
4654,72,WICBinnie
4654,73,LArbour
4654,74,LLeBel
4655,67,BMcLachlin
4655,69,FIacobucci
4655,70,JCMajor
4655,71,MBastarache
4655,72,WICBinnie
4655,73,LArbour
4655,74,LLeBel
4656,63,CLHDube
4656,65,CDGonthier
4656,67,BMcLachlin
4656,69,FIacobucci
4656,70,JCMajor
4656,71,MBastarache
4656,72,WICBinnie
4656,73,LArbour
4656,74,LLeBel
4657,63,CLHDube
4657,65,CDGonthier
4657,67,BMcLachlin
4657,69,FIacobucci
4657,70,JCMajor
4657,71,MBastarache
4657,72,WICBinnie
4657,73,LArbour
4657,74,LLeBel
4658,63,CLHDube
4658,65,CDGonthier
4658,67,BMcLachlin
4658,69,FIacobucci
4658,70,JCMajor
4658,71,MBastarache
4658,72,WICBinnie
4658,73,LArbour
4658,74,LLeBel
4659,63,CLHDube
4659,65,CDGonthier
4659,67,BMcLachlin
4659,69,FIacobucci
4659,70,JCMajor
4659,71,MBastarache
4659,72,WICBinnie
4659,73,LArbour
4659,74,LLeBel
4660,63,CLHDube
4660,65,CDGonthier
4660,67,BMcLachlin
4660,69,FIacobucci
4660,70,JCMajor
4660,71,MBastarache
4660,72,WICBinnie
4660,73,LArbour
4660,74,LLeBel
4661,63,CLHDube
4661,65,CDGonthier
4661,67,BMcLachlin
4661,69,FIacobucci
4661,70,JCMajor
4661,71,MBastarache
4661,72,WICBinnie
4661,73,LArbour
4661,74,LLeBel
4662,63,CLHDube
4662,65,CDGonthier
4662,67,BMcLachlin
4662,69,FIacobucci
4662,70,JCMajor
4662,71,MBastarache
4662,72,WICBinnie
4662,73,LArbour
4662,74,LLeBel
4663,63,CLHDube
4663,65,CDGonthier
4663,67,BMcLachlin
4663,69,FIacobucci
4663,70,JCMajor
4663,72,WICBinnie
4663,74,LLeBel
4664,63,CLHDube
4664,65,CDGonthier
4664,71,MBastarache
4664,73,LArbour
4664,74,LLeBel
4665,63,CLHDube
4665,65,CDGonthier
4665,67,BMcLachlin
4665,69,FIacobucci
4665,70,JCMajor
4665,71,MBastarache
4665,72,WICBinnie
4665,73,LArbour
4665,74,LLeBel
4666,65,CDGonthier
4666,67,BMcLachlin
4666,69,FIacobucci
4666,71,MBastarache
4666,72,WICBinnie
4666,73,LArbour
4666,74,LLeBel
4667,65,CDGonthier
4667,67,BMcLachlin
4667,70,JCMajor
4667,72,WICBinnie
4667,73,LArbour
4667,74,LLeBel
4667,75,MDeschamps
4668,63,CLHDube
4668,65,CDGonthier
4668,67,BMcLachlin
4668,69,FIacobucci
4668,70,JCMajor
4668,71,MBastarache
4668,72,WICBinnie
4668,73,LArbour
4668,74,LLeBel
4669,63,CLHDube
4669,65,CDGonthier
4669,67,BMcLachlin
4669,69,FIacobucci
4669,70,JCMajor
4669,71,MBastarache
4669,72,WICBinnie
4669,73,LArbour
4669,74,LLeBel
4670,63,CLHDube
4670,65,CDGonthier
4670,67,BMcLachlin
4670,69,FIacobucci
4670,70,JCMajor
4670,71,MBastarache
4670,72,WICBinnie
4670,73,LArbour
4670,74,LLeBel
4671,63,CLHDube
4671,65,CDGonthier
4671,67,BMcLachlin
4671,69,FIacobucci
4671,70,JCMajor
4671,71,MBastarache
4671,72,WICBinnie
4671,73,LArbour
4671,74,LLeBel
4672,70,JCMajor
4672,71,MBastarache
4672,72,WICBinnie
4672,73,LArbour
4672,75,MDeschamps
4673,63,CLHDube
4673,65,CDGonthier
4673,67,BMcLachlin
4673,69,FIacobucci
4673,70,JCMajor
4673,71,MBastarache
4673,72,WICBinnie
4673,73,LArbour
4673,74,LLeBel
4674,63,CLHDube
4674,65,CDGonthier
4674,67,BMcLachlin
4674,69,FIacobucci
4674,70,JCMajor
4674,71,MBastarache
4674,72,WICBinnie
4674,73,LArbour
4674,74,LLeBel
4675,70,JCMajor
4675,71,MBastarache
4675,72,WICBinnie
4675,73,LArbour
4675,74,LLeBel
4676,63,CLHDube
4676,65,CDGonthier
4676,67,BMcLachlin
4676,69,FIacobucci
4676,71,MBastarache
4676,73,LArbour
4676,74,LLeBel
4677,63,CLHDube
4677,65,CDGonthier
4677,67,BMcLachlin
4677,69,FIacobucci
4677,70,JCMajor
4677,71,MBastarache
4677,72,WICBinnie
4677,73,LArbour
4677,74,LLeBel
4678,63,CLHDube
4678,65,CDGonthier
4678,67,BMcLachlin
4678,69,FIacobucci
4678,70,JCMajor
4678,71,MBastarache
4678,72,WICBinnie
4678,73,LArbour
4678,74,LLeBel
4679,63,CLHDube
4679,65,CDGonthier
4679,67,BMcLachlin
4679,69,FIacobucci
4679,70,JCMajor
4679,71,MBastarache
4679,72,WICBinnie
4679,73,LArbour
4679,74,LLeBel
4680,63,CLHDube
4680,65,CDGonthier
4680,67,BMcLachlin
4680,69,FIacobucci
4680,70,JCMajor
4680,71,MBastarache
4680,72,WICBinnie
4680,73,LArbour
4680,74,LLeBel
4681,63,CLHDube
4681,65,CDGonthier
4681,67,BMcLachlin
4681,69,FIacobucci
4681,70,JCMajor
4681,71,MBastarache
4681,72,WICBinnie
4681,73,LArbour
4681,74,LLeBel
4682,65,CDGonthier
4682,69,FIacobucci
4682,70,JCMajor
4682,71,MBastarache
4682,72,WICBinnie
4682,73,LArbour
4682,74,LLeBel
4683,63,CLHDube
4683,65,CDGonthier
4683,67,BMcLachlin
4683,69,FIacobucci
4683,70,JCMajor
4683,71,MBastarache
4683,72,WICBinnie
4683,73,LArbour
4683,74,LLeBel
4684,69,FIacobucci
4684,70,JCMajor
4684,72,WICBinnie
4684,73,LArbour
4684,75,MDeschamps
4685,69,FIacobucci
4685,70,JCMajor
4685,71,MBastarache
4685,73,LArbour
4685,74,LLeBel
4686,65,CDGonthier
4686,69,FIacobucci
4686,70,JCMajor
4686,71,MBastarache
4686,72,WICBinnie
4686,73,LArbour
4686,74,LLeBel
4687,63,CLHDube
4687,65,CDGonthier
4687,67,BMcLachlin
4687,69,FIacobucci
4687,70,JCMajor
4687,71,MBastarache
4687,72,WICBinnie
4687,73,LArbour
4687,74,LLeBel
4688,63,CLHDube
4688,65,CDGonthier
4688,67,BMcLachlin
4688,69,FIacobucci
4688,70,JCMajor
4688,71,MBastarache
4688,72,WICBinnie
4688,73,LArbour
4688,74,LLeBel
4689,63,CLHDube
4689,65,CDGonthier
4689,67,BMcLachlin
4689,69,FIacobucci
4689,70,JCMajor
4689,71,MBastarache
4689,72,WICBinnie
4689,73,LArbour
4689,74,LLeBel
4690,63,CLHDube
4690,65,CDGonthier
4690,67,BMcLachlin
4690,69,FIacobucci
4690,70,JCMajor
4690,71,MBastarache
4690,72,WICBinnie
4690,73,LArbour
4690,74,LLeBel
4691,67,BMcLachlin
4691,69,FIacobucci
4691,70,JCMajor
4691,74,LLeBel
4691,75,MDeschamps
4692,67,BMcLachlin
4692,69,FIacobucci
4692,70,JCMajor
4692,74,LLeBel
4692,75,MDeschamps
4693,65,CDGonthier
4693,67,BMcLachlin
4693,69,FIacobucci
4693,70,JCMajor
4693,71,MBastarache
4693,72,WICBinnie
4693,73,LArbour
4693,74,LLeBel
4693,75,MDeschamps
4694,65,CDGonthier
4694,67,BMcLachlin
4694,69,FIacobucci
4694,70,JCMajor
4694,71,MBastarache
4695,65,CDGonthier
4695,67,BMcLachlin
4695,69,FIacobucci
4695,70,JCMajor
4695,71,MBastarache
4695,72,WICBinnie
4695,73,LArbour
4696,67,BMcLachlin
4696,71,MBastarache
4696,72,WICBinnie
4696,73,LArbour
4696,75,MDeschamps
4697,65,CDGonthier
4697,67,BMcLachlin
4697,69,FIacobucci
4697,70,JCMajor
4697,71,MBastarache
4697,72,WICBinnie
4697,73,LArbour
4697,74,LLeBel
4697,75,MDeschamps
4698,65,CDGonthier
4698,67,BMcLachlin
4698,69,FIacobucci
4698,70,JCMajor
4698,71,MBastarache
4698,72,WICBinnie
4698,73,LArbour
4698,74,LLeBel
4698,75,MDeschamps
4699,65,CDGonthier
4699,67,BMcLachlin
4699,69,FIacobucci
4699,70,JCMajor
4699,71,MBastarache
4699,72,WICBinnie
4699,73,LArbour
4699,74,LLeBel
4699,75,MDeschamps
4700,65,CDGonthier
4700,67,BMcLachlin
4700,69,FIacobucci
4700,70,JCMajor
4700,71,MBastarache
4700,72,WICBinnie
4700,73,LArbour
4700,74,LLeBel
4700,75,MDeschamps
4701,69,FIacobucci
4701,70,JCMajor
4701,71,MBastarache
4701,72,WICBinnie
4701,73,LArbour
4702,65,CDGonthier
4702,72,WICBinnie
4702,73,LArbour
4702,74,LLeBel
4702,75,MDeschamps
4703,65,CDGonthier
4703,67,BMcLachlin
4703,72,WICBinnie
4703,73,LArbour
4703,74,LLeBel
4704,67,BMcLachlin
4704,69,FIacobucci
4704,70,JCMajor
4704,71,MBastarache
4704,72,WICBinnie
4704,73,LArbour
4704,74,LLeBel
4705,67,BMcLachlin
4705,69,FIacobucci
4705,70,JCMajor
4705,71,MBastarache
4705,72,WICBinnie
4705,73,LArbour
4705,74,LLeBel
4706,69,FIacobucci
4706,70,JCMajor
4706,72,WICBinnie
4706,73,LArbour
4706,74,LLeBel
4707,65,CDGonthier
4707,69,FIacobucci
4707,71,MBastarache
4707,72,WICBinnie
4707,73,LArbour
4707,74,LLeBel
4707,75,MDeschamps
4708,65,CDGonthier
4708,67,BMcLachlin
4708,69,FIacobucci
4708,70,JCMajor
4708,71,MBastarache
4708,72,WICBinnie
4708,73,LArbour
4708,74,LLeBel
4708,75,MDeschamps
4709,67,BMcLachlin
4709,69,FIacobucci
4709,70,JCMajor
4709,72,WICBinnie
4709,73,LArbour
4709,74,LLeBel
4709,75,MDeschamps
4710,65,CDGonthier
4710,67,BMcLachlin
4710,69,FIacobucci
4710,70,JCMajor
4710,71,MBastarache
4710,72,WICBinnie
4710,73,LArbour
4710,74,LLeBel
4710,75,MDeschamps
4711,65,CDGonthier
4711,69,FIacobucci
4711,71,MBastarache
4711,72,WICBinnie
4711,73,LArbour
4712,65,CDGonthier
4712,69,FIacobucci
4712,70,JCMajor
4712,71,MBastarache
4712,72,WICBinnie
4712,73,LArbour
4712,75,MDeschamps
4713,65,CDGonthier
4713,67,BMcLachlin
4713,69,FIacobucci
4713,70,JCMajor
4713,71,MBastarache
4713,72,WICBinnie
4713,73,LArbour
4713,74,LLeBel
4713,75,MDeschamps
4714,65,CDGonthier
4714,67,BMcLachlin
4714,71,MBastarache
4714,72,WICBinnie
4714,73,LArbour
4714,74,LLeBel
4714,75,MDeschamps
4715,65,CDGonthier
4715,67,BMcLachlin
4715,69,FIacobucci
4715,70,JCMajor
4715,71,MBastarache
4715,72,WICBinnie
4715,74,LLeBel
4716,65,CDGonthier
4716,67,BMcLachlin
4716,69,FIacobucci
4716,70,JCMajor
4716,71,MBastarache
4716,72,WICBinnie
4716,73,LArbour
4716,74,LLeBel
4716,75,MDeschamps
4717,65,CDGonthier
4717,67,BMcLachlin
4717,69,FIacobucci
4717,70,JCMajor
4717,71,MBastarache
4717,72,WICBinnie
4717,73,LArbour
4717,74,LLeBel
4717,75,MDeschamps
4718,65,CDGonthier
4718,67,BMcLachlin
4718,69,FIacobucci
4718,70,JCMajor
4718,71,MBastarache
4718,72,WICBinnie
4718,73,LArbour
4718,74,LLeBel
4718,75,MDeschamps
4719,65,CDGonthier
4719,67,BMcLachlin
4719,70,JCMajor
4719,71,MBastarache
4719,73,LArbour
4719,74,LLeBel
4719,75,MDeschamps
4720,65,CDGonthier
4720,69,FIacobucci
4720,71,MBastarache
4720,72,WICBinnie
4720,73,LArbour
4720,74,LLeBel
4720,75,MDeschamps
4721,65,CDGonthier
4721,67,BMcLachlin
4721,69,FIacobucci
4721,70,JCMajor
4721,71,MBastarache
4721,72,WICBinnie
4721,73,LArbour
4721,74,LLeBel
4721,75,MDeschamps
4722,65,CDGonthier
4722,67,BMcLachlin
4722,69,FIacobucci
4722,70,JCMajor
4722,71,MBastarache
4722,72,WICBinnie
4722,73,LArbour
4722,74,LLeBel
4722,75,MDeschamps
4723,65,CDGonthier
4723,67,BMcLachlin
4723,69,FIacobucci
4723,70,JCMajor
4723,71,MBastarache
4723,72,WICBinnie
4723,73,LArbour
4723,74,LLeBel
4723,75,MDeschamps
4724,65,CDGonthier
4724,67,BMcLachlin
4724,69,FIacobucci
4724,70,JCMajor
4724,71,MBastarache
4724,72,WICBinnie
4724,73,LArbour
4724,74,LLeBel
4724,75,MDeschamps
4725,65,CDGonthier
4725,67,BMcLachlin
4725,69,FIacobucci
4725,70,JCMajor
4725,71,MBastarache
4725,72,WICBinnie
4725,73,LArbour
4725,74,LLeBel
4725,75,MDeschamps
4726,65,CDGonthier
4726,67,BMcLachlin
4726,69,FIacobucci
4726,70,JCMajor
4726,71,MBastarache
4726,72,WICBinnie
4726,73,LArbour
4726,74,LLeBel
4726,75,MDeschamps
4727,65,CDGonthier
4727,67,BMcLachlin
4727,69,FIacobucci
4727,70,JCMajor
4727,71,MBastarache
4727,72,WICBinnie
4727,73,LArbour
4727,74,LLeBel
4727,75,MDeschamps
4728,65,CDGonthier
4728,67,BMcLachlin
4728,69,FIacobucci
4728,70,JCMajor
4728,71,MBastarache
4728,72,WICBinnie
4728,73,LArbour
4728,74,LLeBel
4728,75,MDeschamps
4729,67,BMcLachlin
4729,69,FIacobucci
4729,70,JCMajor
4729,71,MBastarache
4729,72,WICBinnie
4729,74,LLeBel
4729,75,MDeschamps
4730,65,CDGonthier
4730,67,BMcLachlin
4730,70,JCMajor
4730,71,MBastarache
4730,72,WICBinnie
4730,73,LArbour
4730,74,LLeBel
4731,65,CDGonthier
4731,67,BMcLachlin
4731,69,FIacobucci
4731,70,JCMajor
4731,71,MBastarache
4731,72,WICBinnie
4731,73,LArbour
4731,74,LLeBel
4731,75,MDeschamps
4732,67,BMcLachlin
4732,69,FIacobucci
4732,70,JCMajor
4732,71,MBastarache
4732,72,WICBinnie
4732,73,LArbour
4732,75,MDeschamps
4733,65,CDGonthier
4733,67,BMcLachlin
4733,69,FIacobucci
4733,70,JCMajor
4733,71,MBastarache
4733,72,WICBinnie
4733,73,LArbour
4733,74,LLeBel
4733,75,MDeschamps
4734,65,CDGonthier
4734,67,BMcLachlin
4734,69,FIacobucci
4734,70,JCMajor
4734,71,MBastarache
4734,72,WICBinnie
4734,73,LArbour
4734,74,LLeBel
4734,75,MDeschamps
4735,65,CDGonthier
4735,67,BMcLachlin
4735,69,FIacobucci
4735,70,JCMajor
4735,71,MBastarache
4735,73,LArbour
4735,74,LLeBel
4735,75,MDeschamps
4736,65,CDGonthier
4736,67,BMcLachlin
4736,69,FIacobucci
4736,70,JCMajor
4736,71,MBastarache
4736,72,WICBinnie
4736,73,LArbour
4736,74,LLeBel
4736,75,MDeschamps
4737,65,CDGonthier
4737,67,BMcLachlin
4737,69,FIacobucci
4737,70,JCMajor
4737,71,MBastarache
4737,72,WICBinnie
4737,73,LArbour
4737,74,LLeBel
4737,75,MDeschamps
4738,65,CDGonthier
4738,67,BMcLachlin
4738,69,FIacobucci
4738,70,JCMajor
4738,71,MBastarache
4738,72,WICBinnie
4738,73,LArbour
4738,74,LLeBel
4738,75,MDeschamps
4739,65,CDGonthier
4739,67,BMcLachlin
4739,69,FIacobucci
4739,70,JCMajor
4739,71,MBastarache
4739,72,WICBinnie
4739,73,LArbour
4739,74,LLeBel
4739,75,MDeschamps
4740,65,CDGonthier
4740,67,BMcLachlin
4740,69,FIacobucci
4740,70,JCMajor
4740,71,MBastarache
4740,72,WICBinnie
4740,73,LArbour
4740,74,LLeBel
4740,75,MDeschamps
4741,65,CDGonthier
4741,67,BMcLachlin
4741,69,FIacobucci
4741,70,JCMajor
4741,71,MBastarache
4741,72,WICBinnie
4741,73,LArbour
4741,74,LLeBel
4741,75,MDeschamps
4742,65,CDGonthier
4742,67,BMcLachlin
4742,69,FIacobucci
4742,70,JCMajor
4742,71,MBastarache
4742,72,WICBinnie
4742,73,LArbour
4742,74,LLeBel
4742,75,MDeschamps
4743,65,CDGonthier
4743,67,BMcLachlin
4743,69,FIacobucci
4743,70,JCMajor
4743,71,MBastarache
4743,72,WICBinnie
4743,73,LArbour
4743,74,LLeBel
4743,75,MDeschamps
4744,65,CDGonthier
4744,67,BMcLachlin
4744,69,FIacobucci
4744,70,JCMajor
4744,71,MBastarache
4744,72,WICBinnie
4744,73,LArbour
4744,74,LLeBel
4744,75,MDeschamps
4745,65,CDGonthier
4745,67,BMcLachlin
4745,69,FIacobucci
4745,70,JCMajor
4745,71,MBastarache
4745,72,WICBinnie
4745,73,LArbour
4745,74,LLeBel
4745,75,MDeschamps
4746,69,FIacobucci
4746,70,JCMajor
4746,72,WICBinnie
4746,73,LArbour
4746,74,LLeBel
4746,75,MDeschamps
4746,76,MJFish
4747,67,BMcLachlin
4747,70,JCMajor
4747,72,WICBinnie
4747,73,LArbour
4747,74,LLeBel
4747,75,MDeschamps
4747,76,MJFish
4748,65,CDGonthier
4748,67,BMcLachlin
4748,69,FIacobucci
4748,70,JCMajor
4748,71,MBastarache
4748,72,WICBinnie
4748,73,LArbour
4748,74,LLeBel
4748,75,MDeschamps
4749,65,CDGonthier
4749,67,BMcLachlin
4749,69,FIacobucci
4749,70,JCMajor
4749,71,MBastarache
4749,72,WICBinnie
4749,73,LArbour
4749,74,LLeBel
4749,75,MDeschamps
4750,65,CDGonthier
4750,67,BMcLachlin
4750,69,FIacobucci
4750,70,JCMajor
4750,71,MBastarache
4750,72,WICBinnie
4750,73,LArbour
4750,74,LLeBel
4750,75,MDeschamps
4751,65,CDGonthier
4751,67,BMcLachlin
4751,69,FIacobucci
4751,70,JCMajor
4751,71,MBastarache
4751,72,WICBinnie
4751,73,LArbour
4751,74,LLeBel
4751,75,MDeschamps
4752,65,CDGonthier
4752,67,BMcLachlin
4752,69,FIacobucci
4752,70,JCMajor
4752,71,MBastarache
4752,72,WICBinnie
4752,73,LArbour
4752,74,LLeBel
4752,75,MDeschamps
4753,65,CDGonthier
4753,67,BMcLachlin
4753,69,FIacobucci
4753,70,JCMajor
4753,71,MBastarache
4753,72,WICBinnie
4753,73,LArbour
4753,74,LLeBel
4753,75,MDeschamps
4754,65,CDGonthier
4754,67,BMcLachlin
4754,69,FIacobucci
4754,70,JCMajor
4754,71,MBastarache
4754,72,WICBinnie
4754,73,LArbour
4754,74,LLeBel
4754,75,MDeschamps
4755,69,FIacobucci
4755,70,JCMajor
4755,71,MBastarache
4755,72,WICBinnie
4755,73,LArbour
4755,74,LLeBel
4755,75,MDeschamps
4756,65,CDGonthier
4756,69,FIacobucci
4756,71,MBastarache
4756,72,WICBinnie
4756,73,LArbour
4756,74,LLeBel
4756,75,MDeschamps
4757,65,CDGonthier
4757,67,BMcLachlin
4757,69,FIacobucci
4757,70,JCMajor
4757,71,MBastarache
4757,72,WICBinnie
4757,73,LArbour
4757,74,LLeBel
4757,75,MDeschamps
4758,65,CDGonthier
4758,67,BMcLachlin
4758,69,FIacobucci
4758,70,JCMajor
4758,71,MBastarache
4758,72,WICBinnie
4758,73,LArbour
4758,74,LLeBel
4758,75,MDeschamps
4759,65,CDGonthier
4759,67,BMcLachlin
4759,69,FIacobucci
4759,70,JCMajor
4759,71,MBastarache
4759,72,WICBinnie
4759,73,LArbour
4759,74,LLeBel
4759,75,MDeschamps
4760,65,CDGonthier
4760,67,BMcLachlin
4760,69,FIacobucci
4760,70,JCMajor
4760,71,MBastarache
4760,72,WICBinnie
4760,73,LArbour
4760,74,LLeBel
4760,75,MDeschamps
4761,65,CDGonthier
4761,67,BMcLachlin
4761,69,FIacobucci
4761,70,JCMajor
4761,71,MBastarache
4761,72,WICBinnie
4761,73,LArbour
4761,74,LLeBel
4761,75,MDeschamps
4762,65,CDGonthier
4762,67,BMcLachlin
4762,69,FIacobucci
4762,70,JCMajor
4762,71,MBastarache
4762,72,WICBinnie
4762,73,LArbour
4762,74,LLeBel
4762,75,MDeschamps
4763,65,CDGonthier
4763,67,BMcLachlin
4763,69,FIacobucci
4763,70,JCMajor
4763,71,MBastarache
4763,72,WICBinnie
4763,73,LArbour
4763,74,LLeBel
4763,75,MDeschamps
4764,65,CDGonthier
4764,67,BMcLachlin
4764,69,FIacobucci
4764,70,JCMajor
4764,71,MBastarache
4764,72,WICBinnie
4764,73,LArbour
4764,74,LLeBel
4764,75,MDeschamps
4765,67,BMcLachlin
4765,69,FIacobucci
4765,70,JCMajor
4765,71,MBastarache
4765,72,WICBinnie
4765,73,LArbour
4765,74,LLeBel
4765,75,MDeschamps
4765,76,MJFish
4766,65,CDGonthier
4766,67,BMcLachlin
4766,70,JCMajor
4766,71,MBastarache
4766,72,WICBinnie
4766,74,LLeBel
4766,75,MDeschamps
4767,65,CDGonthier
4767,67,BMcLachlin
4767,70,JCMajor
4767,71,MBastarache
4767,73,LArbour
4767,74,LLeBel
4767,75,MDeschamps
4768,67,BMcLachlin
4768,69,FIacobucci
4768,70,JCMajor
4768,72,WICBinnie
4768,74,LLeBel
4768,75,MDeschamps
4768,76,MJFish
4769,65,CDGonthier
4769,67,BMcLachlin
4769,69,FIacobucci
4769,70,JCMajor
4769,71,MBastarache
4769,72,WICBinnie
4769,73,LArbour
4769,74,LLeBel
4769,75,MDeschamps
4770,69,FIacobucci
4770,70,JCMajor
4770,71,MBastarache
4770,73,LArbour
4770,74,LLeBel
4770,75,MDeschamps
4770,76,MJFish
4771,67,BMcLachlin
4771,70,JCMajor
4771,72,WICBinnie
4771,73,LArbour
4771,74,LLeBel
4771,75,MDeschamps
4771,76,MJFish
4772,69,FIacobucci
4772,70,JCMajor
4772,71,MBastarache
4772,72,WICBinnie
4772,73,LArbour
4772,74,LLeBel
4772,75,MDeschamps
4773,67,BMcLachlin
4773,69,FIacobucci
4773,71,MBastarache
4773,73,LArbour
4773,74,LLeBel
4773,75,MDeschamps
4773,76,MJFish
4774,67,BMcLachlin
4774,69,FIacobucci
4774,70,JCMajor
4774,73,LArbour
4774,76,MJFish
4775,67,BMcLachlin
4775,70,JCMajor
4775,71,MBastarache
4775,72,WICBinnie
4775,73,LArbour
4775,74,LLeBel
4775,75,MDeschamps
4776,69,FIacobucci
4776,70,JCMajor
4776,71,MBastarache
4776,72,WICBinnie
4776,73,LArbour
4776,75,MDeschamps
4776,76,MJFish
4777,67,BMcLachlin
4777,69,FIacobucci
4777,70,JCMajor
4777,71,MBastarache
4777,74,LLeBel
4777,75,MDeschamps
4777,76,MJFish
4778,67,BMcLachlin
4778,70,JCMajor
4778,71,MBastarache
4778,72,WICBinnie
4778,73,LArbour
4778,75,MDeschamps
4778,76,MJFish
4779,69,FIacobucci
4779,70,JCMajor
4779,71,MBastarache
4779,72,WICBinnie
4779,73,LArbour
4779,74,LLeBel
4779,75,MDeschamps
4780,67,BMcLachlin
4780,69,FIacobucci
4780,70,JCMajor
4780,71,MBastarache
4780,72,WICBinnie
4780,73,LArbour
4780,74,LLeBel
4780,75,MDeschamps
4780,76,MJFish
4781,67,BMcLachlin
4781,69,FIacobucci
4781,70,JCMajor
4781,72,WICBinnie
4781,74,LLeBel
4781,75,MDeschamps
4781,76,MJFish
4782,67,BMcLachlin
4782,69,FIacobucci
4782,71,MBastarache
4782,72,WICBinnie
4782,73,LArbour
4782,74,LLeBel
4782,76,MJFish
4783,67,BMcLachlin
4783,69,FIacobucci
4783,70,JCMajor
4783,71,MBastarache
4783,72,WICBinnie
4783,73,LArbour
4783,74,LLeBel
4783,75,MDeschamps
4783,76,MJFish
4784,67,BMcLachlin
4784,69,FIacobucci
4784,70,JCMajor
4784,71,MBastarache
4784,72,WICBinnie
4784,73,LArbour
4784,74,LLeBel
4784,75,MDeschamps
4784,76,MJFish
4785,67,BMcLachlin
4785,69,FIacobucci
4785,70,JCMajor
4785,71,MBastarache
4785,72,WICBinnie
4785,73,LArbour
4785,74,LLeBel
4785,75,MDeschamps
4785,76,MJFish
4786,67,BMcLachlin
4786,69,FIacobucci
4786,70,JCMajor
4786,71,MBastarache
4786,72,WICBinnie
4786,73,LArbour
4786,74,LLeBel
4786,75,MDeschamps
4786,76,MJFish
4787,67,BMcLachlin
4787,69,FIacobucci
4787,70,JCMajor
4787,71,MBastarache
4787,72,WICBinnie
4787,73,LArbour
4787,74,LLeBel
4787,75,MDeschamps
4787,76,MJFish
4788,67,BMcLachlin
4788,69,FIacobucci
4788,70,JCMajor
4788,71,MBastarache
4788,72,WICBinnie
4788,73,LArbour
4788,74,LLeBel
4788,75,MDeschamps
4788,76,MJFish
4789,67,BMcLachlin
4789,70,JCMajor
4789,72,WICBinnie
4789,73,LArbour
4789,76,MJFish
4790,69,FIacobucci
4790,70,JCMajor
4790,71,MBastarache
4790,72,WICBinnie
4790,74,LLeBel
4790,75,MDeschamps
4790,76,MJFish
4791,67,BMcLachlin
4791,69,FIacobucci
4791,70,JCMajor
4791,71,MBastarache
4791,72,WICBinnie
4791,73,LArbour
4791,74,LLeBel
4791,75,MDeschamps
4791,76,MJFish
4792,67,BMcLachlin
4792,69,FIacobucci
4792,70,JCMajor
4792,71,MBastarache
4792,72,WICBinnie
4792,73,LArbour
4792,74,LLeBel
4792,75,MDeschamps
4792,76,MJFish
4793,67,BMcLachlin
4793,69,FIacobucci
4793,70,JCMajor
4793,71,MBastarache
4793,72,WICBinnie
4793,73,LArbour
4793,74,LLeBel
4793,75,MDeschamps
4793,76,MJFish
4794,67,BMcLachlin
4794,71,MBastarache
4794,73,LArbour
4794,74,LLeBel
4794,75,MDeschamps
4795,69,FIacobucci
4795,70,JCMajor
4795,71,MBastarache
4795,72,WICBinnie
4795,74,LLeBel
4795,75,MDeschamps
4795,76,MJFish
4796,67,BMcLachlin
4796,69,FIacobucci
4796,70,JCMajor
4796,72,WICBinnie
4796,73,LArbour
4796,74,LLeBel
4796,76,MJFish
4797,67,BMcLachlin
4797,69,FIacobucci
4797,70,JCMajor
4797,71,MBastarache
4797,72,WICBinnie
4797,74,LLeBel
4797,76,MJFish
4798,67,BMcLachlin
4798,69,FIacobucci
4798,70,JCMajor
4798,71,MBastarache
4798,72,WICBinnie
4798,73,LArbour
4798,74,LLeBel
4798,75,MDeschamps
4798,76,MJFish
4799,67,BMcLachlin
4799,69,FIacobucci
4799,70,JCMajor
4799,71,MBastarache
4799,72,WICBinnie
4799,73,LArbour
4799,74,LLeBel
4799,75,MDeschamps
4799,76,MJFish
4800,67,BMcLachlin
4800,71,MBastarache
4800,72,WICBinnie
4800,73,LArbour
4800,74,LLeBel
4800,75,MDeschamps
4800,76,MJFish
4801,67,BMcLachlin
4801,69,FIacobucci
4801,70,JCMajor
4801,71,MBastarache
4801,72,WICBinnie
4801,73,LArbour
4801,74,LLeBel
4802,69,FIacobucci
4802,70,JCMajor
4802,72,WICBinnie
4802,73,LArbour
4802,74,LLeBel
4802,75,MDeschamps
4802,76,MJFish
4803,67,BMcLachlin
4803,69,FIacobucci
4803,70,JCMajor
4803,71,MBastarache
4803,72,WICBinnie
4803,73,LArbour
4803,76,MJFish
4804,67,BMcLachlin
4804,69,FIacobucci
4804,70,JCMajor
4804,71,MBastarache
4804,72,WICBinnie
4804,73,LArbour
4804,74,LLeBel
4804,75,MDeschamps
4804,76,MJFish
4805,67,BMcLachlin
4805,69,FIacobucci
4805,70,JCMajor
4805,71,MBastarache
4805,72,WICBinnie
4805,73,LArbour
4805,76,MJFish
4806,67,BMcLachlin
4806,71,MBastarache
4806,72,WICBinnie
4806,74,LLeBel
4806,75,MDeschamps
4807,67,BMcLachlin
4807,69,FIacobucci
4807,70,JCMajor
4807,71,MBastarache
4807,72,WICBinnie
4807,73,LArbour
4807,74,LLeBel
4807,75,MDeschamps
4807,76,MJFish
4808,67,BMcLachlin
4808,69,FIacobucci
4808,70,JCMajor
4808,71,MBastarache
4808,72,WICBinnie
4808,73,LArbour
4808,74,LLeBel
4808,75,MDeschamps
4808,76,MJFish
4809,70,JCMajor
4809,71,MBastarache
4809,72,WICBinnie
4809,73,LArbour
4809,74,LLeBel
4809,75,MDeschamps
4809,76,MJFish
4810,67,BMcLachlin
4810,69,FIacobucci
4810,70,JCMajor
4810,71,MBastarache
4810,72,WICBinnie
4810,73,LArbour
4810,74,LLeBel
4810,75,MDeschamps
4810,76,MJFish
4811,67,BMcLachlin
4811,69,FIacobucci
4811,70,JCMajor
4811,71,MBastarache
4811,72,WICBinnie
4811,73,LArbour
4811,74,LLeBel
4811,75,MDeschamps
4811,76,MJFish
4812,67,BMcLachlin
4812,69,FIacobucci
4812,70,JCMajor
4812,71,MBastarache
4812,72,WICBinnie
4812,73,LArbour
4812,74,LLeBel
4812,75,MDeschamps
4812,76,MJFish
4813,67,BMcLachlin
4813,69,FIacobucci
4813,70,JCMajor
4813,71,MBastarache
4813,72,WICBinnie
4813,73,LArbour
4813,74,LLeBel
4813,75,MDeschamps
4813,76,MJFish
4814,67,BMcLachlin
4814,70,JCMajor
4814,71,MBastarache
4814,72,WICBinnie
4814,75,MDeschamps
4815,67,BMcLachlin
4815,70,JCMajor
4815,72,WICBinnie
4815,74,LLeBel
4815,75,MDeschamps
4816,67,BMcLachlin
4816,70,JCMajor
4816,71,MBastarache
4816,72,WICBinnie
4816,73,LArbour
4816,75,MDeschamps
4816,76,MJFish
4817,69,FIacobucci
4817,70,JCMajor
4817,71,MBastarache
4817,72,WICBinnie
4817,74,LLeBel
4817,75,MDeschamps
4817,76,MJFish
4818,67,BMcLachlin
4818,69,FIacobucci
4818,70,JCMajor
4818,71,MBastarache
4818,72,WICBinnie
4818,74,LLeBel
4818,75,MDeschamps
4819,67,BMcLachlin
4819,69,FIacobucci
4819,70,JCMajor
4819,71,MBastarache
4819,72,WICBinnie
4819,75,MDeschamps
4819,76,MJFish
4820,69,FIacobucci
4820,71,MBastarache
4820,72,WICBinnie
4820,73,LArbour
4820,74,LLeBel
4820,75,MDeschamps
4820,76,MJFish
4821,67,BMcLachlin
4821,72,WICBinnie
4821,74,LLeBel
4821,75,MDeschamps
4821,76,MJFish
4822,70,JCMajor
4822,71,MBastarache
4822,72,WICBinnie
4822,75,MDeschamps
4822,76,MJFish
4823,70,JCMajor
4823,71,MBastarache
4823,72,WICBinnie
4823,75,MDeschamps
4823,76,MJFish
4824,67,BMcLachlin
4824,71,MBastarache
4824,72,WICBinnie
4824,73,LArbour
4824,74,LLeBel
4824,75,MDeschamps
4824,76,MJFish
4825,67,BMcLachlin
4825,71,MBastarache
4825,72,WICBinnie
4825,74,LLeBel
4825,76,MJFish
4826,67,BMcLachlin
4826,69,FIacobucci
4826,71,MBastarache
4826,72,WICBinnie
4826,74,LLeBel
4826,75,MDeschamps
4826,76,MJFish
4827,67,BMcLachlin
4827,70,JCMajor
4827,71,MBastarache
4827,72,WICBinnie
4827,74,LLeBel
4827,75,MDeschamps
4827,76,MJFish
4827,77,RSAbella
4827,78,LCharron
4828,67,BMcLachlin
4828,70,JCMajor
4828,71,MBastarache
4828,72,WICBinnie
4828,74,LLeBel
4829,67,BMcLachlin
4829,70,JCMajor
4829,71,MBastarache
4829,72,WICBinnie
4829,74,LLeBel
4830,67,BMcLachlin
4830,70,JCMajor
4830,71,MBastarache
4830,72,WICBinnie
4830,74,LLeBel
4830,75,MDeschamps
4830,76,MJFish
4831,67,BMcLachlin
4831,69,FIacobucci
4831,70,JCMajor
4831,71,MBastarache
4831,72,WICBinnie
4831,73,LArbour
4831,74,LLeBel
4831,75,MDeschamps
4831,76,MJFish
4832,69,FIacobucci
4832,70,JCMajor
4832,71,MBastarache
4832,72,WICBinnie
4832,74,LLeBel
4832,75,MDeschamps
4832,76,MJFish
4833,67,BMcLachlin
4833,69,FIacobucci
4833,70,JCMajor
4833,71,MBastarache
4833,72,WICBinnie
4833,73,LArbour
4833,74,LLeBel
4833,75,MDeschamps
4833,76,MJFish
4834,67,BMcLachlin
4834,70,JCMajor
4834,71,MBastarache
4834,72,WICBinnie
4834,74,LLeBel
4834,75,MDeschamps
4834,76,MJFish
4835,67,BMcLachlin
4835,71,MBastarache
4835,75,MDeschamps
4835,76,MJFish
4835,77,RSAbella
4836,67,BMcLachlin
4836,70,JCMajor
4836,74,LLeBel
4836,75,MDeschamps
4836,76,MJFish
4836,77,RSAbella
4836,78,LCharron
4837,67,BMcLachlin
4837,70,JCMajor
4837,74,LLeBel
4837,75,MDeschamps
4837,76,MJFish
4837,77,RSAbella
4837,78,LCharron
4838,67,BMcLachlin
4838,70,JCMajor
4838,71,MBastarache
4838,72,WICBinnie
4838,74,LLeBel
4838,75,MDeschamps
4838,76,MJFish
4839,67,BMcLachlin
4839,70,JCMajor
4839,71,MBastarache
4839,72,WICBinnie
4839,74,LLeBel
4839,75,MDeschamps
4839,76,MJFish
4840,67,BMcLachlin
4840,70,JCMajor
4840,71,MBastarache
4840,72,WICBinnie
4840,74,LLeBel
4840,75,MDeschamps
4840,76,MJFish
4841,67,BMcLachlin
4841,70,JCMajor
4841,71,MBastarache
4841,72,WICBinnie
4841,74,LLeBel
4841,75,MDeschamps
4841,76,MJFish
4842,67,BMcLachlin
4842,70,JCMajor
4842,71,MBastarache
4842,72,WICBinnie
4842,74,LLeBel
4842,75,MDeschamps
4842,76,MJFish
4843,67,BMcLachlin
4843,70,JCMajor
4843,71,MBastarache
4843,72,WICBinnie
4843,74,LLeBel
4843,75,MDeschamps
4843,76,MJFish
4844,67,BMcLachlin
4844,70,JCMajor
4844,71,MBastarache
4844,72,WICBinnie
4844,74,LLeBel
4844,75,MDeschamps
4844,76,MJFish
4844,77,RSAbella
4844,78,LCharron
4845,71,MBastarache
4845,72,WICBinnie
4845,74,LLeBel
4845,75,MDeschamps
4845,76,MJFish
4845,77,RSAbella
4845,78,LCharron
4846,67,BMcLachlin
4846,70,JCMajor
4846,71,MBastarache
4846,72,WICBinnie
4846,74,LLeBel
4846,75,MDeschamps
4846,76,MJFish
4846,77,RSAbella
4846,78,LCharron
4847,70,JCMajor
4847,71,MBastarache
4847,72,WICBinnie
4847,75,MDeschamps
4847,76,MJFish
4847,77,RSAbella
4847,78,LCharron
4848,67,BMcLachlin
4848,70,JCMajor
4848,71,MBastarache
4848,72,WICBinnie
4848,74,LLeBel
4848,75,MDeschamps
4848,76,MJFish
4848,77,RSAbella
4848,78,LCharron
4849,67,BMcLachlin
4849,70,JCMajor
4849,71,MBastarache
4849,72,WICBinnie
4849,74,LLeBel
4849,75,MDeschamps
4849,76,MJFish
4849,77,RSAbella
4849,78,LCharron
4850,67,BMcLachlin
4850,70,JCMajor
4850,71,MBastarache
4850,72,WICBinnie
4850,74,LLeBel
4850,75,MDeschamps
4850,76,MJFish
4850,77,RSAbella
4850,78,LCharron
4851,67,BMcLachlin
4851,70,JCMajor
4851,71,MBastarache
4851,72,WICBinnie
4851,75,MDeschamps
4851,76,MJFish
4851,78,LCharron
4852,67,BMcLachlin
4852,70,JCMajor
4852,71,MBastarache
4852,72,WICBinnie
4852,74,LLeBel
4852,75,MDeschamps
4852,76,MJFish
4852,77,RSAbella
4852,78,LCharron
4853,70,JCMajor
4853,71,MBastarache
4853,72,WICBinnie
4853,74,LLeBel
4853,75,MDeschamps
4853,77,RSAbella
4853,78,LCharron
4854,67,BMcLachlin
4854,70,JCMajor
4854,71,MBastarache
4854,72,WICBinnie
4854,74,LLeBel
4854,75,MDeschamps
4854,76,MJFish
4855,67,BMcLachlin
4855,70,JCMajor
4855,74,LLeBel
4855,75,MDeschamps
4855,76,MJFish
4855,77,RSAbella
4855,78,LCharron
4856,67,BMcLachlin
4856,70,JCMajor
4856,71,MBastarache
4856,72,WICBinnie
4856,74,LLeBel
4856,75,MDeschamps
4856,76,MJFish
4857,67,BMcLachlin
4857,70,JCMajor
4857,71,MBastarache
4857,72,WICBinnie
4857,74,LLeBel
4857,75,MDeschamps
4857,76,MJFish
4857,77,RSAbella
4857,78,LCharron
4858,67,BMcLachlin
4858,70,JCMajor
4858,71,MBastarache
4858,72,WICBinnie
4858,74,LLeBel
4858,75,MDeschamps
4858,76,MJFish
4858,77,RSAbella
4858,78,LCharron
4859,67,BMcLachlin
4859,70,JCMajor
4859,71,MBastarache
4859,72,WICBinnie
4859,74,LLeBel
4859,75,MDeschamps
4859,76,MJFish
4860,67,BMcLachlin
4860,70,JCMajor
4860,71,MBastarache
4860,72,WICBinnie
4860,74,LLeBel
4860,75,MDeschamps
4860,76,MJFish
4861,67,BMcLachlin
4861,70,JCMajor
4861,71,MBastarache
4861,72,WICBinnie
4861,74,LLeBel
4861,75,MDeschamps
4861,76,MJFish
4862,67,BMcLachlin
4862,70,JCMajor
4862,71,MBastarache
4862,72,WICBinnie
4862,74,LLeBel
4862,75,MDeschamps
4862,76,MJFish
4863,67,BMcLachlin
4863,70,JCMajor
4863,71,MBastarache
4863,72,WICBinnie
4863,74,LLeBel
4863,75,MDeschamps
4863,76,MJFish
4863,77,RSAbella
4863,78,LCharron
4864,67,BMcLachlin
4864,70,JCMajor
4864,71,MBastarache
4864,72,WICBinnie
4864,74,LLeBel
4864,75,MDeschamps
4864,76,MJFish
4864,77,RSAbella
4864,78,LCharron
4865,67,BMcLachlin
4865,70,JCMajor
4865,71,MBastarache
4865,72,WICBinnie
4865,74,LLeBel
4865,75,MDeschamps
4865,77,RSAbella
4866,67,BMcLachlin
4866,70,JCMajor
4866,71,MBastarache
4866,72,WICBinnie
4866,74,LLeBel
4866,75,MDeschamps
4866,76,MJFish
4866,77,RSAbella
4866,78,LCharron
4867,70,JCMajor
4867,72,WICBinnie
4867,74,LLeBel
4867,75,MDeschamps
4867,76,MJFish
4867,77,RSAbella
4867,78,LCharron
4868,67,BMcLachlin
4868,71,MBastarache
4868,72,WICBinnie
4868,74,LLeBel
4868,76,MJFish
4868,77,RSAbella
4868,78,LCharron
4869,67,BMcLachlin
4869,71,MBastarache
4869,72,WICBinnie
4869,74,LLeBel
4869,76,MJFish
4869,77,RSAbella
4869,78,LCharron
4870,67,BMcLachlin
4870,70,JCMajor
4870,71,MBastarache
4870,72,WICBinnie
4870,74,LLeBel
4870,75,MDeschamps
4870,76,MJFish
4870,77,RSAbella
4870,78,LCharron
4871,67,BMcLachlin
4871,70,JCMajor
4871,71,MBastarache
4871,72,WICBinnie
4871,74,LLeBel
4871,75,MDeschamps
4871,76,MJFish
4871,77,RSAbella
4871,78,LCharron
4872,70,JCMajor
4872,71,MBastarache
4872,74,LLeBel
4872,75,MDeschamps
4872,76,MJFish
4872,77,RSAbella
4872,78,LCharron
4873,67,BMcLachlin
4873,70,JCMajor
4873,71,MBastarache
4873,74,LLeBel
4873,76,MJFish
4873,77,RSAbella
4873,78,LCharron
4874,67,BMcLachlin
4874,70,JCMajor
4874,71,MBastarache
4874,72,WICBinnie
4874,74,LLeBel
4874,75,MDeschamps
4874,76,MJFish
4874,77,RSAbella
4874,78,LCharron
4875,67,BMcLachlin
4875,70,JCMajor
4875,71,MBastarache
4875,72,WICBinnie
4875,75,MDeschamps
4875,76,MJFish
4875,77,RSAbella
4876,71,MBastarache
4876,72,WICBinnie
4876,74,LLeBel
4876,75,MDeschamps
4876,76,MJFish
4876,77,RSAbella
4876,78,LCharron
4877,67,BMcLachlin
4877,70,JCMajor
4877,71,MBastarache
4877,72,WICBinnie
4877,74,LLeBel
4877,75,MDeschamps
4877,76,MJFish
4877,77,RSAbella
4877,78,LCharron
4878,67,BMcLachlin
4878,70,JCMajor
4878,71,MBastarache
4878,72,WICBinnie
4878,74,LLeBel
4878,75,MDeschamps
4878,76,MJFish
4879,67,BMcLachlin
4879,70,JCMajor
4879,71,MBastarache
4879,72,WICBinnie
4879,74,LLeBel
4879,77,RSAbella
4879,78,LCharron
4880,70,JCMajor
4880,71,MBastarache
4880,72,WICBinnie
4880,74,LLeBel
4880,75,MDeschamps
4880,76,MJFish
4880,77,RSAbella
4881,67,BMcLachlin
4881,70,JCMajor
4881,71,MBastarache
4881,74,LLeBel
4881,75,MDeschamps
4881,77,RSAbella
4881,78,LCharron
4882,67,BMcLachlin
4882,70,JCMajor
4882,71,MBastarache
4882,72,WICBinnie
4882,74,LLeBel
4882,75,MDeschamps
4882,76,MJFish
4882,77,RSAbella
4882,78,LCharron
4883,67,BMcLachlin
4883,70,JCMajor
4883,71,MBastarache
4883,72,WICBinnie
4883,74,LLeBel
4883,75,MDeschamps
4883,76,MJFish
4883,78,LCharron
4884,67,BMcLachlin
4884,70,JCMajor
4884,71,MBastarache
4884,72,WICBinnie
4884,74,LLeBel
4884,75,MDeschamps
4884,76,MJFish
4884,78,LCharron
4885,67,BMcLachlin
4885,71,MBastarache
4885,72,WICBinnie
4885,75,MDeschamps
4885,76,MJFish
4885,77,RSAbella
4885,78,LCharron
4886,67,BMcLachlin
4886,70,JCMajor
4886,71,MBastarache
4886,72,WICBinnie
4886,74,LLeBel
4886,75,MDeschamps
4886,76,MJFish
4886,77,RSAbella
4886,78,LCharron
4887,67,BMcLachlin
4887,70,JCMajor
4887,71,MBastarache
4887,74,LLeBel
4887,76,MJFish
4887,77,RSAbella
4887,78,LCharron
4888,67,BMcLachlin
4888,70,JCMajor
4888,71,MBastarache
4888,72,WICBinnie
4888,74,LLeBel
4888,75,MDeschamps
4888,76,MJFish
4888,77,RSAbella
4888,78,LCharron
4889,67,BMcLachlin
4889,71,MBastarache
4889,72,WICBinnie
4889,74,LLeBel
4889,75,MDeschamps
4889,76,MJFish
4889,78,LCharron
4890,67,BMcLachlin
4890,70,JCMajor
4890,71,MBastarache
4890,72,WICBinnie
4890,74,LLeBel
4890,75,MDeschamps
4890,76,MJFish
4890,77,RSAbella
4890,78,LCharron
4891,67,BMcLachlin
4891,70,JCMajor
4891,71,MBastarache
4891,72,WICBinnie
4891,74,LLeBel
4891,75,MDeschamps
4891,76,MJFish
4891,77,RSAbella
4891,78,LCharron
4892,67,BMcLachlin
4892,72,WICBinnie
4892,78,LCharron
4893,67,BMcLachlin
4893,70,JCMajor
4893,71,MBastarache
4893,72,WICBinnie
4893,74,LLeBel
4893,75,MDeschamps
4893,76,MJFish
4893,77,RSAbella
4893,78,LCharron
4894,67,BMcLachlin
4894,70,JCMajor
4894,72,WICBinnie
4894,74,LLeBel
4894,75,MDeschamps
4894,76,MJFish
4894,78,LCharron
4895,67,BMcLachlin
4895,70,JCMajor
4895,71,MBastarache
4895,72,WICBinnie
4895,74,LLeBel
4895,75,MDeschamps
4895,76,MJFish
4895,77,RSAbella
4895,78,LCharron
4896,71,MBastarache
4896,72,WICBinnie
4896,74,LLeBel
4896,75,MDeschamps
4896,76,MJFish
4896,77,RSAbella
4896,78,LCharron
4897,67,BMcLachlin
4897,70,JCMajor
4897,71,MBastarache
4897,72,WICBinnie
4897,74,LLeBel
4897,75,MDeschamps
4897,78,LCharron
4898,67,BMcLachlin
4898,70,JCMajor
4898,71,MBastarache
4898,72,WICBinnie
4898,74,LLeBel
4898,75,MDeschamps
4898,76,MJFish
4898,77,RSAbella
4898,78,LCharron
4899,67,BMcLachlin
4899,70,JCMajor
4899,71,MBastarache
4899,72,WICBinnie
4899,74,LLeBel
4899,75,MDeschamps
4899,76,MJFish
4899,77,RSAbella
4899,78,LCharron
4900,67,BMcLachlin
4900,72,WICBinnie
4900,74,LLeBel
4900,75,MDeschamps
4900,76,MJFish
4900,77,RSAbella
4900,78,LCharron
4901,67,BMcLachlin
4901,70,JCMajor
4901,71,MBastarache
4901,72,WICBinnie
4901,74,LLeBel
4901,75,MDeschamps
4901,76,MJFish
4901,77,RSAbella
4901,78,LCharron
4902,67,BMcLachlin
4902,70,JCMajor
4902,71,MBastarache
4902,72,WICBinnie
4902,74,LLeBel
4902,75,MDeschamps
4902,76,MJFish
4902,77,RSAbella
4902,78,LCharron
4903,67,BMcLachlin
4903,70,JCMajor
4903,71,MBastarache
4903,72,WICBinnie
4903,74,LLeBel
4903,75,MDeschamps
4903,76,MJFish
4903,77,RSAbella
4903,78,LCharron
4904,67,BMcLachlin
4904,70,JCMajor
4904,71,MBastarache
4904,72,WICBinnie
4904,74,LLeBel
4904,75,MDeschamps
4904,76,MJFish
4904,77,RSAbella
4904,78,LCharron
4905,67,BMcLachlin
4905,70,JCMajor
4905,71,MBastarache
4905,72,WICBinnie
4905,74,LLeBel
4905,75,MDeschamps
4905,76,MJFish
4905,77,RSAbella
4905,78,LCharron
4906,67,BMcLachlin
4906,71,MBastarache
4906,72,WICBinnie
4906,74,LLeBel
4906,75,MDeschamps
4906,77,RSAbella
4906,78,LCharron
4907,67,BMcLachlin
4907,70,JCMajor
4907,71,MBastarache
4907,72,WICBinnie
4907,74,LLeBel
4907,75,MDeschamps
4907,76,MJFish
4907,77,RSAbella
4907,78,LCharron
4908,67,BMcLachlin
4908,70,JCMajor
4908,71,MBastarache
4908,72,WICBinnie
4908,74,LLeBel
4908,75,MDeschamps
4908,76,MJFish
4908,77,RSAbella
4908,78,LCharron
4909,71,MBastarache
4909,72,WICBinnie
4909,74,LLeBel
4909,75,MDeschamps
4909,76,MJFish
4909,77,RSAbella
4909,78,LCharron
4910,67,BMcLachlin
4910,71,MBastarache
4910,72,WICBinnie
4910,75,MDeschamps
4910,76,MJFish
4910,77,RSAbella
4910,78,LCharron
4911,67,BMcLachlin
4911,70,JCMajor
4911,71,MBastarache
4911,72,WICBinnie
4911,74,LLeBel
4911,75,MDeschamps
4911,76,MJFish
4911,77,RSAbella
4911,78,LCharron
4912,67,BMcLachlin
4912,71,MBastarache
4912,74,LLeBel
4912,75,MDeschamps
4912,76,MJFish
4912,77,RSAbella
4912,78,LCharron
4913,67,BMcLachlin
4913,70,JCMajor
4913,72,WICBinnie
4913,74,LLeBel
4913,75,MDeschamps
4913,77,RSAbella
4913,78,LCharron
4914,67,BMcLachlin
4914,70,JCMajor
4914,71,MBastarache
4914,72,WICBinnie
4914,74,LLeBel
4914,75,MDeschamps
4914,76,MJFish
4914,77,RSAbella
4914,78,LCharron
4915,67,BMcLachlin
4915,70,JCMajor
4915,71,MBastarache
4915,72,WICBinnie
4915,74,LLeBel
4915,75,MDeschamps
4915,76,MJFish
4915,77,RSAbella
4915,78,LCharron
4916,67,BMcLachlin
4916,71,MBastarache
4916,72,WICBinnie
4916,74,LLeBel
4916,75,MDeschamps
4916,77,RSAbella
4916,78,LCharron
4917,70,JCMajor
4917,72,WICBinnie
4917,74,LLeBel
4917,75,MDeschamps
4917,76,MJFish
4917,77,RSAbella
4917,78,LCharron
4918,67,BMcLachlin
4918,72,WICBinnie
4918,74,LLeBel
4918,75,MDeschamps
4918,76,MJFish
4918,77,RSAbella
4918,78,LCharron
4919,67,BMcLachlin
4919,70,JCMajor
4919,71,MBastarache
4919,72,WICBinnie
4919,74,LLeBel
4919,75,MDeschamps
4919,76,MJFish
4919,77,RSAbella
4919,78,LCharron
4920,67,BMcLachlin
4920,69,FIacobucci
4920,70,JCMajor
4920,72,WICBinnie
4920,73,LArbour
4920,74,LLeBel
4920,76,MJFish
4921,71,MBastarache
4921,72,WICBinnie
4921,74,LLeBel
4921,75,MDeschamps
4921,76,MJFish
4921,77,RSAbella
4921,78,LCharron
4922,67,BMcLachlin
4922,70,JCMajor
4922,71,MBastarache
4922,72,WICBinnie
4922,74,LLeBel
4922,75,MDeschamps
4922,76,MJFish
4922,77,RSAbella
4922,78,LCharron
4923,67,BMcLachlin
4923,70,JCMajor
4923,71,MBastarache
4923,72,WICBinnie
4923,74,LLeBel
4923,75,MDeschamps
4923,76,MJFish
4923,77,RSAbella
4923,78,LCharron
4924,67,BMcLachlin
4924,72,WICBinnie
4924,74,LLeBel
4924,75,MDeschamps
4924,76,MJFish
4924,77,RSAbella
4924,78,LCharron
4925,67,BMcLachlin
4925,70,JCMajor
4925,71,MBastarache
4925,72,WICBinnie
4925,74,LLeBel
4925,75,MDeschamps
4925,76,MJFish
4925,77,RSAbella
4925,78,LCharron
4926,67,BMcLachlin
4926,70,JCMajor
4926,71,MBastarache
4926,72,WICBinnie
4926,74,LLeBel
4926,75,MDeschamps
4926,76,MJFish
4926,77,RSAbella
4926,78,LCharron
4927,67,BMcLachlin
4927,70,JCMajor
4927,71,MBastarache
4927,72,WICBinnie
4927,74,LLeBel
4927,75,MDeschamps
4927,76,MJFish
4927,77,RSAbella
4927,78,LCharron
4928,67,BMcLachlin
4928,70,JCMajor
4928,71,MBastarache
4928,72,WICBinnie
4928,74,LLeBel
4928,75,MDeschamps
4928,76,MJFish
4928,77,RSAbella
4928,78,LCharron
4929,67,BMcLachlin
4929,70,JCMajor
4929,71,MBastarache
4929,72,WICBinnie
4929,74,LLeBel
4929,75,MDeschamps
4929,76,MJFish
4929,77,RSAbella
4929,78,LCharron
4930,67,BMcLachlin
4930,71,MBastarache
4930,72,WICBinnie
4930,74,LLeBel
4930,76,MJFish
4930,77,RSAbella
4930,78,LCharron
4931,67,BMcLachlin
4931,71,MBastarache
4931,72,WICBinnie
4931,74,LLeBel
4931,75,MDeschamps
4931,76,MJFish
4931,78,LCharron
4932,67,BMcLachlin
4932,71,MBastarache
4932,72,WICBinnie
4932,74,LLeBel
4932,76,MJFish
4932,77,RSAbella
4932,78,LCharron
4933,67,BMcLachlin
4933,71,MBastarache
4933,72,WICBinnie
4933,74,LLeBel
4933,75,MDeschamps
4933,76,MJFish
4933,78,LCharron
4934,67,BMcLachlin
4934,71,MBastarache
4934,72,WICBinnie
4934,74,LLeBel
4934,75,MDeschamps
4934,76,MJFish
4934,77,RSAbella
4935,67,BMcLachlin
4935,70,JCMajor
4935,71,MBastarache
4935,72,WICBinnie
4935,74,LLeBel
4935,75,MDeschamps
4935,76,MJFish
4935,77,RSAbella
4935,78,LCharron
4936,67,BMcLachlin
4936,70,JCMajor
4936,71,MBastarache
4936,72,WICBinnie
4936,74,LLeBel
4936,75,MDeschamps
4936,76,MJFish
4936,77,RSAbella
4936,78,LCharron
4937,67,BMcLachlin
4937,71,MBastarache
4937,72,WICBinnie
4937,74,LLeBel
4937,75,MDeschamps
4937,77,RSAbella
4937,78,LCharron
4938,71,MBastarache
4938,72,WICBinnie
4938,75,MDeschamps
4938,77,RSAbella
4938,78,LCharron
4939,67,BMcLachlin
4939,72,WICBinnie
4939,76,MJFish
4939,77,RSAbella
4939,78,LCharron
4940,67,BMcLachlin
4940,71,MBastarache
4940,74,LLeBel
4940,75,MDeschamps
4940,76,MJFish
4940,77,RSAbella
4940,78,LCharron
4941,67,BMcLachlin
4941,71,MBastarache
4941,72,WICBinnie
4941,74,LLeBel
4941,76,MJFish
4941,77,RSAbella
4941,78,LCharron
4942,67,BMcLachlin
4942,71,MBastarache
4942,72,WICBinnie
4942,74,LLeBel
4942,75,MDeschamps
4942,76,MJFish
4942,77,RSAbella
4943,67,BMcLachlin
4943,71,MBastarache
4943,72,WICBinnie
4943,74,LLeBel
4943,75,MDeschamps
4943,76,MJFish
4943,77,RSAbella
4944,67,BMcLachlin
4944,71,MBastarache
4944,72,WICBinnie
4944,75,MDeschamps
4944,76,MJFish
4944,77,RSAbella
4944,78,LCharron
4945,67,BMcLachlin
4945,71,MBastarache
4945,72,WICBinnie
4945,74,LLeBel
4945,76,MJFish
4945,77,RSAbella
4945,78,LCharron
4946,71,MBastarache
4946,74,LLeBel
4946,75,MDeschamps
4946,76,MJFish
4946,77,RSAbella
4947,67,BMcLachlin
4947,71,MBastarache
4947,72,WICBinnie
4947,74,LLeBel
4947,75,MDeschamps
4947,76,MJFish
4947,77,RSAbella
4948,67,BMcLachlin
4948,71,MBastarache
4948,72,WICBinnie
4948,74,LLeBel
4948,75,MDeschamps
4948,77,RSAbella
4948,78,LCharron
4949,71,MBastarache
4949,72,WICBinnie
4949,74,LLeBel
4949,75,MDeschamps
4949,76,MJFish
4949,77,RSAbella
4949,78,LCharron
4950,67,BMcLachlin
4950,71,MBastarache
4950,72,WICBinnie
4950,74,LLeBel
4950,75,MDeschamps
4950,77,RSAbella
4950,78,LCharron
4951,67,BMcLachlin
4951,70,JCMajor
4951,71,MBastarache
4951,72,WICBinnie
4951,74,LLeBel
4951,75,MDeschamps
4951,76,MJFish
4951,77,RSAbella
4951,78,LCharron
4952,67,BMcLachlin
4952,70,JCMajor
4952,71,MBastarache
4952,72,WICBinnie
4952,74,LLeBel
4952,75,MDeschamps
4952,76,MJFish
4952,77,RSAbella
4952,78,LCharron
4953,67,BMcLachlin
4953,71,MBastarache
4953,72,WICBinnie
4953,74,LLeBel
4953,75,MDeschamps
4953,76,MJFish
4953,78,LCharron
4954,67,BMcLachlin
4954,75,MDeschamps
4954,77,RSAbella
4954,78,LCharron
4954,79,MRothstein
4955,67,BMcLachlin
4955,71,MBastarache
4955,72,WICBinnie
4955,74,LLeBel
4955,75,MDeschamps
4955,76,MJFish
4955,78,LCharron
4956,67,BMcLachlin
4956,71,MBastarache
4956,74,LLeBel
4956,75,MDeschamps
4956,76,MJFish
4956,77,RSAbella
4956,78,LCharron
4957,67,BMcLachlin
4957,71,MBastarache
4957,72,WICBinnie
4957,74,LLeBel
4957,76,MJFish
4957,77,RSAbella
4957,78,LCharron
4958,67,BMcLachlin
4958,71,MBastarache
4958,72,WICBinnie
4958,74,LLeBel
4958,75,MDeschamps
4958,76,MJFish
4958,77,RSAbella
4958,78,LCharron
4958,79,MRothstein
4959,67,BMcLachlin
4959,70,JCMajor
4959,71,MBastarache
4959,72,WICBinnie
4959,74,LLeBel
4959,75,MDeschamps
4959,76,MJFish
4959,77,RSAbella
4959,78,LCharron
4960,67,BMcLachlin
4960,71,MBastarache
4960,72,WICBinnie
4960,74,LLeBel
4960,75,MDeschamps
4960,76,MJFish
4960,77,RSAbella
4960,78,LCharron
4960,79,MRothstein
4961,67,BMcLachlin
4961,71,MBastarache
4961,72,WICBinnie
4961,74,LLeBel
4961,75,MDeschamps
4961,77,RSAbella
4961,78,LCharron
4962,67,BMcLachlin
4962,70,JCMajor
4962,71,MBastarache
4962,72,WICBinnie
4962,74,LLeBel
4962,75,MDeschamps
4962,76,MJFish
4962,77,RSAbella
4962,78,LCharron
4963,67,BMcLachlin
4963,71,MBastarache
4963,72,WICBinnie
4963,74,LLeBel
4963,75,MDeschamps
4963,76,MJFish
4963,77,RSAbella
4963,78,LCharron
4963,79,MRothstein
4964,67,BMcLachlin
4964,70,JCMajor
4964,71,MBastarache
4964,72,WICBinnie
4964,74,LLeBel
4964,75,MDeschamps
4964,76,MJFish
4964,77,RSAbella
4964,78,LCharron
4965,67,BMcLachlin
4965,71,MBastarache
4965,72,WICBinnie
4965,74,LLeBel
4965,75,MDeschamps
4965,76,MJFish
4965,78,LCharron
4966,67,BMcLachlin
4966,71,MBastarache
4966,74,LLeBel
4966,75,MDeschamps
4966,76,MJFish
4966,77,RSAbella
4966,78,LCharron
4967,71,MBastarache
4967,72,WICBinnie
4967,76,MJFish
4967,77,RSAbella
4967,78,LCharron
4968,67,BMcLachlin
4968,71,MBastarache
4968,72,WICBinnie
4968,75,MDeschamps
4968,76,MJFish
4968,77,RSAbella
4968,78,LCharron
4969,67,BMcLachlin
4969,72,WICBinnie
4969,74,LLeBel
4969,76,MJFish
4969,79,MRothstein
4970,67,BMcLachlin
4970,71,MBastarache
4970,72,WICBinnie
4970,74,LLeBel
4970,75,MDeschamps
4970,76,MJFish
4970,77,RSAbella
4970,78,LCharron
4970,79,MRothstein
4971,67,BMcLachlin
4971,71,MBastarache
4971,72,WICBinnie
4971,74,LLeBel
4971,75,MDeschamps
4971,76,MJFish
4971,77,RSAbella
4971,78,LCharron
4971,79,MRothstein
4972,67,BMcLachlin
4972,71,MBastarache
4972,72,WICBinnie
4972,74,LLeBel
4972,76,MJFish
4972,77,RSAbella
4972,78,LCharron
4973,67,BMcLachlin
4973,71,MBastarache
4973,72,WICBinnie
4973,74,LLeBel
4973,75,MDeschamps
4973,76,MJFish
4973,77,RSAbella
4973,78,LCharron
4973,79,MRothstein
4974,67,BMcLachlin
4974,72,WICBinnie
4974,74,LLeBel
4974,75,MDeschamps
4974,76,MJFish
4974,77,RSAbella
4974,78,LCharron
4975,67,BMcLachlin
4975,71,MBastarache
4975,72,WICBinnie
4975,74,LLeBel
4975,75,MDeschamps
4975,76,MJFish
4975,77,RSAbella
4975,78,LCharron
4975,79,MRothstein
4976,67,BMcLachlin
4976,71,MBastarache
4976,72,WICBinnie
4976,75,MDeschamps
4976,76,MJFish
4976,77,RSAbella
4976,78,LCharron
4977,67,BMcLachlin
4977,71,MBastarache
4977,72,WICBinnie
4977,74,LLeBel
4977,75,MDeschamps
4977,76,MJFish
4977,77,RSAbella
4977,78,LCharron
4977,79,MRothstein
4978,71,MBastarache
4978,74,LLeBel
4978,75,MDeschamps
4978,76,MJFish
4978,78,LCharron
4979,72,WICBinnie
4979,74,LLeBel
4979,75,MDeschamps
4979,76,MJFish
4979,77,RSAbella
4979,78,LCharron
4979,79,MRothstein
4980,67,BMcLachlin
4980,71,MBastarache
4980,74,LLeBel
4980,75,MDeschamps
4980,76,MJFish
4980,77,RSAbella
4980,78,LCharron
4981,67,BMcLachlin
4981,72,WICBinnie
4981,74,LLeBel
4981,75,MDeschamps
4981,76,MJFish
4981,77,RSAbella
4981,78,LCharron
4982,67,BMcLachlin
4982,71,MBastarache
4982,72,WICBinnie
4982,74,LLeBel
4982,75,MDeschamps
4982,76,MJFish
4982,77,RSAbella
4982,78,LCharron
4982,79,MRothstein
4983,67,BMcLachlin
4983,71,MBastarache
4983,72,WICBinnie
4983,74,LLeBel
4983,75,MDeschamps
4983,76,MJFish
4983,78,LCharron
4984,67,BMcLachlin
4984,72,WICBinnie
4984,74,LLeBel
4984,75,MDeschamps
4984,76,MJFish
4984,77,RSAbella
4984,78,LCharron
4985,67,BMcLachlin
4985,72,WICBinnie
4985,74,LLeBel
4985,75,MDeschamps
4985,76,MJFish
4985,77,RSAbella
4985,78,LCharron
4986,67,BMcLachlin
4986,71,MBastarache
4986,72,WICBinnie
4986,74,LLeBel
4986,75,MDeschamps
4986,76,MJFish
4986,77,RSAbella
4986,78,LCharron
4986,79,MRothstein
4987,67,BMcLachlin
4987,71,MBastarache
4987,72,WICBinnie
4987,75,MDeschamps
4987,76,MJFish
4987,77,RSAbella
4987,78,LCharron
4988,67,BMcLachlin
4988,71,MBastarache
4988,72,WICBinnie
4988,74,LLeBel
4988,75,MDeschamps
4988,76,MJFish
4988,77,RSAbella
4988,78,LCharron
4988,79,MRothstein
4989,67,BMcLachlin
4989,71,MBastarache
4989,72,WICBinnie
4989,74,LLeBel
4989,75,MDeschamps
4989,76,MJFish
4989,77,RSAbella
4989,78,LCharron
4989,79,MRothstein
4990,67,BMcLachlin
4990,71,MBastarache
4990,72,WICBinnie
4990,74,LLeBel
4990,75,MDeschamps
4990,76,MJFish
4990,77,RSAbella
4990,78,LCharron
4990,79,MRothstein
4991,67,BMcLachlin
4991,71,MBastarache
4991,72,WICBinnie
4991,74,LLeBel
4991,75,MDeschamps
4991,76,MJFish
4991,77,RSAbella
4991,78,LCharron
4991,79,MRothstein
4992,67,BMcLachlin
4992,71,MBastarache
4992,72,WICBinnie
4992,74,LLeBel
4992,75,MDeschamps
4992,76,MJFish
4992,77,RSAbella
4992,78,LCharron
4992,79,MRothstein
4993,67,BMcLachlin
4993,71,MBastarache
4993,72,WICBinnie
4993,74,LLeBel
4993,75,MDeschamps
4993,76,MJFish
4993,77,RSAbella
4993,78,LCharron
4993,79,MRothstein
4994,67,BMcLachlin
4994,71,MBastarache
4994,72,WICBinnie
4994,74,LLeBel
4994,75,MDeschamps
4994,76,MJFish
4994,77,RSAbella
4994,78,LCharron
4994,79,MRothstein
4995,67,BMcLachlin
4995,71,MBastarache
4995,72,WICBinnie
4995,74,LLeBel
4995,75,MDeschamps
4995,76,MJFish
4995,77,RSAbella
4995,78,LCharron
4995,79,MRothstein
4996,67,BMcLachlin
4996,71,MBastarache
4996,72,WICBinnie
4996,74,LLeBel
4996,75,MDeschamps
4996,76,MJFish
4996,77,RSAbella
4996,78,LCharron
4996,79,MRothstein
4997,67,BMcLachlin
4997,71,MBastarache
4997,72,WICBinnie
4997,74,LLeBel
4997,75,MDeschamps
4997,77,RSAbella
4997,79,MRothstein
4998,71,MBastarache
4998,74,LLeBel
4998,75,MDeschamps
4998,76,MJFish
4998,77,RSAbella
4998,78,LCharron
4998,79,MRothstein
4999,67,BMcLachlin
4999,71,MBastarache
4999,72,WICBinnie
4999,74,LLeBel
4999,75,MDeschamps
4999,76,MJFish
4999,77,RSAbella
4999,78,LCharron
4999,79,MRothstein
5000,67,BMcLachlin
5000,71,MBastarache
5000,72,WICBinnie
5000,74,LLeBel
5000,75,MDeschamps
5000,76,MJFish
5000,77,RSAbella
5000,78,LCharron
5000,79,MRothstein
5001,67,BMcLachlin
5001,71,MBastarache
5001,72,WICBinnie
5001,75,MDeschamps
5001,76,MJFish
5001,77,RSAbella
5001,78,LCharron
5002,67,BMcLachlin
5002,71,MBastarache
5002,72,WICBinnie
5002,74,LLeBel
5002,75,MDeschamps
5002,76,MJFish
5002,77,RSAbella
5002,78,LCharron
5002,79,MRothstein
5003,67,BMcLachlin
5003,71,MBastarache
5003,72,WICBinnie
5003,74,LLeBel
5003,75,MDeschamps
5003,76,MJFish
5003,77,RSAbella
5003,78,LCharron
5003,79,MRothstein
5004,67,BMcLachlin
5004,71,MBastarache
5004,72,WICBinnie
5004,74,LLeBel
5004,75,MDeschamps
5004,76,MJFish
5004,77,RSAbella
5004,78,LCharron
5004,79,MRothstein
5005,67,BMcLachlin
5005,71,MBastarache
5005,72,WICBinnie
5005,74,LLeBel
5005,75,MDeschamps
5005,76,MJFish
5005,77,RSAbella
5005,78,LCharron
5005,79,MRothstein
5006,67,BMcLachlin
5006,71,MBastarache
5006,72,WICBinnie
5006,74,LLeBel
5006,75,MDeschamps
5006,76,MJFish
5006,77,RSAbella
5006,78,LCharron
5006,79,MRothstein
5007,67,BMcLachlin
5007,71,MBastarache
5007,72,WICBinnie
5007,74,LLeBel
5007,75,MDeschamps
5007,76,MJFish
5007,77,RSAbella
5007,78,LCharron
5007,79,MRothstein
5008,67,BMcLachlin
5008,71,MBastarache
5008,72,WICBinnie
5008,74,LLeBel
5008,75,MDeschamps
5008,76,MJFish
5008,77,RSAbella
5008,78,LCharron
5008,79,MRothstein
5009,67,BMcLachlin
5009,71,MBastarache
5009,72,WICBinnie
5009,74,LLeBel
5009,76,MJFish
5009,77,RSAbella
5009,78,LCharron
5010,71,MBastarache
5010,72,WICBinnie
5010,74,LLeBel
5010,75,MDeschamps
5010,76,MJFish
5010,77,RSAbella
5010,78,LCharron
5011,67,BMcLachlin
5011,71,MBastarache
5011,72,WICBinnie
5011,74,LLeBel
5011,75,MDeschamps
5011,76,MJFish
5011,77,RSAbella
5011,78,LCharron
5011,79,MRothstein
5012,67,BMcLachlin
5012,71,MBastarache
5012,72,WICBinnie
5012,74,LLeBel
5012,75,MDeschamps
5012,76,MJFish
5012,77,RSAbella
5012,78,LCharron
5012,79,MRothstein
5013,67,BMcLachlin
5013,71,MBastarache
5013,72,WICBinnie
5013,74,LLeBel
5013,75,MDeschamps
5013,76,MJFish
5013,77,RSAbella
5013,78,LCharron
5013,79,MRothstein
5014,67,BMcLachlin
5014,71,MBastarache
5014,72,WICBinnie
5014,74,LLeBel
5014,75,MDeschamps
5014,76,MJFish
5014,77,RSAbella
5015,67,BMcLachlin
5015,71,MBastarache
5015,72,WICBinnie
5015,74,LLeBel
5015,75,MDeschamps
5015,76,MJFish
5015,77,RSAbella
5015,78,LCharron
5015,79,MRothstein
5016,72,WICBinnie
5016,74,LLeBel
5016,75,MDeschamps
5016,76,MJFish
5016,77,RSAbella
5016,78,LCharron
5016,79,MRothstein
5017,67,BMcLachlin
5017,71,MBastarache
5017,72,WICBinnie
5017,74,LLeBel
5017,75,MDeschamps
5017,76,MJFish
5017,77,RSAbella
5017,78,LCharron
5017,79,MRothstein
5018,67,BMcLachlin
5018,71,MBastarache
5018,72,WICBinnie
5018,74,LLeBel
5018,75,MDeschamps
5018,76,MJFish
5018,77,RSAbella
5018,78,LCharron
5018,79,MRothstein
5019,67,BMcLachlin
5019,71,MBastarache
5019,72,WICBinnie
5019,74,LLeBel
5019,75,MDeschamps
5019,76,MJFish
5019,77,RSAbella
5019,78,LCharron
5019,79,MRothstein
5020,67,BMcLachlin
5020,71,MBastarache
5020,72,WICBinnie
5020,74,LLeBel
5020,75,MDeschamps
5020,77,RSAbella
5020,78,LCharron
5021,67,BMcLachlin
5021,71,MBastarache
5021,72,WICBinnie
5021,74,LLeBel
5021,75,MDeschamps
5021,76,MJFish
5021,77,RSAbella
5021,78,LCharron
5021,79,MRothstein
5022,67,BMcLachlin
5022,72,WICBinnie
5022,74,LLeBel
5022,76,MJFish
5022,77,RSAbella
5022,78,LCharron
5022,79,MRothstein
5023,67,BMcLachlin
5023,71,MBastarache
5023,72,WICBinnie
5023,74,LLeBel
5023,75,MDeschamps
5023,76,MJFish
5023,77,RSAbella
5023,78,LCharron
5023,79,MRothstein
5024,67,BMcLachlin
5024,71,MBastarache
5024,72,WICBinnie
5024,74,LLeBel
5024,75,MDeschamps
5024,76,MJFish
5024,77,RSAbella
5024,78,LCharron
5024,79,MRothstein
5025,67,BMcLachlin
5025,71,MBastarache
5025,72,WICBinnie
5025,74,LLeBel
5025,75,MDeschamps
5025,76,MJFish
5025,77,RSAbella
5025,78,LCharron
5025,79,MRothstein
5026,67,BMcLachlin
5026,71,MBastarache
5026,72,WICBinnie
5026,74,LLeBel
5026,75,MDeschamps
5026,76,MJFish
5026,77,RSAbella
5026,78,LCharron
5026,79,MRothstein
5027,67,BMcLachlin
5027,71,MBastarache
5027,72,WICBinnie
5027,74,LLeBel
5027,75,MDeschamps
5027,76,MJFish
5027,77,RSAbella
5027,78,LCharron
5027,79,MRothstein
5028,67,BMcLachlin
5028,71,MBastarache
5028,72,WICBinnie
5028,74,LLeBel
5028,75,MDeschamps
5028,76,MJFish
5028,77,RSAbella
5028,78,LCharron
5028,79,MRothstein
5029,67,BMcLachlin
5029,71,MBastarache
5029,72,WICBinnie
5029,74,LLeBel
5029,75,MDeschamps
5029,76,MJFish
5029,77,RSAbella
5029,78,LCharron
5029,79,MRothstein
5030,67,BMcLachlin
5030,71,MBastarache
5030,72,WICBinnie
5030,74,LLeBel
5030,75,MDeschamps
5030,76,MJFish
5030,77,RSAbella
5030,78,LCharron
5030,79,MRothstein
5031,67,BMcLachlin
5031,71,MBastarache
5031,72,WICBinnie
5031,74,LLeBel
5031,75,MDeschamps
5031,76,MJFish
5031,77,RSAbella
5031,78,LCharron
5031,79,MRothstein
5032,67,BMcLachlin
5032,71,MBastarache
5032,72,WICBinnie
5032,74,LLeBel
5032,75,MDeschamps
5032,76,MJFish
5032,77,RSAbella
5032,78,LCharron
5032,79,MRothstein
5033,67,BMcLachlin
5033,71,MBastarache
5033,72,WICBinnie
5033,74,LLeBel
5033,75,MDeschamps
5033,76,MJFish
5033,77,RSAbella
5033,78,LCharron
5033,79,MRothstein
5034,67,BMcLachlin
5034,71,MBastarache
5034,72,WICBinnie
5034,74,LLeBel
5034,75,MDeschamps
5034,76,MJFish
5034,77,RSAbella
5034,78,LCharron
5034,79,MRothstein
5035,71,MBastarache
5035,72,WICBinnie
5035,75,MDeschamps
5035,76,MJFish
5035,77,RSAbella
5035,78,LCharron
5035,79,MRothstein
5036,67,BMcLachlin
5036,71,MBastarache
5036,72,WICBinnie
5036,74,LLeBel
5036,75,MDeschamps
5036,76,MJFish
5036,77,RSAbella
5036,78,LCharron
5036,79,MRothstein
5037,71,MBastarache
5037,72,WICBinnie
5037,74,LLeBel
5037,75,MDeschamps
5037,76,MJFish
5037,77,RSAbella
5037,79,MRothstein
5038,67,BMcLachlin
5038,71,MBastarache
5038,72,WICBinnie
5038,74,LLeBel
5038,75,MDeschamps
5038,76,MJFish
5038,77,RSAbella
5038,78,LCharron
5038,79,MRothstein
5039,67,BMcLachlin
5039,71,MBastarache
5039,72,WICBinnie
5039,74,LLeBel
5039,75,MDeschamps
5039,76,MJFish
5039,77,RSAbella
5039,78,LCharron
5039,79,MRothstein
5040,67,BMcLachlin
5040,71,MBastarache
5040,72,WICBinnie
5040,74,LLeBel
5040,75,MDeschamps
5040,78,LCharron
5040,79,MRothstein
5041,67,BMcLachlin
5041,71,MBastarache
5041,72,WICBinnie
5041,74,LLeBel
5041,76,MJFish
5041,78,LCharron
5041,79,MRothstein
5042,71,MBastarache
5042,72,WICBinnie
5042,75,MDeschamps
5042,76,MJFish
5042,77,RSAbella
5042,78,LCharron
5042,79,MRothstein
5043,67,BMcLachlin
5043,71,MBastarache
5043,72,WICBinnie
5043,74,LLeBel
5043,75,MDeschamps
5043,76,MJFish
5043,77,RSAbella
5043,78,LCharron
5043,79,MRothstein
5044,67,BMcLachlin
5044,71,MBastarache
5044,72,WICBinnie
5044,74,LLeBel
5044,75,MDeschamps
5044,76,MJFish
5044,77,RSAbella
5044,78,LCharron
5044,79,MRothstein
5045,67,BMcLachlin
5045,71,MBastarache
5045,72,WICBinnie
5045,74,LLeBel
5045,75,MDeschamps
5045,76,MJFish
5045,77,RSAbella
5045,78,LCharron
5045,79,MRothstein
5046,67,BMcLachlin
5046,71,MBastarache
5046,72,WICBinnie
5046,74,LLeBel
5046,75,MDeschamps
5046,76,MJFish
5046,77,RSAbella
5046,78,LCharron
5046,79,MRothstein
5047,67,BMcLachlin
5047,71,MBastarache
5047,72,WICBinnie
5047,74,LLeBel
5047,75,MDeschamps
5047,76,MJFish
5047,77,RSAbella
5047,78,LCharron
5047,79,MRothstein
5048,67,BMcLachlin
5048,71,MBastarache
5048,72,WICBinnie
5048,74,LLeBel
5048,75,MDeschamps
5048,76,MJFish
5048,77,RSAbella
5048,78,LCharron
5048,79,MRothstein
5049,67,BMcLachlin
5049,71,MBastarache
5049,72,WICBinnie
5049,74,LLeBel
5049,75,MDeschamps
5049,76,MJFish
5049,77,RSAbella
5049,78,LCharron
5049,79,MRothstein
5050,67,BMcLachlin
5050,71,MBastarache
5050,72,WICBinnie
5050,74,LLeBel
5050,75,MDeschamps
5050,76,MJFish
5050,77,RSAbella
5050,78,LCharron
5050,79,MRothstein
5051,67,BMcLachlin
5051,71,MBastarache
5051,72,WICBinnie
5051,76,MJFish
5051,77,RSAbella
5051,78,LCharron
5051,79,MRothstein
5052,67,BMcLachlin
5052,71,MBastarache
5052,72,WICBinnie
5052,74,LLeBel
5052,75,MDeschamps
5052,76,MJFish
5052,77,RSAbella
5052,78,LCharron
5052,79,MRothstein
5053,67,BMcLachlin
5053,71,MBastarache
5053,72,WICBinnie
5053,74,LLeBel
5053,75,MDeschamps
5053,76,MJFish
5053,77,RSAbella
5053,78,LCharron
5053,79,MRothstein
5054,67,BMcLachlin
5054,72,WICBinnie
5054,74,LLeBel
5054,75,MDeschamps
5054,76,MJFish
5054,77,RSAbella
5054,79,MRothstein
5055,67,BMcLachlin
5055,71,MBastarache
5055,72,WICBinnie
5055,74,LLeBel
5055,75,MDeschamps
5055,76,MJFish
5055,77,RSAbella
5055,78,LCharron
5055,79,MRothstein
5056,67,BMcLachlin
5056,71,MBastarache
5056,72,WICBinnie
5056,74,LLeBel
5056,75,MDeschamps
5056,76,MJFish
5056,77,RSAbella
5056,78,LCharron
5056,79,MRothstein
5057,67,BMcLachlin
5057,74,LLeBel
5057,75,MDeschamps
5057,76,MJFish
5057,77,RSAbella
5058,67,BMcLachlin
5058,71,MBastarache
5058,72,WICBinnie
5058,74,LLeBel
5058,75,MDeschamps
5058,76,MJFish
5058,77,RSAbella
5058,78,LCharron
5058,79,MRothstein
5059,67,BMcLachlin
5059,71,MBastarache
5059,72,WICBinnie
5059,74,LLeBel
5059,75,MDeschamps
5059,76,MJFish
5059,77,RSAbella
5059,78,LCharron
5059,79,MRothstein
5060,67,BMcLachlin
5060,71,MBastarache
5060,72,WICBinnie
5060,74,LLeBel
5060,75,MDeschamps
5060,77,RSAbella
5060,79,MRothstein
5061,67,BMcLachlin
5061,71,MBastarache
5061,72,WICBinnie
5061,75,MDeschamps
5061,76,MJFish
5061,77,RSAbella
5061,78,LCharron
5062,67,BMcLachlin
5062,72,WICBinnie
5062,75,MDeschamps
5062,76,MJFish
5062,77,RSAbella
5062,78,LCharron
5062,79,MRothstein
5063,67,BMcLachlin
5063,71,MBastarache
5063,72,WICBinnie
5063,74,LLeBel
5063,75,MDeschamps
5063,76,MJFish
5063,77,RSAbella
5063,78,LCharron
5063,79,MRothstein
5064,71,MBastarache
5064,72,WICBinnie
5064,74,LLeBel
5064,75,MDeschamps
5064,76,MJFish
5064,77,RSAbella
5064,78,LCharron
5065,67,BMcLachlin
5065,71,MBastarache
5065,72,WICBinnie
5065,74,LLeBel
5065,75,MDeschamps
5065,76,MJFish
5065,77,RSAbella
5065,78,LCharron
5065,79,MRothstein
5066,67,BMcLachlin
5066,71,MBastarache
5066,72,WICBinnie
5066,74,LLeBel
5066,75,MDeschamps
5066,76,MJFish
5066,77,RSAbella
5066,78,LCharron
5066,79,MRothstein
5067,67,BMcLachlin
5067,71,MBastarache
5067,72,WICBinnie
5067,74,LLeBel
5067,75,MDeschamps
5067,76,MJFish
5067,77,RSAbella
5067,78,LCharron
5067,79,MRothstein
5068,67,BMcLachlin
5068,71,MBastarache
5068,72,WICBinnie
5068,74,LLeBel
5068,75,MDeschamps
5068,76,MJFish
5068,77,RSAbella
5068,78,LCharron
5068,79,MRothstein
5069,67,BMcLachlin
5069,71,MBastarache
5069,72,WICBinnie
5069,74,LLeBel
5069,75,MDeschamps
5069,76,MJFish
5069,77,RSAbella
5069,78,LCharron
5069,79,MRothstein
5070,67,BMcLachlin
5070,71,MBastarache
5070,72,WICBinnie
5070,74,LLeBel
5070,75,MDeschamps
5070,76,MJFish
5070,77,RSAbella
5070,78,LCharron
5070,79,MRothstein
5071,71,MBastarache
5071,72,WICBinnie
5071,74,LLeBel
5071,75,MDeschamps
5071,76,MJFish
5071,77,RSAbella
5071,78,LCharron
5072,67,BMcLachlin
5072,71,MBastarache
5072,72,WICBinnie
5072,74,LLeBel
5072,75,MDeschamps
5072,76,MJFish
5072,77,RSAbella
5072,78,LCharron
5072,79,MRothstein
5073,67,BMcLachlin
5073,72,WICBinnie
5073,74,LLeBel
5073,75,MDeschamps
5073,76,MJFish
5073,77,RSAbella
5073,78,LCharron
5074,72,WICBinnie
5074,74,LLeBel
5074,75,MDeschamps
5074,76,MJFish
5074,77,RSAbella
5074,78,LCharron
5074,79,MRothstein
5075,67,BMcLachlin
5075,71,MBastarache
5075,74,LLeBel
5075,75,MDeschamps
5075,76,MJFish
5075,77,RSAbella
5075,79,MRothstein
5076,72,WICBinnie
5076,74,LLeBel
5076,75,MDeschamps
5076,76,MJFish
5076,77,RSAbella
5076,78,LCharron
5076,79,MRothstein
5077,67,BMcLachlin
5077,71,MBastarache
5077,72,WICBinnie
5077,74,LLeBel
5077,75,MDeschamps
5077,77,RSAbella
5077,78,LCharron
5078,67,BMcLachlin
5078,71,MBastarache
5078,72,WICBinnie
5078,74,LLeBel
5078,75,MDeschamps
5078,76,MJFish
5078,77,RSAbella
5078,78,LCharron
5078,79,MRothstein
5079,67,BMcLachlin
5079,71,MBastarache
5079,72,WICBinnie
5079,74,LLeBel
5079,75,MDeschamps
5079,76,MJFish
5079,77,RSAbella
5079,78,LCharron
5079,79,MRothstein
5080,67,BMcLachlin
5080,71,MBastarache
5080,72,WICBinnie
5080,74,LLeBel
5080,75,MDeschamps
5080,76,MJFish
5080,77,RSAbella
5080,78,LCharron
5080,79,MRothstein
5081,67,BMcLachlin
5081,71,MBastarache
5081,72,WICBinnie
5081,74,LLeBel
5081,75,MDeschamps
5081,76,MJFish
5081,77,RSAbella
5081,78,LCharron
5081,79,MRothstein
5082,67,BMcLachlin
5082,71,MBastarache
5082,72,WICBinnie
5082,74,LLeBel
5082,75,MDeschamps
5082,76,MJFish
5082,77,RSAbella
5082,78,LCharron
5082,79,MRothstein
5083,67,BMcLachlin
5083,72,WICBinnie
5083,74,LLeBel
5083,76,MJFish
5083,77,RSAbella
5083,78,LCharron
5083,79,MRothstein
5084,67,BMcLachlin
5084,72,WICBinnie
5084,75,MDeschamps
5084,76,MJFish
5084,77,RSAbella
5084,78,LCharron
5084,79,MRothstein
5085,67,BMcLachlin
5085,71,MBastarache
5085,72,WICBinnie
5085,74,LLeBel
5085,75,MDeschamps
5085,76,MJFish
5085,77,RSAbella
5085,78,LCharron
5085,79,MRothstein
5086,67,BMcLachlin
5086,72,WICBinnie
5086,74,LLeBel
5086,75,MDeschamps
5086,77,RSAbella
5086,78,LCharron
5086,79,MRothstein
5087,67,BMcLachlin
5087,72,WICBinnie
5087,74,LLeBel
5087,75,MDeschamps
5087,76,MJFish
5087,78,LCharron
5087,79,MRothstein
5088,67,BMcLachlin
5088,74,LLeBel
5088,75,MDeschamps
5088,76,MJFish
5088,77,RSAbella
5088,78,LCharron
5088,79,MRothstein
5089,67,BMcLachlin
5089,71,MBastarache
5089,72,WICBinnie
5089,74,LLeBel
5089,75,MDeschamps
5089,76,MJFish
5089,77,RSAbella
5089,78,LCharron
5089,79,MRothstein
5090,67,BMcLachlin
5090,74,LLeBel
5090,75,MDeschamps
5090,76,MJFish
5090,77,RSAbella
5090,78,LCharron
5090,79,MRothstein
5091,67,BMcLachlin
5091,72,WICBinnie
5091,74,LLeBel
5091,75,MDeschamps
5091,76,MJFish
5091,77,RSAbella
5091,78,LCharron
5092,67,BMcLachlin
5092,74,LLeBel
5092,75,MDeschamps
5092,76,MJFish
5092,77,RSAbella
5092,78,LCharron
5092,79,MRothstein
5093,67,BMcLachlin
5093,72,WICBinnie
5093,74,LLeBel
5093,76,MJFish
5093,77,RSAbella
5093,78,LCharron
5093,79,MRothstein
5094,67,BMcLachlin
5094,72,WICBinnie
5094,74,LLeBel
5094,76,MJFish
5094,77,RSAbella
5094,78,LCharron
5094,79,MRothstein
5095,67,BMcLachlin
5095,72,WICBinnie
5095,75,MDeschamps
5095,76,MJFish
5095,77,RSAbella
5095,78,LCharron
5095,79,MRothstein
5096,67,BMcLachlin
5096,75,MDeschamps
5096,76,MJFish
5096,78,LCharron
5096,79,MRothstein
5097,67,BMcLachlin
5097,72,WICBinnie
5097,74,LLeBel
5097,75,MDeschamps
5097,76,MJFish
5097,78,LCharron
5097,79,MRothstein
5098,67,BMcLachlin
5098,72,WICBinnie
5098,74,LLeBel
5098,75,MDeschamps
5098,76,MJFish
5098,78,LCharron
5098,79,MRothstein
5099,67,BMcLachlin
5099,71,MBastarache
5099,72,WICBinnie
5099,74,LLeBel
5099,75,MDeschamps
5099,76,MJFish
5099,77,RSAbella
5099,78,LCharron
5099,79,MRothstein
5100,67,BMcLachlin
5100,72,WICBinnie
5100,75,MDeschamps
5100,76,MJFish
5100,77,RSAbella
5100,78,LCharron
5100,79,MRothstein
5101,67,BMcLachlin
5101,72,WICBinnie
5101,75,MDeschamps
5101,76,MJFish
5101,77,RSAbella
5101,78,LCharron
5101,79,MRothstein
5102,72,WICBinnie
5102,74,LLeBel
5102,75,MDeschamps
5102,76,MJFish
5102,77,RSAbella
5102,78,LCharron
5102,79,MRothstein
5103,67,BMcLachlin
5103,71,MBastarache
5103,72,WICBinnie
5103,74,LLeBel
5103,75,MDeschamps
5103,76,MJFish
5103,77,RSAbella
5103,78,LCharron
5103,79,MRothstein
5104,72,WICBinnie
5104,74,LLeBel
5104,75,MDeschamps
5104,76,MJFish
5104,77,RSAbella
5104,78,LCharron
5104,79,MRothstein
5105,67,BMcLachlin
5105,71,MBastarache
5105,74,LLeBel
5105,75,MDeschamps
5105,76,MJFish
5105,77,RSAbella
5105,78,LCharron
5106,67,BMcLachlin
5106,72,WICBinnie
5106,74,LLeBel
5106,75,MDeschamps
5106,76,MJFish
5106,78,LCharron
5106,79,MRothstein
5107,67,BMcLachlin
5107,72,WICBinnie
5107,74,LLeBel
5107,75,MDeschamps
5107,77,RSAbella
5107,78,LCharron
5107,79,MRothstein
5108,67,BMcLachlin
5108,72,WICBinnie
5108,74,LLeBel
5108,75,MDeschamps
5108,77,RSAbella
5108,78,LCharron
5108,79,MRothstein
5109,67,BMcLachlin
5109,72,WICBinnie
5109,74,LLeBel
5109,75,MDeschamps
5109,76,MJFish
5109,77,RSAbella
5109,79,MRothstein
5110,72,WICBinnie
5110,74,LLeBel
5110,75,MDeschamps
5110,76,MJFish
5110,77,RSAbella
5110,78,LCharron
5110,79,MRothstein
5111,72,WICBinnie
5111,74,LLeBel
5111,75,MDeschamps
5111,76,MJFish
5111,77,RSAbella
5111,78,LCharron
5111,80,TACromwell
5112,67,BMcLachlin
5112,71,MBastarache
5112,72,WICBinnie
5112,74,LLeBel
5112,75,MDeschamps
5112,76,MJFish
5112,77,RSAbella
5112,78,LCharron
5112,79,MRothstein
5113,72,WICBinnie
5113,74,LLeBel
5113,75,MDeschamps
5113,76,MJFish
5113,77,RSAbella
5113,78,LCharron
5113,79,MRothstein
5114,72,WICBinnie
5114,74,LLeBel
5114,75,MDeschamps
5114,76,MJFish
5114,77,RSAbella
5114,78,LCharron
5114,79,MRothstein
5115,67,BMcLachlin
5115,72,WICBinnie
5115,74,LLeBel
5115,75,MDeschamps
5115,77,RSAbella
5115,78,LCharron
5115,79,MRothstein
5116,67,BMcLachlin
5116,72,WICBinnie
5116,74,LLeBel
5116,75,MDeschamps
5116,77,RSAbella
5116,78,LCharron
5116,79,MRothstein
5117,67,BMcLachlin
5117,72,WICBinnie
5117,74,LLeBel
5117,75,MDeschamps
5117,77,RSAbella
5117,78,LCharron
5117,79,MRothstein
5118,67,BMcLachlin
5118,74,LLeBel
5118,75,MDeschamps
5118,76,MJFish
5118,77,RSAbella
5118,78,LCharron
5118,79,MRothstein
5119,67,BMcLachlin
5119,72,WICBinnie
5119,75,MDeschamps
5119,76,MJFish
5119,77,RSAbella
5119,78,LCharron
5119,79,MRothstein
5120,67,BMcLachlin
5120,72,WICBinnie
5120,74,LLeBel
5120,75,MDeschamps
5120,76,MJFish
5120,78,LCharron
5120,79,MRothstein
5121,67,BMcLachlin
5121,71,MBastarache
5121,72,WICBinnie
5121,74,LLeBel
5121,75,MDeschamps
5121,76,MJFish
5121,77,RSAbella
5121,78,LCharron
5121,79,MRothstein
5122,72,WICBinnie
5122,74,LLeBel
5122,75,MDeschamps
5122,77,RSAbella
5122,78,LCharron
5122,79,MRothstein
5122,80,TACromwell
5123,67,BMcLachlin
5123,74,LLeBel
5123,75,MDeschamps
5123,76,MJFish
5123,77,RSAbella
5123,78,LCharron
5123,79,MRothstein
5124,67,BMcLachlin
5124,72,WICBinnie
5124,74,LLeBel
5124,75,MDeschamps
5124,79,MRothstein
5125,67,BMcLachlin
5125,72,WICBinnie
5125,74,LLeBel
5125,75,MDeschamps
5125,76,MJFish
5125,78,LCharron
5125,79,MRothstein
5126,67,BMcLachlin
5126,72,WICBinnie
5126,74,LLeBel
5126,76,MJFish
5126,77,RSAbella
5126,78,LCharron
5126,79,MRothstein
5127,72,WICBinnie
5127,76,MJFish
5127,78,LCharron
5127,79,MRothstein
5127,80,TACromwell
5128,67,BMcLachlin
5128,72,WICBinnie
5128,74,LLeBel
5128,75,MDeschamps
5128,76,MJFish
5128,77,RSAbella
5128,79,MRothstein
5129,67,BMcLachlin
5129,72,WICBinnie
5129,74,LLeBel
5129,75,MDeschamps
5129,76,MJFish
5129,77,RSAbella
5129,78,LCharron
5129,79,MRothstein
5129,80,TACromwell
5130,67,BMcLachlin
5130,72,WICBinnie
5130,74,LLeBel
5130,76,MJFish
5130,78,LCharron
5130,79,MRothstein
5130,80,TACromwell
5131,67,BMcLachlin
5131,72,WICBinnie
5131,74,LLeBel
5131,75,MDeschamps
5131,76,MJFish
5131,77,RSAbella
5131,78,LCharron
5131,79,MRothstein
5131,80,TACromwell
5132,67,BMcLachlin
5132,72,WICBinnie
5132,74,LLeBel
5132,75,MDeschamps
5132,76,MJFish
5132,77,RSAbella
5132,79,MRothstein
5133,67,BMcLachlin
5133,72,WICBinnie
5133,74,LLeBel
5133,75,MDeschamps
5133,76,MJFish
5133,77,RSAbella
5133,79,MRothstein
5134,67,BMcLachlin
5134,72,WICBinnie
5134,74,LLeBel
5134,75,MDeschamps
5134,76,MJFish
5134,77,RSAbella
5134,79,MRothstein
5135,67,BMcLachlin
5135,72,WICBinnie
5135,75,MDeschamps
5135,77,RSAbella
5135,78,LCharron
5135,79,MRothstein
5135,80,TACromwell
5136,67,BMcLachlin
5136,72,WICBinnie
5136,74,LLeBel
5136,75,MDeschamps
5136,76,MJFish
5136,77,RSAbella
5136,78,LCharron
5136,79,MRothstein
5136,80,TACromwell
5137,72,WICBinnie
5137,74,LLeBel
5137,75,MDeschamps
5137,76,MJFish
5137,77,RSAbella
5137,78,LCharron
5137,79,MRothstein
5138,67,BMcLachlin
5138,72,WICBinnie
5138,74,LLeBel
5138,75,MDeschamps
5138,76,MJFish
5138,78,LCharron
5138,79,MRothstein
5139,67,BMcLachlin
5139,72,WICBinnie
5139,74,LLeBel
5139,75,MDeschamps
5139,77,RSAbella
5139,78,LCharron
5139,79,MRothstein
5140,67,BMcLachlin
5140,71,MBastarache
5140,72,WICBinnie
5140,74,LLeBel
5140,75,MDeschamps
5140,76,MJFish
5140,77,RSAbella
5140,78,LCharron
5140,79,MRothstein
5141,67,BMcLachlin
5141,72,WICBinnie
5141,74,LLeBel
5141,75,MDeschamps
5141,76,MJFish
5141,77,RSAbella
5141,78,LCharron
5142,67,BMcLachlin
5142,72,WICBinnie
5142,74,LLeBel
5142,75,MDeschamps
5142,76,MJFish
5142,77,RSAbella
5142,78,LCharron
5143,67,BMcLachlin
5143,72,WICBinnie
5143,74,LLeBel
5143,75,MDeschamps
5143,76,MJFish
5143,77,RSAbella
5143,78,LCharron
5144,67,BMcLachlin
5144,72,WICBinnie
5144,74,LLeBel
5144,75,MDeschamps
5144,76,MJFish
5144,77,RSAbella
5144,78,LCharron
5145,67,BMcLachlin
5145,72,WICBinnie
5145,75,MDeschamps
5145,76,MJFish
5145,78,LCharron
5145,79,MRothstein
5145,80,TACromwell
5146,67,BMcLachlin
5146,72,WICBinnie
5146,74,LLeBel
5146,75,MDeschamps
5146,76,MJFish
5146,77,RSAbella
5146,79,MRothstein
5147,67,BMcLachlin
5147,72,WICBinnie
5147,74,LLeBel
5147,75,MDeschamps
5147,76,MJFish
5147,77,RSAbella
5147,79,MRothstein
5148,72,WICBinnie
5148,74,LLeBel
5148,75,MDeschamps
5148,76,MJFish
5148,77,RSAbella
5148,78,LCharron
5148,79,MRothstein
5149,67,BMcLachlin
5149,72,WICBinnie
5149,74,LLeBel
5149,75,MDeschamps
5149,76,MJFish
5149,77,RSAbella
5149,78,LCharron
5149,79,MRothstein
5149,80,TACromwell
5150,67,BMcLachlin
5150,72,WICBinnie
5150,74,LLeBel
5150,75,MDeschamps
5150,76,MJFish
5150,77,RSAbella
5150,78,LCharron
5150,79,MRothstein
5150,80,TACromwell
5151,67,BMcLachlin
5151,72,WICBinnie
5151,74,LLeBel
5151,75,MDeschamps
5151,76,MJFish
5151,77,RSAbella
5151,78,LCharron
5151,79,MRothstein
5151,80,TACromwell
5152,67,BMcLachlin
5152,72,WICBinnie
5152,74,LLeBel
5152,75,MDeschamps
5152,76,MJFish
5152,77,RSAbella
5152,78,LCharron
5152,79,MRothstein
5152,80,TACromwell
5153,67,BMcLachlin
5153,72,WICBinnie
5153,74,LLeBel
5153,75,MDeschamps
5153,76,MJFish
5153,77,RSAbella
5153,78,LCharron
5153,79,MRothstein
5153,80,TACromwell
5154,67,BMcLachlin
5154,74,LLeBel
5154,75,MDeschamps
5154,76,MJFish
5154,77,RSAbella
5154,78,LCharron
5154,80,TACromwell
5155,67,BMcLachlin
5155,72,WICBinnie
5155,74,LLeBel
5155,75,MDeschamps
5155,76,MJFish
5155,77,RSAbella
5155,78,LCharron
5155,79,MRothstein
5155,80,TACromwell
5156,67,BMcLachlin
5156,72,WICBinnie
5156,74,LLeBel
5156,76,MJFish
5156,77,RSAbella
5156,78,LCharron
5156,79,MRothstein
5157,67,BMcLachlin
5157,72,WICBinnie
5157,74,LLeBel
5157,75,MDeschamps
5157,76,MJFish
5157,77,RSAbella
5157,78,LCharron
5157,79,MRothstein
5157,80,TACromwell
5158,67,BMcLachlin
5158,72,WICBinnie
5158,74,LLeBel
5158,76,MJFish
5158,77,RSAbella
5158,79,MRothstein
5158,80,TACromwell
5159,67,BMcLachlin
5159,72,WICBinnie
5159,74,LLeBel
5159,75,MDeschamps
5159,76,MJFish
5159,77,RSAbella
5159,78,LCharron
5159,79,MRothstein
5159,80,TACromwell
5160,67,BMcLachlin
5160,72,WICBinnie
5160,74,LLeBel
5160,75,MDeschamps
5160,76,MJFish
5160,77,RSAbella
5160,78,LCharron
5161,67,BMcLachlin
5161,72,WICBinnie
5161,74,LLeBel
5161,76,MJFish
5161,77,RSAbella
5161,78,LCharron
5161,79,MRothstein
5162,67,BMcLachlin
5162,72,WICBinnie
5162,74,LLeBel
5162,75,MDeschamps
5162,76,MJFish
5162,77,RSAbella
5162,78,LCharron
5162,79,MRothstein
5162,80,TACromwell
5163,67,BMcLachlin
5163,72,WICBinnie
5163,74,LLeBel
5163,75,MDeschamps
5163,76,MJFish
5163,77,RSAbella
5163,78,LCharron
5163,79,MRothstein
5163,80,TACromwell
5164,67,BMcLachlin
5164,72,WICBinnie
5164,74,LLeBel
5164,75,MDeschamps
5164,76,MJFish
5164,77,RSAbella
5164,78,LCharron
5164,79,MRothstein
5164,80,TACromwell
5165,72,WICBinnie
5165,74,LLeBel
5165,76,MJFish
5165,77,RSAbella
5165,78,LCharron
5165,79,MRothstein
5165,80,TACromwell
5166,74,LLeBel
5166,75,MDeschamps
5166,76,MJFish
5166,77,RSAbella
5166,78,LCharron
5166,79,MRothstein
5166,80,TACromwell
5167,67,BMcLachlin
5167,72,WICBinnie
5167,74,LLeBel
5167,75,MDeschamps
5167,76,MJFish
5167,77,RSAbella
5167,78,LCharron
5167,79,MRothstein
5167,80,TACromwell
5168,67,BMcLachlin
5168,72,WICBinnie
5168,74,LLeBel
5168,75,MDeschamps
5168,76,MJFish
5168,77,RSAbella
5168,78,LCharron
5168,79,MRothstein
5168,80,TACromwell
5169,67,BMcLachlin
5169,72,WICBinnie
5169,74,LLeBel
5169,75,MDeschamps
5169,76,MJFish
5169,77,RSAbella
5169,78,LCharron
5169,79,MRothstein
5169,80,TACromwell
5170,67,BMcLachlin
5170,72,WICBinnie
5170,74,LLeBel
5170,75,MDeschamps
5170,76,MJFish
5170,77,RSAbella
5170,78,LCharron
5170,79,MRothstein
5170,80,TACromwell
5171,67,BMcLachlin
5171,72,WICBinnie
5171,74,LLeBel
5171,75,MDeschamps
5171,76,MJFish
5171,77,RSAbella
5171,78,LCharron
5171,79,MRothstein
5171,80,TACromwell
5172,67,BMcLachlin
5172,72,WICBinnie
5172,74,LLeBel
5172,75,MDeschamps
5172,76,MJFish
5172,77,RSAbella
5172,78,LCharron
5172,79,MRothstein
5172,80,TACromwell
5173,72,WICBinnie
5173,74,LLeBel
5173,76,MJFish
5173,77,RSAbella
5173,78,LCharron
5173,79,MRothstein
5173,80,TACromwell
5174,67,BMcLachlin
5174,72,WICBinnie
5174,74,LLeBel
5174,75,MDeschamps
5174,76,MJFish
5174,77,RSAbella
5174,78,LCharron
5174,79,MRothstein
5174,80,TACromwell
5175,67,BMcLachlin
5175,72,WICBinnie
5175,74,LLeBel
5175,75,MDeschamps
5175,76,MJFish
5175,77,RSAbella
5175,78,LCharron
5175,79,MRothstein
5175,80,TACromwell
5176,67,BMcLachlin
5176,72,WICBinnie
5176,74,LLeBel
5176,75,MDeschamps
5176,76,MJFish
5176,77,RSAbella
5176,78,LCharron
5176,79,MRothstein
5176,80,TACromwell
5177,67,BMcLachlin
5177,72,WICBinnie
5177,74,LLeBel
5177,75,MDeschamps
5177,76,MJFish
5177,77,RSAbella
5177,78,LCharron
5177,79,MRothstein
5177,80,TACromwell
5178,67,BMcLachlin
5178,72,WICBinnie
5178,74,LLeBel
5178,75,MDeschamps
5178,76,MJFish
5178,78,LCharron
5178,80,TACromwell
5179,67,BMcLachlin
5179,72,WICBinnie
5179,75,MDeschamps
5179,76,MJFish
5179,77,RSAbella
5179,78,LCharron
5179,79,MRothstein
5180,74,LLeBel
5180,75,MDeschamps
5180,76,MJFish
5180,77,RSAbella
5180,78,LCharron
5180,79,MRothstein
5180,80,TACromwell
5181,67,BMcLachlin
5181,72,WICBinnie
5181,74,LLeBel
5181,75,MDeschamps
5181,76,MJFish
5181,77,RSAbella
5181,78,LCharron
5181,79,MRothstein
5181,80,TACromwell
5182,67,BMcLachlin
5182,72,WICBinnie
5182,74,LLeBel
5182,75,MDeschamps
5182,76,MJFish
5182,77,RSAbella
5182,78,LCharron
5182,79,MRothstein
5182,80,TACromwell
5183,67,BMcLachlin
5183,72,WICBinnie
5183,74,LLeBel
5183,75,MDeschamps
5183,76,MJFish
5183,77,RSAbella
5183,78,LCharron
5183,79,MRothstein
5183,80,TACromwell
5184,67,BMcLachlin
5184,72,WICBinnie
5184,74,LLeBel
5184,75,MDeschamps
5184,76,MJFish
5184,77,RSAbella
5184,78,LCharron
5184,79,MRothstein
5184,80,TACromwell
5185,67,BMcLachlin
5185,72,WICBinnie
5185,74,LLeBel
5185,75,MDeschamps
5185,76,MJFish
5185,77,RSAbella
5185,78,LCharron
5185,79,MRothstein
5185,80,TACromwell
5186,67,BMcLachlin
5186,72,WICBinnie
5186,74,LLeBel
5186,75,MDeschamps
5186,76,MJFish
5186,77,RSAbella
5186,79,MRothstein
5187,67,BMcLachlin
5187,72,WICBinnie
5187,74,LLeBel
5187,75,MDeschamps
5187,76,MJFish
5187,77,RSAbella
5187,78,LCharron
5187,79,MRothstein
5187,80,TACromwell
5188,67,BMcLachlin
5188,72,WICBinnie
5188,74,LLeBel
5188,75,MDeschamps
5188,76,MJFish
5188,77,RSAbella
5188,78,LCharron
5188,79,MRothstein
5188,80,TACromwell
5189,67,BMcLachlin
5189,72,WICBinnie
5189,76,MJFish
5189,77,RSAbella
5189,78,LCharron
5189,79,MRothstein
5189,80,TACromwell
5190,67,BMcLachlin
5190,72,WICBinnie
5190,74,LLeBel
5190,75,MDeschamps
5190,76,MJFish
5190,77,RSAbella
5190,78,LCharron
5190,79,MRothstein
5190,80,TACromwell
5191,67,BMcLachlin
5191,72,WICBinnie
5191,75,MDeschamps
5191,76,MJFish
5191,77,RSAbella
5191,78,LCharron
5191,79,MRothstein
5192,67,BMcLachlin
5192,72,WICBinnie
5192,74,LLeBel
5192,75,MDeschamps
5192,76,MJFish
5192,77,RSAbella
5192,78,LCharron
5192,79,MRothstein
5192,80,TACromwell
5193,67,BMcLachlin
5193,72,WICBinnie
5193,74,LLeBel
5193,75,MDeschamps
5193,76,MJFish
5193,77,RSAbella
5193,78,LCharron
5193,79,MRothstein
5193,80,TACromwell
5194,67,BMcLachlin
5194,72,WICBinnie
5194,74,LLeBel
5194,76,MJFish
5194,77,RSAbella
5194,78,LCharron
5194,79,MRothstein
5195,67,BMcLachlin
5195,72,WICBinnie
5195,74,LLeBel
5195,75,MDeschamps
5195,76,MJFish
5195,77,RSAbella
5195,78,LCharron
5195,79,MRothstein
5195,80,TACromwell
5196,74,LLeBel
5196,75,MDeschamps
5196,80,TACromwell
5197,67,BMcLachlin
5197,72,WICBinnie
5197,74,LLeBel
5197,75,MDeschamps
5197,76,MJFish
5197,77,RSAbella
5197,78,LCharron
5197,79,MRothstein
5197,80,TACromwell
5198,67,BMcLachlin
5198,72,WICBinnie
5198,74,LLeBel
5198,75,MDeschamps
5198,76,MJFish
5198,77,RSAbella
5198,78,LCharron
5198,79,MRothstein
5198,80,TACromwell
5199,67,BMcLachlin
5199,72,WICBinnie
5199,74,LLeBel
5199,75,MDeschamps
5199,76,MJFish
5199,77,RSAbella
5199,78,LCharron
5199,79,MRothstein
5199,80,TACromwell
5200,67,BMcLachlin
5200,72,WICBinnie
5200,74,LLeBel
5200,75,MDeschamps
5200,76,MJFish
5200,77,RSAbella
5200,78,LCharron
5200,79,MRothstein
5200,80,TACromwell
5201,67,BMcLachlin
5201,72,WICBinnie
5201,74,LLeBel
5201,75,MDeschamps
5201,76,MJFish
5201,77,RSAbella
5201,78,LCharron
5201,79,MRothstein
5201,80,TACromwell
5202,67,BMcLachlin
5202,72,WICBinnie
5202,74,LLeBel
5202,76,MJFish
5202,78,LCharron
5202,79,MRothstein
5202,80,TACromwell
5203,67,BMcLachlin
5203,72,WICBinnie
5203,74,LLeBel
5203,75,MDeschamps
5203,76,MJFish
5203,77,RSAbella
5203,78,LCharron
5203,79,MRothstein
5203,80,TACromwell
5204,67,BMcLachlin
5204,72,WICBinnie
5204,74,LLeBel
5204,75,MDeschamps
5204,76,MJFish
5204,77,RSAbella
5204,78,LCharron
5204,79,MRothstein
5204,80,TACromwell
5205,67,BMcLachlin
5205,72,WICBinnie
5205,74,LLeBel
5205,75,MDeschamps
5205,76,MJFish
5205,77,RSAbella
5205,78,LCharron
5205,79,MRothstein
5205,80,TACromwell
5206,67,BMcLachlin
5206,72,WICBinnie
5206,74,LLeBel
5206,75,MDeschamps
5206,76,MJFish
5206,77,RSAbella
5206,78,LCharron
5206,79,MRothstein
5206,80,TACromwell
5207,67,BMcLachlin
5207,72,WICBinnie
5207,74,LLeBel
5207,75,MDeschamps
5207,76,MJFish
5207,77,RSAbella
5207,78,LCharron
5207,79,MRothstein
5207,80,TACromwell
5208,67,BMcLachlin
5208,72,WICBinnie
5208,74,LLeBel
5208,75,MDeschamps
5208,76,MJFish
5208,77,RSAbella
5208,78,LCharron
5208,79,MRothstein
5208,80,TACromwell
5209,67,BMcLachlin
5209,72,WICBinnie
5209,74,LLeBel
5209,75,MDeschamps
5209,76,MJFish
5209,77,RSAbella
5209,78,LCharron
5209,79,MRothstein
5209,80,TACromwell
5210,67,BMcLachlin
5210,72,WICBinnie
5210,74,LLeBel
5210,75,MDeschamps
5210,76,MJFish
5210,77,RSAbella
5210,78,LCharron
5210,79,MRothstein
5210,80,TACromwell
5211,67,BMcLachlin
5211,72,WICBinnie
5211,74,LLeBel
5211,75,MDeschamps
5211,76,MJFish
5211,77,RSAbella
5211,78,LCharron
5211,79,MRothstein
5211,80,TACromwell
5212,67,BMcLachlin
5212,72,WICBinnie
5212,74,LLeBel
5212,75,MDeschamps
5212,76,MJFish
5212,77,RSAbella
5212,78,LCharron
5212,79,MRothstein
5212,80,TACromwell
5213,72,WICBinnie
5213,74,LLeBel
5213,75,MDeschamps
5213,76,MJFish
5213,77,RSAbella
5213,78,LCharron
5213,79,MRothstein
5214,67,BMcLachlin
5214,72,WICBinnie
5214,74,LLeBel
5214,75,MDeschamps
5214,76,MJFish
5214,77,RSAbella
5214,78,LCharron
5214,79,MRothstein
5214,80,TACromwell
5215,67,BMcLachlin
5215,74,LLeBel
5215,75,MDeschamps
5215,76,MJFish
5215,77,RSAbella
5215,78,LCharron
5215,80,TACromwell
5216,67,BMcLachlin
5216,72,WICBinnie
5216,74,LLeBel
5216,75,MDeschamps
5216,76,MJFish
5216,77,RSAbella
5216,78,LCharron
5216,79,MRothstein
5216,80,TACromwell
5217,67,BMcLachlin
5217,72,WICBinnie
5217,74,LLeBel
5217,75,MDeschamps
5217,76,MJFish
5217,77,RSAbella
5217,78,LCharron
5217,79,MRothstein
5217,80,TACromwell
5218,72,WICBinnie
5218,74,LLeBel
5218,75,MDeschamps
5218,76,MJFish
5218,77,RSAbella
5218,78,LCharron
5218,79,MRothstein
5219,67,BMcLachlin
5219,72,WICBinnie
5219,74,LLeBel
5219,75,MDeschamps
5219,76,MJFish
5219,77,RSAbella
5219,78,LCharron
5219,79,MRothstein
5219,80,TACromwell
5220,67,BMcLachlin
5220,72,WICBinnie
5220,74,LLeBel
5220,75,MDeschamps
5220,76,MJFish
5220,77,RSAbella
5220,78,LCharron
5220,79,MRothstein
5220,80,TACromwell
5221,74,LLeBel
5221,75,MDeschamps
5221,76,MJFish
5221,77,RSAbella
5221,78,LCharron
5221,79,MRothstein
5221,80,TACromwell
5222,67,BMcLachlin
5222,74,LLeBel
5222,75,MDeschamps
5222,76,MJFish
5222,77,RSAbella
5222,78,LCharron
5222,80,TACromwell
5223,72,WICBinnie
5223,74,LLeBel
5223,75,MDeschamps
5223,76,MJFish
5223,77,RSAbella
5223,78,LCharron
5223,80,TACromwell
5224,72,WICBinnie
5224,76,MJFish
5224,78,LCharron
5225,72,WICBinnie
5225,77,RSAbella
5225,80,TACromwell
5226,67,BMcLachlin
5226,72,WICBinnie
5226,74,LLeBel
5226,75,MDeschamps
5226,76,MJFish
5226,77,RSAbella
5226,78,LCharron
5226,79,MRothstein
5226,80,TACromwell
5227,67,BMcLachlin
5227,72,WICBinnie
5227,74,LLeBel
5227,75,MDeschamps
5227,76,MJFish
5227,77,RSAbella
5227,78,LCharron
5227,79,MRothstein
5227,80,TACromwell
5228,67,BMcLachlin
5228,72,WICBinnie
5228,74,LLeBel
5228,75,MDeschamps
5228,76,MJFish
5228,77,RSAbella
5228,78,LCharron
5228,79,MRothstein
5228,80,TACromwell
5229,67,BMcLachlin
5229,72,WICBinnie
5229,74,LLeBel
5229,75,MDeschamps
5229,76,MJFish
5229,77,RSAbella
5229,78,LCharron
5229,79,MRothstein
5229,80,TACromwell
5230,72,WICBinnie
5230,75,MDeschamps
5230,76,MJFish
5230,77,RSAbella
5230,78,LCharron
5230,79,MRothstein
5230,80,TACromwell
5231,67,BMcLachlin
5231,72,WICBinnie
5231,74,LLeBel
5231,75,MDeschamps
5231,76,MJFish
5231,77,RSAbella
5231,78,LCharron
5231,79,MRothstein
5231,80,TACromwell
5232,67,BMcLachlin
5232,72,WICBinnie
5232,74,LLeBel
5232,75,MDeschamps
5232,76,MJFish
5232,77,RSAbella
5232,78,LCharron
5232,79,MRothstein
5232,80,TACromwell
5233,72,WICBinnie
5233,74,LLeBel
5233,75,MDeschamps
5233,77,RSAbella
5233,78,LCharron
5233,79,MRothstein
5233,80,TACromwell
5234,72,WICBinnie
5234,74,LLeBel
5234,75,MDeschamps
5234,77,RSAbella
5234,78,LCharron
5234,79,MRothstein
5234,80,TACromwell
5235,72,WICBinnie
5235,74,LLeBel
5235,75,MDeschamps
5235,77,RSAbella
5235,78,LCharron
5235,79,MRothstein
5235,80,TACromwell
5236,72,WICBinnie
5236,74,LLeBel
5236,75,MDeschamps
5236,77,RSAbella
5236,78,LCharron
5236,79,MRothstein
5236,80,TACromwell
5237,72,WICBinnie
5237,74,LLeBel
5237,75,MDeschamps
5237,77,RSAbella
5237,78,LCharron
5237,79,MRothstein
5237,80,TACromwell
5238,72,WICBinnie
5238,74,LLeBel
5238,75,MDeschamps
5238,77,RSAbella
5238,78,LCharron
5238,79,MRothstein
5238,80,TACromwell
5239,67,BMcLachlin
5239,72,WICBinnie
5239,74,LLeBel
5239,75,MDeschamps
5239,76,MJFish
5239,77,RSAbella
5239,78,LCharron
5239,79,MRothstein
5239,80,TACromwell
5240,67,BMcLachlin
5240,72,WICBinnie
5240,74,LLeBel
5240,75,MDeschamps
5240,76,MJFish
5240,77,RSAbella
5240,78,LCharron
5240,79,MRothstein
5240,80,TACromwell
5241,67,BMcLachlin
5241,72,WICBinnie
5241,74,LLeBel
5241,75,MDeschamps
5241,76,MJFish
5241,77,RSAbella
5241,78,LCharron
5241,79,MRothstein
5241,80,TACromwell
5242,74,LLeBel
5242,75,MDeschamps
5242,76,MJFish
5242,77,RSAbella
5242,78,LCharron
5242,79,MRothstein
5242,80,TACromwell
5243,67,BMcLachlin
5243,72,WICBinnie
5243,74,LLeBel
5243,75,MDeschamps
5243,76,MJFish
5243,77,RSAbella
5243,78,LCharron
5243,79,MRothstein
5243,80,TACromwell
5244,67,BMcLachlin
5244,72,WICBinnie
5244,74,LLeBel
5244,75,MDeschamps
5244,76,MJFish
5244,77,RSAbella
5244,78,LCharron
5244,79,MRothstein
5244,80,TACromwell
5245,67,BMcLachlin
5245,72,WICBinnie
5245,74,LLeBel
5245,75,MDeschamps
5245,76,MJFish
5245,77,RSAbella
5245,78,LCharron
5245,79,MRothstein
5245,80,TACromwell
5246,67,BMcLachlin
5246,75,MDeschamps
5246,76,MJFish
5246,77,RSAbella
5246,78,LCharron
5246,79,MRothstein
5246,80,TACromwell
5247,67,BMcLachlin
5247,72,WICBinnie
5247,74,LLeBel
5247,75,MDeschamps
5247,77,RSAbella
5247,78,LCharron
5247,79,MRothstein
5248,67,BMcLachlin
5248,72,WICBinnie
5248,74,LLeBel
5248,77,RSAbella
5248,78,LCharron
5248,79,MRothstein
5248,80,TACromwell
5249,67,BMcLachlin
5249,72,WICBinnie
5249,74,LLeBel
5249,75,MDeschamps
5249,76,MJFish
5249,77,RSAbella
5249,78,LCharron
5249,79,MRothstein
5249,80,TACromwell
5250,67,BMcLachlin
5250,72,WICBinnie
5250,74,LLeBel
5250,75,MDeschamps
5250,76,MJFish
5250,77,RSAbella
5250,78,LCharron
5250,79,MRothstein
5250,80,TACromwell
5251,67,BMcLachlin
5251,72,WICBinnie
5251,74,LLeBel
5251,75,MDeschamps
5251,76,MJFish
5251,77,RSAbella
5251,78,LCharron
5251,79,MRothstein
5251,80,TACromwell
5252,72,WICBinnie
5252,74,LLeBel
5252,75,MDeschamps
5252,76,MJFish
5252,78,LCharron
5252,79,MRothstein
5252,80,TACromwell
5253,67,BMcLachlin
5253,72,WICBinnie
5253,74,LLeBel
5253,75,MDeschamps
5253,76,MJFish
5253,77,RSAbella
5253,78,LCharron
5253,79,MRothstein
5253,80,TACromwell
5254,67,BMcLachlin
5254,72,WICBinnie
5254,75,MDeschamps
5254,76,MJFish
5254,78,LCharron
5254,79,MRothstein
5254,80,TACromwell
5255,67,BMcLachlin
5255,72,WICBinnie
5255,75,MDeschamps
5255,76,MJFish
5255,78,LCharron
5255,79,MRothstein
5255,80,TACromwell
5256,67,BMcLachlin
5256,72,WICBinnie
5256,74,LLeBel
5256,75,MDeschamps
5256,76,MJFish
5256,77,RSAbella
5256,78,LCharron
5256,79,MRothstein
5256,80,TACromwell
5257,67,BMcLachlin
5257,72,WICBinnie
5257,74,LLeBel
5257,75,MDeschamps
5257,76,MJFish
5257,77,RSAbella
5257,78,LCharron
5257,79,MRothstein
5257,80,TACromwell
5258,67,BMcLachlin
5258,72,WICBinnie
5258,74,LLeBel
5258,75,MDeschamps
5258,76,MJFish
5258,77,RSAbella
5258,78,LCharron
5258,79,MRothstein
5258,80,TACromwell
5259,67,BMcLachlin
5259,72,WICBinnie
5259,74,LLeBel
5259,76,MJFish
5259,77,RSAbella
5259,78,LCharron
5259,79,MRothstein
5260,67,BMcLachlin
5260,72,WICBinnie
5260,74,LLeBel
5260,75,MDeschamps
5260,76,MJFish
5260,77,RSAbella
5260,78,LCharron
5260,79,MRothstein
5260,80,TACromwell
5261,67,BMcLachlin
5261,72,WICBinnie
5261,74,LLeBel
5261,75,MDeschamps
5261,76,MJFish
5261,77,RSAbella
5261,78,LCharron
5261,79,MRothstein
5261,80,TACromwell
5262,67,BMcLachlin
5262,72,WICBinnie
5262,74,LLeBel
5262,75,MDeschamps
5262,76,MJFish
5262,77,RSAbella
5262,78,LCharron
5262,79,MRothstein
5262,80,TACromwell
5263,67,BMcLachlin
5263,72,WICBinnie
5263,74,LLeBel
5263,75,MDeschamps
5263,76,MJFish
5263,77,RSAbella
5263,78,LCharron
5263,79,MRothstein
5263,80,TACromwell
5264,72,WICBinnie
5264,74,LLeBel
5264,75,MDeschamps
5264,76,MJFish
5264,78,LCharron
5264,79,MRothstein
5264,80,TACromwell
5265,67,BMcLachlin
5265,72,WICBinnie
5265,74,LLeBel
5265,76,MJFish
5265,78,LCharron
5265,79,MRothstein
5265,80,TACromwell
5266,67,BMcLachlin
5266,72,WICBinnie
5266,74,LLeBel
5266,75,MDeschamps
5266,76,MJFish
5266,77,RSAbella
5266,78,LCharron
5266,79,MRothstein
5266,80,TACromwell
5267,67,BMcLachlin
5267,72,WICBinnie
5267,74,LLeBel
5267,75,MDeschamps
5267,77,RSAbella
5267,79,MRothstein
5267,80,TACromwell
5268,67,BMcLachlin
5268,72,WICBinnie
5268,74,LLeBel
5268,75,MDeschamps
5268,76,MJFish
5268,77,RSAbella
5268,78,LCharron
5268,79,MRothstein
5268,80,TACromwell
5269,67,BMcLachlin
5269,72,WICBinnie
5269,75,MDeschamps
5269,76,MJFish
5269,77,RSAbella
5269,78,LCharron
5269,80,TACromwell
5270,72,WICBinnie
5270,77,RSAbella
5270,79,MRothstein
5271,74,LLeBel
5271,75,MDeschamps
5271,76,MJFish
5271,77,RSAbella
5271,78,LCharron
5271,79,MRothstein
5271,80,TACromwell
5272,67,BMcLachlin
5272,72,WICBinnie
5272,74,LLeBel
5272,75,MDeschamps
5272,76,MJFish
5272,77,RSAbella
5272,78,LCharron
5272,79,MRothstein
5272,80,TACromwell
5273,67,BMcLachlin
5273,72,WICBinnie
5273,74,LLeBel
5273,75,MDeschamps
5273,77,RSAbella
5273,79,MRothstein
5273,80,TACromwell
5274,67,BMcLachlin
5274,72,WICBinnie
5274,75,MDeschamps
5274,76,MJFish
5274,77,RSAbella
5274,79,MRothstein
5274,80,TACromwell
5275,67,BMcLachlin
5275,72,WICBinnie
5275,74,LLeBel
5275,75,MDeschamps
5275,76,MJFish
5275,77,RSAbella
5275,78,LCharron
5275,79,MRothstein
5275,80,TACromwell
5276,67,BMcLachlin
5276,72,WICBinnie
5276,75,MDeschamps
5276,76,MJFish
5276,78,LCharron
5276,79,MRothstein
5276,80,TACromwell
5277,67,BMcLachlin
5277,72,WICBinnie
5277,75,MDeschamps
5277,76,MJFish
5277,78,LCharron
5277,79,MRothstein
5277,80,TACromwell
5278,67,BMcLachlin
5278,72,WICBinnie
5278,74,LLeBel
5278,75,MDeschamps
5278,76,MJFish
5278,77,RSAbella
5278,78,LCharron
5278,79,MRothstein
5278,80,TACromwell
5279,67,BMcLachlin
5279,72,WICBinnie
5279,74,LLeBel
5279,75,MDeschamps
5279,76,MJFish
5279,77,RSAbella
5279,78,LCharron
5279,79,MRothstein
5279,80,TACromwell
5280,67,BMcLachlin
5280,72,WICBinnie
5280,74,LLeBel
5280,75,MDeschamps
5280,76,MJFish
5280,77,RSAbella
5280,78,LCharron
5280,79,MRothstein
5280,80,TACromwell
5281,67,BMcLachlin
5281,72,WICBinnie
5281,74,LLeBel
5281,75,MDeschamps
5281,76,MJFish
5281,77,RSAbella
5281,78,LCharron
5281,79,MRothstein
5281,80,TACromwell
5282,67,BMcLachlin
5282,72,WICBinnie
5282,74,LLeBel
5282,75,MDeschamps
5282,76,MJFish
5282,77,RSAbella
5282,78,LCharron
5282,79,MRothstein
5282,80,TACromwell
5283,67,BMcLachlin
5283,72,WICBinnie
5283,74,LLeBel
5283,75,MDeschamps
5283,76,MJFish
5283,77,RSAbella
5283,78,LCharron
5283,79,MRothstein
5283,80,TACromwell
5284,67,BMcLachlin
5284,72,WICBinnie
5284,74,LLeBel
5284,75,MDeschamps
5284,76,MJFish
5284,77,RSAbella
5284,78,LCharron
5284,79,MRothstein
5284,80,TACromwell
5285,75,MDeschamps
5285,76,MJFish
5285,77,RSAbella
5285,79,MRothstein
5285,80,TACromwell
5286,67,BMcLachlin
5286,72,WICBinnie
5286,74,LLeBel
5286,75,MDeschamps
5286,76,MJFish
5286,77,RSAbella
5286,78,LCharron
5286,79,MRothstein
5286,80,TACromwell
5287,67,BMcLachlin
5287,74,LLeBel
5287,76,MJFish
5287,79,MRothstein
5287,80,TACromwell
5288,67,BMcLachlin
5288,72,WICBinnie
5288,74,LLeBel
5288,75,MDeschamps
5288,76,MJFish
5288,77,RSAbella
5288,78,LCharron
5288,79,MRothstein
5288,80,TACromwell
5289,67,BMcLachlin
5289,72,WICBinnie
5289,74,LLeBel
5289,75,MDeschamps
5289,76,MJFish
5289,77,RSAbella
5289,78,LCharron
5289,79,MRothstein
5289,80,TACromwell
5290,67,BMcLachlin
5290,74,LLeBel
5290,75,MDeschamps
5290,77,RSAbella
5290,78,LCharron
5290,79,MRothstein
5290,80,TACromwell
5291,67,BMcLachlin
5291,72,WICBinnie
5291,74,LLeBel
5291,75,MDeschamps
5291,76,MJFish
5291,77,RSAbella
5291,78,LCharron
5291,79,MRothstein
5291,80,TACromwell
5292,67,BMcLachlin
5292,74,LLeBel
5292,75,MDeschamps
5292,76,MJFish
5292,77,RSAbella
5292,79,MRothstein
5292,80,TACromwell
5292,81,AKarakatsanis
5292,82,MJMoldaver
5293,67,BMcLachlin
5293,72,WICBinnie
5293,74,LLeBel
5293,75,MDeschamps
5293,77,RSAbella
5293,78,LCharron
5293,79,MRothstein
5294,67,BMcLachlin
5294,74,LLeBel
5294,75,MDeschamps
5294,76,MJFish
5294,77,RSAbella
5294,79,MRothstein
5294,80,TACromwell
5294,81,AKarakatsanis
5294,82,MJMoldaver
5295,67,BMcLachlin
5295,72,WICBinnie
5295,74,LLeBel
5295,75,MDeschamps
5295,76,MJFish
5295,77,RSAbella
5295,78,LCharron
5295,79,MRothstein
5295,80,TACromwell
5296,67,BMcLachlin
5296,74,LLeBel
5296,75,MDeschamps
5296,76,MJFish
5296,77,RSAbella
5296,79,MRothstein
5296,80,TACromwell
5297,67,BMcLachlin
5297,72,WICBinnie
5297,74,LLeBel
5297,75,MDeschamps
5297,76,MJFish
5297,77,RSAbella
5297,78,LCharron
5297,79,MRothstein
5297,80,TACromwell
5298,67,BMcLachlin
5298,72,WICBinnie
5298,74,LLeBel
5298,75,MDeschamps
5298,76,MJFish
5298,77,RSAbella
5298,78,LCharron
5298,79,MRothstein
5298,80,TACromwell
5299,67,BMcLachlin
5299,74,LLeBel
5299,75,MDeschamps
5299,76,MJFish
5299,77,RSAbella
5299,79,MRothstein
5299,80,TACromwell
5300,67,BMcLachlin
5300,72,WICBinnie
5300,74,LLeBel
5300,75,MDeschamps
5300,76,MJFish
5300,77,RSAbella
5300,78,LCharron
5300,79,MRothstein
5300,80,TACromwell
5301,67,BMcLachlin
5301,72,WICBinnie
5301,74,LLeBel
5301,75,MDeschamps
5301,77,RSAbella
5301,79,MRothstein
5301,80,TACromwell
5302,67,BMcLachlin
5302,72,WICBinnie
5302,74,LLeBel
5302,75,MDeschamps
5302,77,RSAbella
5302,79,MRothstein
5302,80,TACromwell
5303,67,BMcLachlin
5303,72,WICBinnie
5303,74,LLeBel
5303,75,MDeschamps
5303,76,MJFish
5303,77,RSAbella
5303,78,LCharron
5303,79,MRothstein
5303,80,TACromwell
5304,74,LLeBel
5304,75,MDeschamps
5304,77,RSAbella
5304,79,MRothstein
5304,80,TACromwell
5304,81,AKarakatsanis
5304,82,MJMoldaver
5305,67,BMcLachlin
5305,74,LLeBel
5305,75,MDeschamps
5305,76,MJFish
5305,77,RSAbella
5305,79,MRothstein
5305,80,TACromwell
5306,67,BMcLachlin
5306,72,WICBinnie
5306,74,LLeBel
5306,75,MDeschamps
5306,76,MJFish
5306,77,RSAbella
5306,78,LCharron
5306,79,MRothstein
5306,80,TACromwell
5307,67,BMcLachlin
5307,74,LLeBel
5307,75,MDeschamps
5307,76,MJFish
5307,77,RSAbella
5307,79,MRothstein
5307,80,TACromwell
5307,81,AKarakatsanis
5307,82,MJMoldaver
5308,67,BMcLachlin
5308,72,WICBinnie
5308,74,LLeBel
5308,75,MDeschamps
5308,76,MJFish
5308,77,RSAbella
5308,78,LCharron
5308,79,MRothstein
5308,80,TACromwell
5309,75,MDeschamps
5309,76,MJFish
5309,77,RSAbella
5309,79,MRothstein
5309,80,TACromwell
5309,81,AKarakatsanis
5309,82,MJMoldaver
5310,67,BMcLachlin
5310,72,WICBinnie
5310,74,LLeBel
5310,75,MDeschamps
5310,76,MJFish
5310,77,RSAbella
5310,78,LCharron
5310,79,MRothstein
5310,80,TACromwell
5311,67,BMcLachlin
5311,74,LLeBel
5311,75,MDeschamps
5311,76,MJFish
5311,77,RSAbella
5311,78,LCharron
5311,80,TACromwell
5312,67,BMcLachlin
5312,74,LLeBel
5312,76,MJFish
5312,79,MRothstein
5312,80,TACromwell
5312,81,AKarakatsanis
5312,82,MJMoldaver
5313,67,BMcLachlin
5313,74,LLeBel
5313,75,MDeschamps
5313,76,MJFish
5313,77,RSAbella
5313,79,MRothstein
5313,80,TACromwell
5314,67,BMcLachlin
5314,74,LLeBel
5314,75,MDeschamps
5314,76,MJFish
5314,77,RSAbella
5314,80,TACromwell
5314,82,MJMoldaver
5315,67,BMcLachlin
5315,72,WICBinnie
5315,74,LLeBel
5315,76,MJFish
5315,77,RSAbella
5315,79,MRothstein
5315,80,TACromwell
5316,67,BMcLachlin
5316,72,WICBinnie
5316,74,LLeBel
5316,75,MDeschamps
5316,76,MJFish
5316,77,RSAbella
5316,79,MRothstein
5317,74,LLeBel
5317,75,MDeschamps
5317,76,MJFish
5317,77,RSAbella
5317,79,MRothstein
5317,81,AKarakatsanis
5317,82,MJMoldaver
5318,67,BMcLachlin
5318,74,LLeBel
5318,76,MJFish
5318,77,RSAbella
5318,79,MRothstein
5318,81,AKarakatsanis
5318,82,MJMoldaver
5319,67,BMcLachlin
5319,74,LLeBel
5319,75,MDeschamps
5319,76,MJFish
5319,77,RSAbella
5319,79,MRothstein
5319,80,TACromwell
5319,81,AKarakatsanis
5319,82,MJMoldaver
5320,67,BMcLachlin
5320,72,WICBinnie
5320,74,LLeBel
5320,75,MDeschamps
5320,76,MJFish
5320,77,RSAbella
5320,78,LCharron
5320,79,MRothstein
5320,80,TACromwell
5321,67,BMcLachlin
5321,72,WICBinnie
5321,74,LLeBel
5321,75,MDeschamps
5321,76,MJFish
5321,77,RSAbella
5321,78,LCharron
5321,79,MRothstein
5321,80,TACromwell
5322,67,BMcLachlin
5322,72,WICBinnie
5322,74,LLeBel
5322,75,MDeschamps
5322,76,MJFish
5322,77,RSAbella
5322,78,LCharron
5322,79,MRothstein
5322,80,TACromwell
5323,67,BMcLachlin
5323,74,LLeBel
5323,75,MDeschamps
5323,79,MRothstein
5323,80,TACromwell
5323,81,AKarakatsanis
5323,82,MJMoldaver
5324,67,BMcLachlin
5324,74,LLeBel
5324,75,MDeschamps
5324,76,MJFish
5324,77,RSAbella
5324,79,MRothstein
5324,80,TACromwell
5324,81,AKarakatsanis
5324,82,MJMoldaver
5325,74,LLeBel
5325,75,MDeschamps
5325,76,MJFish
5325,77,RSAbella
5325,80,TACromwell
5325,81,AKarakatsanis
5325,82,MJMoldaver
5326,67,BMcLachlin
5326,74,LLeBel
5326,75,MDeschamps
5326,76,MJFish
5326,77,RSAbella
5326,79,MRothstein
5326,80,TACromwell
5326,81,AKarakatsanis
5326,82,MJMoldaver
5327,74,LLeBel
5327,76,MJFish
5327,77,RSAbella
5327,79,MRothstein
5327,80,TACromwell
5327,81,AKarakatsanis
5327,82,MJMoldaver
5328,67,BMcLachlin
5328,74,LLeBel
5328,75,MDeschamps
5328,76,MJFish
5328,77,RSAbella
5328,79,MRothstein
5328,80,TACromwell
5329,67,BMcLachlin
5329,75,MDeschamps
5329,77,RSAbella
5329,79,MRothstein
5329,80,TACromwell
5329,81,AKarakatsanis
5329,82,MJMoldaver
5330,67,BMcLachlin
5330,74,LLeBel
5330,75,MDeschamps
5330,76,MJFish
5330,77,RSAbella
5330,79,MRothstein
5330,80,TACromwell
5330,81,AKarakatsanis
5330,82,MJMoldaver
5331,67,BMcLachlin
5331,74,LLeBel
5331,75,MDeschamps
5331,76,MJFish
5331,77,RSAbella
5331,79,MRothstein
5331,80,TACromwell
5331,81,AKarakatsanis
5331,82,MJMoldaver
5332,67,BMcLachlin
5332,74,LLeBel
5332,75,MDeschamps
5332,76,MJFish
5332,77,RSAbella
5332,80,TACromwell
5332,81,AKarakatsanis
5333,74,LLeBel
5333,75,MDeschamps
5333,76,MJFish
5333,77,RSAbella
5333,80,TACromwell
5333,81,AKarakatsanis
5333,82,MJMoldaver
5334,67,BMcLachlin
5334,74,LLeBel
5334,75,MDeschamps
5334,76,MJFish
5334,77,RSAbella
5334,79,MRothstein
5334,80,TACromwell
5334,81,AKarakatsanis
5334,82,MJMoldaver
5335,67,BMcLachlin
5335,74,LLeBel
5335,75,MDeschamps
5335,76,MJFish
5335,79,MRothstein
5335,80,TACromwell
5335,82,MJMoldaver
5336,67,BMcLachlin
5336,74,LLeBel
5336,75,MDeschamps
5336,76,MJFish
5336,77,RSAbella
5336,79,MRothstein
5336,80,TACromwell
5336,81,AKarakatsanis
5336,82,MJMoldaver
5337,67,BMcLachlin
5337,74,LLeBel
5337,75,MDeschamps
5337,76,MJFish
5337,77,RSAbella
5337,79,MRothstein
5337,80,TACromwell
5337,81,AKarakatsanis
5337,82,MJMoldaver
5338,67,BMcLachlin
5338,74,LLeBel
5338,75,MDeschamps
5338,76,MJFish
5338,77,RSAbella
5338,79,MRothstein
5338,80,TACromwell
5338,81,AKarakatsanis
5338,82,MJMoldaver
5339,67,BMcLachlin
5339,74,LLeBel
5339,75,MDeschamps
5339,76,MJFish
5339,77,RSAbella
5339,79,MRothstein
5339,80,TACromwell
5339,81,AKarakatsanis
5339,82,MJMoldaver
5340,67,BMcLachlin
5340,75,MDeschamps
5340,76,MJFish
5340,79,MRothstein
5340,80,TACromwell
5340,81,AKarakatsanis
5340,82,MJMoldaver
5341,67,BMcLachlin
5341,74,LLeBel
5341,75,MDeschamps
5341,76,MJFish
5341,79,MRothstein
5341,80,TACromwell
5341,82,MJMoldaver
5342,67,BMcLachlin
5342,75,MDeschamps
5342,76,MJFish
5342,79,MRothstein
5342,80,TACromwell
5342,81,AKarakatsanis
5342,82,MJMoldaver
5343,67,BMcLachlin
5343,75,MDeschamps
5343,76,MJFish
5343,77,RSAbella
5343,79,MRothstein
5343,81,AKarakatsanis
5343,82,MJMoldaver
5344,74,LLeBel
5344,75,MDeschamps
5344,77,RSAbella
5344,79,MRothstein
5344,80,TACromwell
5344,81,AKarakatsanis
5344,82,MJMoldaver
5345,67,BMcLachlin
5345,74,LLeBel
5345,75,MDeschamps
5345,76,MJFish
5345,77,RSAbella
5345,81,AKarakatsanis
5345,82,MJMoldaver
5346,67,BMcLachlin
5346,74,LLeBel
5346,75,MDeschamps
5346,76,MJFish
5346,77,RSAbella
5346,79,MRothstein
5346,80,TACromwell
5346,81,AKarakatsanis
5346,82,MJMoldaver
5347,67,BMcLachlin
5347,74,LLeBel
5347,75,MDeschamps
5347,76,MJFish
5347,77,RSAbella
5347,79,MRothstein
5347,81,AKarakatsanis
5348,67,BMcLachlin
5348,74,LLeBel
5348,75,MDeschamps
5348,76,MJFish
5348,77,RSAbella
5348,79,MRothstein
5348,80,TACromwell
5348,81,AKarakatsanis
5348,82,MJMoldaver
5349,67,BMcLachlin
5349,74,LLeBel
5349,75,MDeschamps
5349,76,MJFish
5349,77,RSAbella
5349,79,MRothstein
5349,80,TACromwell
5349,81,AKarakatsanis
5349,82,MJMoldaver
5350,67,BMcLachlin
5350,74,LLeBel
5350,75,MDeschamps
5350,76,MJFish
5350,77,RSAbella
5350,79,MRothstein
5350,80,TACromwell
5350,81,AKarakatsanis
5350,82,MJMoldaver
5351,67,BMcLachlin
5351,74,LLeBel
5351,76,MJFish
5351,77,RSAbella
5351,79,MRothstein
5351,80,TACromwell
5351,82,MJMoldaver
5352,67,BMcLachlin
5352,74,LLeBel
5352,75,MDeschamps
5352,77,RSAbella
5352,79,MRothstein
5352,80,TACromwell
5352,81,AKarakatsanis
5353,67,BMcLachlin
5353,75,MDeschamps
5353,77,RSAbella
5353,79,MRothstein
5353,80,TACromwell
5353,81,AKarakatsanis
5353,82,MJMoldaver
5354,67,BMcLachlin
5354,74,LLeBel
5354,76,MJFish
5354,77,RSAbella
5354,79,MRothstein
5354,80,TACromwell
5354,82,MJMoldaver
5355,74,LLeBel
5355,76,MJFish
5355,79,MRothstein
5355,80,TACromwell
5355,81,AKarakatsanis
5356,67,BMcLachlin
5356,74,LLeBel
5356,75,MDeschamps
5356,76,MJFish
5356,77,RSAbella
5356,79,MRothstein
5356,82,MJMoldaver
5357,74,LLeBel
5357,75,MDeschamps
5357,76,MJFish
5357,77,RSAbella
5357,80,TACromwell
5357,81,AKarakatsanis
5357,82,MJMoldaver
5358,67,BMcLachlin
5358,74,LLeBel
5358,75,MDeschamps
5358,76,MJFish
5358,77,RSAbella
5358,79,MRothstein
5358,80,TACromwell
5359,67,BMcLachlin
5359,74,LLeBel
5359,75,MDeschamps
5359,76,MJFish
5359,77,RSAbella
5359,79,MRothstein
5359,80,TACromwell
5360,67,BMcLachlin
5360,74,LLeBel
5360,75,MDeschamps
5360,76,MJFish
5360,77,RSAbella
5360,79,MRothstein
5360,80,TACromwell
5360,81,AKarakatsanis
5360,82,MJMoldaver
5361,67,BMcLachlin
5361,74,LLeBel
5361,75,MDeschamps
5361,77,RSAbella
5361,79,MRothstein
5361,80,TACromwell
5361,82,MJMoldaver
5362,67,BMcLachlin
5362,74,LLeBel
5362,75,MDeschamps
5362,76,MJFish
5362,77,RSAbella
5362,79,MRothstein
5362,80,TACromwell
5362,81,AKarakatsanis
5362,82,MJMoldaver
5363,67,BMcLachlin
5363,76,MJFish
5363,77,RSAbella
5363,79,MRothstein
5363,81,AKarakatsanis
5363,82,MJMoldaver
5363,83,RWagner
5364,74,LLeBel
5364,76,MJFish
5364,79,MRothstein
5364,80,TACromwell
5364,81,AKarakatsanis
5364,82,MJMoldaver
5364,83,RWagner
5365,67,BMcLachlin
5365,74,LLeBel
5365,77,RSAbella
5365,79,MRothstein
5365,80,TACromwell
5365,81,AKarakatsanis
5365,82,MJMoldaver
5366,67,BMcLachlin
5366,74,LLeBel
5366,77,RSAbella
5366,79,MRothstein
5366,80,TACromwell
5366,81,AKarakatsanis
5366,82,MJMoldaver
5367,74,LLeBel
5367,75,MDeschamps
5367,76,MJFish
5367,77,RSAbella
5367,79,MRothstein
5367,81,AKarakatsanis
5367,82,MJMoldaver
5368,67,BMcLachlin
5368,74,LLeBel
5368,75,MDeschamps
5368,76,MJFish
5368,77,RSAbella
5368,79,MRothstein
5368,80,TACromwell
5368,81,AKarakatsanis
5368,82,MJMoldaver
5369,67,BMcLachlin
5369,74,LLeBel
5369,75,MDeschamps
5369,76,MJFish
5369,77,RSAbella
5369,79,MRothstein
5369,80,TACromwell
5369,81,AKarakatsanis
5369,82,MJMoldaver
5370,67,BMcLachlin
5370,74,LLeBel
5370,76,MJFish
5370,77,RSAbella
5370,79,MRothstein
5370,80,TACromwell
5370,81,AKarakatsanis
5371,67,BMcLachlin
5371,74,LLeBel
5371,76,MJFish
5371,77,RSAbella
5371,79,MRothstein
5371,80,TACromwell
5371,81,AKarakatsanis
5372,67,BMcLachlin
5372,74,LLeBel
5372,75,MDeschamps
5372,76,MJFish
5372,77,RSAbella
5372,79,MRothstein
5372,80,TACromwell
5372,81,AKarakatsanis
5372,82,MJMoldaver
5373,67,BMcLachlin
5373,74,LLeBel
5373,75,MDeschamps
5373,76,MJFish
5373,77,RSAbella
5373,79,MRothstein
5373,80,TACromwell
5374,67,BMcLachlin
5374,74,LLeBel
5374,75,MDeschamps
5374,76,MJFish
5374,77,RSAbella
5374,79,MRothstein
5374,80,TACromwell
5374,81,AKarakatsanis
5374,82,MJMoldaver
5375,67,BMcLachlin
5375,74,LLeBel
5375,75,MDeschamps
5375,76,MJFish
5375,77,RSAbella
5375,79,MRothstein
5375,80,TACromwell
5375,81,AKarakatsanis
5375,82,MJMoldaver
5376,67,BMcLachlin
5376,74,LLeBel
5376,75,MDeschamps
5376,76,MJFish
5376,77,RSAbella
5376,79,MRothstein
5376,80,TACromwell
5376,81,AKarakatsanis
5376,82,MJMoldaver
5377,67,BMcLachlin
5377,76,MJFish
5377,77,RSAbella
5377,79,MRothstein
5377,80,TACromwell
5377,82,MJMoldaver
5377,83,RWagner
5378,67,BMcLachlin
5378,74,LLeBel
5378,76,MJFish
5378,77,RSAbella
5378,80,TACromwell
5378,82,MJMoldaver
5378,83,RWagner
5379,67,BMcLachlin
5379,74,LLeBel
5379,75,MDeschamps
5379,76,MJFish
5379,77,RSAbella
5379,79,MRothstein
5379,80,TACromwell
5379,81,AKarakatsanis
5379,82,MJMoldaver
5380,67,BMcLachlin
5380,76,MJFish
5380,77,RSAbella
5380,79,MRothstein
5380,81,AKarakatsanis
5380,82,MJMoldaver
5380,83,RWagner
5381,67,BMcLachlin
5381,74,LLeBel
5381,75,MDeschamps
5381,76,MJFish
5381,77,RSAbella
5381,79,MRothstein
5381,80,TACromwell
5381,81,AKarakatsanis
5381,82,MJMoldaver
5382,67,BMcLachlin
5382,74,LLeBel
5382,75,MDeschamps
5382,77,RSAbella
5382,79,MRothstein
5382,80,TACromwell
5382,82,MJMoldaver
5383,67,BMcLachlin
5383,74,LLeBel
5383,76,MJFish
5383,77,RSAbella
5383,79,MRothstein
5383,80,TACromwell
5383,81,AKarakatsanis
5383,82,MJMoldaver
5383,83,RWagner
5384,67,BMcLachlin
5384,76,MJFish
5384,77,RSAbella
5384,79,MRothstein
5384,82,MJMoldaver
5385,76,MJFish
5385,77,RSAbella
5385,79,MRothstein
5385,80,TACromwell
5385,82,MJMoldaver
5386,67,BMcLachlin
5386,74,LLeBel
5386,75,MDeschamps
5386,76,MJFish
5386,77,RSAbella
5386,79,MRothstein
5386,80,TACromwell
5386,81,AKarakatsanis
5386,82,MJMoldaver
5387,67,BMcLachlin
5387,74,LLeBel
5387,75,MDeschamps
5387,76,MJFish
5387,77,RSAbella
5387,79,MRothstein
5387,80,TACromwell
5388,67,BMcLachlin
5388,74,LLeBel
5388,76,MJFish
5388,79,MRothstein
5388,80,TACromwell
5388,81,AKarakatsanis
5388,82,MJMoldaver
5389,67,BMcLachlin
5389,74,LLeBel
5389,76,MJFish
5389,77,RSAbella
5389,79,MRothstein
5389,80,TACromwell
5389,81,AKarakatsanis
5389,82,MJMoldaver
5389,83,RWagner
5390,67,BMcLachlin
5390,74,LLeBel
5390,75,MDeschamps
5390,76,MJFish
5390,77,RSAbella
5390,79,MRothstein
5390,80,TACromwell
5390,81,AKarakatsanis
5390,82,MJMoldaver
5391,74,LLeBel
5391,76,MJFish
5391,77,RSAbella
5391,79,MRothstein
5391,81,AKarakatsanis
5391,82,MJMoldaver
5391,83,RWagner
5392,67,BMcLachlin
5392,74,LLeBel
5392,76,MJFish
5392,77,RSAbella
5392,80,TACromwell
5392,81,AKarakatsanis
5392,82,MJMoldaver
5393,67,BMcLachlin
5393,74,LLeBel
5393,76,MJFish
5393,77,RSAbella
5393,79,MRothstein
5393,82,MJMoldaver
5393,83,RWagner
5394,67,BMcLachlin
5394,74,LLeBel
5394,79,MRothstein
5394,80,TACromwell
5394,81,AKarakatsanis
5394,82,MJMoldaver
5394,83,RWagner
5395,67,BMcLachlin
5395,74,LLeBel
5395,76,MJFish
5395,77,RSAbella
5395,79,MRothstein
5395,80,TACromwell
5395,81,AKarakatsanis
5396,74,LLeBel
5396,76,MJFish
5396,79,MRothstein
5396,80,TACromwell
5396,82,MJMoldaver
5397,74,LLeBel
5397,76,MJFish
5397,77,RSAbella
5397,79,MRothstein
5397,80,TACromwell
5397,81,AKarakatsanis
5397,82,MJMoldaver
5398,67,BMcLachlin
5398,74,LLeBel
5398,76,MJFish
5398,79,MRothstein
5398,80,TACromwell
5398,81,AKarakatsanis
5398,82,MJMoldaver
5399,67,BMcLachlin
5399,74,LLeBel
5399,76,MJFish
5399,77,RSAbella
5399,79,MRothstein
5399,81,AKarakatsanis
5399,82,MJMoldaver
5400,67,BMcLachlin
5400,76,MJFish
5400,77,RSAbella
5400,81,AKarakatsanis
5400,82,MJMoldaver
5401,67,BMcLachlin
5401,74,LLeBel
5401,76,MJFish
5401,77,RSAbella
5401,79,MRothstein
5401,80,TACromwell
5401,81,AKarakatsanis
5402,67,BMcLachlin
5402,74,LLeBel
5402,76,MJFish
5402,77,RSAbella
5402,79,MRothstein
5402,80,TACromwell
5402,81,AKarakatsanis
5402,82,MJMoldaver
5402,83,RWagner
5403,74,LLeBel
5403,76,MJFish
5403,81,AKarakatsanis
5403,82,MJMoldaver
5403,83,RWagner
5404,67,BMcLachlin
5404,76,MJFish
5404,77,RSAbella
5404,79,MRothstein
5404,80,TACromwell
5404,81,AKarakatsanis
5404,82,MJMoldaver
5405,67,BMcLachlin
5405,74,LLeBel
5405,76,MJFish
5405,77,RSAbella
5405,79,MRothstein
5405,80,TACromwell
5405,81,AKarakatsanis
5405,82,MJMoldaver
5405,83,RWagner
5406,67,BMcLachlin
5406,74,LLeBel
5406,76,MJFish
5406,77,RSAbella
5406,79,MRothstein
5406,80,TACromwell
5406,81,AKarakatsanis
5406,82,MJMoldaver
5406,83,RWagner
5407,67,BMcLachlin
5407,74,LLeBel
5407,76,MJFish
5407,77,RSAbella
5407,79,MRothstein
5407,80,TACromwell
5407,81,AKarakatsanis
5407,82,MJMoldaver
5407,83,RWagner
5408,74,LLeBel
5408,76,MJFish
5408,77,RSAbella
5408,79,MRothstein
5408,81,AKarakatsanis
5408,82,MJMoldaver
5408,83,RWagner
5409,67,BMcLachlin
5409,74,LLeBel
5409,77,RSAbella
5409,79,MRothstein
5409,80,TACromwell
5409,81,AKarakatsanis
5409,83,RWagner
5410,67,BMcLachlin
5410,74,LLeBel
5410,76,MJFish
5410,77,RSAbella
5410,79,MRothstein
5410,80,TACromwell
5410,81,AKarakatsanis
5410,82,MJMoldaver
5410,83,RWagner
5411,67,BMcLachlin
5411,74,LLeBel
5411,76,MJFish
5411,77,RSAbella
5411,79,MRothstein
5411,80,TACromwell
5411,81,AKarakatsanis
5411,82,MJMoldaver
5411,83,RWagner
5412,67,BMcLachlin
5412,74,LLeBel
5412,76,MJFish
5412,77,RSAbella
5412,79,MRothstein
5412,81,AKarakatsanis
5412,82,MJMoldaver
5413,67,BMcLachlin
5413,74,LLeBel
5413,77,RSAbella
5413,80,TACromwell
5413,81,AKarakatsanis
5413,82,MJMoldaver
5413,83,RWagner
5414,76,MJFish
5414,79,MRothstein
5414,80,TACromwell
5414,81,AKarakatsanis
5414,82,MJMoldaver
5415,67,BMcLachlin
5415,74,LLeBel
5415,76,MJFish
5415,77,RSAbella
5415,79,MRothstein
5415,80,TACromwell
5415,81,AKarakatsanis
5415,82,MJMoldaver
5415,83,RWagner
5416,67,BMcLachlin
5416,74,LLeBel
5416,76,MJFish
5416,77,RSAbella
5416,79,MRothstein
5416,80,TACromwell
5416,81,AKarakatsanis
5416,82,MJMoldaver
5416,83,RWagner
5417,67,BMcLachlin
5417,76,MJFish
5417,77,RSAbella
5417,79,MRothstein
5417,80,TACromwell
5417,81,AKarakatsanis
5417,83,RWagner
5418,67,BMcLachlin
5418,74,LLeBel
5418,77,RSAbella
5418,79,MRothstein
5418,81,AKarakatsanis
5418,82,MJMoldaver
5418,83,RWagner
5460,67,BMcLachlin
5460,74,LLeBel
5460,76,MJFish
5460,77,RSAbella
5460,79,MRothstein
5460,80,TACromwell
5460,81,AKarakatsanis
5460,82,MJMoldaver
5460,83,RWagner
5461,67,BMcLachlin
5461,74,LLeBel
5461,76,MJFish
5461,77,RSAbella
5461,79,MRothstein
5461,80,TACromwell
5461,81,AKarakatsanis
5461,82,MJMoldaver
5461,83,RWagner
5462,67,BMcLachlin
5462,74,LLeBel
5462,76,MJFish
5462,79,MRothstein
5462,80,TACromwell
5462,81,AKarakatsanis
5462,83,RWagner
5463,67,BMcLachlin
5463,76,MJFish
5463,77,RSAbella
5463,79,MRothstein
5463,80,TACromwell
5463,81,AKarakatsanis
5463,83,RWagner
5464,67,BMcLachlin
5464,74,LLeBel
5464,76,MJFish
5464,77,RSAbella
5464,79,MRothstein
5464,80,TACromwell
5464,81,AKarakatsanis
5464,82,MJMoldaver
5464,83,RWagner
5469,67,BMcLachlin
5469,74,LLeBel
5469,79,MRothstein
5469,80,TACromwell
5469,81,AKarakatsanis
5469,82,MJMoldaver
5469,83,RWagner
5470,67,BMcLachlin
5470,74,LLeBel
5470,76,MJFish
5470,77,RSAbella
5470,79,MRothstein
5470,80,TACromwell
5470,81,AKarakatsanis
5470,82,MJMoldaver
5470,83,RWagner
5471,67,BMcLachlin
5471,74,LLeBel
5471,76,MJFish
5471,77,RSAbella
5471,79,MRothstein
5471,80,TACromwell
5471,81,AKarakatsanis
5471,82,MJMoldaver
5471,83,RWagner
5472,74,LLeBel
5472,76,MJFish
5472,79,MRothstein
5472,80,TACromwell
5472,81,AKarakatsanis
5472,82,MJMoldaver
5472,83,RWagner
5473,67,BMcLachlin
5473,74,LLeBel
5473,77,RSAbella
5473,79,MRothstein
5473,80,TACromwell
5473,81,AKarakatsanis
5473,83,RWagner
5474,67,BMcLachlin
5474,74,LLeBel
5474,79,MRothstein
5474,80,TACromwell
5474,81,AKarakatsanis
5474,82,MJMoldaver
5474,83,RWagner
5475,67,BMcLachlin
5475,74,LLeBel
5475,76,MJFish
5475,77,RSAbella
5475,79,MRothstein
5475,80,TACromwell
5475,81,AKarakatsanis
5476,67,BMcLachlin
5476,76,MJFish
5476,77,RSAbella
5476,79,MRothstein
5476,80,TACromwell
5476,82,MJMoldaver
5476,83,RWagner
5477,67,BMcLachlin
5477,76,MJFish
5477,77,RSAbella
5477,79,MRothstein
5477,80,TACromwell
5477,82,MJMoldaver
5477,83,RWagner
5478,67,BMcLachlin
5478,74,LLeBel
5478,76,MJFish
5478,77,RSAbella
5478,79,MRothstein
5478,80,TACromwell
5478,81,AKarakatsanis
5478,82,MJMoldaver
5478,83,RWagner
5479,67,BMcLachlin
5479,74,LLeBel
5479,76,MJFish
5479,77,RSAbella
5479,79,MRothstein
5479,80,TACromwell
5479,81,AKarakatsanis
5479,82,MJMoldaver
5479,83,RWagner
5480,67,BMcLachlin
5480,74,LLeBel
5480,76,MJFish
5480,77,RSAbella
5480,79,MRothstein
5480,80,TACromwell
5480,81,AKarakatsanis
5480,82,MJMoldaver
5480,83,RWagner
5481,67,BMcLachlin
5481,74,LLeBel
5481,76,MJFish
5481,77,RSAbella
5481,79,MRothstein
5481,80,TACromwell
5481,81,AKarakatsanis
5481,82,MJMoldaver
5481,83,RWagner
5482,67,BMcLachlin
5482,74,LLeBel
5482,76,MJFish
5482,77,RSAbella
5482,79,MRothstein
5482,80,TACromwell
5482,83,RWagner
5483,77,RSAbella
5483,81,AKarakatsanis
5483,82,MJMoldaver
5483,83,RWagner
5483,84,CGascon
5483,85,SCôté
5483,86,RBrown
5483,87,MRowe
5483,88,SMartin
5484,77,RSAbella
5484,81,AKarakatsanis
5484,82,MJMoldaver
5484,83,RWagner
5484,84,CGascon
5484,85,SCôté
5484,86,RBrown
5484,87,MRowe
5484,88,SMartin
5485,77,RSAbella
5485,81,AKarakatsanis
5485,82,MJMoldaver
5485,83,RWagner
5485,85,SCôté
5485,87,MRowe
5485,88,SMartin
5486,67,BMcLachlin
5486,74,LLeBel
5486,76,MJFish
5486,77,RSAbella
5486,79,MRothstein
5486,80,TACromwell
5486,81,AKarakatsanis
5486,82,MJMoldaver
5486,83,RWagner
5487,82,MJMoldaver
5487,84,CGascon
5487,86,RBrown
5487,87,MRowe
5487,88,SMartin
5488,74,LLeBel
5488,77,RSAbella
5488,79,MRothstein
5488,81,AKarakatsanis
5488,82,MJMoldaver
5489,77,RSAbella
5489,81,AKarakatsanis
5489,82,MJMoldaver
5489,85,SCôté
5489,87,MRowe
5490,77,RSAbella
5490,81,AKarakatsanis
5490,82,MJMoldaver
5490,83,RWagner
5490,84,CGascon
5490,85,SCôté
5490,86,RBrown
5490,87,MRowe
5490,88,SMartin
5491,74,LLeBel
5491,77,RSAbella
5491,79,MRothstein
5491,80,TACromwell
5491,81,AKarakatsanis
5491,82,MJMoldaver
5491,83,RWagner
5492,67,BMcLachlin
5492,74,LLeBel
5492,77,RSAbella
5492,79,MRothstein
5492,80,TACromwell
5492,81,AKarakatsanis
5492,82,MJMoldaver
5492,83,RWagner
5493,67,BMcLachlin
5493,74,LLeBel
5493,76,MJFish
5493,77,RSAbella
5493,79,MRothstein
5493,80,TACromwell
5493,81,AKarakatsanis
5493,82,MJMoldaver
5493,83,RWagner
5494,67,BMcLachlin
5494,74,LLeBel
5494,77,RSAbella
5494,79,MRothstein
5494,80,TACromwell
5494,82,MJMoldaver
5494,83,RWagner
5495,67,BMcLachlin
5495,74,LLeBel
5495,76,MJFish
5495,77,RSAbella
5495,79,MRothstein
5495,80,TACromwell
5495,81,AKarakatsanis
5496,67,BMcLachlin
5496,74,LLeBel
5496,76,MJFish
5496,77,RSAbella
5496,79,MRothstein
5496,80,TACromwell
5496,81,AKarakatsanis
5496,82,MJMoldaver
5496,83,RWagner
5497,74,LLeBel
5497,76,MJFish
5497,79,MRothstein
5497,80,TACromwell
5497,81,AKarakatsanis
5497,82,MJMoldaver
5497,83,RWagner
5498,67,BMcLachlin
5498,77,RSAbella
5498,80,TACromwell
5498,81,AKarakatsanis
5498,82,MJMoldaver
5498,83,RWagner
5498,84,CGascon
5498,85,SCôté
5498,86,RBrown
5499,67,BMcLachlin
5499,77,RSAbella
5499,80,TACromwell
5499,81,AKarakatsanis
5499,82,MJMoldaver
5499,83,RWagner
5499,84,CGascon
5499,85,SCôté
5499,86,RBrown
5500,67,BMcLachlin
5500,77,RSAbella
5500,80,TACromwell
5500,81,AKarakatsanis
5500,83,RWagner
5500,84,CGascon
5500,85,SCôté
5501,67,BMcLachlin
5501,77,RSAbella
5501,80,TACromwell
5501,81,AKarakatsanis
5501,83,RWagner
5501,84,CGascon
5501,85,SCôté
5502,74,LLeBel
5502,76,MJFish
5502,77,RSAbella
5502,80,TACromwell
5502,81,AKarakatsanis
5502,82,MJMoldaver
5502,83,RWagner
5503,67,BMcLachlin
5503,80,TACromwell
5503,81,AKarakatsanis
5503,82,MJMoldaver
5503,83,RWagner
5503,85,SCôté
5503,86,RBrown
5504,67,BMcLachlin
5504,74,LLeBel
5504,79,MRothstein
5504,80,TACromwell
5504,81,AKarakatsanis
5504,82,MJMoldaver
5504,83,RWagner
5505,67,BMcLachlin
5505,74,LLeBel
5505,76,MJFish
5505,77,RSAbella
5505,79,MRothstein
5505,80,TACromwell
5505,81,AKarakatsanis
5505,82,MJMoldaver
5505,83,RWagner
5506,67,BMcLachlin
5506,74,LLeBel
5506,76,MJFish
5506,77,RSAbella
5506,79,MRothstein
5506,80,TACromwell
5506,81,AKarakatsanis
5506,82,MJMoldaver
5506,83,RWagner
5507,67,BMcLachlin
5507,77,RSAbella
5507,80,TACromwell
5507,81,AKarakatsanis
5507,82,MJMoldaver
5507,83,RWagner
5507,84,CGascon
5507,85,SCôté
5507,86,RBrown
5508,67,BMcLachlin
5508,77,RSAbella
5508,80,TACromwell
5508,81,AKarakatsanis
5508,82,MJMoldaver
5508,83,RWagner
5508,84,CGascon
5508,85,SCôté
5508,86,RBrown
5509,77,RSAbella
5509,82,MJMoldaver
5509,83,RWagner
5509,85,SCôté
5509,86,RBrown
5510,77,RSAbella
5510,81,AKarakatsanis
5510,82,MJMoldaver
5510,83,RWagner
5510,85,SCôté
5510,86,RBrown
5510,87,MRowe
5510,88,SMartin
5510,89,NKasirer
5511,77,RSAbella
5511,81,AKarakatsanis
5511,82,MJMoldaver
5511,83,RWagner
5511,85,SCôté
5511,86,RBrown
5511,87,MRowe
5511,88,SMartin
5511,89,NKasirer
5512,77,RSAbella
5512,81,AKarakatsanis
5512,82,MJMoldaver
5512,83,RWagner
5512,85,SCôté
5512,86,RBrown
5512,87,MRowe
5512,88,SMartin
5512,89,NKasirer
5513,67,BMcLachlin
5513,74,LLeBel
5513,77,RSAbella
5513,79,MRothstein
5513,80,TACromwell
5513,81,AKarakatsanis
5513,83,RWagner
5514,67,BMcLachlin
5514,74,LLeBel
5514,76,MJFish
5514,77,RSAbella
5514,79,MRothstein
5514,80,TACromwell
5514,81,AKarakatsanis
5514,82,MJMoldaver
5514,83,RWagner
5515,67,BMcLachlin
5515,74,LLeBel
5515,76,MJFish
5515,77,RSAbella
5515,79,MRothstein
5515,80,TACromwell
5515,82,MJMoldaver
5516,82,MJMoldaver
5516,83,RWagner
5516,85,SCôté
5516,86,RBrown
5516,87,MRowe
5516,88,SMartin
5516,89,NKasirer
5517,77,RSAbella
5517,81,AKarakatsanis
5517,82,MJMoldaver
5517,83,RWagner
5517,85,SCôté
5517,87,MRowe
5517,89,NKasirer
5518,77,RSAbella
5518,81,AKarakatsanis
5518,82,MJMoldaver
5518,83,RWagner
5518,84,CGascon
5518,85,SCôté
5518,86,RBrown
5518,87,MRowe
5518,88,SMartin
5519,67,BMcLachlin
5519,74,LLeBel
5519,77,RSAbella
5519,79,MRothstein
5519,80,TACromwell
5519,81,AKarakatsanis
5519,83,RWagner
5520,67,BMcLachlin
5520,74,LLeBel
5520,77,RSAbella
5520,79,MRothstein
5520,80,TACromwell
5520,81,AKarakatsanis
5520,83,RWagner
5521,77,RSAbella
5521,79,MRothstein
5521,81,AKarakatsanis
5521,82,MJMoldaver
5521,83,RWagner
5522,67,BMcLachlin
5522,79,MRothstein
5522,80,TACromwell
5522,81,AKarakatsanis
5522,83,RWagner
5523,67,BMcLachlin
5523,74,LLeBel
5523,77,RSAbella
5523,79,MRothstein
5523,80,TACromwell
5523,81,AKarakatsanis
5523,83,RWagner
5524,67,BMcLachlin
5524,77,RSAbella
5524,81,AKarakatsanis
5524,82,MJMoldaver
5524,83,RWagner
5524,84,CGascon
5524,85,SCôté
5524,86,RBrown
5524,87,MRowe
5525,74,LLeBel
5525,77,RSAbella
5525,79,MRothstein
5525,80,TACromwell
5525,81,AKarakatsanis
5525,82,MJMoldaver
5525,83,RWagner
5526,67,BMcLachlin
5526,74,LLeBel
5526,77,RSAbella
5526,79,MRothstein
5526,80,TACromwell
5526,82,MJMoldaver
5526,83,RWagner
5527,67,BMcLachlin
5527,74,LLeBel
5527,76,MJFish
5527,77,RSAbella
5527,79,MRothstein
5527,82,MJMoldaver
5527,83,RWagner
5528,74,LLeBel
5528,79,MRothstein
5528,81,AKarakatsanis
5528,82,MJMoldaver
5528,83,RWagner
5529,74,LLeBel
5529,79,MRothstein
5529,81,AKarakatsanis
5529,82,MJMoldaver
5529,83,RWagner
5530,67,BMcLachlin
5530,74,LLeBel
5530,77,RSAbella
5530,79,MRothstein
5530,80,TACromwell
5530,81,AKarakatsanis
5530,82,MJMoldaver
5531,77,RSAbella
5531,81,AKarakatsanis
5531,82,MJMoldaver
5531,83,RWagner
5531,84,CGascon
5531,85,SCôté
5531,86,RBrown
5531,87,MRowe
5531,88,SMartin
5532,74,LLeBel
5532,77,RSAbella
5532,79,MRothstein
5532,80,TACromwell
5532,81,AKarakatsanis
5532,82,MJMoldaver
5532,83,RWagner
5533,67,BMcLachlin
5533,80,TACromwell
5533,81,AKarakatsanis
5533,82,MJMoldaver
5533,83,RWagner
5533,84,CGascon
5533,85,SCôté
5534,77,RSAbella
5534,81,AKarakatsanis
5534,82,MJMoldaver
5534,83,RWagner
5534,85,SCôté
5534,86,RBrown
5534,87,MRowe
5534,88,SMartin
5534,89,NKasirer
5535,67,BMcLachlin
5535,74,LLeBel
5535,77,RSAbella
5535,79,MRothstein
5535,80,TACromwell
5535,81,AKarakatsanis
5535,82,MJMoldaver
5535,83,RWagner
5536,67,BMcLachlin
5536,74,LLeBel
5536,77,RSAbella
5536,79,MRothstein
5536,80,TACromwell
5536,81,AKarakatsanis
5536,83,RWagner
5537,67,BMcLachlin
5537,74,LLeBel
5537,77,RSAbella
5537,79,MRothstein
5537,80,TACromwell
5537,81,AKarakatsanis
5537,83,RWagner
5538,67,BMcLachlin
5538,77,RSAbella
5538,79,MRothstein
5538,80,TACromwell
5538,82,MJMoldaver
5539,67,BMcLachlin
5539,77,RSAbella
5539,79,MRothstein
5539,80,TACromwell
5539,82,MJMoldaver
5540,67,BMcLachlin
5540,74,LLeBel
5540,76,MJFish
5540,79,MRothstein
5540,80,TACromwell
5540,81,AKarakatsanis
5540,82,MJMoldaver
5541,67,BMcLachlin
5541,80,TACromwell
5541,81,AKarakatsanis
5541,82,MJMoldaver
5541,83,RWagner
5541,84,CGascon
5541,85,SCôté
5542,77,RSAbella
5542,81,AKarakatsanis
5542,82,MJMoldaver
5542,83,RWagner
5542,84,CGascon
5542,85,SCôté
5542,86,RBrown
5542,87,MRowe
5542,88,SMartin
5543,77,RSAbella
5543,81,AKarakatsanis
5543,82,MJMoldaver
5543,83,RWagner
5543,84,CGascon
5543,85,SCôté
5543,86,RBrown
5543,87,MRowe
5543,88,SMartin
5544,81,AKarakatsanis
5544,82,MJMoldaver
5544,86,RBrown
5544,87,MRowe
5544,88,SMartin
5545,77,RSAbella
5545,81,AKarakatsanis
5545,82,MJMoldaver
5545,83,RWagner
5545,85,SCôté
5545,87,MRowe
5545,88,SMartin
5546,77,RSAbella
5546,81,AKarakatsanis
5546,82,MJMoldaver
5546,83,RWagner
5546,84,CGascon
5546,85,SCôté
5546,86,RBrown
5546,87,MRowe
5546,88,SMartin
5547,67,BMcLachlin
5547,77,RSAbella
5547,80,TACromwell
5547,81,AKarakatsanis
5547,82,MJMoldaver
5548,67,BMcLachlin
5548,74,LLeBel
5548,77,RSAbella
5548,79,MRothstein
5548,81,AKarakatsanis
5548,82,MJMoldaver
5548,83,RWagner
5549,77,RSAbella
5549,80,TACromwell
5549,82,MJMoldaver
5549,85,SCôté
5549,86,RBrown
5550,67,BMcLachlin
5550,77,RSAbella
5550,82,MJMoldaver
5550,85,SCôté
5550,86,RBrown
5551,67,BMcLachlin
5551,77,RSAbella
5551,81,AKarakatsanis
5551,82,MJMoldaver
5551,83,RWagner
5551,84,CGascon
5551,86,RBrown
5552,67,BMcLachlin
5552,74,LLeBel
5552,79,MRothstein
5552,80,TACromwell
5552,81,AKarakatsanis
5552,82,MJMoldaver
5552,83,RWagner
5553,77,RSAbella
5553,80,TACromwell
5553,81,AKarakatsanis
5553,82,MJMoldaver
5553,83,RWagner
5553,84,CGascon
5553,85,SCôté
5554,67,BMcLachlin
5554,77,RSAbella
5554,79,MRothstein
5554,80,TACromwell
5554,81,AKarakatsanis
5554,82,MJMoldaver
5554,83,RWagner
5554,84,CGascon
5554,85,SCôté
5555,67,BMcLachlin
5555,77,RSAbella
5555,79,MRothstein
5555,80,TACromwell
5555,81,AKarakatsanis
5555,82,MJMoldaver
5555,83,RWagner
5555,84,CGascon
5555,85,SCôté
5556,67,BMcLachlin
5556,74,LLeBel
5556,77,RSAbella
5556,79,MRothstein
5556,80,TACromwell
5556,81,AKarakatsanis
5556,83,RWagner
5557,67,BMcLachlin
5557,74,LLeBel
5557,77,RSAbella
5557,79,MRothstein
5557,80,TACromwell
5557,81,AKarakatsanis
5557,82,MJMoldaver
5557,83,RWagner
5558,79,MRothstein
5559,67,BMcLachlin
5559,77,RSAbella
5559,80,TACromwell
5559,81,AKarakatsanis
5559,82,MJMoldaver
5559,83,RWagner
5559,84,CGascon
5559,85,SCôté
5559,86,RBrown
5560,77,RSAbella
5560,82,MJMoldaver
5560,83,RWagner
5560,85,SCôté
5560,86,RBrown
5561,67,BMcLachlin
5561,74,LLeBel
5561,77,RSAbella
5561,79,MRothstein
5561,80,TACromwell
5561,81,AKarakatsanis
5561,82,MJMoldaver
5562,77,RSAbella
5562,80,TACromwell
5562,81,AKarakatsanis
5562,82,MJMoldaver
5562,83,RWagner
5562,84,CGascon
5562,86,RBrown
5563,67,BMcLachlin
5563,74,LLeBel
5563,77,RSAbella
5563,79,MRothstein
5563,80,TACromwell
5563,81,AKarakatsanis
5563,83,RWagner
5564,67,BMcLachlin
5564,77,RSAbella
5564,79,MRothstein
5564,80,TACromwell
5564,81,AKarakatsanis
5564,82,MJMoldaver
5564,83,RWagner
5564,84,CGascon
5564,85,SCôté
5565,67,BMcLachlin
5565,77,RSAbella
5565,79,MRothstein
5565,80,TACromwell
5565,81,AKarakatsanis
5565,82,MJMoldaver
5565,83,RWagner
5565,84,CGascon
5565,85,SCôté
5566,77,RSAbella
5566,81,AKarakatsanis
5566,82,MJMoldaver
5566,83,RWagner
5566,84,CGascon
5566,85,SCôté
5566,86,RBrown
5566,87,MRowe
5566,88,SMartin
5567,77,RSAbella
5567,81,AKarakatsanis
5567,82,MJMoldaver
5567,83,RWagner
5567,85,SCôté
5567,86,RBrown
5567,87,MRowe
5568,77,RSAbella
5568,81,AKarakatsanis
5568,82,MJMoldaver
5568,83,RWagner
5568,84,CGascon
5568,85,SCôté
5568,86,RBrown
5570,67,BMcLachlin
5570,77,RSAbella
5570,80,TACromwell
5570,81,AKarakatsanis
5570,82,MJMoldaver
5570,83,RWagner
5570,84,CGascon
5570,85,SCôté
5570,86,RBrown
5571,67,BMcLachlin
5571,77,RSAbella
5571,81,AKarakatsanis
5571,82,MJMoldaver
5571,83,RWagner
5571,84,CGascon
5571,85,SCôté
5571,86,RBrown
5571,87,MRowe
5572,67,BMcLachlin
5572,81,AKarakatsanis
5572,83,RWagner
5572,84,CGascon
5572,85,SCôté
5572,86,RBrown
5572,87,MRowe
5573,67,BMcLachlin
5573,77,RSAbella
5573,79,MRothstein
5573,80,TACromwell
5573,81,AKarakatsanis
5573,82,MJMoldaver
5573,83,RWagner
5573,84,CGascon
5573,85,SCôté
5574,77,RSAbella
5574,81,AKarakatsanis
5574,82,MJMoldaver
5574,83,RWagner
5574,85,SCôté
5574,86,RBrown
5574,87,MRowe
5574,88,SMartin
5574,89,NKasirer
5575,67,BMcLachlin
5575,77,RSAbella
5575,79,MRothstein
5575,81,AKarakatsanis
5575,82,MJMoldaver
5575,83,RWagner
5575,84,CGascon
5576,67,BMcLachlin
5576,77,RSAbella
5576,81,AKarakatsanis
5576,82,MJMoldaver
5576,83,RWagner
5576,84,CGascon
5576,85,SCôté
5576,86,RBrown
5576,87,MRowe
5577,77,RSAbella
5577,81,AKarakatsanis
5577,82,MJMoldaver
5577,83,RWagner
5577,84,CGascon
5577,85,SCôté
5577,86,RBrown
5578,67,BMcLachlin
5578,77,RSAbella
5578,81,AKarakatsanis
5578,82,MJMoldaver
5578,83,RWagner
5578,84,CGascon
5578,85,SCôté
5578,86,RBrown
5578,87,MRowe
5579,67,BMcLachlin
5579,74,LLeBel
5579,77,RSAbella
5579,80,TACromwell
5579,81,AKarakatsanis
5579,82,MJMoldaver
5579,83,RWagner
5580,67,BMcLachlin
5580,77,RSAbella
5580,79,MRothstein
5580,81,AKarakatsanis
5580,82,MJMoldaver
5580,83,RWagner
5580,84,CGascon
5581,67,BMcLachlin
5581,79,MRothstein
5581,80,TACromwell
5581,81,AKarakatsanis
5581,82,MJMoldaver
5581,84,CGascon
5581,85,SCôté
5582,67,BMcLachlin
5582,74,LLeBel
5582,76,MJFish
5582,79,MRothstein
5582,80,TACromwell
5582,81,AKarakatsanis
5582,83,RWagner
5583,67,BMcLachlin
5583,77,RSAbella
5583,81,AKarakatsanis
5583,82,MJMoldaver
5583,83,RWagner
5583,84,CGascon
5583,85,SCôté
5584,67,BMcLachlin
5584,74,LLeBel
5584,77,RSAbella
5584,79,MRothstein
5584,80,TACromwell
5584,82,MJMoldaver
5584,83,RWagner
5585,67,BMcLachlin
5585,77,RSAbella
5585,81,AKarakatsanis
5585,82,MJMoldaver
5585,83,RWagner
5585,84,CGascon
5585,85,SCôté
5585,86,RBrown
5585,87,MRowe
5586,74,LLeBel
5586,77,RSAbella
5586,79,MRothstein
5586,80,TACromwell
5586,81,AKarakatsanis
5586,82,MJMoldaver
5586,83,RWagner
5587,74,LLeBel
5587,76,MJFish
5587,80,TACromwell
5587,81,AKarakatsanis
5587,82,MJMoldaver
5587,83,RWagner
5588,67,BMcLachlin
5588,74,LLeBel
5588,77,RSAbella
5588,79,MRothstein
5588,81,AKarakatsanis
5588,82,MJMoldaver
5588,83,RWagner
5589,67,BMcLachlin
5589,74,LLeBel
5589,77,RSAbella
5589,79,MRothstein
5589,80,TACromwell
5589,81,AKarakatsanis
5589,82,MJMoldaver
5589,83,RWagner
5590,67,BMcLachlin
5590,74,LLeBel
5590,77,RSAbella
5590,79,MRothstein
5590,80,TACromwell
5590,81,AKarakatsanis
5590,82,MJMoldaver
5590,83,RWagner
5591,67,BMcLachlin
5591,74,LLeBel
5591,77,RSAbella
5591,79,MRothstein
5591,80,TACromwell
5591,81,AKarakatsanis
5591,83,RWagner
5592,67,BMcLachlin
5592,77,RSAbella
5592,80,TACromwell
5592,81,AKarakatsanis
5592,82,MJMoldaver
5592,83,RWagner
5592,84,CGascon
5593,67,BMcLachlin
5593,74,LLeBel
5593,77,RSAbella
5593,80,TACromwell
5593,81,AKarakatsanis
5593,82,MJMoldaver
5593,83,RWagner
5594,67,BMcLachlin
5594,77,RSAbella
5594,80,TACromwell
5594,81,AKarakatsanis
5594,82,MJMoldaver
5594,83,RWagner
5594,85,SCôté
5595,67,BMcLachlin
5595,80,TACromwell
5595,81,AKarakatsanis
5595,82,MJMoldaver
5595,83,RWagner
5596,67,BMcLachlin
5596,80,TACromwell
5596,81,AKarakatsanis
5596,82,MJMoldaver
5596,83,RWagner
5597,77,RSAbella
5597,82,MJMoldaver
5597,83,RWagner
5597,84,CGascon
5597,85,SCôté
5598,67,BMcLachlin
5598,77,RSAbella
5598,81,AKarakatsanis
5598,82,MJMoldaver
5598,83,RWagner
5598,84,CGascon
5598,85,SCôté
5599,67,BMcLachlin
5599,77,RSAbella
5599,79,MRothstein
5599,80,TACromwell
5599,81,AKarakatsanis
5599,82,MJMoldaver
5599,83,RWagner
5600,80,TACromwell
5600,81,AKarakatsanis
5600,82,MJMoldaver
5600,83,RWagner
5600,84,CGascon
5600,85,SCôté
5600,86,RBrown
5601,67,BMcLachlin
5601,74,LLeBel
5601,77,RSAbella
5601,79,MRothstein
5601,80,TACromwell
5601,81,AKarakatsanis
5601,82,MJMoldaver
5601,83,RWagner
5602,81,AKarakatsanis
5602,82,MJMoldaver
5602,83,RWagner
5602,84,CGascon
5602,85,SCôté
5603,67,BMcLachlin
5603,74,LLeBel
5603,77,RSAbella
5603,80,TACromwell
5603,81,AKarakatsanis
5603,82,MJMoldaver
5603,83,RWagner
5604,81,AKarakatsanis
5604,82,MJMoldaver
5604,83,RWagner
5604,84,CGascon
5604,85,SCôté
5605,67,BMcLachlin
5605,77,RSAbella
5605,80,TACromwell
5605,81,AKarakatsanis
5605,82,MJMoldaver
5605,83,RWagner
5605,84,CGascon
5606,67,BMcLachlin
5606,77,RSAbella
5606,81,AKarakatsanis
5606,82,MJMoldaver
5606,83,RWagner
5606,84,CGascon
5606,85,SCôté
5606,86,RBrown
5606,87,MRowe
5607,77,RSAbella
5607,81,AKarakatsanis
5607,83,RWagner
5607,85,SCôté
5607,86,RBrown
5607,87,MRowe
5607,88,SMartin
5608,81,AKarakatsanis
5608,85,SCôté
5608,86,RBrown
5608,87,MRowe
5608,88,SMartin
5609,77,RSAbella
5609,81,AKarakatsanis
5609,82,MJMoldaver
5609,83,RWagner
5609,86,RBrown
5609,87,MRowe
5609,88,SMartin
5610,77,RSAbella
5610,81,AKarakatsanis
5610,82,MJMoldaver
5610,83,RWagner
5610,84,CGascon
5610,85,SCôté
5610,86,RBrown
5610,87,MRowe
5610,88,SMartin
5611,77,RSAbella
5611,81,AKarakatsanis
5611,82,MJMoldaver
5611,83,RWagner
5611,84,CGascon
5611,86,RBrown
5611,88,SMartin
5612,77,RSAbella
5612,81,AKarakatsanis
5612,82,MJMoldaver
5612,83,RWagner
5612,84,CGascon
5612,85,SCôté
5612,86,RBrown
5612,87,MRowe
5612,88,SMartin
5613,77,RSAbella
5613,81,AKarakatsanis
5613,82,MJMoldaver
5613,83,RWagner
5613,84,CGascon
5613,85,SCôté
5613,86,RBrown
5613,87,MRowe
5613,88,SMartin
5614,77,RSAbella
5614,81,AKarakatsanis
5614,85,SCôté
5614,87,MRowe
5614,88,SMartin
5615,67,BMcLachlin
5615,77,RSAbella
5615,80,TACromwell
5615,81,AKarakatsanis
5615,82,MJMoldaver
5615,83,RWagner
5615,84,CGascon
5615,85,SCôté
5615,86,RBrown
5617,67,BMcLachlin
5617,77,RSAbella
5617,81,AKarakatsanis
5617,82,MJMoldaver
5617,83,RWagner
5617,84,CGascon
5617,85,SCôté
5617,86,RBrown
5617,87,MRowe
5618,67,BMcLachlin
5618,74,LLeBel
5618,77,RSAbella
5618,79,MRothstein
5618,81,AKarakatsanis
5618,82,MJMoldaver
5618,83,RWagner
5619,74,LLeBel
5619,77,RSAbella
5619,79,MRothstein
5619,80,TACromwell
5619,81,AKarakatsanis
5619,82,MJMoldaver
5619,83,RWagner
5620,67,BMcLachlin
5620,74,LLeBel
5620,77,RSAbella
5620,79,MRothstein
5620,80,TACromwell
5620,82,MJMoldaver
5620,83,RWagner
5621,67,BMcLachlin
5621,74,LLeBel
5621,77,RSAbella
5621,79,MRothstein
5621,81,AKarakatsanis
5621,82,MJMoldaver
5621,83,RWagner
5622,67,BMcLachlin
5622,77,RSAbella
5622,80,TACromwell
5622,81,AKarakatsanis
5622,82,MJMoldaver
5622,83,RWagner
5622,84,CGascon
5622,85,SCôté
5622,86,RBrown
5623,67,BMcLachlin
5623,77,RSAbella
5623,81,AKarakatsanis
5623,82,MJMoldaver
5623,83,RWagner
5623,84,CGascon
5623,85,SCôté
5623,86,RBrown
5623,87,MRowe
5625,81,AKarakatsanis
5625,83,RWagner
5625,84,CGascon
5625,85,SCôté
5625,86,RBrown
5626,77,RSAbella
5626,81,AKarakatsanis
5626,82,MJMoldaver
5626,83,RWagner
5626,84,CGascon
5626,85,SCôté
5626,86,RBrown
5626,87,MRowe
5626,88,SMartin
5627,77,RSAbella
5627,81,AKarakatsanis
5627,82,MJMoldaver
5627,83,RWagner
5627,85,SCôté
5627,86,RBrown
5627,87,MRowe
5627,88,SMartin
5627,89,NKasirer
5628,67,BMcLachlin
5628,77,RSAbella
5628,80,TACromwell
5628,81,AKarakatsanis
5628,82,MJMoldaver
5628,83,RWagner
5628,84,CGascon
5628,85,SCôté
5628,86,RBrown
5629,67,BMcLachlin
5629,77,RSAbella
5629,81,AKarakatsanis
5629,82,MJMoldaver
5629,83,RWagner
5629,84,CGascon
5629,85,SCôté
5629,86,RBrown
5629,87,MRowe
5630,67,BMcLachlin
5630,77,RSAbella
5630,81,AKarakatsanis
5630,83,RWagner
5630,84,CGascon
5630,85,SCôté
5630,86,RBrown
5631,77,RSAbella
5631,81,AKarakatsanis
5631,82,MJMoldaver
5631,83,RWagner
5631,85,SCôté
5631,86,RBrown
5631,87,MRowe
5631,88,SMartin
5631,89,NKasirer
5632,81,AKarakatsanis
5632,85,SCôté
5632,86,RBrown
5632,88,SMartin
5632,89,NKasirer
5633,81,AKarakatsanis
5633,82,MJMoldaver
5633,83,RWagner
5633,86,RBrown
5633,87,MRowe
5633,88,SMartin
5633,89,NKasirer
5634,67,BMcLachlin
5634,77,RSAbella
5634,80,TACromwell
5634,81,AKarakatsanis
5634,82,MJMoldaver
5634,83,RWagner
5634,84,CGascon
5634,85,SCôté
5634,86,RBrown
5635,67,BMcLachlin
5635,77,RSAbella
5635,80,TACromwell
5635,81,AKarakatsanis
5635,82,MJMoldaver
5635,83,RWagner
5635,84,CGascon
5635,85,SCôté
5635,86,RBrown
5636,67,BMcLachlin
5636,77,RSAbella
5636,80,TACromwell
5636,81,AKarakatsanis
5636,82,MJMoldaver
5636,83,RWagner
5636,84,CGascon
5636,85,SCôté
5636,86,RBrown
5637,77,RSAbella
5637,82,MJMoldaver
5637,83,RWagner
5637,85,SCôté
5637,87,MRowe
5638,77,RSAbella
5638,81,AKarakatsanis
5638,82,MJMoldaver
5638,83,RWagner
5638,85,SCôté
5638,86,RBrown
5638,87,MRowe
5638,88,SMartin
5638,89,NKasirer
5639,77,RSAbella
5639,81,AKarakatsanis
5639,82,MJMoldaver
5639,83,RWagner
5639,85,SCôté
5639,86,RBrown
5639,87,MRowe
5639,88,SMartin
5639,89,NKasirer
5640,77,RSAbella
5640,80,TACromwell
5640,81,AKarakatsanis
5640,82,MJMoldaver
5640,83,RWagner
5640,84,CGascon
5640,85,SCôté
5641,77,RSAbella
5641,81,AKarakatsanis
5641,82,MJMoldaver
5641,83,RWagner
5641,85,SCôté
5641,86,RBrown
5641,87,MRowe
5641,88,SMartin
5641,89,NKasirer
5642,67,BMcLachlin
5642,77,RSAbella
5642,81,AKarakatsanis
5642,82,MJMoldaver
5642,83,RWagner
5642,85,SCôté
5642,86,RBrown
5643,67,BMcLachlin
5643,77,RSAbella
5643,81,AKarakatsanis
5643,82,MJMoldaver
5643,83,RWagner
5643,84,CGascon
5643,85,SCôté
5643,86,RBrown
5643,87,MRowe
5644,67,BMcLachlin
5644,77,RSAbella
5644,81,AKarakatsanis
5644,82,MJMoldaver
5644,83,RWagner
5644,84,CGascon
5644,85,SCôté
5644,86,RBrown
5644,87,MRowe
5645,77,RSAbella
5645,81,AKarakatsanis
5645,82,MJMoldaver
5645,84,CGascon
5645,85,SCôté
5646,67,BMcLachlin
5646,77,RSAbella
5646,81,AKarakatsanis
5646,82,MJMoldaver
5646,83,RWagner
5646,84,CGascon
5646,85,SCôté
5646,86,RBrown
5646,87,MRowe
5647,77,RSAbella
5647,81,AKarakatsanis
5647,82,MJMoldaver
5647,83,RWagner
5647,85,SCôté
5647,86,RBrown
5647,87,MRowe
5647,88,SMartin
5647,89,NKasirer
5648,67,BMcLachlin
5648,77,RSAbella
5648,80,TACromwell
5648,81,AKarakatsanis
5648,82,MJMoldaver
5648,83,RWagner
5648,84,CGascon
5648,85,SCôté
5648,86,RBrown
5649,80,TACromwell
5649,83,RWagner
5649,84,CGascon
5649,85,SCôté
5649,86,RBrown
5650,85,SCôté
5651,67,BMcLachlin
5651,77,RSAbella
5651,80,TACromwell
5651,81,AKarakatsanis
5651,82,MJMoldaver
5651,83,RWagner
5651,84,CGascon
5652,77,RSAbella
5652,81,AKarakatsanis
5652,82,MJMoldaver
5652,83,RWagner
5652,85,SCôté
5652,86,RBrown
5652,87,MRowe
5652,88,SMartin
5652,89,NKasirer
5653,67,BMcLachlin
5653,77,RSAbella
5653,81,AKarakatsanis
5653,82,MJMoldaver
5653,83,RWagner
5653,84,CGascon
5653,85,SCôté
5653,86,RBrown
5653,87,MRowe
5654,67,BMcLachlin
5654,77,RSAbella
5654,81,AKarakatsanis
5654,82,MJMoldaver
5654,83,RWagner
5654,84,CGascon
5654,85,SCôté
5654,86,RBrown
5654,87,MRowe
5655,67,BMcLachlin
5655,81,AKarakatsanis
5655,83,RWagner
5655,84,CGascon
5655,85,SCôté
5655,86,RBrown
5655,87,MRowe
5656,67,BMcLachlin
5656,77,RSAbella
5656,81,AKarakatsanis
5656,82,MJMoldaver
5656,83,RWagner
5656,84,CGascon
5656,85,SCôté
5656,86,RBrown
5656,87,MRowe
5657,67,BMcLachlin
5657,77,RSAbella
5657,81,AKarakatsanis
5657,82,MJMoldaver
5657,83,RWagner
5657,84,CGascon
5657,85,SCôté
5657,86,RBrown
5657,87,MRowe
5658,67,BMcLachlin
5658,77,RSAbella
5658,81,AKarakatsanis
5658,82,MJMoldaver
5658,83,RWagner
5658,84,CGascon
5658,85,SCôté
5658,86,RBrown
5658,87,MRowe
5659,67,BMcLachlin
5659,77,RSAbella
5659,82,MJMoldaver
5659,83,RWagner
5659,84,CGascon
5659,86,RBrown
5659,87,MRowe
5660,67,BMcLachlin
5660,81,AKarakatsanis
5660,83,RWagner
5660,84,CGascon
5660,85,SCôté
5660,86,RBrown
5660,87,MRowe
5661,67,BMcLachlin
5661,77,RSAbella
5661,82,MJMoldaver
5661,83,RWagner
5661,84,CGascon
5661,85,SCôté
5661,86,RBrown
5662,82,MJMoldaver
5662,84,CGascon
5662,85,SCôté
5662,86,RBrown
5662,87,MRowe
5663,77,RSAbella
5663,81,AKarakatsanis
5663,82,MJMoldaver
5663,85,SCôté
5663,86,RBrown
5664,77,RSAbella
5664,81,AKarakatsanis
5664,82,MJMoldaver
5664,87,MRowe
5664,88,SMartin
5665,82,MJMoldaver
5665,85,SCôté
5665,86,RBrown
5665,87,MRowe
5665,88,SMartin
5666,77,RSAbella
5666,81,AKarakatsanis
5666,82,MJMoldaver
5666,83,RWagner
5666,84,CGascon
5666,85,SCôté
5666,86,RBrown
5666,87,MRowe
5666,88,SMartin
5667,77,RSAbella
5667,81,AKarakatsanis
5667,82,MJMoldaver
5667,83,RWagner
5667,84,CGascon
5667,85,SCôté
5667,86,RBrown
5668,67,BMcLachlin
5668,77,RSAbella
5668,81,AKarakatsanis
5668,82,MJMoldaver
5668,83,RWagner
5668,84,CGascon
5668,85,SCôté
5668,86,RBrown
5668,87,MRowe
5669,67,BMcLachlin
5669,77,RSAbella
5669,81,AKarakatsanis
5669,82,MJMoldaver
5669,83,RWagner
5669,84,CGascon
5669,85,SCôté
5669,86,RBrown
5669,87,MRowe
5670,77,RSAbella
5670,81,AKarakatsanis
5670,82,MJMoldaver
5670,83,RWagner
5670,84,CGascon
5670,85,SCôté
5670,87,MRowe
5671,67,BMcLachlin
5671,77,RSAbella
5671,81,AKarakatsanis
5671,82,MJMoldaver
5671,83,RWagner
5671,84,CGascon
5671,85,SCôté
5671,86,RBrown
5671,87,MRowe
5672,81,AKarakatsanis
5672,83,RWagner
5672,84,CGascon
5672,85,SCôté
5672,88,SMartin
5673,77,RSAbella
5673,81,AKarakatsanis
5673,82,MJMoldaver
5673,83,RWagner
5673,84,CGascon
5673,85,SCôté
5673,87,MRowe
5674,67,BMcLachlin
5674,77,RSAbella
5674,81,AKarakatsanis
5674,82,MJMoldaver
5674,83,RWagner
5674,84,CGascon
5674,85,SCôté
5674,86,RBrown
5674,87,MRowe
5676,77,RSAbella
5676,81,AKarakatsanis
5676,82,MJMoldaver
5676,83,RWagner
5676,85,SCôté
5676,86,RBrown
5676,88,SMartin
5677,67,BMcLachlin
5677,77,RSAbella
5677,81,AKarakatsanis
5677,83,RWagner
5677,84,CGascon
5677,85,SCôté
5677,86,RBrown
5678,67,BMcLachlin
5678,77,RSAbella
5678,81,AKarakatsanis
5678,82,MJMoldaver
5678,84,CGascon
5678,85,SCôté
5678,86,RBrown
5679,67,BMcLachlin
5679,77,RSAbella
5679,80,TACromwell
5679,81,AKarakatsanis
5679,82,MJMoldaver
5679,83,RWagner
5679,86,RBrown
5680,67,BMcLachlin
5680,77,RSAbella
5680,80,TACromwell
5680,81,AKarakatsanis
5680,82,MJMoldaver
5680,83,RWagner
5680,84,CGascon
5680,85,SCôté
5680,86,RBrown
5681,67,BMcLachlin
5681,77,RSAbella
5681,80,TACromwell
5681,81,AKarakatsanis
5681,82,MJMoldaver
5681,83,RWagner
5681,84,CGascon
5681,85,SCôté
5681,86,RBrown
5682,77,RSAbella
5682,81,AKarakatsanis
5682,82,MJMoldaver
5682,83,RWagner
5682,85,SCôté
5682,86,RBrown
5682,87,MRowe
5682,88,SMartin
5682,89,NKasirer
5683,77,RSAbella
5683,81,AKarakatsanis
5683,82,MJMoldaver
5683,83,RWagner
5683,84,CGascon
5683,85,SCôté
5683,87,MRowe
5684,67,BMcLachlin
5684,77,RSAbella
5684,81,AKarakatsanis
5684,82,MJMoldaver
5684,83,RWagner
5684,84,CGascon
5684,85,SCôté
5684,86,RBrown
5684,87,MRowe
5685,67,BMcLachlin
5685,77,RSAbella
5685,81,AKarakatsanis
5685,82,MJMoldaver
5685,83,RWagner
5685,84,CGascon
5685,85,SCôté
5685,86,RBrown
5685,87,MRowe
5686,67,BMcLachlin
5686,77,RSAbella
5686,81,AKarakatsanis
5686,82,MJMoldaver
5686,83,RWagner
5686,84,CGascon
5686,85,SCôté
5686,86,RBrown
5686,87,MRowe
5687,77,RSAbella
5687,81,AKarakatsanis
5687,82,MJMoldaver
5687,83,RWagner
5687,84,CGascon
5687,85,SCôté
5687,87,MRowe
5688,67,BMcLachlin
5688,77,RSAbella
5688,81,AKarakatsanis
5688,82,MJMoldaver
5688,83,RWagner
5688,84,CGascon
5688,85,SCôté
5688,86,RBrown
5688,87,MRowe
5689,67,BMcLachlin
5689,77,RSAbella
5689,81,AKarakatsanis
5689,82,MJMoldaver
5689,84,CGascon
5689,85,SCôté
5689,87,MRowe
5690,81,AKarakatsanis
5690,86,RBrown
5690,87,MRowe
5690,88,SMartin
5690,89,NKasirer
5691,77,RSAbella
5691,81,AKarakatsanis
5691,82,MJMoldaver
5691,83,RWagner
5691,85,SCôté
5691,86,RBrown
5691,87,MRowe
5691,88,SMartin
5691,89,NKasirer
5692,77,RSAbella
5692,81,AKarakatsanis
5692,82,MJMoldaver
5692,83,RWagner
5692,85,SCôté
5692,86,RBrown
5692,87,MRowe
5693,77,RSAbella
5693,81,AKarakatsanis
5693,82,MJMoldaver
5693,83,RWagner
5693,85,SCôté
5693,86,RBrown
5693,87,MRowe
5693,88,SMartin
5693,89,NKasirer
5694,77,RSAbella
5694,82,MJMoldaver
5694,83,RWagner
5694,85,SCôté
5694,86,RBrown
5694,87,MRowe
5694,89,NKasirer
5695,77,RSAbella
5695,81,AKarakatsanis
5695,82,MJMoldaver
5695,83,RWagner
5695,85,SCôté
5695,86,RBrown
5695,89,NKasirer
5696,67,BMcLachlin
5696,77,RSAbella
5696,81,AKarakatsanis
5696,82,MJMoldaver
5696,84,CGascon
5696,85,SCôté
5696,87,MRowe
5697,67,BMcLachlin
5697,77,RSAbella
5697,81,AKarakatsanis
5697,82,MJMoldaver
5697,83,RWagner
5697,84,CGascon
5697,85,SCôté
5697,86,RBrown
5697,87,MRowe
5698,67,BMcLachlin
5698,77,RSAbella
5698,81,AKarakatsanis
5698,82,MJMoldaver
5698,83,RWagner
5698,84,CGascon
5698,85,SCôté
5698,86,RBrown
5698,87,MRowe
5699,67,BMcLachlin
5699,81,AKarakatsanis
5699,83,RWagner
5699,84,CGascon
5699,85,SCôté
5699,86,RBrown
5699,87,MRowe
5700,67,BMcLachlin
5700,77,RSAbella
5700,81,AKarakatsanis
5700,82,MJMoldaver
5700,83,RWagner
5700,84,CGascon
5700,85,SCôté
5700,86,RBrown
5700,87,MRowe
5701,77,RSAbella
5701,81,AKarakatsanis
5701,82,MJMoldaver
5701,83,RWagner
5701,85,SCôté
5701,86,RBrown
5701,87,MRowe
5701,88,SMartin
5701,89,NKasirer
5702,77,RSAbella
5702,81,AKarakatsanis
5702,82,MJMoldaver
5702,83,RWagner
5702,86,RBrown
5702,87,MRowe
5702,88,SMartin
5703,77,RSAbella
5703,81,AKarakatsanis
5703,82,MJMoldaver
5703,83,RWagner
5703,85,SCôté
5703,86,RBrown
5703,87,MRowe
5703,88,SMartin
5703,89,NKasirer
5704,77,RSAbella
5704,81,AKarakatsanis
5704,82,MJMoldaver
5704,83,RWagner
5704,85,SCôté
5704,86,RBrown
5704,87,MRowe
5704,88,SMartin
5704,89,NKasirer
5705,85,SCôté
5705,86,RBrown
5705,87,MRowe
5705,88,SMartin
5705,89,NKasirer
5706,77,RSAbella
5706,81,AKarakatsanis
5706,82,MJMoldaver
5706,83,RWagner
5706,85,SCôté
5706,86,RBrown
5706,87,MRowe
5706,88,SMartin
5706,89,NKasirer
5707,77,RSAbella
5707,81,AKarakatsanis
5707,82,MJMoldaver
5707,83,RWagner
5707,85,SCôté
5707,86,RBrown
5707,87,MRowe
5707,88,SMartin
5707,89,NKasirer
5708,77,RSAbella
5708,81,AKarakatsanis
5708,82,MJMoldaver
5708,83,RWagner
5708,85,SCôté
5708,86,RBrown
5708,87,MRowe
5708,88,SMartin
5708,89,NKasirer
5709,77,RSAbella
5709,81,AKarakatsanis
5709,82,MJMoldaver
5709,83,RWagner
5709,85,SCôté
5709,86,RBrown
5709,87,MRowe
5709,88,SMartin
5709,89,NKasirer
5710,77,RSAbella
5710,81,AKarakatsanis
5710,87,MRowe
5710,88,SMartin
5710,89,NKasirer
5711,77,RSAbella
5711,85,SCôté
5711,86,RBrown
5711,88,SMartin
5711,89,NKasirer
5712,77,RSAbella
5712,79,MRothstein
5712,81,AKarakatsanis
5712,82,MJMoldaver
5712,83,RWagner
5713,77,RSAbella
5713,81,AKarakatsanis
5713,82,MJMoldaver
5713,83,RWagner
5713,84,CGascon
5713,85,SCôté
5713,86,RBrown
5713,87,MRowe
5713,88,SMartin
5714,67,BMcLachlin
5714,77,RSAbella
5714,81,AKarakatsanis
5714,82,MJMoldaver
5714,83,RWagner
5714,84,CGascon
5714,85,SCôté
5714,86,RBrown
5714,87,MRowe
5715,67,BMcLachlin
5715,77,RSAbella
5715,80,TACromwell
5715,81,AKarakatsanis
5715,82,MJMoldaver
5715,83,RWagner
5715,84,CGascon
5715,85,SCôté
5715,86,RBrown
5716,67,BMcLachlin
5716,77,RSAbella
5716,81,AKarakatsanis
5716,83,RWagner
5716,84,CGascon
5716,85,SCôté
5716,87,MRowe
5717,67,BMcLachlin
5717,77,RSAbella
5717,80,TACromwell
5717,81,AKarakatsanis
5717,82,MJMoldaver
5717,83,RWagner
5717,84,CGascon
5717,85,SCôté
5717,86,RBrown
5718,67,BMcLachlin
5718,77,RSAbella
5718,82,MJMoldaver
5718,85,SCôté
5718,86,RBrown
5719,67,BMcLachlin
5719,80,TACromwell
5719,83,RWagner
5719,84,CGascon
5719,86,RBrown
5720,67,BMcLachlin
5720,77,RSAbella
5720,81,AKarakatsanis
5720,82,MJMoldaver
5720,83,RWagner
5720,84,CGascon
5720,85,SCôté
5720,86,RBrown
5720,87,MRowe
5721,67,BMcLachlin
5721,77,RSAbella
5721,81,AKarakatsanis
5721,82,MJMoldaver
5721,83,RWagner
5721,84,CGascon
5721,85,SCôté
5721,86,RBrown
5721,87,MRowe
5722,77,RSAbella
5722,81,AKarakatsanis
5722,82,MJMoldaver
5722,83,RWagner
5722,84,CGascon
5722,85,SCôté
5722,86,RBrown
5723,77,RSAbella
5723,83,RWagner
5723,85,SCôté
5723,86,RBrown
5723,88,SMartin
5724,67,BMcLachlin
5724,77,RSAbella
5724,81,AKarakatsanis
5724,82,MJMoldaver
5724,85,SCôté
5724,86,RBrown
5724,87,MRowe
5725,77,RSAbella
5725,82,MJMoldaver
5725,84,CGascon
5725,85,SCôté
5725,86,RBrown
5726,81,AKarakatsanis
5726,83,RWagner
5726,86,RBrown
5726,87,MRowe
5726,88,SMartin
5727,77,RSAbella
5727,81,AKarakatsanis
5727,82,MJMoldaver
5727,83,RWagner
5727,84,CGascon
5727,85,SCôté
5727,86,RBrown
5727,87,MRowe
5727,88,SMartin
5728,81,AKarakatsanis
5728,82,MJMoldaver
5728,84,CGascon
5728,85,SCôté
5728,87,MRowe
5729,67,BMcLachlin
5729,74,LLeBel
5729,79,MRothstein
5729,80,TACromwell
5729,81,AKarakatsanis
5729,82,MJMoldaver
5729,83,RWagner
5730,67,BMcLachlin
5730,77,RSAbella
5730,81,AKarakatsanis
5730,82,MJMoldaver
5730,83,RWagner
5730,84,CGascon
5730,85,SCôté
5730,86,RBrown
5730,87,MRowe
5731,67,BMcLachlin
5731,77,RSAbella
5731,81,AKarakatsanis
5731,82,MJMoldaver
5731,83,RWagner
5731,84,CGascon
5731,85,SCôté
5731,86,RBrown
5731,87,MRowe
5732,67,BMcLachlin
5732,74,LLeBel
5732,77,RSAbella
5732,80,TACromwell
5732,81,AKarakatsanis
5732,82,MJMoldaver
5732,83,RWagner
5733,67,BMcLachlin
5733,77,RSAbella
5733,81,AKarakatsanis
5733,82,MJMoldaver
5733,83,RWagner
5733,84,CGascon
5733,85,SCôté
5733,86,RBrown
5733,87,MRowe
5734,67,BMcLachlin
5734,74,LLeBel
5734,77,RSAbella
5734,79,MRothstein
5734,81,AKarakatsanis
5734,82,MJMoldaver
5734,83,RWagner
5735,79,MRothstein
5735,80,TACromwell
5735,81,AKarakatsanis
5735,82,MJMoldaver
5735,83,RWagner
5736,67,BMcLachlin
5736,77,RSAbella
5736,80,TACromwell
5736,81,AKarakatsanis
5736,82,MJMoldaver
5736,83,RWagner
5736,84,CGascon
5736,85,SCôté
5736,86,RBrown
5737,67,BMcLachlin
5737,79,MRothstein
5737,82,MJMoldaver
5737,83,RWagner
5737,84,CGascon
5738,67,BMcLachlin
5738,74,LLeBel
5738,77,RSAbella
5738,79,MRothstein
5738,81,AKarakatsanis
5738,82,MJMoldaver
5738,83,RWagner
5739,67,BMcLachlin
5739,74,LLeBel
5739,77,RSAbella
5739,79,MRothstein
5739,80,TACromwell
5739,82,MJMoldaver
5739,83,RWagner
5740,67,BMcLachlin
5740,77,RSAbella
5740,80,TACromwell
5740,81,AKarakatsanis
5740,82,MJMoldaver
5740,83,RWagner
5740,84,CGascon
5740,85,SCôté
5740,86,RBrown
5741,67,BMcLachlin
5741,75,MDeschamps
5741,77,RSAbella
5741,79,MRothstein
5741,80,TACromwell
5741,82,MJMoldaver
5741,83,RWagner
5742,67,BMcLachlin
5742,77,RSAbella
5742,79,MRothstein
5742,80,TACromwell
5742,81,AKarakatsanis
5742,83,RWagner
5742,84,CGascon
5743,67,BMcLachlin
5743,79,MRothstein
5743,80,TACromwell
5743,81,AKarakatsanis
5743,82,MJMoldaver
5743,83,RWagner
5743,84,CGascon
5744,67,BMcLachlin
5744,74,LLeBel
5744,77,RSAbella
5744,80,TACromwell
5744,81,AKarakatsanis
5744,82,MJMoldaver
5744,83,RWagner
5745,77,RSAbella
5745,80,TACromwell
5745,82,MJMoldaver
5745,83,RWagner
5745,84,CGascon
5746,67,BMcLachlin
5746,74,LLeBel
5746,77,RSAbella
5746,79,MRothstein
5746,80,TACromwell
5746,81,AKarakatsanis
5746,83,RWagner
5747,77,RSAbella
5747,81,AKarakatsanis
5747,82,MJMoldaver
5747,85,SCôté
5747,86,RBrown
5747,88,SMartin
5747,89,NKasirer
5748,67,BMcLachlin
5748,74,LLeBel
5748,77,RSAbella
5748,79,MRothstein
5748,80,TACromwell
5748,81,AKarakatsanis
5748,83,RWagner
5749,67,BMcLachlin
5749,77,RSAbella
5749,79,MRothstein
5749,80,TACromwell
5749,81,AKarakatsanis
5749,82,MJMoldaver
5749,83,RWagner
5750,67,BMcLachlin
5750,74,LLeBel
5750,77,RSAbella
5750,79,MRothstein
5750,80,TACromwell
5750,81,AKarakatsanis
5750,83,RWagner
5751,67,BMcLachlin
5751,74,LLeBel
5751,77,RSAbella
5751,79,MRothstein
5751,80,TACromwell
5751,82,MJMoldaver
5751,83,RWagner
5752,67,BMcLachlin
5752,74,LLeBel
5752,77,RSAbella
5752,79,MRothstein
5752,80,TACromwell
5752,81,AKarakatsanis
5752,82,MJMoldaver
5752,83,RWagner
5752,84,CGascon
5753,67,BMcLachlin
5753,74,LLeBel
5753,77,RSAbella
5753,80,TACromwell
5753,81,AKarakatsanis
5753,82,MJMoldaver
5753,83,RWagner
5754,77,RSAbella
5754,79,MRothstein
5754,80,TACromwell
5754,81,AKarakatsanis
5754,82,MJMoldaver
5754,83,RWagner
5754,84,CGascon
5755,67,BMcLachlin
5755,74,LLeBel
5755,77,RSAbella
5755,79,MRothstein
5755,80,TACromwell
5755,81,AKarakatsanis
5755,82,MJMoldaver
5756,67,BMcLachlin
5756,74,LLeBel
5756,77,RSAbella
5756,79,MRothstein
5756,80,TACromwell
5756,81,AKarakatsanis
5756,82,MJMoldaver
5756,83,RWagner
5756,84,CGascon
5757,67,BMcLachlin
5757,74,LLeBel
5757,77,RSAbella
5757,80,TACromwell
5757,81,AKarakatsanis
5757,82,MJMoldaver
5757,83,RWagner
5758,67,BMcLachlin
5758,77,RSAbella
5758,79,MRothstein
5758,80,TACromwell
5758,81,AKarakatsanis
5758,82,MJMoldaver
5758,83,RWagner
5759,67,BMcLachlin
5759,77,RSAbella
5759,80,TACromwell
5759,82,MJMoldaver
5759,83,RWagner
5760,77,RSAbella
5760,79,MRothstein
5760,80,TACromwell
5760,81,AKarakatsanis
5760,82,MJMoldaver
5760,83,RWagner
5760,84,CGascon
5761,67,BMcLachlin
5761,77,RSAbella
5761,79,MRothstein
5761,80,TACromwell
5761,81,AKarakatsanis
5761,82,MJMoldaver
5761,83,RWagner
5763,67,BMcLachlin
5763,79,MRothstein
5763,80,TACromwell
5763,81,AKarakatsanis
5763,82,MJMoldaver
5764,77,RSAbella
5764,82,MJMoldaver
5764,84,CGascon
5764,86,RBrown
5764,87,MRowe
5765,67,BMcLachlin
5765,74,LLeBel
5765,77,RSAbella
5765,79,MRothstein
5765,80,TACromwell
5765,81,AKarakatsanis
5765,82,MJMoldaver
5766,77,RSAbella
5766,82,MJMoldaver
5766,84,CGascon
5766,86,RBrown
5766,87,MRowe
5768,67,BMcLachlin
5768,77,RSAbella
5768,82,MJMoldaver
5768,83,RWagner
5768,84,CGascon
5768,86,RBrown
5768,87,MRowe
5769,67,BMcLachlin
5769,77,RSAbella
5769,81,AKarakatsanis
5769,82,MJMoldaver
5769,83,RWagner
5769,84,CGascon
5769,85,SCôté
5769,86,RBrown
5769,87,MRowe
5770,67,BMcLachlin
5770,77,RSAbella
5770,81,AKarakatsanis
5770,82,MJMoldaver
5770,83,RWagner
5770,84,CGascon
5770,85,SCôté
5770,86,RBrown
5770,87,MRowe
5771,67,BMcLachlin
5771,77,RSAbella
5771,81,AKarakatsanis
5771,82,MJMoldaver
5771,83,RWagner
5771,84,CGascon
5771,85,SCôté
5771,86,RBrown
5771,87,MRowe
5772,67,BMcLachlin
5772,81,AKarakatsanis
5772,83,RWagner
5772,84,CGascon
5772,85,SCôté
5772,86,RBrown
5772,87,MRowe
5773,67,BMcLachlin
5773,77,RSAbella
5773,81,AKarakatsanis
5773,82,MJMoldaver
5773,83,RWagner
5773,84,CGascon
5773,85,SCôté
5773,86,RBrown
5773,87,MRowe
5774,77,RSAbella
5774,79,MRothstein
5774,80,TACromwell
5774,81,AKarakatsanis
5774,82,MJMoldaver
5775,67,BMcLachlin
5775,77,RSAbella
5775,79,MRothstein
5775,81,AKarakatsanis
5775,82,MJMoldaver
5775,84,CGascon
5775,85,SCôté
5776,67,BMcLachlin
5776,74,LLeBel
5776,77,RSAbella
5776,79,MRothstein
5776,80,TACromwell
5776,81,AKarakatsanis
5776,82,MJMoldaver
5777,67,BMcLachlin
5777,74,LLeBel
5777,77,RSAbella
5777,79,MRothstein
5777,80,TACromwell
5777,81,AKarakatsanis
5777,82,MJMoldaver
5777,83,RWagner
5777,84,CGascon
5778,67,BMcLachlin
5778,74,LLeBel
5778,77,RSAbella
5778,79,MRothstein
5778,80,TACromwell
5778,81,AKarakatsanis
5778,82,MJMoldaver
5778,83,RWagner
5778,84,CGascon
5779,77,RSAbella
5779,80,TACromwell
5779,82,MJMoldaver
5779,83,RWagner
5779,84,CGascon
5780,77,RSAbella
5780,80,TACromwell
5780,82,MJMoldaver
5780,83,RWagner
5780,84,CGascon
5781,67,BMcLachlin
5781,74,LLeBel
5781,77,RSAbella
5781,79,MRothstein
5781,80,TACromwell
5781,82,MJMoldaver
5781,83,RWagner
5782,67,BMcLachlin
5782,74,LLeBel
5782,77,RSAbella
5782,79,MRothstein
5782,80,TACromwell
5782,81,AKarakatsanis
5782,82,MJMoldaver
5782,83,RWagner
5782,84,CGascon
5783,67,BMcLachlin
5783,77,RSAbella
5783,79,MRothstein
5783,80,TACromwell
5783,81,AKarakatsanis
5783,82,MJMoldaver
5783,83,RWagner
5784,67,BMcLachlin
5784,77,RSAbella
5784,79,MRothstein
5784,80,TACromwell
5784,81,AKarakatsanis
5784,82,MJMoldaver
5784,83,RWagner
5785,77,RSAbella
5785,79,MRothstein
5785,80,TACromwell
5785,81,AKarakatsanis
5785,83,RWagner
5785,84,CGascon
5785,85,SCôté
5786,67,BMcLachlin
5786,77,RSAbella
5786,79,MRothstein
5786,80,TACromwell
5786,81,AKarakatsanis
5786,82,MJMoldaver
5786,83,RWagner
5786,84,CGascon
5786,85,SCôté
5787,67,BMcLachlin
5787,77,RSAbella
5787,79,MRothstein
5787,80,TACromwell
5787,81,AKarakatsanis
5787,82,MJMoldaver
5787,83,RWagner
5787,84,CGascon
5787,85,SCôté
5789,67,BMcLachlin
5789,77,RSAbella
5789,81,AKarakatsanis
5789,82,MJMoldaver
5789,83,RWagner
5789,84,CGascon
5789,85,SCôté
5789,86,RBrown
5789,87,MRowe
5790,67,BMcLachlin
5790,77,RSAbella
5790,81,AKarakatsanis
5790,82,MJMoldaver
5790,83,RWagner
5790,84,CGascon
5790,85,SCôté
5790,86,RBrown
5790,87,MRowe
5791,67,BMcLachlin
5791,77,RSAbella
5791,81,AKarakatsanis
5791,82,MJMoldaver
5791,83,RWagner
5791,84,CGascon
5791,85,SCôté
5791,86,RBrown
5791,87,MRowe
5792,77,RSAbella
5792,81,AKarakatsanis
5792,82,MJMoldaver
5792,83,RWagner
5792,84,CGascon
5792,85,SCôté
5792,87,MRowe
5793,77,RSAbella
5793,81,AKarakatsanis
5793,82,MJMoldaver
5793,83,RWagner
5793,84,CGascon
5793,85,SCôté
5793,86,RBrown
5793,87,MRowe
5793,88,SMartin
5794,67,BMcLachlin
5794,77,RSAbella
5794,80,TACromwell
5794,81,AKarakatsanis
5794,82,MJMoldaver
5794,83,RWagner
5794,84,CGascon
5794,85,SCôté
5794,86,RBrown
5795,67,BMcLachlin
5795,77,RSAbella
5795,80,TACromwell
5795,81,AKarakatsanis
5795,82,MJMoldaver
5795,83,RWagner
5795,84,CGascon
5795,85,SCôté
5795,86,RBrown
5796,67,BMcLachlin
5796,77,RSAbella
5796,79,MRothstein
5796,81,AKarakatsanis
5796,82,MJMoldaver
5796,83,RWagner
5796,84,CGascon
5797,67,BMcLachlin
5797,77,RSAbella
5797,80,TACromwell
5797,81,AKarakatsanis
5797,82,MJMoldaver
5797,83,RWagner
5797,84,CGascon
5798,67,BMcLachlin
5798,77,RSAbella
5798,79,MRothstein
5798,80,TACromwell
5798,82,MJMoldaver
5798,83,RWagner
5798,84,CGascon
5799,67,BMcLachlin
5799,74,LLeBel
5799,77,RSAbella
5799,81,AKarakatsanis
5799,82,MJMoldaver
5799,83,RWagner
5799,84,CGascon
5800,67,BMcLachlin
5800,77,RSAbella
5800,80,TACromwell
5800,81,AKarakatsanis
5800,82,MJMoldaver
5800,85,SCôté
5800,86,RBrown
5801,67,BMcLachlin
5801,77,RSAbella
5801,80,TACromwell
5801,81,AKarakatsanis
5801,82,MJMoldaver
5801,83,RWagner
5801,84,CGascon
5801,85,SCôté
5801,86,RBrown
5802,67,BMcLachlin
5802,77,RSAbella
5802,80,TACromwell
5802,81,AKarakatsanis
5802,82,MJMoldaver
5802,83,RWagner
5802,84,CGascon
5802,85,SCôté
5802,86,RBrown
5803,80,TACromwell
5803,81,AKarakatsanis
5803,82,MJMoldaver
5803,83,RWagner
5803,84,CGascon
5803,85,SCôté
5803,86,RBrown
5804,77,RSAbella
5804,81,AKarakatsanis
5804,82,MJMoldaver
5804,84,CGascon
5804,86,RBrown
5804,87,MRowe
5804,88,SMartin
5805,77,RSAbella
5805,81,AKarakatsanis
5805,82,MJMoldaver
5805,83,RWagner
5805,84,CGascon
5805,85,SCôté
5805,86,RBrown
5805,87,MRowe
5805,88,SMartin
5806,77,RSAbella
5806,81,AKarakatsanis
5806,82,MJMoldaver
5806,83,RWagner
5806,84,CGascon
5806,85,SCôté
5806,86,RBrown
5806,87,MRowe
5806,88,SMartin
5807,77,RSAbella
5807,81,AKarakatsanis
5807,82,MJMoldaver
5807,83,RWagner
5807,84,CGascon
5807,85,SCôté
5807,86,RBrown
5807,87,MRowe
5807,88,SMartin
5808,67,BMcLachlin
5808,77,RSAbella
5808,79,MRothstein
5808,81,AKarakatsanis
5808,82,MJMoldaver
5808,83,RWagner
5808,84,CGascon
5809,67,BMcLachlin
5809,77,RSAbella
5809,79,MRothstein
5809,80,TACromwell
5809,81,AKarakatsanis
5809,82,MJMoldaver
5809,83,RWagner
5809,84,CGascon
5809,85,SCôté
5810,67,BMcLachlin
5810,77,RSAbella
5810,79,MRothstein
5810,81,AKarakatsanis
5810,82,MJMoldaver
5810,83,RWagner
5810,84,CGascon
5811,67,BMcLachlin
5811,79,MRothstein
5811,80,TACromwell
5811,81,AKarakatsanis
5811,82,MJMoldaver
5811,83,RWagner
5811,84,CGascon
5812,67,BMcLachlin
5812,77,RSAbella
5812,79,MRothstein
5812,80,TACromwell
5812,81,AKarakatsanis
5812,82,MJMoldaver
5812,83,RWagner
5812,84,CGascon
5812,85,SCôté
5813,67,BMcLachlin
5813,77,RSAbella
5813,80,TACromwell
5813,81,AKarakatsanis
5813,82,MJMoldaver
5813,83,RWagner
5813,84,CGascon
5814,67,BMcLachlin
5814,77,RSAbella
5814,79,MRothstein
5814,80,TACromwell
5814,81,AKarakatsanis
5814,82,MJMoldaver
5814,83,RWagner
5814,84,CGascon
5814,85,SCôté
5815,67,BMcLachlin
5815,77,RSAbella
5815,81,AKarakatsanis
5815,82,MJMoldaver
5815,83,RWagner
5815,85,SCôté
5815,86,RBrown
5816,67,BMcLachlin
5816,77,RSAbella
5816,80,TACromwell
5816,81,AKarakatsanis
5816,82,MJMoldaver
5816,83,RWagner
5816,84,CGascon
5816,85,SCôté
5816,86,RBrown
5817,67,BMcLachlin
5817,77,RSAbella
5817,80,TACromwell
5817,81,AKarakatsanis
5817,82,MJMoldaver
5817,83,RWagner
5817,84,CGascon
5817,85,SCôté
5817,86,RBrown
5818,67,BMcLachlin
5818,77,RSAbella
5818,79,MRothstein
5818,80,TACromwell
5818,81,AKarakatsanis
5818,82,MJMoldaver
5818,83,RWagner
5818,84,CGascon
5818,85,SCôté
5819,67,BMcLachlin
5819,77,RSAbella
5819,79,MRothstein
5819,80,TACromwell
5819,82,MJMoldaver
5819,83,RWagner
5819,84,CGascon
5820,67,BMcLachlin
5820,77,RSAbella
5820,80,TACromwell
5820,81,AKarakatsanis
5820,83,RWagner
5820,84,CGascon
5820,85,SCôté
5821,67,BMcLachlin
5821,74,LLeBel
5821,77,RSAbella
5821,79,MRothstein
5821,80,TACromwell
5821,81,AKarakatsanis
5821,82,MJMoldaver
5821,83,RWagner
5821,84,CGascon
5822,77,RSAbella
5822,81,AKarakatsanis
5822,82,MJMoldaver
5822,83,RWagner
5822,84,CGascon
5822,85,SCôté
5822,86,RBrown
5822,87,MRowe
5822,88,SMartin
5823,77,RSAbella
5823,81,AKarakatsanis
5823,82,MJMoldaver
5823,83,RWagner
5823,84,CGascon
5823,85,SCôté
5823,86,RBrown
5823,87,MRowe
5823,88,SMartin
5824,67,BMcLachlin
5824,77,RSAbella
5824,80,TACromwell
5824,81,AKarakatsanis
5824,82,MJMoldaver
5824,83,RWagner
5824,84,CGascon
5824,85,SCôté
5824,86,RBrown
5825,67,BMcLachlin
5825,77,RSAbella
5825,79,MRothstein
5825,80,TACromwell
5825,83,RWagner
5825,84,CGascon
5825,85,SCôté
5826,67,BMcLachlin
5826,77,RSAbella
5826,79,MRothstein
5826,80,TACromwell
5826,81,AKarakatsanis
5826,82,MJMoldaver
5826,83,RWagner
5826,84,CGascon
5826,85,SCôté
5827,77,RSAbella
5827,79,MRothstein
5827,80,TACromwell
5827,81,AKarakatsanis
5827,82,MJMoldaver
5828,67,BMcLachlin
5828,77,RSAbella
5828,79,MRothstein
5828,80,TACromwell
5828,81,AKarakatsanis
5828,83,RWagner
5828,85,SCôté
5829,79,MRothstein
5829,80,TACromwell
5829,81,AKarakatsanis
5829,82,MJMoldaver
5829,83,RWagner
5829,84,CGascon
5829,85,SCôté
5830,77,RSAbella
5830,79,MRothstein
5830,80,TACromwell
5830,81,AKarakatsanis
5830,82,MJMoldaver
5830,83,RWagner
5830,84,CGascon
5831,77,RSAbella
5831,81,AKarakatsanis
5831,82,MJMoldaver
5831,83,RWagner
5831,85,SCôté
5831,86,RBrown
5831,87,MRowe
5831,88,SMartin
5831,89,NKasirer
5832,67,BMcLachlin
5832,77,RSAbella
5832,79,MRothstein
5832,80,TACromwell
5832,81,AKarakatsanis
5832,83,RWagner
5832,84,CGascon
5833,77,RSAbella
5833,83,RWagner
5833,85,SCôté
5833,87,MRowe
5833,88,SMartin
5834,77,RSAbella
5834,81,AKarakatsanis
5834,82,MJMoldaver
5834,83,RWagner
5834,84,CGascon
5834,85,SCôté
5834,86,RBrown
5834,87,MRowe
5834,88,SMartin
5835,77,RSAbella
5835,81,AKarakatsanis
5835,82,MJMoldaver
5835,83,RWagner
5835,84,CGascon
5835,85,SCôté
5835,86,RBrown
5835,87,MRowe
5835,88,SMartin
5836,77,RSAbella
5836,81,AKarakatsanis
5836,82,MJMoldaver
5836,83,RWagner
5836,84,CGascon
5836,85,SCôté
5836,86,RBrown
5836,87,MRowe
5836,88,SMartin
5838,67,BMcLachlin
5838,77,RSAbella
5838,81,AKarakatsanis
5838,82,MJMoldaver
5838,83,RWagner
5838,84,CGascon
5838,85,SCôté
5838,86,RBrown
5838,87,MRowe
5839,77,RSAbella
5839,82,MJMoldaver
5839,85,SCôté
5839,86,RBrown
5839,88,SMartin
5840,77,RSAbella
5840,81,AKarakatsanis
5840,82,MJMoldaver
5840,83,RWagner
5840,85,SCôté
5840,86,RBrown
5840,87,MRowe
5840,88,SMartin
5840,89,NKasirer
5841,67,BMcLachlin
5841,79,MRothstein
5841,80,TACromwell
5841,82,MJMoldaver
5841,83,RWagner
5841,84,CGascon
5841,85,SCôté
5842,67,BMcLachlin
5842,77,RSAbella
5842,79,MRothstein
5842,80,TACromwell
5842,81,AKarakatsanis
5842,82,MJMoldaver
5842,84,CGascon
5843,67,BMcLachlin
5843,77,RSAbella
5843,79,MRothstein
5843,80,TACromwell
5843,81,AKarakatsanis
5843,82,MJMoldaver
5843,84,CGascon
5844,80,TACromwell
5845,77,RSAbella
5845,81,AKarakatsanis
5845,82,MJMoldaver
5845,83,RWagner
5845,84,CGascon
5845,85,SCôté
5845,86,RBrown
5845,87,MRowe
5845,88,SMartin
5846,77,RSAbella
5846,81,AKarakatsanis
5846,82,MJMoldaver
5846,83,RWagner
5846,84,CGascon
5846,85,SCôté
5846,86,RBrown
5846,87,MRowe
5846,88,SMartin
5847,82,MJMoldaver
5847,85,SCôté
5847,86,RBrown
5847,87,MRowe
5847,88,SMartin
5848,77,RSAbella
5848,81,AKarakatsanis
5848,82,MJMoldaver
5848,83,RWagner
5848,84,CGascon
5848,85,SCôté
5848,86,RBrown
5848,87,MRowe
5848,88,SMartin
5849,77,RSAbella
5849,81,AKarakatsanis
5849,82,MJMoldaver
5849,83,RWagner
5849,85,SCôté
5849,86,RBrown
5849,87,MRowe
5849,88,SMartin
5849,89,NKasirer
5850,77,RSAbella
5850,81,AKarakatsanis
5850,85,SCôté
5850,86,RBrown
5850,87,MRowe
5851,77,RSAbella
5851,81,AKarakatsanis
5851,82,MJMoldaver
5851,83,RWagner
5851,84,CGascon
5851,85,SCôté
5851,86,RBrown
5851,87,MRowe
5851,88,SMartin
5852,77,RSAbella
5852,81,AKarakatsanis
5852,82,MJMoldaver
5852,83,RWagner
5852,84,CGascon
5852,85,SCôté
5852,86,RBrown
5852,87,MRowe
5852,88,SMartin
5854,77,RSAbella
5854,81,AKarakatsanis
5854,82,MJMoldaver
5854,83,RWagner
5854,84,CGascon
5854,85,SCôté
5854,86,RBrown
5854,87,MRowe
5854,88,SMartin
5855,82,MJMoldaver
5855,85,SCôté
5855,87,MRowe
5855,88,SMartin
5855,89,NKasirer
5856,77,RSAbella
5856,81,AKarakatsanis
5856,82,MJMoldaver
5856,83,RWagner
5856,85,SCôté
5856,86,RBrown
5856,87,MRowe
5856,88,SMartin
5856,89,NKasirer
5858,77,RSAbella
5858,81,AKarakatsanis
5858,82,MJMoldaver
5858,83,RWagner
5858,84,CGascon
5858,85,SCôté
5858,86,RBrown
5858,87,MRowe
5858,88,SMartin
5859,77,RSAbella
5859,81,AKarakatsanis
5859,82,MJMoldaver
5859,83,RWagner
5859,84,CGascon
5859,85,SCôté
5859,86,RBrown
5859,87,MRowe
5859,88,SMartin
5860,77,RSAbella
5860,81,AKarakatsanis
5860,82,MJMoldaver
5860,83,RWagner
5860,84,CGascon
5860,85,SCôté
5860,86,RBrown
5860,87,MRowe
5860,88,SMartin
5861,77,RSAbella
5861,82,MJMoldaver
5861,83,RWagner
5861,87,MRowe
5861,88,SMartin
5862,81,AKarakatsanis
5862,82,MJMoldaver
5862,85,SCôté
5862,86,RBrown
5862,88,SMartin
5863,77,RSAbella
5863,81,AKarakatsanis
5863,82,MJMoldaver
5863,83,RWagner
5863,84,CGascon
5863,85,SCôté
5863,86,RBrown
5863,87,MRowe
5863,88,SMartin
5864,81,AKarakatsanis
5864,82,MJMoldaver
5864,83,RWagner
5864,84,CGascon
5864,85,SCôté
5864,86,RBrown
5864,87,MRowe
5865,84,CGascon
5865,85,SCôté
5865,86,RBrown
5865,87,MRowe
5865,88,SMartin
5866,77,RSAbella
5866,81,AKarakatsanis
5866,82,MJMoldaver
5866,84,CGascon
5866,85,SCôté
5867,77,RSAbella
5867,81,AKarakatsanis
5867,82,MJMoldaver
5867,83,RWagner
5867,84,CGascon
5867,85,SCôté
5867,86,RBrown
5867,87,MRowe
5867,88,SMartin
5868,77,RSAbella
5868,81,AKarakatsanis
5868,82,MJMoldaver
5868,83,RWagner
5868,84,CGascon
5868,85,SCôté
5868,86,RBrown
5869,77,RSAbella
5869,81,AKarakatsanis
5869,82,MJMoldaver
5869,83,RWagner
5869,85,SCôté
5869,86,RBrown
5869,87,MRowe
5869,88,SMartin
5869,89,NKasirer
5870,77,RSAbella
5870,81,AKarakatsanis
5870,82,MJMoldaver
5870,83,RWagner
5870,85,SCôté
5870,86,RBrown
5870,87,MRowe
5870,88,SMartin
5870,89,NKasirer
5871,67,BMcLachlin
5871,77,RSAbella
5871,80,TACromwell
5871,81,AKarakatsanis
5871,82,MJMoldaver
5871,83,RWagner
5871,84,CGascon
5871,85,SCôté
5871,86,RBrown
5872,67,BMcLachlin
5872,77,RSAbella
5872,80,TACromwell
5872,81,AKarakatsanis
5872,83,RWagner
5872,84,CGascon
5872,85,SCôté
5873,67,BMcLachlin
5873,77,RSAbella
5873,80,TACromwell
5873,81,AKarakatsanis
5873,82,MJMoldaver
5873,83,RWagner
5873,84,CGascon
5873,85,SCôté
5873,86,RBrown
5874,67,BMcLachlin
5874,74,LLeBel
5874,77,RSAbella
5874,79,MRothstein
5874,80,TACromwell
5874,81,AKarakatsanis
5874,83,RWagner
5875,67,BMcLachlin
5875,77,RSAbella
5875,80,TACromwell
5875,81,AKarakatsanis
5875,82,MJMoldaver
5875,83,RWagner
5875,84,CGascon
5876,67,BMcLachlin
5876,74,LLeBel
5876,77,RSAbella
5876,79,MRothstein
5876,80,TACromwell
5876,82,MJMoldaver
5876,83,RWagner
5877,81,AKarakatsanis
5877,82,MJMoldaver
5877,84,CGascon
5877,87,MRowe
5877,88,SMartin
5878,77,RSAbella
5878,81,AKarakatsanis
5878,82,MJMoldaver
5878,83,RWagner
5878,84,CGascon
5878,85,SCôté
5878,86,RBrown
5878,87,MRowe
5878,88,SMartin
5879,77,RSAbella
5879,81,AKarakatsanis
5879,82,MJMoldaver
5879,83,RWagner
5879,86,RBrown
5880,77,RSAbella
5880,81,AKarakatsanis
5880,82,MJMoldaver
5880,83,RWagner
5880,85,SCôté
5880,86,RBrown
5880,87,MRowe
5880,88,SMartin
5880,89,NKasirer
5881,77,RSAbella
5881,81,AKarakatsanis
5881,82,MJMoldaver
5881,83,RWagner
5881,85,SCôté
5881,86,RBrown
5881,87,MRowe
5881,88,SMartin
5881,89,NKasirer
5882,77,RSAbella
5882,81,AKarakatsanis
5882,83,RWagner
5882,85,SCôté
5882,86,RBrown
5882,87,MRowe
5882,88,SMartin
5883,77,RSAbella
5883,81,AKarakatsanis
5883,82,MJMoldaver
5883,83,RWagner
5883,84,CGascon
5883,85,SCôté
5883,86,RBrown
5883,87,MRowe
5883,88,SMartin
5884,81,AKarakatsanis
5884,82,MJMoldaver
5884,83,RWagner
5884,85,SCôté
5884,86,RBrown
5884,87,MRowe
5884,88,SMartin
5885,77,RSAbella
5885,81,AKarakatsanis
5885,82,MJMoldaver
5885,83,RWagner
5885,85,SCôté
5885,86,RBrown
5885,87,MRowe
5886,81,AKarakatsanis
5886,82,MJMoldaver
5886,83,RWagner
5886,86,RBrown
5886,88,SMartin
5887,77,RSAbella
5887,81,AKarakatsanis
5887,82,MJMoldaver
5887,83,RWagner
5887,84,CGascon
5887,85,SCôté
5887,86,RBrown
5887,87,MRowe
5887,88,SMartin
5888,77,RSAbella
5888,86,RBrown
5888,87,MRowe
5888,88,SMartin
5888,89,NKasirer
5889,77,RSAbella
5889,81,AKarakatsanis
5889,82,MJMoldaver
5889,83,RWagner
5889,85,SCôté
5889,86,RBrown
5889,87,MRowe
5889,88,SMartin
5889,89,NKasirer
5890,82,MJMoldaver
5891,77,RSAbella
5891,81,AKarakatsanis
5891,82,MJMoldaver
5891,83,RWagner
5891,84,CGascon
5891,85,SCôté
5891,86,RBrown
5891,87,MRowe
5891,88,SMartin
5892,77,RSAbella
5892,81,AKarakatsanis
5892,82,MJMoldaver
5892,84,CGascon
5892,86,RBrown
5892,87,MRowe
5892,88,SMartin
5893,77,RSAbella
5893,81,AKarakatsanis
5893,82,MJMoldaver
5893,83,RWagner
5893,84,CGascon
5893,85,SCôté
5893,86,RBrown
5893,87,MRowe
5893,88,SMartin
5894,77,RSAbella
5894,81,AKarakatsanis
5894,82,MJMoldaver
5894,83,RWagner
5894,85,SCôté
5894,86,RBrown
5894,87,MRowe
5895,77,RSAbella
5895,81,AKarakatsanis
5895,82,MJMoldaver
5895,83,RWagner
5895,86,RBrown
5895,87,MRowe
5895,88,SMartin
5896,77,RSAbella
5896,81,AKarakatsanis
5896,82,MJMoldaver
5896,83,RWagner
5896,84,CGascon
5896,85,SCôté
5896,86,RBrown
5896,87,MRowe
5896,88,SMartin
5897,77,RSAbella
5897,81,AKarakatsanis
5897,82,MJMoldaver
5897,83,RWagner
5897,85,SCôté
5897,86,RBrown
5897,88,SMartin
5898,77,RSAbella
5898,81,AKarakatsanis
5898,82,MJMoldaver
5898,83,RWagner
5898,85,SCôté
5898,86,RBrown
5898,87,MRowe
5898,88,SMartin
5898,89,NKasirer
5899,77,RSAbella
5899,81,AKarakatsanis
5899,82,MJMoldaver
5899,83,RWagner
5899,85,SCôté
5899,86,RBrown
5899,87,MRowe
5899,88,SMartin
5899,89,NKasirer
5900,77,RSAbella
5900,81,AKarakatsanis
5900,82,MJMoldaver
5900,83,RWagner
5900,84,CGascon
5900,85,SCôté
5900,86,RBrown
5900,87,MRowe
5900,88,SMartin
5901,77,RSAbella
5901,82,MJMoldaver
5901,83,RWagner
5901,85,SCôté
5901,86,RBrown
5901,87,MRowe
5901,88,SMartin
5902,81,AKarakatsanis
5902,85,SCôté
5902,86,RBrown
5902,88,SMartin
5902,89,NKasirer
5903,77,RSAbella
5903,81,AKarakatsanis
5903,82,MJMoldaver
5903,83,RWagner
5903,85,SCôté
5903,86,RBrown
5903,88,SMartin
5904,77,RSAbella
5904,82,MJMoldaver
5904,87,MRowe
5904,88,SMartin
5904,89,NKasirer
5905,77,RSAbella
5905,81,AKarakatsanis
5905,82,MJMoldaver
5905,83,RWagner
5905,84,CGascon
5905,86,RBrown
5905,88,SMartin
5906,77,RSAbella
5906,81,AKarakatsanis
5906,82,MJMoldaver
5906,83,RWagner
5906,84,CGascon
5906,85,SCôté
5906,86,RBrown
5906,87,MRowe
5906,88,SMartin
5907,77,RSAbella
5907,81,AKarakatsanis
5907,82,MJMoldaver
5907,83,RWagner
5907,84,CGascon
5907,85,SCôté
5907,86,RBrown
5907,87,MRowe
5907,88,SMartin
5908,77,RSAbella
5908,81,AKarakatsanis
5908,82,MJMoldaver
5908,83,RWagner
5908,85,SCôté
5908,86,RBrown
5908,87,MRowe
5908,88,SMartin
5908,89,NKasirer
5909,77,RSAbella
5909,81,AKarakatsanis
5909,82,MJMoldaver
5909,83,RWagner
5909,85,SCôté
5909,86,RBrown
5909,87,MRowe
5909,88,SMartin
5909,89,NKasirer
5910,77,RSAbella
5910,81,AKarakatsanis
5910,82,MJMoldaver
5910,83,RWagner
5910,85,SCôté
5910,86,RBrown
5910,87,MRowe
5910,88,SMartin
5910,89,NKasirer
5911,77,RSAbella
5911,81,AKarakatsanis
5911,82,MJMoldaver
5911,83,RWagner
5911,85,SCôté
5911,86,RBrown
5911,87,MRowe
5911,88,SMartin
5911,89,NKasirer
5912,77,RSAbella
5912,81,AKarakatsanis
5912,82,MJMoldaver
5912,83,RWagner
5912,85,SCôté
5912,86,RBrown
5912,87,MRowe
5913,77,RSAbella
5913,81,AKarakatsanis
5913,82,MJMoldaver
5913,83,RWagner
5913,84,CGascon
5913,85,SCôté
5913,86,RBrown
5913,87,MRowe
5913,88,SMartin
5914,77,RSAbella
5914,81,AKarakatsanis
5914,82,MJMoldaver
5914,85,SCôté
5914,86,RBrown
5914,87,MRowe
5914,89,NKasirer
5915,77,RSAbella
5915,81,AKarakatsanis
5915,82,MJMoldaver
5915,83,RWagner
5915,84,CGascon
5915,85,SCôté
5915,86,RBrown
5915,87,MRowe
5915,88,SMartin
5916,77,RSAbella
5916,81,AKarakatsanis
5916,82,MJMoldaver
5916,83,RWagner
5916,84,CGascon
5916,85,SCôté
5916,86,RBrown
5916,87,MRowe
5916,88,SMartin
5917,77,RSAbella
5917,81,AKarakatsanis
5917,82,MJMoldaver
5917,83,RWagner
5917,84,CGascon
5917,85,SCôté
5917,86,RBrown
5917,87,MRowe
5917,88,SMartin
5918,77,RSAbella
5918,81,AKarakatsanis
5918,82,MJMoldaver
5918,85,SCôté
5918,86,RBrown
5918,87,MRowe
5918,88,SMartin
5919,77,RSAbella
5919,81,AKarakatsanis
5919,82,MJMoldaver
5919,83,RWagner
5919,85,SCôté
5919,86,RBrown
5919,87,MRowe
5919,88,SMartin
5919,89,NKasirer
5920,67,BMcLachlin
5920,77,RSAbella
5920,79,MRothstein
5920,81,AKarakatsanis
5920,82,MJMoldaver
5920,83,RWagner
5920,84,CGascon
5921,67,BMcLachlin
5921,74,LLeBel
5921,77,RSAbella
5921,79,MRothstein
5921,80,TACromwell
5921,81,AKarakatsanis
5921,83,RWagner
5922,67,BMcLachlin
5922,74,LLeBel
5922,77,RSAbella
5922,79,MRothstein
5922,80,TACromwell
5922,81,AKarakatsanis
5922,82,MJMoldaver
5923,67,BMcLachlin
5923,77,RSAbella
5923,80,TACromwell
5923,81,AKarakatsanis
5923,82,MJMoldaver
5923,83,RWagner
5923,84,CGascon
5923,85,SCôté
5923,86,RBrown
5924,67,BMcLachlin
5924,77,RSAbella
5924,81,AKarakatsanis
5924,82,MJMoldaver
5924,83,RWagner
5924,84,CGascon
5924,85,SCôté
5924,86,RBrown
5924,87,MRowe
5925,81,AKarakatsanis
5925,82,MJMoldaver
5925,83,RWagner
5925,86,RBrown
5925,87,MRowe
5926,67,BMcLachlin
5926,77,RSAbella
5926,82,MJMoldaver
5926,84,CGascon
5926,85,SCôté
5926,86,RBrown
5926,87,MRowe
5927,67,BMcLachlin
5927,77,RSAbella
5927,81,AKarakatsanis
5927,82,MJMoldaver
5927,83,RWagner
5927,84,CGascon
5927,85,SCôté
5928,67,BMcLachlin
5928,81,AKarakatsanis
5928,82,MJMoldaver
5928,83,RWagner
5928,84,CGascon
5928,85,SCôté
5928,86,RBrown
5929,67,BMcLachlin
5929,81,AKarakatsanis
5929,82,MJMoldaver
5929,83,RWagner
5929,84,CGascon
5929,85,SCôté
5929,86,RBrown
5930,67,BMcLachlin
5930,81,AKarakatsanis
5930,82,MJMoldaver
5930,83,RWagner
5930,84,CGascon
5930,85,SCôté
5930,86,RBrown
5931,77,RSAbella
5931,81,AKarakatsanis
5931,82,MJMoldaver
5931,83,RWagner
5931,85,SCôté
5931,86,RBrown
5931,87,MRowe
5932,77,RSAbella
5932,81,AKarakatsanis
5932,82,MJMoldaver
5932,84,CGascon
5932,87,MRowe
5933,81,AKarakatsanis
5933,83,RWagner
5933,84,CGascon
5933,85,SCôté
5933,86,RBrown
5934,67,BMcLachlin
5934,77,RSAbella
5934,81,AKarakatsanis
5934,82,MJMoldaver
5934,84,CGascon
5934,85,SCôté
5934,86,RBrown
5935,67,BMcLachlin
5935,77,RSAbella
5935,81,AKarakatsanis
5935,82,MJMoldaver
5935,83,RWagner
5935,84,CGascon
5935,85,SCôté
5935,86,RBrown
5935,87,MRowe
5936,67,BMcLachlin
5936,77,RSAbella
5936,80,TACromwell
5936,81,AKarakatsanis
5936,82,MJMoldaver
5936,83,RWagner
5936,84,CGascon
5936,85,SCôté
5936,87,MRowe
5937,67,BMcLachlin
5937,77,RSAbella
5937,81,AKarakatsanis
5937,82,MJMoldaver
5937,83,RWagner
5937,84,CGascon
5937,86,RBrown
5938,67,BMcLachlin
5938,77,RSAbella
5938,81,AKarakatsanis
5938,82,MJMoldaver
5938,83,RWagner
5938,84,CGascon
5938,85,SCôté
5939,67,BMcLachlin
5939,77,RSAbella
5939,81,AKarakatsanis
5939,82,MJMoldaver
5939,83,RWagner
5939,84,CGascon
5939,85,SCôté
5939,86,RBrown
5939,87,MRowe
5940,67,BMcLachlin
5940,77,RSAbella
5940,81,AKarakatsanis
5940,83,RWagner
5940,84,CGascon
5940,85,SCôté
5940,86,RBrown
5941,67,BMcLachlin
5941,77,RSAbella
5941,81,AKarakatsanis
5941,82,MJMoldaver
5941,83,RWagner
5941,84,CGascon
5941,85,SCôté
5942,77,RSAbella
5942,81,AKarakatsanis
5942,82,MJMoldaver
5942,83,RWagner
5942,84,CGascon
5942,85,SCôté
5942,86,RBrown
5943,83,RWagner
5943,84,CGascon
5943,85,SCôté
5943,86,RBrown
5943,87,MRowe
5944,67,BMcLachlin
5944,81,AKarakatsanis
5944,82,MJMoldaver
5944,83,RWagner
5944,84,CGascon
5944,85,SCôté
5944,86,RBrown
5945,67,BMcLachlin
5945,77,RSAbella
5945,81,AKarakatsanis
5945,82,MJMoldaver
5945,83,RWagner
5945,84,CGascon
5945,85,SCôté
5945,86,RBrown
5945,87,MRowe
5946,67,BMcLachlin
5946,77,RSAbella
5946,81,AKarakatsanis
5946,82,MJMoldaver
5946,83,RWagner
5946,84,CGascon
5946,85,SCôté
5946,86,RBrown
5946,87,MRowe
5947,77,RSAbella
5947,81,AKarakatsanis
5947,82,MJMoldaver
5947,83,RWagner
5947,84,CGascon
5947,85,SCôté
5947,86,RBrown
5948,67,BMcLachlin
5948,77,RSAbella
5948,81,AKarakatsanis
5948,82,MJMoldaver
5948,83,RWagner
5948,84,CGascon
5948,85,SCôté
5948,86,RBrown
5948,87,MRowe
5949,67,BMcLachlin
5949,77,RSAbella
5949,81,AKarakatsanis
5949,82,MJMoldaver
5949,83,RWagner
5949,84,CGascon
5949,85,SCôté
5949,86,RBrown
5949,87,MRowe
5950,59,ALamer
5950,64,JSopinka
5950,65,CDGonthier
5950,66,PCCory
5950,67,BMcLachlin
5951,59,ALamer
5951,62,GLForest
5951,63,CLHDube
5951,64,JSopinka
5951,65,CDGonthier
5951,66,PCCory
5951,67,BMcLachlin
5951,68,WStevenson
5951,69,FIacobucci
5952,59,ALamer
5952,62,GLForest
5952,63,CLHDube
5952,64,JSopinka
5952,65,CDGonthier
5952,66,PCCory
5952,67,BMcLachlin
5952,69,FIacobucci
5952,70,JCMajor
5953,47,RARitchie
5953,51,BLaskin
5953,52,RGBDickson
5953,53,JBeetz
5953,57,WRMcIntyre
5953,58,JChoinard
5953,60,BWilson
5954,52,RGBDickson
5954,55,WZEstey
5954,57,WRMcIntyre
5954,60,BWilson
5954,61,GELDain
5954,62,GLForest
5954,63,CLHDube
5955,52,RGBDickson
5955,60,BWilson
5955,62,GLForest
5955,63,CLHDube
5955,64,JSopinka
5955,65,CDGonthier
5955,66,PCCory
5956,52,RGBDickson
5956,59,ALamer
5956,60,BWilson
5956,62,GLForest
5956,63,CLHDube
5956,64,JSopinka
5956,65,CDGonthier
5956,66,PCCory
5956,67,BMcLachlin
5957,52,RGBDickson
5957,59,ALamer
5957,60,BWilson
5957,62,GLForest
5957,63,CLHDube
5957,64,JSopinka
5957,65,CDGonthier
5957,66,PCCory
5957,67,BMcLachlin
5958,52,RGBDickson
5958,59,ALamer
5958,60,BWilson
5958,62,GLForest
5958,63,CLHDube
5958,64,JSopinka
5958,65,CDGonthier
5958,66,PCCory
5958,67,BMcLachlin
5959,59,ALamer
5959,60,BWilson
5959,62,GLForest
5959,63,CLHDube
5959,64,JSopinka
5959,65,CDGonthier
5959,67,BMcLachlin
5960,77,RSAbella
5960,81,AKarakatsanis
5960,82,MJMoldaver
5960,83,RWagner
5960,85,SCôté
5960,86,RBrown
5960,87,MRowe
5961,82,MJMoldaver
5961,83,RWagner
5961,85,SCôté
5961,87,MRowe
5961,89,NKasirer
5962,82,MJMoldaver
5962,83,RWagner
5962,86,RBrown
5962,87,MRowe
5962,89,NKasirer
5964,81,AKarakatsanis
5964,82,MJMoldaver
5964,83,RWagner
5964,86,RBrown
5964,89,NKasirer
5965,81,AKarakatsanis
5965,82,MJMoldaver
5965,86,RBrown
5965,87,MRowe
5965,89,NKasirer
5966,77,RSAbella
5966,81,AKarakatsanis
5966,82,MJMoldaver
5966,83,RWagner
5966,85,SCôté
5966,86,RBrown
5966,87,MRowe
5966,88,SMartin
5966,89,NKasirer
5967,77,RSAbella
5967,81,AKarakatsanis
5967,82,MJMoldaver
5967,83,RWagner
5967,85,SCôté
5967,86,RBrown
5967,87,MRowe
5967,88,SMartin
5967,89,NKasirer
5968,77,RSAbella
5968,81,AKarakatsanis
5968,82,MJMoldaver
5968,83,RWagner
5968,85,SCôté
5968,86,RBrown
5968,87,MRowe
5968,88,SMartin
5968,89,NKasirer
5969,77,RSAbella
5969,81,AKarakatsanis
5969,82,MJMoldaver
5969,83,RWagner
5969,85,SCôté
5969,86,RBrown
5969,87,MRowe
5969,88,SMartin
5969,89,NKasirer
5970,81,AKarakatsanis
5970,82,MJMoldaver
5970,85,SCôté
5970,87,MRowe
5970,89,NKasirer
5971,77,RSAbella
5971,81,AKarakatsanis
5971,82,MJMoldaver
5971,83,RWagner
5971,85,SCôté
5971,86,RBrown
5971,87,MRowe
5971,88,SMartin
5971,89,NKasirer
5972,77,RSAbella
5972,81,AKarakatsanis
5972,82,MJMoldaver
5972,83,RWagner
5972,85,SCôté
5972,86,RBrown
5972,87,MRowe
5972,88,SMartin
5972,89,NKasirer
5973,77,RSAbella
5973,81,AKarakatsanis
5973,82,MJMoldaver
5973,83,RWagner
5973,85,SCôté
5973,86,RBrown
5973,87,MRowe
5973,88,SMartin
5973,89,NKasirer
5974,81,AKarakatsanis
5974,82,MJMoldaver
5974,83,RWagner
5974,86,RBrown
5974,87,MRowe
5974,88,SMartin
5974,89,NKasirer
5977,77,RSAbella
5977,81,AKarakatsanis
5977,82,MJMoldaver
5977,83,RWagner
5977,85,SCôté
5977,86,RBrown
5977,87,MRowe
5977,88,SMartin
5977,89,NKasirer
5978,77,RSAbella
5978,81,AKarakatsanis
5978,82,MJMoldaver
5978,83,RWagner
5978,85,SCôté
5978,86,RBrown
5978,87,MRowe
5978,88,SMartin
5978,89,NKasirer
5979,77,RSAbella
5979,81,AKarakatsanis
5979,82,MJMoldaver
5979,83,RWagner
5979,85,SCôté
5979,86,RBrown
5979,87,MRowe
5979,88,SMartin
5979,89,NKasirer
5980,77,RSAbella
5980,81,AKarakatsanis
5980,82,MJMoldaver
5980,83,RWagner
5980,85,SCôté
5980,86,RBrown
5980,87,MRowe
5980,88,SMartin
5980,89,NKasirer
5981,81,AKarakatsanis
5981,82,MJMoldaver
5981,85,SCôté
5981,86,RBrown
5981,87,MRowe
5981,88,SMartin
5981,89,NKasirer
5982,77,RSAbella
5982,81,AKarakatsanis
5982,82,MJMoldaver
5982,83,RWagner
5982,85,SCôté
5982,86,RBrown
5982,87,MRowe
5982,88,SMartin
5982,89,NKasirer
5983,77,RSAbella
5983,81,AKarakatsanis
5983,82,MJMoldaver
5983,83,RWagner
5983,85,SCôté
5983,86,RBrown
5983,87,MRowe
5983,88,SMartin
5983,89,NKasirer
5984,77,RSAbella
5984,81,AKarakatsanis
5984,82,MJMoldaver
5984,83,RWagner
5984,85,SCôté
5984,86,RBrown
5984,87,MRowe
5984,88,SMartin
5984,89,NKasirer
5985,81,AKarakatsanis
5985,82,MJMoldaver
5985,83,RWagner
5985,85,SCôté
5985,86,RBrown
5985,87,MRowe
5985,88,SMartin
5985,89,NKasirer
5985,90,Mjamal
5986,81,AKarakatsanis
5986,82,MJMoldaver
5986,83,RWagner
5986,85,SCôté
5986,86,RBrown
5986,87,MRowe
5986,88,SMartin
5986,89,NKasirer
5986,90,Mjamal
5987,81,AKarakatsanis
5987,82,MJMoldaver
5987,83,RWagner
5987,85,SCôté
5987,86,RBrown
5987,87,MRowe
5987,88,SMartin
5987,89,NKasirer
5987,90,Mjamal
5988,77,RSAbella
5988,81,AKarakatsanis
5988,82,MJMoldaver
5988,83,RWagner
5988,85,SCôté
5988,86,RBrown
5988,87,MRowe
5988,88,SMartin
5988,89,NKasirer
5989,81,AKarakatsanis
5989,82,MJMoldaver
5989,83,RWagner
5989,85,SCôté
5989,86,RBrown
5989,87,MRowe
5989,88,SMartin
5989,89,NKasirer
5989,90,Mjamal
5990,77,RSAbella
5990,81,AKarakatsanis
5990,82,MJMoldaver
5990,83,RWagner
5990,85,SCôté
5990,86,RBrown
5990,87,MRowe
5990,88,SMartin
5990,89,NKasirer
5991,81,AKarakatsanis
5991,82,MJMoldaver
5991,83,RWagner
5991,85,SCôté
5991,87,MRowe
5991,88,SMartin
5991,89,NKasirer
5992,77,RSAbella
5992,81,AKarakatsanis
5992,83,RWagner
5992,85,SCôté
5992,86,RBrown
5992,87,MRowe
5992,89,NKasirer
5993,77,RSAbella
5993,81,AKarakatsanis
5993,82,MJMoldaver
5993,83,RWagner
5993,85,SCôté
5993,86,RBrown
5993,87,MRowe
5993,88,SMartin
5993,89,NKasirer
5994,81,AKarakatsanis
5994,83,RWagner
5994,85,SCôté
5994,87,MRowe
5994,89,NKasirer
5995,82,MJMoldaver
5995,83,RWagner
5995,85,SCôté
5995,86,RBrown
5995,87,MRowe
5995,88,SMartin
5995,89,NKasirer
5996,81,AKarakatsanis
5996,82,MJMoldaver
5996,83,RWagner
5996,85,SCôté
5996,86,RBrown
5996,87,MRowe
5996,88,SMartin
5996,89,NKasirer
5996,90,Mjamal
5997,77,RSAbella
5997,81,AKarakatsanis
5997,82,MJMoldaver
5997,83,RWagner
5997,85,SCôté
5997,86,RBrown
5997,87,MRowe
5997,88,SMartin
5997,89,NKasirer
5998,81,AKarakatsanis
5998,82,MJMoldaver
5998,83,RWagner
5998,85,SCôté
5998,86,RBrown
5998,87,MRowe
5998,89,NKasirer
5999,77,RSAbella
5999,81,AKarakatsanis
5999,82,MJMoldaver
5999,83,RWagner
5999,85,SCôté
5999,86,RBrown
5999,87,MRowe
5999,88,SMartin
5999,89,NKasirer
6000,77,RSAbella
6000,81,AKarakatsanis
6000,82,MJMoldaver
6000,83,RWagner
6000,85,SCôté
6000,86,RBrown
6000,87,MRowe
6000,88,SMartin
6000,89,NKasirer
6001,81,AKarakatsanis
6001,82,MJMoldaver
6001,83,RWagner
6001,85,SCôté
6001,86,RBrown
6001,87,MRowe
6001,88,SMartin
6001,89,NKasirer
6001,90,Mjamal
6002,81,AKarakatsanis
6002,82,MJMoldaver
6002,83,RWagner
6002,85,SCôté
6002,86,RBrown
6002,88,SMartin
6002,89,NKasirer
6003,81,AKarakatsanis
6003,82,MJMoldaver
6003,83,RWagner
6003,85,SCôté
6003,86,RBrown
6003,87,MRowe
6003,88,SMartin
6003,89,NKasirer
6003,90,Mjamal
6195,77,RSAbella
6195,81,AKarakatsanis
6195,82,MJMoldaver
6195,83,RWagner
6195,85,SCôté
6195,86,RBrown
6195,87,MRowe
6195,88,SMartin
6195,89,NKasirer
6196,59,ALamer
6196,62,GLForest
6196,63,CLHDube
6196,64,JSopinka
6196,65,CDGonthier
6196,66,PCCory
6196,67,BMcLachlin
6197,77,RSAbella
6197,81,AKarakatsanis
6197,82,MJMoldaver
6197,83,RWagner
6197,85,SCôté
6197,86,RBrown
6197,87,MRowe
6197,88,SMartin
6197,89,NKasirer
6198,59,ALamer
6198,62,GLForest
6198,63,CLHDube
6198,64,JSopinka
6198,65,CDGonthier
6198,66,PCCory
6198,67,BMcLachlin
6199,59,ALamer
6199,62,GLForest
6199,64,JSopinka
6199,65,CDGonthier
6199,66,PCCory
6199,67,BMcLachlin
6199,69,FIacobucci
6200,59,ALamer
6200,63,CLHDube
6200,64,JSopinka
6200,65,CDGonthier
6200,67,BMcLachlin
6200,69,FIacobucci
6200,70,JCMajor
6201,59,ALamer
6201,62,GLForest
6201,63,CLHDube
6201,64,JSopinka
6201,65,CDGonthier
6201,66,PCCory
6201,67,BMcLachlin
6201,69,FIacobucci
6201,70,JCMajor
6202,59,ALamer
6202,62,GLForest
6202,63,CLHDube
6202,64,JSopinka
6202,65,CDGonthier
6202,66,PCCory
6202,70,JCMajor
6203,62,GLForest
6203,63,CLHDube
6203,64,JSopinka
6203,66,PCCory
6203,67,BMcLachlin
6203,69,FIacobucci
6203,70,JCMajor
6204,59,ALamer
6204,62,GLForest
6204,63,CLHDube
6204,64,JSopinka
6204,65,CDGonthier
6204,66,PCCory
6204,70,JCMajor
6205,62,GLForest
6205,64,JSopinka
6205,65,CDGonthier
6205,66,PCCory
6205,67,BMcLachlin
6205,69,FIacobucci
6205,70,JCMajor
6206,64,JSopinka
6206,66,PCCory
6206,67,BMcLachlin
6206,69,FIacobucci
6206,70,JCMajor
6207,59,ALamer
6207,62,GLForest
6207,63,CLHDube
6207,64,JSopinka
6207,65,CDGonthier
6207,66,PCCory
6207,67,BMcLachlin
6207,69,FIacobucci
6207,70,JCMajor
6208,59,ALamer
6208,62,GLForest
6208,63,CLHDube
6208,64,JSopinka
6208,65,CDGonthier
6208,66,PCCory
6208,69,FIacobucci
6209,59,ALamer
6209,63,CLHDube
6209,65,CDGonthier
6209,66,PCCory
6209,69,FIacobucci
6210,59,ALamer
6210,63,CLHDube
6210,65,CDGonthier
6210,66,PCCory
6210,69,FIacobucci
6211,63,CLHDube
6211,65,CDGonthier
6211,67,BMcLachlin
6211,69,FIacobucci
6211,71,MBastarache
6211,72,WICBinnie
6211,73,LArbour
6212,63,CLHDube
6212,65,CDGonthier
6212,67,BMcLachlin
6212,69,FIacobucci
6212,70,JCMajor
6212,71,MBastarache
6212,72,WICBinnie
6212,73,LArbour
6212,74,LLeBel
6213,63,CLHDube
6213,65,CDGonthier
6213,67,BMcLachlin
6213,69,FIacobucci
6213,70,JCMajor
6213,71,MBastarache
6213,72,WICBinnie
6213,73,LArbour
6213,74,LLeBel
6214,63,CLHDube
6214,65,CDGonthier
6214,67,BMcLachlin
6214,69,FIacobucci
6214,70,JCMajor
6214,71,MBastarache
6214,72,WICBinnie
6214,73,LArbour
6214,74,LLeBel
6215,65,CDGonthier
6215,67,BMcLachlin
6215,72,WICBinnie
6215,73,LArbour
6215,74,LLeBel
6216,65,CDGonthier
6216,67,BMcLachlin
6216,69,FIacobucci
6216,70,JCMajor
6216,71,MBastarache
6216,72,WICBinnie
6216,73,LArbour
6216,74,LLeBel
6216,75,MDeschamps
6217,65,CDGonthier
6217,67,BMcLachlin
6217,69,FIacobucci
6217,70,JCMajor
6217,71,MBastarache
6217,72,WICBinnie
6217,73,LArbour
6217,74,LLeBel
6217,75,MDeschamps
6218,65,CDGonthier
6218,67,BMcLachlin
6218,69,FIacobucci
6218,70,JCMajor
6218,71,MBastarache
6218,72,WICBinnie
6218,73,LArbour
6218,74,LLeBel
6218,75,MDeschamps
6219,67,BMcLachlin
6219,70,JCMajor
6219,71,MBastarache
6219,72,WICBinnie
6219,74,LLeBel
6220,67,BMcLachlin
6220,70,JCMajor
6220,71,MBastarache
6220,72,WICBinnie
6220,74,LLeBel
6220,75,MDeschamps
6220,76,MJFish
6220,77,RSAbella
6220,78,LCharron
6221,67,BMcLachlin
6221,70,JCMajor
6221,71,MBastarache
6221,74,LLeBel
6221,76,MJFish
6221,77,RSAbella
6221,78,LCharron
6222,67,BMcLachlin
6222,70,JCMajor
6222,71,MBastarache
6222,72,WICBinnie
6222,74,LLeBel
6222,75,MDeschamps
6222,76,MJFish
6222,77,RSAbella
6222,78,LCharron
6223,67,BMcLachlin
6223,70,JCMajor
6223,72,WICBinnie
6223,74,LLeBel
6223,75,MDeschamps
6223,76,MJFish
6223,78,LCharron
6224,67,BMcLachlin
6224,70,JCMajor
6224,71,MBastarache
6224,72,WICBinnie
6224,74,LLeBel
6224,75,MDeschamps
6224,76,MJFish
6224,77,RSAbella
6224,78,LCharron
6225,67,BMcLachlin
6225,71,MBastarache
6225,72,WICBinnie
6225,75,MDeschamps
6225,76,MJFish
6225,77,RSAbella
6225,78,LCharron
6226,67,BMcLachlin
6226,70,JCMajor
6226,71,MBastarache
6226,72,WICBinnie
6226,74,LLeBel
6226,75,MDeschamps
6226,76,MJFish
6226,77,RSAbella
6226,78,LCharron
6227,67,BMcLachlin
6227,71,MBastarache
6227,72,WICBinnie
6227,74,LLeBel
6227,75,MDeschamps
6227,76,MJFish
6227,78,LCharron
6228,67,BMcLachlin
6228,71,MBastarache
6228,72,WICBinnie
6228,74,LLeBel
6228,76,MJFish
6228,77,RSAbella
6228,78,LCharron
6229,67,BMcLachlin
6229,71,MBastarache
6229,72,WICBinnie
6229,74,LLeBel
6229,75,MDeschamps
6229,76,MJFish
6229,78,LCharron
6230,67,BMcLachlin
6230,71,MBastarache
6230,72,WICBinnie
6230,74,LLeBel
6230,76,MJFish
6230,77,RSAbella
6230,78,LCharron
6231,67,BMcLachlin
6231,70,JCMajor
6231,71,MBastarache
6231,72,WICBinnie
6231,74,LLeBel
6231,75,MDeschamps
6231,76,MJFish
6231,77,RSAbella
6231,78,LCharron
6232,67,BMcLachlin
6232,71,MBastarache
6232,74,LLeBel
6232,75,MDeschamps
6232,76,MJFish
6232,77,RSAbella
6232,78,LCharron
6233,67,BMcLachlin
6233,72,WICBinnie
6233,74,LLeBel
6233,75,MDeschamps
6233,76,MJFish
6233,77,RSAbella
6233,78,LCharron
6234,67,BMcLachlin
6234,71,MBastarache
6234,72,WICBinnie
6234,74,LLeBel
6234,75,MDeschamps
6234,76,MJFish
6234,77,RSAbella
6234,78,LCharron
6234,79,MRothstein
6235,77,RSAbella
6235,81,AKarakatsanis
6235,82,MJMoldaver
6235,83,RWagner
6235,85,SCôté
6235,86,RBrown
6235,87,MRowe
6235,88,SMartin
6235,89,NKasirer
6236,77,RSAbella
6236,81,AKarakatsanis
6236,82,MJMoldaver
6236,83,RWagner
6236,84,CGascon
6236,85,SCôté
6236,86,RBrown
6236,87,MRowe
6236,88,SMartin
6237,77,RSAbella
6237,81,AKarakatsanis
6237,82,MJMoldaver
6237,83,RWagner
6237,84,CGascon
6237,85,SCôté
6237,86,RBrown
6237,87,MRowe
6237,88,SMartin
6238,77,RSAbella
6238,81,AKarakatsanis
6238,82,MJMoldaver
6238,83,RWagner
6238,84,CGascon
6238,85,SCôté
6238,86,RBrown
6238,87,MRowe
6238,88,SMartin
6239,77,RSAbella
6239,81,AKarakatsanis
6239,82,MJMoldaver
6239,83,RWagner
6239,85,SCôté
6239,86,RBrown
6239,87,MRowe
6240,77,RSAbella
6240,81,AKarakatsanis
6240,82,MJMoldaver
6240,83,RWagner
6240,84,CGascon
6240,85,SCôté
6240,86,RBrown
6240,87,MRowe
6240,88,SMartin
6241,77,RSAbella
6241,81,AKarakatsanis
6241,82,MJMoldaver
6241,83,RWagner
6241,84,CGascon
6241,85,SCôté
6241,86,RBrown
6241,87,MRowe
6241,88,SMartin
6242,77,RSAbella
6242,81,AKarakatsanis
6242,82,MJMoldaver
6242,83,RWagner
6242,84,CGascon
6242,85,SCôté
6242,86,RBrown
6242,87,MRowe
6242,88,SMartin
6243,77,RSAbella
6243,81,AKarakatsanis
6243,82,MJMoldaver
6243,83,RWagner
6243,84,CGascon
6243,85,SCôté
6243,87,MRowe
6244,67,BMcLachlin
6244,77,RSAbella
6244,81,AKarakatsanis
6244,82,MJMoldaver
6244,83,RWagner
6244,84,CGascon
6244,85,SCôté
6244,86,RBrown
6244,87,MRowe
6245,67,BMcLachlin
6245,77,RSAbella
6245,81,AKarakatsanis
6245,83,RWagner
6245,84,CGascon
6245,85,SCôté
6245,86,RBrown
6246,67,BMcLachlin
6246,77,RSAbella
6246,80,TACromwell
6246,81,AKarakatsanis
6246,82,MJMoldaver
6246,83,RWagner
6246,84,CGascon
6246,85,SCôté
6246,86,RBrown
6247,67,BMcLachlin
6247,77,RSAbella
6247,80,TACromwell
6247,81,AKarakatsanis
6247,82,MJMoldaver
6247,83,RWagner
6247,84,CGascon
6247,85,SCôté
6247,86,RBrown
6248,67,BMcLachlin
6248,77,RSAbella
6248,81,AKarakatsanis
6248,82,MJMoldaver
6248,84,CGascon
6248,85,SCôté
6248,86,RBrown
6249,67,BMcLachlin
6249,79,MRothstein
6249,80,TACromwell
6249,81,AKarakatsanis
6249,82,MJMoldaver
6249,84,CGascon
6249,85,SCôté
6250,67,BMcLachlin
6250,77,RSAbella
6250,79,MRothstein
6250,81,AKarakatsanis
6250,82,MJMoldaver
6250,83,RWagner
6250,84,CGascon
6251,67,BMcLachlin
6251,77,RSAbella
6251,79,MRothstein
6251,80,TACromwell
6251,81,AKarakatsanis
6251,82,MJMoldaver
6251,83,RWagner
6251,84,CGascon
6251,85,SCôté
6252,67,BMcLachlin
6252,77,RSAbella
6252,79,MRothstein
6252,80,TACromwell
6252,81,AKarakatsanis
6252,82,MJMoldaver
6252,83,RWagner
6252,84,CGascon
6252,85,SCôté
6253,67,BMcLachlin
6253,74,LLeBel
6253,77,RSAbella
6253,79,MRothstein
6253,80,TACromwell
6253,81,AKarakatsanis
6253,82,MJMoldaver
6253,83,RWagner
6253,84,CGascon
6254,67,BMcLachlin
6254,74,LLeBel
6254,77,RSAbella
6254,79,MRothstein
6254,80,TACromwell
6254,82,MJMoldaver
6254,83,RWagner
6255,67,BMcLachlin
6255,74,LLeBel
6255,76,MJFish
6255,77,RSAbella
6255,79,MRothstein
6255,80,TACromwell
6255,82,MJMoldaver
6256,67,BMcLachlin
6256,74,LLeBel
6256,76,MJFish
6256,77,RSAbella
6256,79,MRothstein
6256,80,TACromwell
6256,81,AKarakatsanis
6257,67,BMcLachlin
6257,74,LLeBel
6257,77,RSAbella
6257,79,MRothstein
6257,80,TACromwell
6257,82,MJMoldaver
6257,83,RWagner
6258,67,BMcLachlin
6258,74,LLeBel
6258,75,MDeschamps
6258,76,MJFish
6258,77,RSAbella
6258,79,MRothstein
6258,80,TACromwell
6258,81,AKarakatsanis
6258,82,MJMoldaver
6259,67,BMcLachlin
6259,74,LLeBel
6259,76,MJFish
6259,77,RSAbella
6259,79,MRothstein
6259,80,TACromwell
6259,81,AKarakatsanis
6260,67,BMcLachlin
6260,74,LLeBel
6260,75,MDeschamps
6260,76,MJFish
6260,77,RSAbella
6260,79,MRothstein
6260,80,TACromwell
6260,81,AKarakatsanis
6260,82,MJMoldaver
6261,67,BMcLachlin
6261,75,MDeschamps
6261,76,MJFish
6261,79,MRothstein
6261,80,TACromwell
6261,81,AKarakatsanis
6261,82,MJMoldaver
6262,67,BMcLachlin
6262,72,WICBinnie
6262,74,LLeBel
6262,75,MDeschamps
6262,76,MJFish
6262,77,RSAbella
6262,78,LCharron
6262,79,MRothstein
6262,80,TACromwell
6263,74,LLeBel
6263,75,MDeschamps
6263,76,MJFish
6263,77,RSAbella
6263,79,MRothstein
6263,81,AKarakatsanis
6263,82,MJMoldaver
6264,67,BMcLachlin
6264,72,WICBinnie
6264,74,LLeBel
6264,75,MDeschamps
6264,76,MJFish
6264,77,RSAbella
6264,79,MRothstein
6265,67,BMcLachlin
6265,72,WICBinnie
6265,74,LLeBel
6265,75,MDeschamps
6265,76,MJFish
6265,77,RSAbella
6265,78,LCharron
6265,79,MRothstein
6265,80,TACromwell
6266,67,BMcLachlin
6266,74,LLeBel
6266,75,MDeschamps
6266,76,MJFish
6266,77,RSAbella
6266,79,MRothstein
6266,80,TACromwell
6266,81,AKarakatsanis
6266,82,MJMoldaver
6267,67,BMcLachlin
6267,72,WICBinnie
6267,74,LLeBel
6267,75,MDeschamps
6267,76,MJFish
6267,77,RSAbella
6267,78,LCharron
6267,79,MRothstein
6267,80,TACromwell
6268,67,BMcLachlin
6268,72,WICBinnie
6268,74,LLeBel
6268,77,RSAbella
6268,78,LCharron
6268,79,MRothstein
6268,80,TACromwell
6269,67,BMcLachlin
6269,72,WICBinnie
6269,74,LLeBel
6269,75,MDeschamps
6269,76,MJFish
6269,77,RSAbella
6269,78,LCharron
6269,79,MRothstein
6269,80,TACromwell
6270,67,BMcLachlin
6270,72,WICBinnie
6270,74,LLeBel
6270,75,MDeschamps
6270,76,MJFish
6270,77,RSAbella
6270,78,LCharron
6270,79,MRothstein
6270,80,TACromwell
6271,67,BMcLachlin
6271,72,WICBinnie
6271,74,LLeBel
6271,75,MDeschamps
6271,76,MJFish
6271,77,RSAbella
6271,78,LCharron
6271,79,MRothstein
6271,80,TACromwell
6272,67,BMcLachlin
6272,72,WICBinnie
6272,74,LLeBel
6272,75,MDeschamps
6272,76,MJFish
6272,77,RSAbella
6272,78,LCharron
6272,79,MRothstein
6272,80,TACromwell
6273,67,BMcLachlin
6273,72,WICBinnie
6273,74,LLeBel
6273,76,MJFish
6273,77,RSAbella
6273,79,MRothstein
6273,80,TACromwell
6274,67,BMcLachlin
6274,72,WICBinnie
6274,74,LLeBel
6274,76,MJFish
6274,77,RSAbella
6274,78,LCharron
6274,79,MRothstein
6275,67,BMcLachlin
6275,72,WICBinnie
6275,74,LLeBel
6275,75,MDeschamps
6275,76,MJFish
6275,77,RSAbella
6275,78,LCharron
6275,79,MRothstein
6275,80,TACromwell
6276,67,BMcLachlin
6276,72,WICBinnie
6276,74,LLeBel
6276,75,MDeschamps
6276,76,MJFish
6276,77,RSAbella
6276,78,LCharron
6276,79,MRothstein
6276,80,TACromwell
6277,72,WICBinnie
6277,74,LLeBel
6277,75,MDeschamps
6277,76,MJFish
6277,77,RSAbella
6277,78,LCharron
6277,79,MRothstein
6278,67,BMcLachlin
6278,74,LLeBel
6278,75,MDeschamps
6278,76,MJFish
6278,77,RSAbella
6278,78,LCharron
6278,79,MRothstein
6279,72,WICBinnie
6279,74,LLeBel
6279,75,MDeschamps
6279,76,MJFish
6279,77,RSAbella
6279,78,LCharron
6279,79,MRothstein
6280,72,WICBinnie
6280,74,LLeBel
6280,75,MDeschamps
6280,76,MJFish
6280,77,RSAbella
6280,78,LCharron
6280,79,MRothstein
6281,67,BMcLachlin
6281,72,WICBinnie
6281,74,LLeBel
6281,75,MDeschamps
6281,76,MJFish
6281,77,RSAbella
6281,79,MRothstein
6282,67,BMcLachlin
6282,72,WICBinnie
6282,74,LLeBel
6282,75,MDeschamps
6282,76,MJFish
6282,78,LCharron
6282,79,MRothstein
6283,67,BMcLachlin
6283,71,MBastarache
6283,72,WICBinnie
6283,75,MDeschamps
6283,76,MJFish
6283,77,RSAbella
6283,78,LCharron
6284,67,BMcLachlin
6284,71,MBastarache
6284,72,WICBinnie
6284,74,LLeBel
6284,75,MDeschamps
6284,76,MJFish
6284,77,RSAbella
6284,78,LCharron
6284,79,MRothstein
6285,67,BMcLachlin
6285,71,MBastarache
6285,72,WICBinnie
6285,74,LLeBel
6285,75,MDeschamps
6285,76,MJFish
6285,77,RSAbella
6285,78,LCharron
6285,79,MRothstein
6286,67,BMcLachlin
6286,69,FIacobucci
6286,70,JCMajor
6286,72,WICBinnie
6286,73,LArbour
6286,74,LLeBel
6286,76,MJFish
6287,67,BMcLachlin
6287,70,JCMajor
6287,71,MBastarache
6287,72,WICBinnie
6287,74,LLeBel
6287,77,RSAbella
6287,78,LCharron
6288,67,BMcLachlin
6288,69,FIacobucci
6288,70,JCMajor
6288,71,MBastarache
6288,72,WICBinnie
6288,73,LArbour
6288,74,LLeBel
6288,75,MDeschamps
6288,76,MJFish
6289,65,CDGonthier
6289,67,BMcLachlin
6289,69,FIacobucci
6289,70,JCMajor
6289,71,MBastarache
6289,72,WICBinnie
6289,73,LArbour
6289,74,LLeBel
6289,75,MDeschamps
6290,63,CLHDube
6290,65,CDGonthier
6290,67,BMcLachlin
6290,69,FIacobucci
6290,70,JCMajor
6290,71,MBastarache
6290,72,WICBinnie
6290,73,LArbour
6290,74,LLeBel
6291,63,CLHDube
6291,65,CDGonthier
6291,67,BMcLachlin
6291,69,FIacobucci
6291,70,JCMajor
6291,71,MBastarache
6291,72,WICBinnie
6291,73,LArbour
6291,74,LLeBel
6292,59,ALamer
6292,63,CLHDube
6292,65,CDGonthier
6292,66,PCCory
6292,67,BMcLachlin
6292,69,FIacobucci
6292,70,JCMajor
6292,71,MBastarache
6292,72,WICBinnie
6293,63,CLHDube
6293,65,CDGonthier
6293,66,PCCory
6293,67,BMcLachlin
6293,69,FIacobucci
6293,70,JCMajor
6293,71,MBastarache
6294,63,CLHDube
6294,65,CDGonthier
6294,66,PCCory
6294,67,BMcLachlin
6294,70,JCMajor
6294,71,MBastarache
6294,72,WICBinnie
6295,59,ALamer
6295,63,CLHDube
6295,65,CDGonthier
6295,66,PCCory
6295,67,BMcLachlin
6295,69,FIacobucci
6295,70,JCMajor
6295,71,MBastarache
6295,72,WICBinnie
6296,64,JSopinka
6296,66,PCCory
6296,67,BMcLachlin
6296,69,FIacobucci
6296,70,JCMajor
6297,59,ALamer
6297,62,GLForest
6297,63,CLHDube
6297,64,JSopinka
6297,65,CDGonthier
6297,66,PCCory
6297,67,BMcLachlin
6297,69,FIacobucci
6297,70,JCMajor
6298,59,ALamer
6298,62,GLForest
6298,63,CLHDube
6298,64,JSopinka
6298,65,CDGonthier
6298,67,BMcLachlin
6298,69,FIacobucci
6299,59,ALamer
6299,63,CLHDube
6299,64,JSopinka
6299,65,CDGonthier
6299,69,FIacobucci
6300,59,ALamer
6300,63,CLHDube
6300,64,JSopinka
6300,65,CDGonthier
6300,66,PCCory
6300,67,BMcLachlin
6300,70,JCMajor
6301,62,GLForest
6301,63,CLHDube
6301,65,CDGonthier
6301,66,PCCory
6301,67,BMcLachlin
6301,69,FIacobucci
6301,70,JCMajor
6302,59,ALamer
6302,62,GLForest
6302,63,CLHDube
6302,64,JSopinka
6302,65,CDGonthier
6302,66,PCCory
6302,67,BMcLachlin
6302,69,FIacobucci
6302,70,JCMajor
6303,59,ALamer
6303,62,GLForest
6303,63,CLHDube
6303,64,JSopinka
6303,65,CDGonthier
6303,66,PCCory
6303,67,BMcLachlin
6303,69,FIacobucci
6303,70,JCMajor
6304,59,ALamer
6304,62,GLForest
6304,64,JSopinka
6304,65,CDGonthier
6304,67,BMcLachlin
6304,69,FIacobucci
6304,70,JCMajor
6305,62,GLForest
6305,63,CLHDube
6305,64,JSopinka
6305,65,CDGonthier
6305,66,PCCory
6305,67,BMcLachlin
6305,69,FIacobucci
6306,62,GLForest
6306,63,CLHDube
6306,65,CDGonthier
6306,69,FIacobucci
6306,70,JCMajor
6307,59,ALamer
6307,62,GLForest
6307,63,CLHDube
6307,65,CDGonthier
6307,66,PCCory
6307,67,BMcLachlin
6307,70,JCMajor
6308,59,ALamer
6308,63,CLHDube
6308,64,JSopinka
6308,65,CDGonthier
6308,66,PCCory
6308,67,BMcLachlin
6308,70,JCMajor
6309,59,ALamer
6309,62,GLForest
6309,63,CLHDube
6309,64,JSopinka
6309,65,CDGonthier
6309,66,PCCory
6309,67,BMcLachlin
6309,69,FIacobucci
6309,70,JCMajor
6310,59,ALamer
6310,62,GLForest
6310,63,CLHDube
6310,64,JSopinka
6310,65,CDGonthier
6310,66,PCCory
6310,69,FIacobucci
6311,59,ALamer
6311,62,GLForest
6311,63,CLHDube
6311,64,JSopinka
6311,65,CDGonthier
6311,66,PCCory
6311,67,BMcLachlin
6311,69,FIacobucci
6311,70,JCMajor
6312,59,ALamer
6312,63,CLHDube
6312,64,JSopinka
6312,65,CDGonthier
6312,66,PCCory
6312,67,BMcLachlin
6312,70,JCMajor
6313,59,ALamer
6313,62,GLForest
6313,63,CLHDube
6313,64,JSopinka
6313,65,CDGonthier
6313,66,PCCory
6313,67,BMcLachlin
6314,59,ALamer
6314,62,GLForest
6314,63,CLHDube
6314,64,JSopinka
6314,65,CDGonthier
6314,66,PCCory
6314,67,BMcLachlin
6314,69,FIacobucci
6314,70,JCMajor
6315,59,ALamer
6315,62,GLForest
6315,63,CLHDube
6315,64,JSopinka
6315,65,CDGonthier
6315,66,PCCory
6315,67,BMcLachlin
6315,69,FIacobucci
6315,70,JCMajor
6316,62,GLForest
6316,63,CLHDube
6316,64,JSopinka
6316,65,CDGonthier
6316,66,PCCory
6316,67,BMcLachlin
6316,69,FIacobucci
6317,62,GLForest
6317,63,CLHDube
6317,64,JSopinka
6317,65,CDGonthier
6317,66,PCCory
6317,67,BMcLachlin
6317,69,FIacobucci
6318,62,GLForest
6318,63,CLHDube
6318,64,JSopinka
6318,65,CDGonthier
6318,67,BMcLachlin
6318,68,WStevenson
6318,69,FIacobucci
6319,62,GLForest
6319,64,JSopinka
6319,66,PCCory
6319,67,BMcLachlin
6319,69,FIacobucci
6320,62,GLForest
6320,64,JSopinka
6320,66,PCCory
6320,67,BMcLachlin
6320,69,FIacobucci
6321,62,GLForest
6321,63,CLHDube
6321,65,CDGonthier
6321,68,WStevenson
6321,69,FIacobucci
6322,59,ALamer
6322,62,GLForest
6322,63,CLHDube
6322,65,CDGonthier
6322,68,WStevenson
6323,62,GLForest
6323,63,CLHDube
6323,64,JSopinka
6323,65,CDGonthier
6323,66,PCCory
6323,67,BMcLachlin
6323,68,WStevenson
6324,59,ALamer
6324,62,GLForest
6324,63,CLHDube
6324,64,JSopinka
6324,65,CDGonthier
6324,66,PCCory
6324,67,BMcLachlin
6324,68,WStevenson
6324,69,FIacobucci
6325,62,GLForest
6325,63,CLHDube
6325,64,JSopinka
6325,65,CDGonthier
6325,67,BMcLachlin
6325,68,WStevenson
6325,69,FIacobucci
6326,59,ALamer
6326,62,GLForest
6326,63,CLHDube
6326,64,JSopinka
6326,65,CDGonthier
6326,66,PCCory
6326,67,BMcLachlin
6326,68,WStevenson
6326,69,FIacobucci
6327,62,GLForest
6327,63,CLHDube
6327,64,JSopinka
6327,65,CDGonthier
6327,67,BMcLachlin
6327,68,WStevenson
6327,69,FIacobucci
6328,60,BWilson
6328,62,GLForest
6328,63,CLHDube
6328,64,JSopinka
6328,66,PCCory
6328,67,BMcLachlin
6328,68,WStevenson
6329,59,ALamer
6329,62,GLForest
6329,65,CDGonthier
6329,68,WStevenson
6329,69,FIacobucci
6330,59,ALamer
6330,60,BWilson
6330,62,GLForest
6330,63,CLHDube
6330,64,JSopinka
6330,65,CDGonthier
6330,66,PCCory
6330,67,BMcLachlin
6330,68,WStevenson
6331,59,ALamer
6331,60,BWilson
6331,62,GLForest
6331,63,CLHDube
6331,64,JSopinka
6331,65,CDGonthier
6331,67,BMcLachlin
6332,52,RGBDickson
6332,59,ALamer
6332,60,BWilson
6332,62,GLForest
6332,63,CLHDube
6332,64,JSopinka
6332,65,CDGonthier
6332,66,PCCory
6332,67,BMcLachlin
6333,52,RGBDickson
6333,59,ALamer
6333,60,BWilson
6333,62,GLForest
6333,63,CLHDube
6333,65,CDGonthier
6333,67,BMcLachlin
6334,59,ALamer
6334,60,BWilson
6334,62,GLForest
6334,63,CLHDube
6334,64,JSopinka
6334,65,CDGonthier
6334,66,PCCory
6335,60,BWilson
6335,63,CLHDube
6335,65,CDGonthier
6335,66,PCCory
6335,67,BMcLachlin
6336,60,BWilson
6336,63,CLHDube
6336,65,CDGonthier
6336,66,PCCory
6336,67,BMcLachlin
6337,52,RGBDickson
6337,64,JSopinka
6337,67,BMcLachlin
6338,52,RGBDickson
6338,60,BWilson
6338,62,GLForest
6338,63,CLHDube
6338,64,JSopinka
6338,66,PCCory
6338,67,BMcLachlin
6339,52,RGBDickson
6339,59,ALamer
6339,60,BWilson
6339,62,GLForest
6339,63,CLHDube
6339,64,JSopinka
6339,65,CDGonthier
6339,66,PCCory
6339,67,BMcLachlin
6340,52,RGBDickson
6340,59,ALamer
6340,60,BWilson
6340,62,GLForest
6340,63,CLHDube
6340,64,JSopinka
6340,66,PCCory
6341,52,RGBDickson
6341,60,BWilson
6341,62,GLForest
6341,63,CLHDube
6341,64,JSopinka
6341,66,PCCory
6341,67,BMcLachlin
6342,59,ALamer
6342,60,BWilson
6342,62,GLForest
6342,64,JSopinka
6342,65,CDGonthier
6342,66,PCCory
6342,67,BMcLachlin
6343,59,ALamer
6343,60,BWilson
6343,62,GLForest
6343,63,CLHDube
6343,65,CDGonthier
6343,66,PCCory
6343,67,BMcLachlin
6344,59,ALamer
6344,60,BWilson
6344,63,CLHDube
6344,64,JSopinka
6344,67,BMcLachlin
6345,57,WRMcIntyre
6345,59,ALamer
6345,60,BWilson
6345,62,GLForest
6345,63,CLHDube
6346,59,ALamer
6346,62,GLForest
6346,63,CLHDube
6346,65,CDGonthier
6346,66,PCCory
6347,53,JBeetz
6347,57,WRMcIntyre
6347,59,ALamer
6347,60,BWilson
6347,61,GELDain
6347,62,GLForest
6347,63,CLHDube
6348,52,RGBDickson
6348,53,JBeetz
6348,59,ALamer
6348,60,BWilson
6348,61,GELDain
6348,62,GLForest
6348,63,CLHDube
6349,52,RGBDickson
6349,53,JBeetz
6349,57,WRMcIntyre
6349,59,ALamer
6349,61,GELDain
6349,62,GLForest
6349,63,CLHDube
6350,52,RGBDickson
6350,55,WZEstey
6350,57,WRMcIntyre
6350,60,BWilson
6350,61,GELDain
6350,62,GLForest
6350,63,CLHDube
6351,59,ALamer
6351,60,BWilson
6351,62,GLForest
6351,63,CLHDube
6351,64,JSopinka
6352,52,RGBDickson
6352,57,WRMcIntyre
6352,59,ALamer
6352,60,BWilson
6352,61,GELDain
6352,62,GLForest
6352,63,CLHDube
6353,53,JBeetz
6353,55,WZEstey
6353,57,WRMcIntyre
6353,59,ALamer
6353,60,BWilson
6354,52,RGBDickson
6354,57,WRMcIntyre
6354,59,ALamer
6354,60,BWilson
6354,63,CLHDube
6355,52,RGBDickson
6355,53,JBeetz
6355,57,WRMcIntyre
6355,60,BWilson
6355,61,GELDain
6356,53,JBeetz
6356,59,ALamer
6356,61,GELDain
6356,62,GLForest
6356,63,CLHDube
6357,52,RGBDickson
6357,57,WRMcIntyre
6357,59,ALamer
6357,60,BWilson
6357,61,GELDain
6357,62,GLForest
6357,63,CLHDube
6358,52,RGBDickson
6358,53,JBeetz
6358,55,WZEstey
6358,57,WRMcIntyre
6358,58,JChoinard
6358,59,ALamer
6358,60,BWilson
6358,61,GELDain
6358,62,GLForest
6359,53,JBeetz
6359,55,WZEstey
6359,57,WRMcIntyre
6359,58,JChoinard
6359,59,ALamer
6359,61,GELDain
6359,62,GLForest
6360,52,RGBDickson
6360,57,WRMcIntyre
6360,58,JChoinard
6360,59,ALamer
6360,60,BWilson
6360,61,GELDain
6360,62,GLForest
6361,52,RGBDickson
6361,53,JBeetz
6361,57,WRMcIntyre
6361,58,JChoinard
6361,60,BWilson
6361,61,GELDain
6361,62,GLForest
6362,52,RGBDickson
6362,53,JBeetz
6362,55,WZEstey
6362,57,WRMcIntyre
6362,58,JChoinard
6362,59,ALamer
6362,60,BWilson
6363,52,RGBDickson
6363,53,JBeetz
6363,55,WZEstey
6363,58,JChoinard
6363,59,ALamer
6363,60,BWilson
6363,62,GLForest
6364,53,JBeetz
6364,55,WZEstey
6364,57,WRMcIntyre
6364,58,JChoinard
6364,59,ALamer
6364,60,BWilson
6364,61,GELDain
6365,52,RGBDickson
6365,53,JBeetz
6365,55,WZEstey
6365,57,WRMcIntyre
6365,58,JChoinard
6365,59,ALamer
6365,61,GELDain
6366,52,RGBDickson
6366,53,JBeetz
6366,57,WRMcIntyre
6366,58,JChoinard
6366,59,ALamer
6366,60,BWilson
6366,61,GELDain
6367,47,RARitchie
6367,51,BLaskin
6367,52,RGBDickson
6367,53,JBeetz
6367,55,WZEstey
6367,57,WRMcIntyre
6367,58,JChoinard
6367,59,ALamer
6367,60,BWilson
6368,47,RARitchie
6368,52,RGBDickson
6368,53,JBeetz
6368,55,WZEstey
6368,57,WRMcIntyre
6368,59,ALamer
6368,60,BWilson
6369,47,RARitchie
6369,52,RGBDickson
6369,55,WZEstey
6369,57,WRMcIntyre
6369,58,JChoinard
6369,59,ALamer
6369,60,BWilson
6370,52,RGBDickson
6370,53,JBeetz
6370,55,WZEstey
6370,57,WRMcIntyre
6370,58,JChoinard
6370,59,ALamer
6370,60,BWilson
6371,47,RARitchie
6371,52,RGBDickson
6371,53,JBeetz
6371,55,WZEstey
6371,57,WRMcIntyre
6371,58,JChoinard
6371,59,ALamer
6372,52,RGBDickson
6372,53,JBeetz
6372,55,WZEstey
6372,57,WRMcIntyre
6372,58,JChoinard
6372,59,ALamer
6372,60,BWilson
6373,47,RARitchie
6373,53,JBeetz
6373,55,WZEstey
6373,57,WRMcIntyre
6373,58,JChoinard
6373,59,ALamer
6373,60,BWilson
6374,51,BLaskin
6374,53,JBeetz
6374,55,WZEstey
6374,57,WRMcIntyre
6374,58,JChoinard
6374,59,ALamer
6374,60,BWilson
6375,52,RGBDickson
6375,53,JBeetz
6375,58,JChoinard
6375,59,ALamer
6375,60,BWilson
6376,52,RGBDickson
6376,53,JBeetz
6376,55,WZEstey
6376,57,WRMcIntyre
6376,58,JChoinard
6376,59,ALamer
6376,60,BWilson
6377,47,RARitchie
6377,52,RGBDickson
6377,55,WZEstey
6377,57,WRMcIntyre
6377,58,JChoinard
6378,47,RARitchie
6378,52,RGBDickson
6378,53,JBeetz
6378,55,WZEstey
6378,57,WRMcIntyre
6379,52,RGBDickson
6379,55,WZEstey
6379,58,JChoinard
6379,59,ALamer
6379,60,BWilson
6380,47,RARitchie
6380,51,BLaskin
6380,52,RGBDickson
6380,53,JBeetz
6380,55,WZEstey
6380,57,WRMcIntyre
6380,58,JChoinard
6380,59,ALamer
6380,60,BWilson
6381,47,RARitchie
6381,51,BLaskin
6381,55,WZEstey
6381,57,WRMcIntyre
6381,60,BWilson
6382,47,RARitchie
6382,51,BLaskin
6382,53,JBeetz
6382,55,WZEstey
6382,57,WRMcIntyre
6382,58,JChoinard
6382,60,BWilson
6383,51,BLaskin
6383,52,RGBDickson
6383,53,JBeetz
6383,55,WZEstey
6383,57,WRMcIntyre
6383,58,JChoinard
6383,59,ALamer
6384,47,RARitchie
6384,52,RGBDickson
6384,53,JBeetz
6384,57,WRMcIntyre
6384,58,JChoinard
6384,59,ALamer
6384,60,BWilson
6385,47,RARitchie
6385,53,JBeetz
6385,55,WZEstey
6385,57,WRMcIntyre
6385,58,JChoinard
6385,59,ALamer
6385,60,BWilson
6386,45,RMartland
6386,47,RARitchie
6386,51,BLaskin
6386,52,RGBDickson
6386,53,JBeetz
6386,55,WZEstey
6386,57,WRMcIntyre
6386,58,JChoinard
6386,59,ALamer
6387,45,RMartland
6387,52,RGBDickson
6387,53,JBeetz
6387,55,WZEstey
6387,57,WRMcIntyre
6387,58,JChoinard
6387,59,ALamer
6388,45,RMartland
6388,47,RARitchie
6388,51,BLaskin
6388,52,RGBDickson
6388,53,JBeetz
6388,55,WZEstey
6388,57,WRMcIntyre
6388,58,JChoinard
6388,59,ALamer
6389,47,RARitchie
6389,51,BLaskin
6389,52,RGBDickson
6389,55,WZEstey
6389,57,WRMcIntyre
6780,45,RMartland
6780,47,RARitchie
6780,51,BLaskin
6780,52,RGBDickson
6780,53,JBeetz
6780,55,WZEstey
6780,57,WRMcIntyre
6780,58,JChoinard
6780,59,ALamer
6781,77,RSAbella
6781,81,AKarakatsanis
6781,82,MJMoldaver
6781,83,RWagner
6781,85,SCôté
6781,86,RBrown
6781,87,MRowe
6781,88,SMartin
6781,89,NKasirer
6782,62,GLForest
6782,63,CLHDube
6782,64,JSopinka
6782,66,PCCory
6782,67,BMcLachlin
6782,69,FIacobucci
6782,70,JCMajor
6783,63,CLHDube
6783,65,CDGonthier
6783,67,BMcLachlin
6783,69,FIacobucci
6783,70,JCMajor
6783,71,MBastarache
6783,72,WICBinnie
6783,73,LArbour
6783,74,LLeBel
6784,67,BMcLachlin
6784,70,JCMajor
6784,71,MBastarache
6784,72,WICBinnie
6784,74,LLeBel
6784,75,MDeschamps
6784,76,MJFish
6784,77,RSAbella
6784,78,LCharron
6785,67,BMcLachlin
6785,70,JCMajor
6785,71,MBastarache
6785,72,WICBinnie
6785,74,LLeBel
6785,75,MDeschamps
6785,76,MJFish
6785,77,RSAbella
6785,78,LCharron
6786,67,BMcLachlin
6786,71,MBastarache
6786,72,WICBinnie
6786,74,LLeBel
6786,75,MDeschamps
6786,76,MJFish
6786,78,LCharron
6787,67,BMcLachlin
6787,71,MBastarache
6787,72,WICBinnie
6787,74,LLeBel
6787,75,MDeschamps
6787,76,MJFish
6787,78,LCharron
6788,67,BMcLachlin
6788,71,MBastarache
6788,72,WICBinnie
6788,74,LLeBel
6788,75,MDeschamps
6788,76,MJFish
6788,78,LCharron
6789,67,BMcLachlin
6789,71,MBastarache
6789,72,WICBinnie
6789,74,LLeBel
6789,75,MDeschamps
6789,76,MJFish
6789,78,LCharron
6790,67,BMcLachlin
6790,71,MBastarache
6790,72,WICBinnie
6790,74,LLeBel
6790,75,MDeschamps
6790,76,MJFish
6790,78,LCharron
6791,67,BMcLachlin
6791,71,MBastarache
6791,72,WICBinnie
6791,74,LLeBel
6791,75,MDeschamps
6791,76,MJFish
6791,78,LCharron
6792,67,BMcLachlin
6792,71,MBastarache
6792,72,WICBinnie
6792,74,LLeBel
6792,75,MDeschamps
6792,76,MJFish
6792,78,LCharron
6793,67,BMcLachlin
6793,71,MBastarache
6793,72,WICBinnie
6793,74,LLeBel
6793,75,MDeschamps
6793,76,MJFish
6793,78,LCharron
6794,67,BMcLachlin
6794,71,MBastarache
6794,72,WICBinnie
6794,74,LLeBel
6794,75,MDeschamps
6794,76,MJFish
6794,78,LCharron
6795,67,BMcLachlin
6795,71,MBastarache
6795,72,WICBinnie
6795,74,LLeBel
6795,75,MDeschamps
6795,76,MJFish
6795,78,LCharron
6796,67,BMcLachlin
6796,71,MBastarache
6796,72,WICBinnie
6796,74,LLeBel
6796,75,MDeschamps
6796,76,MJFish
6796,78,LCharron
6797,67,BMcLachlin
6797,71,MBastarache
6797,74,LLeBel
6797,75,MDeschamps
6797,76,MJFish
6797,77,RSAbella
6797,78,LCharron
6798,67,BMcLachlin
6798,71,MBastarache
6798,74,LLeBel
6798,75,MDeschamps
6798,76,MJFish
6798,77,RSAbella
6798,78,LCharron
6799,77,RSAbella
6799,81,AKarakatsanis
6799,82,MJMoldaver
6799,83,RWagner
6799,84,CGascon
6799,85,SCôté
6799,86,RBrown
6799,87,MRowe
6799,88,SMartin
6800,77,RSAbella
6800,81,AKarakatsanis
6800,82,MJMoldaver
6800,83,RWagner
6800,84,CGascon
6800,85,SCôté
6800,86,RBrown
6800,87,MRowe
6800,88,SMartin
6801,67,BMcLachlin
6801,79,MRothstein
6801,80,TACromwell
6801,81,AKarakatsanis
6801,82,MJMoldaver
6801,84,CGascon
6801,85,SCôté
6802,67,BMcLachlin
6802,77,RSAbella
6802,79,MRothstein
6802,81,AKarakatsanis
6802,82,MJMoldaver
6802,83,RWagner
6802,84,CGascon
6803,67,BMcLachlin
6803,77,RSAbella
6803,79,MRothstein
6803,80,TACromwell
6803,81,AKarakatsanis
6803,82,MJMoldaver
6803,83,RWagner
6803,84,CGascon
6803,85,SCôté
6804,67,BMcLachlin
6804,77,RSAbella
6804,79,MRothstein
6804,81,AKarakatsanis
6804,82,MJMoldaver
6804,83,RWagner
6804,84,CGascon
6805,67,BMcLachlin
6805,74,LLeBel
6805,76,MJFish
6805,77,RSAbella
6805,79,MRothstein
6805,80,TACromwell
6805,82,MJMoldaver
6806,67,BMcLachlin
6806,74,LLeBel
6806,76,MJFish
6806,77,RSAbella
6806,79,MRothstein
6806,80,TACromwell
6806,82,MJMoldaver
6807,67,BMcLachlin
6807,74,LLeBel
6807,75,MDeschamps
6807,76,MJFish
6807,77,RSAbella
6807,79,MRothstein
6807,80,TACromwell
6807,81,AKarakatsanis
6807,82,MJMoldaver
6808,67,BMcLachlin
6808,74,LLeBel
6808,75,MDeschamps
6808,76,MJFish
6808,77,RSAbella
6808,79,MRothstein
6808,80,TACromwell
6808,81,AKarakatsanis
6808,82,MJMoldaver
6809,67,BMcLachlin
6809,72,WICBinnie
6809,74,LLeBel
6809,75,MDeschamps
6809,76,MJFish
6809,77,RSAbella
6809,78,LCharron
6809,79,MRothstein
6809,80,TACromwell
6810,67,BMcLachlin
6810,72,WICBinnie
6810,74,LLeBel
6810,75,MDeschamps
6810,76,MJFish
6810,77,RSAbella
6810,78,LCharron
6810,79,MRothstein
6810,80,TACromwell
6811,67,BMcLachlin
6811,72,WICBinnie
6811,74,LLeBel
6811,76,MJFish
6811,77,RSAbella
6811,79,MRothstein
6811,80,TACromwell
6812,67,BMcLachlin
6812,71,MBastarache
6812,72,WICBinnie
6812,75,MDeschamps
6812,76,MJFish
6812,77,RSAbella
6812,78,LCharron
6813,67,BMcLachlin
6813,71,MBastarache
6813,72,WICBinnie
6813,75,MDeschamps
6813,76,MJFish
6813,77,RSAbella
6813,78,LCharron
6814,67,BMcLachlin
6814,71,MBastarache
6814,72,WICBinnie
6814,74,LLeBel
6814,75,MDeschamps
6814,76,MJFish
6814,77,RSAbella
6814,78,LCharron
6814,79,MRothstein
6815,59,ALamer
6815,63,CLHDube
6815,64,JSopinka
6815,65,CDGonthier
6815,66,PCCory
6815,67,BMcLachlin
6815,70,JCMajor
6816,59,ALamer
6816,62,GLForest
6816,63,CLHDube
6816,64,JSopinka
6816,65,CDGonthier
6816,66,PCCory
6816,67,BMcLachlin
6817,59,ALamer
6817,62,GLForest
6817,63,CLHDube
6817,64,JSopinka
6817,65,CDGonthier
6817,66,PCCory
6817,67,BMcLachlin
6818,59,ALamer
6818,62,GLForest
6818,63,CLHDube
6818,64,JSopinka
6818,65,CDGonthier
6818,66,PCCory
6818,67,BMcLachlin
6819,62,GLForest
6819,63,CLHDube
6819,64,JSopinka
6819,65,CDGonthier
6819,67,BMcLachlin
6819,68,WStevenson
6819,69,FIacobucci
6820,62,GLForest
6820,63,CLHDube
6820,64,JSopinka
6820,65,CDGonthier
6820,67,BMcLachlin
6820,68,WStevenson
6820,69,FIacobucci
6821,62,GLForest
6821,63,CLHDube
6821,64,JSopinka
6821,65,CDGonthier
6821,67,BMcLachlin
6821,68,WStevenson
6821,69,FIacobucci
6822,62,GLForest
6822,63,CLHDube
6822,64,JSopinka
6822,65,CDGonthier
6822,67,BMcLachlin
6822,68,WStevenson
6822,69,FIacobucci
6823,62,GLForest
6823,63,CLHDube
6823,64,JSopinka
6823,65,CDGonthier
6823,67,BMcLachlin
6823,68,WStevenson
6823,69,FIacobucci
6824,62,GLForest
6824,63,CLHDube
6824,64,JSopinka
6824,65,CDGonthier
6824,67,BMcLachlin
6824,68,WStevenson
6824,69,FIacobucci
6825,60,BWilson
6825,62,GLForest
6825,63,CLHDube
6825,64,JSopinka
6825,66,PCCory
6825,67,BMcLachlin
6825,68,WStevenson
6826,60,BWilson
6826,63,CLHDube
6826,65,CDGonthier
6826,66,PCCory
6826,67,BMcLachlin
6827,60,BWilson
6827,63,CLHDube
6827,65,CDGonthier
6827,66,PCCory
6827,67,BMcLachlin
6828,52,RGBDickson
6828,64,JSopinka
6828,67,BMcLachlin
6829,59,ALamer
6829,60,BWilson
6829,62,GLForest
6829,64,JSopinka
6829,65,CDGonthier
6829,66,PCCory
6829,67,BMcLachlin
6830,59,ALamer
6830,60,BWilson
6830,62,GLForest
6830,64,JSopinka
6830,65,CDGonthier
6830,66,PCCory
6830,67,BMcLachlin
6831,53,JBeetz
6831,57,WRMcIntyre
6831,59,ALamer
6831,60,BWilson
6831,61,GELDain
6831,62,GLForest
6831,63,CLHDube
6832,53,JBeetz
6832,57,WRMcIntyre
6832,59,ALamer
6832,60,BWilson
6832,61,GELDain
6832,62,GLForest
6832,63,CLHDube
6833,53,JBeetz
6833,59,ALamer
6833,61,GELDain
6833,62,GLForest
6833,63,CLHDube
6834,53,JBeetz
6834,59,ALamer
6834,61,GELDain
6834,62,GLForest
6834,63,CLHDube
6835,52,RGBDickson
6835,57,WRMcIntyre
6835,58,JChoinard
6835,59,ALamer
6835,60,BWilson
6835,61,GELDain
6835,62,GLForest
6836,52,RGBDickson
6836,53,JBeetz
6836,57,WRMcIntyre
6836,58,JChoinard
6836,60,BWilson
6836,61,GELDain
6836,62,GLForest
6837,52,RGBDickson
6837,53,JBeetz
6837,57,WRMcIntyre
6837,58,JChoinard
6837,60,BWilson
6837,61,GELDain
6837,62,GLForest
6838,52,RGBDickson
6838,53,JBeetz
6838,55,WZEstey
6838,58,JChoinard
6838,59,ALamer
6838,60,BWilson
6838,62,GLForest
6839,53,JBeetz
6839,55,WZEstey
6839,57,WRMcIntyre
6839,58,JChoinard
6839,59,ALamer
6839,60,BWilson
6839,61,GELDain
6840,52,RGBDickson
6840,53,JBeetz
6840,55,WZEstey
6840,58,JChoinard
6840,59,ALamer
6840,60,BWilson
6840,62,GLForest
6841,47,RARitchie
6841,51,BLaskin
6841,52,RGBDickson
6841,53,JBeetz
6841,55,WZEstey
6841,57,WRMcIntyre
6841,58,JChoinard
6841,59,ALamer
6841,60,BWilson
6842,47,RARitchie
6842,52,RGBDickson
6842,53,JBeetz
6842,55,WZEstey
6842,57,WRMcIntyre
6842,59,ALamer
6842,60,BWilson
6843,47,RARitchie
6843,52,RGBDickson
6843,53,JBeetz
6843,55,WZEstey
6843,57,WRMcIntyre
6843,59,ALamer
6843,60,BWilson
6844,47,RARitchie
6844,52,RGBDickson
6844,53,JBeetz
6844,55,WZEstey
6844,57,WRMcIntyre
6844,59,ALamer
6844,60,BWilson
6845,47,RARitchie
6845,52,RGBDickson
6845,53,JBeetz
6845,55,WZEstey
6845,57,WRMcIntyre
6845,59,ALamer
6845,60,BWilson
6846,47,RARitchie
6846,52,RGBDickson
6846,53,JBeetz
6846,55,WZEstey
6846,57,WRMcIntyre
6846,59,ALamer
6846,60,BWilson
6847,47,RARitchie
6847,52,RGBDickson
6847,53,JBeetz
6847,55,WZEstey
6847,57,WRMcIntyre
6847,59,ALamer
6847,60,BWilson
6848,47,RARitchie
6848,52,RGBDickson
6848,53,JBeetz
6848,55,WZEstey
6848,57,WRMcIntyre
6849,51,BLaskin
6849,53,JBeetz
6849,55,WZEstey
6849,57,WRMcIntyre
6849,58,JChoinard
6849,59,ALamer
6849,60,BWilson
6850,52,RGBDickson
6850,53,JBeetz
6850,58,JChoinard
6850,59,ALamer
6850,60,BWilson
6851,51,BLaskin
6851,52,RGBDickson
6851,53,JBeetz
6851,55,WZEstey
6851,57,WRMcIntyre
6851,58,JChoinard
6851,59,ALamer
6852,81,AKarakatsanis
6852,82,MJMoldaver
6852,83,RWagner
6852,85,SCôté
6852,86,RBrown
6852,87,MRowe
6852,88,SMartin
6852,89,NKasirer
6852,90,Mjamal
6853,81,AKarakatsanis
6853,82,MJMoldaver
6853,83,RWagner
6853,85,SCôté
6853,86,RBrown
6853,87,MRowe
6853,88,SMartin
6854,77,RSAbella
6854,81,AKarakatsanis
6854,82,MJMoldaver
6854,83,RWagner
6854,85,SCôté
6854,86,RBrown
6854,87,MRowe
6854,88,SMartin
6854,89,NKasirer
6855,45,RMartland
6855,47,RARitchie
6855,51,BLaskin
6855,52,RGBDickson
6855,53,JBeetz
6855,55,WZEstey
6855,57,WRMcIntyre
6855,58,JChoinard
6855,59,ALamer
6856,47,RARitchie
6856,52,RGBDickson
6856,53,JBeetz
6856,55,WZEstey
6856,57,WRMcIntyre
6856,58,JChoinard
6856,59,ALamer
6857,62,GLForest
6857,63,CLHDube
6857,64,JSopinka
6857,65,CDGonthier
6857,66,PCCory
6857,67,BMcLachlin
6857,69,FIacobucci
6858,62,GLForest
6858,63,CLHDube
6858,65,CDGonthier
6858,69,FIacobucci
6858,70,JCMajor
6859,64,JSopinka
6859,66,PCCory
6859,67,BMcLachlin
6859,69,FIacobucci
6859,70,JCMajor
6860,59,ALamer
6860,62,GLForest
6860,63,CLHDube
6860,64,JSopinka
6860,65,CDGonthier
6860,66,PCCory
6860,69,FIacobucci
6861,59,ALamer
6861,63,CLHDube
6861,65,CDGonthier
6861,66,PCCory
6861,69,FIacobucci
6862,59,ALamer
6862,63,CLHDube
6862,65,CDGonthier
6862,66,PCCory
6862,69,FIacobucci
6863,59,ALamer
6863,63,CLHDube
6863,65,CDGonthier
6863,66,PCCory
6863,69,FIacobucci
6864,59,ALamer
6864,63,CLHDube
6864,65,CDGonthier
6864,66,PCCory
6864,69,FIacobucci
6865,59,ALamer
6865,63,CLHDube
6865,65,CDGonthier
6865,66,PCCory
6865,69,FIacobucci
6866,63,CLHDube
6866,65,CDGonthier
6866,67,BMcLachlin
6866,69,FIacobucci
6866,70,JCMajor
6866,71,MBastarache
6866,72,WICBinnie
6866,73,LArbour
6866,74,LLeBel
6867,63,CLHDube
6867,65,CDGonthier
6867,67,BMcLachlin
6867,69,FIacobucci
6867,70,JCMajor
6867,71,MBastarache
6867,72,WICBinnie
6867,73,LArbour
6867,74,LLeBel
6868,63,CLHDube
6868,65,CDGonthier
6868,67,BMcLachlin
6868,69,FIacobucci
6868,70,JCMajor
6868,71,MBastarache
6868,72,WICBinnie
6868,73,LArbour
6868,74,LLeBel
6869,82,MJMoldaver
6869,85,SCôté
6869,86,RBrown
6869,90,Mjamal
6870,81,AKarakatsanis
6870,82,MJMoldaver
6870,83,RWagner
6870,85,SCôté
6870,86,RBrown
6870,87,MRowe
6870,88,SMartin
6870,89,NKasirer
6870,90,Mjamal
6871,81,AKarakatsanis
6871,82,MJMoldaver
6871,83,RWagner
6871,85,SCôté
6871,86,RBrown
6871,87,MRowe
6871,88,SMartin
6871,89,NKasirer
6871,90,Mjamal
6872,81,AKarakatsanis
6872,82,MJMoldaver
6872,83,RWagner
6872,85,SCôté
6872,86,RBrown
6872,87,MRowe
6872,88,SMartin
6872,89,NKasirer
6872,90,Mjamal
6873,81,AKarakatsanis
6873,82,MJMoldaver
6873,83,RWagner
6873,85,SCôté
6873,86,RBrown
6873,87,MRowe
6873,88,SMartin
6873,89,NKasirer
6873,90,Mjamal
6874,81,AKarakatsanis
6874,82,MJMoldaver
6874,83,RWagner
6874,85,SCôté
6874,86,RBrown
6874,87,MRowe
6874,88,SMartin
6874,89,NKasirer
6874,90,Mjamal
6875,81,AKarakatsanis
6875,82,MJMoldaver
6875,83,RWagner
6875,85,SCôté
6875,86,RBrown
6875,87,MRowe
6875,88,SMartin
6875,89,NKasirer
6875,90,Mjamal
6876,81,AKarakatsanis
6876,87,MRowe
6876,88,SMartin
6876,89,NKasirer
6876,90,Mjamal
6877,81,AKarakatsanis
6877,82,MJMoldaver
6877,83,RWagner
6877,85,SCôté
6877,86,RBrown
6877,87,MRowe
6877,88,SMartin
6877,89,NKasirer
6877,90,Mjamal
6878,81,AKarakatsanis
6878,82,MJMoldaver
6878,83,RWagner
6878,85,SCôté
6878,86,RBrown
6878,87,MRowe
6878,88,SMartin
6878,89,NKasirer
6878,90,Mjamal
6879,81,AKarakatsanis
6879,82,MJMoldaver
6879,83,RWagner
6879,85,SCôté
6879,86,RBrown
6879,87,MRowe
6879,88,SMartin
6879,89,NKasirer
6879,90,Mjamal
6880,81,AKarakatsanis
6880,82,MJMoldaver
6880,83,RWagner
6880,85,SCôté
6880,86,RBrown
6880,87,MRowe
6880,88,SMartin
6880,89,NKasirer
6880,90,Mjamal
6881,82,MJMoldaver
6881,83,RWagner
6881,85,SCôté
6881,86,RBrown
6881,87,MRowe
6881,89,NKasirer
6881,90,Mjamal
6882,81,AKarakatsanis
6882,82,MJMoldaver
6882,87,MRowe
6882,89,NKasirer
6882,90,Mjamal
6883,81,AKarakatsanis
6883,82,MJMoldaver
6883,83,RWagner
6883,85,SCôté
6883,86,RBrown
6883,87,MRowe
6883,88,SMartin
6883,89,NKasirer
6883,90,Mjamal
6885,81,AKarakatsanis
6885,82,MJMoldaver
6885,83,RWagner
6885,85,SCôté
6885,86,RBrown
6885,87,MRowe
6885,88,SMartin
6885,89,NKasirer
6885,90,Mjamal
6886,81,AKarakatsanis
6886,82,MJMoldaver
6886,83,RWagner
6886,85,SCôté
6886,86,RBrown
6886,87,MRowe
6886,88,SMartin
6886,89,NKasirer
6886,90,Mjamal
6887,81,AKarakatsanis
6887,82,MJMoldaver
6887,83,RWagner
6887,85,SCôté
6887,86,RBrown
6887,87,MRowe
6887,88,SMartin
6887,89,NKasirer
6887,90,Mjamal
6888,81,AKarakatsanis
6888,82,MJMoldaver
6888,83,RWagner
6888,85,SCôté
6888,86,RBrown
6888,87,MRowe
6888,88,SMartin
6888,89,NKasirer
6888,90,Mjamal
6889,81,AKarakatsanis
6889,82,MJMoldaver
6889,85,SCôté
6889,86,RBrown
6889,88,SMartin
6890,83,RWagner
6890,86,RBrown
6890,87,MRowe
6890,88,SMartin
6890,90,Mjamal
6891,81,AKarakatsanis
6891,82,MJMoldaver
6891,83,RWagner
6891,85,SCôté
6891,86,RBrown
6891,87,MRowe
6891,88,SMartin
6891,89,NKasirer
6891,90,Mjamal
6892,81,AKarakatsanis
6892,82,MJMoldaver
6892,83,RWagner
6892,85,SCôté
6892,86,RBrown
6892,87,MRowe
6892,88,SMartin
6892,89,NKasirer
6892,90,Mjamal
6893,81,AKarakatsanis
6893,82,MJMoldaver
6893,83,RWagner
6893,85,SCôté
6893,86,RBrown
6893,87,MRowe
6893,88,SMartin
6893,89,NKasirer
6893,90,Mjamal
6894,81,AKarakatsanis
6894,82,MJMoldaver
6894,83,RWagner
6894,85,SCôté
6894,86,RBrown
6894,87,MRowe
6894,88,SMartin
6894,89,NKasirer
6894,90,Mjamal
6895,81,AKarakatsanis
6895,82,MJMoldaver
6895,83,RWagner
6895,85,SCôté
6895,86,RBrown
6895,87,MRowe
6895,88,SMartin
6895,89,NKasirer
6895,90,Mjamal
6896,81,AKarakatsanis
6896,82,MJMoldaver
6896,83,RWagner
6896,85,SCôté
6896,86,RBrown
6896,87,MRowe
6896,88,SMartin
6896,89,NKasirer
6896,90,Mjamal
6897,81,AKarakatsanis
6897,82,MJMoldaver
6897,83,RWagner
6897,85,SCôté
6897,86,RBrown
6897,87,MRowe
6897,88,SMartin
6897,89,NKasirer
6897,90,Mjamal
6898,81,AKarakatsanis
6898,82,MJMoldaver
6898,83,RWagner
6898,85,SCôté
6898,86,RBrown
6898,87,MRowe
6898,88,SMartin
6898,89,NKasirer
6898,90,Mjamal
6899,81,AKarakatsanis
6899,82,MJMoldaver
6899,83,RWagner
6899,85,SCôté
6899,86,RBrown
6899,87,MRowe
6899,88,SMartin
6899,89,NKasirer
6899,90,Mjamal
6900,81,AKarakatsanis
6900,82,MJMoldaver
6900,83,RWagner
6900,85,SCôté
6900,86,RBrown
6900,87,MRowe
6900,88,SMartin
6900,89,NKasirer
6900,90,Mjamal
6901,81,AKarakatsanis
6901,82,MJMoldaver
6901,83,RWagner
6901,85,SCôté
6901,86,RBrown
6901,87,MRowe
6901,88,SMartin
6901,89,NKasirer
6901,90,Mjamal
6902,81,AKarakatsanis
6902,82,MJMoldaver
6902,83,RWagner
6902,85,SCôté
6902,86,RBrown
6902,87,MRowe
6902,88,SMartin
6902,89,NKasirer
6902,90,Mjamal
6903,81,AKarakatsanis
6903,82,MJMoldaver
6903,83,RWagner
6903,85,SCôté
6903,86,RBrown
6903,87,MRowe
6903,88,SMartin
6903,89,NKasirer
6903,90,Mjamal
6904,81,AKarakatsanis
6904,82,MJMoldaver
6904,83,RWagner
6904,85,SCôté
6904,86,RBrown
6904,87,MRowe
6904,88,SMartin
6904,89,NKasirer
6904,90,Mjamal
6905,81,AKarakatsanis
6905,82,MJMoldaver
6905,83,RWagner
6905,85,SCôté
6905,86,RBrown
6905,87,MRowe
6905,88,SMartin
6905,89,NKasirer
6905,90,Mjamal
6906,81,AKarakatsanis
6906,82,MJMoldaver
6906,83,RWagner
6906,85,SCôté
6906,86,RBrown
6906,87,MRowe
6906,88,SMartin
6906,89,NKasirer
6906,90,Mjamal
6907,81,AKarakatsanis
6907,82,MJMoldaver
6907,83,RWagner
6907,85,SCôté
6907,86,RBrown
6907,87,MRowe
6907,88,SMartin
6907,89,NKasirer
6907,90,Mjamal
6908,81,AKarakatsanis
6908,82,MJMoldaver
6908,83,RWagner
6908,85,SCôté
6908,86,RBrown
6908,87,MRowe
6908,88,SMartin
6908,89,NKasirer
6908,90,Mjamal
6909,81,AKarakatsanis
6909,85,SCôté
6909,86,RBrown
6909,87,MRowe
6909,89,NKasirer
6910,81,AKarakatsanis
6910,82,MJMoldaver
6910,83,RWagner
6910,85,SCôté
6910,86,RBrown
6910,87,MRowe
6910,88,SMartin
6910,89,NKasirer
6910,90,Mjamal
6912,81,AKarakatsanis
6912,83,RWagner
6912,86,RBrown
6912,87,MRowe
6912,88,SMartin
6912,89,NKasirer
6912,90,Mjamal
6913,81,AKarakatsanis
6913,82,MJMoldaver
6913,83,RWagner
6913,85,SCôté
6913,86,RBrown
6913,87,MRowe
6913,88,SMartin
6913,89,NKasirer
6913,90,Mjamal
6914,81,AKarakatsanis
6914,82,MJMoldaver
6914,83,RWagner
6914,85,SCôté
6914,86,RBrown
6914,87,MRowe
6914,88,SMartin
6914,89,NKasirer
6914,90,Mjamal
6915,81,AKarakatsanis
6915,82,MJMoldaver
6915,83,RWagner
6915,85,SCôté
6915,86,RBrown
6915,87,MRowe
6915,88,SMartin
6915,89,NKasirer
6915,90,Mjamal
6916,81,AKarakatsanis
6916,82,MJMoldaver
6916,83,RWagner
6916,85,SCôté
6916,86,RBrown
6916,87,MRowe
6916,88,SMartin
6916,89,NKasirer
6916,90,Mjamal
6917,81,AKarakatsanis
6917,82,MJMoldaver
6917,83,RWagner
6917,85,SCôté
6917,86,RBrown
6917,87,MRowe
6917,88,SMartin
6917,89,NKasirer
6917,90,Mjamal
6918,81,AKarakatsanis
6918,82,MJMoldaver
6918,83,RWagner
6918,85,SCôté
6918,86,RBrown
6918,87,MRowe
6918,88,SMartin
6918,89,NKasirer
6918,90,Mjamal
6919,81,AKarakatsanis
6919,85,SCôté
6919,86,RBrown
6919,88,SMartin
6919,89,NKasirer
6920,87,MRowe
6920,88,SMartin
6920,89,NKasirer
6920,90,Mjamal
6920,91,MOBonsawin
6921,81,AKarakatsanis
6921,85,SCôté
6921,86,RBrown
6921,87,MRowe
6921,88,SMartin
6921,89,NKasirer
6921,91,MOBonsawin
6922,81,AKarakatsanis
6922,82,MJMoldaver
6922,83,RWagner
6922,85,SCôté
6922,86,RBrown
6922,87,MRowe
6922,88,SMartin
6922,89,NKasirer
6922,90,Mjamal
6923,85,SCôté
6923,86,RBrown
6923,88,SMartin
6923,89,NKasirer
6923,91,MOBonsawin
6924,81,AKarakatsanis
6924,82,MJMoldaver
6924,83,RWagner
6924,85,SCôté
6924,86,RBrown
6924,87,MRowe
6924,88,SMartin
6924,89,NKasirer
6924,90,Mjamal
6925,81,AKarakatsanis
6925,82,MJMoldaver
6925,83,RWagner
6925,85,SCôté
6925,86,RBrown
6925,87,MRowe
6925,88,SMartin
6925,89,NKasirer
6925,90,Mjamal