primaryCaseID,justiceID,justiceName
1,34,PKerwin
1,36,RTaschereau
1,42,JHGFauteux
1,46,WJudson
2,34,PKerwin
2,40,CHLocke
2,41,JRCartwright
2,46,WJudson
3,37,ICRand
3,40,CHLocke
3,41,JRCartwright
3,45,RMartland
4,37,ICRand
4,40,CHLocke
4,41,JRCartwright
4,45,RMartland
5,37,ICRand
5,41,JRCartwright
5,43,DCAbbott
5,46,WJudson
6,34,PKerwin
6,37,ICRand
6,40,CHLocke
6,46,WJudson
7,34,PKerwin
7,37,ICRand
7,41,JRCartwright
7,46,WJudson
8,34,PKerwin
8,37,ICRand
8,42,JHGFauteux
8,43,DCAbbott
9,34,PKerwin
9,36,RTaschereau
9,40,CHLocke
9,43,DCAbbott
10,34,PKerwin
10,42,JHGFauteux
10,45,RMartland
10,46,WJudson
11,34,PKerwin
11,45,RMartland
12,34,PKerwin
12,40,CHLocke
12,41,JRCartwright
12,45,RMartland
13,34,PKerwin
13,37,ICRand
13,40,CHLocke
13,46,WJudson
14,37,ICRand
14,41,JRCartwright
14,43,DCAbbott
14,46,WJudson
15,34,PKerwin
15,37,ICRand
15,42,JHGFauteux
15,45,RMartland
16,34,PKerwin
16,37,ICRand
16,43,DCAbbott
16,46,WJudson
17,34,PKerwin
17,36,RTaschereau
17,37,ICRand
17,46,WJudson
18,34,PKerwin
18,37,ICRand
18,40,CHLocke
18,46,WJudson
19,34,PKerwin
19,36,RTaschereau
19,37,ICRand
19,46,WJudson
20,34,PKerwin
20,36,RTaschereau
20,37,ICRand
20,46,WJudson
21,34,PKerwin
21,37,ICRand
21,42,JHGFauteux
21,43,DCAbbott
22,37,ICRand
22,40,CHLocke
22,41,JRCartwright
22,45,RMartland
23,34,PKerwin
23,36,RTaschereau
23,37,ICRand
23,46,WJudson
24,36,RTaschereau
24,37,ICRand
24,40,CHLocke
24,42,JHGFauteux
25,36,RTaschereau
25,37,ICRand
25,42,JHGFauteux
25,43,DCAbbott
26,36,RTaschereau
26,37,ICRand
26,41,JRCartwright
26,42,JHGFauteux
28,34,PKerwin
28,37,ICRand
28,41,JRCartwright
28,45,RMartland
29,34,PKerwin
29,37,ICRand
29,40,CHLocke
29,45,RMartland
30,34,PKerwin
30,37,ICRand
30,41,JRCartwright
30,45,RMartland
31,34,PKerwin
31,36,RTaschereau
31,37,ICRand
31,46,WJudson
32,37,ICRand
32,40,CHLocke
32,42,JHGFauteux
32,43,DCAbbott
33,34,PKerwin
33,36,RTaschereau
33,41,JRCartwright
33,47,RARitchie
34,40,CHLocke
34,42,JHGFauteux
34,46,WJudson
34,47,RARitchie
35,34,PKerwin
35,36,RTaschereau
35,46,WJudson
35,47,RARitchie
36,34,PKerwin
36,36,RTaschereau
36,42,JHGFauteux
37,36,RTaschereau
37,37,ICRand
37,42,JHGFauteux
37,43,DCAbbott
38,34,PKerwin
38,36,RTaschereau
38,42,JHGFauteux
38,47,RARitchie
39,36,RTaschereau
39,40,CHLocke
39,43,DCAbbott
39,47,RARitchie
40,43,DCAbbott
42,40,CHLocke
42,41,JRCartwright
42,45,RMartland
42,47,RARitchie
43,36,RTaschereau
43,42,JHGFauteux
43,43,DCAbbott
44,34,PKerwin
44,36,RTaschereau
44,41,JRCartwright
44,47,RARitchie
45,41,JRCartwright
45,42,JHGFauteux
45,43,DCAbbott
45,45,RMartland
46,41,JRCartwright
46,42,JHGFauteux
46,43,DCAbbott
46,47,RARitchie
47,34,PKerwin
47,41,JRCartwright
47,46,WJudson
47,47,RARitchie
48,34,PKerwin
48,36,RTaschereau
48,46,WJudson
48,47,RARitchie
49,34,PKerwin
49,41,JRCartwright
49,42,JHGFauteux
49,47,RARitchie
50,34,PKerwin
50,41,JRCartwright
50,46,WJudson
50,47,RARitchie
51,40,CHLocke
51,45,RMartland
51,46,WJudson
51,47,RARitchie
52,36,RTaschereau
52,42,JHGFauteux
52,43,DCAbbott
52,47,RARitchie
53,34,PKerwin
53,40,CHLocke
53,45,RMartland
53,46,WJudson
54,41,JRCartwright
54,45,RMartland
54,46,WJudson
54,47,RARitchie
55,34,PKerwin
55,40,CHLocke
55,42,JHGFauteux
55,43,DCAbbott
56,34,PKerwin
56,36,RTaschereau
56,40,CHLocke
56,42,JHGFauteux
57,34,PKerwin
57,41,JRCartwright
57,42,JHGFauteux
57,43,DCAbbott
58,34,PKerwin
58,41,JRCartwright
58,42,JHGFauteux
58,43,DCAbbott
59,27,TRinfret
59,36,RTaschereau
59,38,RLKellock
59,39,JWEstey
60,27,TRinfret
60,36,RTaschereau
61,34,PKerwin
61,38,RLKellock
61,39,JWEstey
61,40,CHLocke
62,27,TRinfret
62,34,PKerwin
62,39,JWEstey
62,40,CHLocke
63,27,TRinfret
63,37,ICRand
63,39,JWEstey
63,40,CHLocke
64,27,TRinfret
64,34,PKerwin
64,38,RLKellock
64,40,CHLocke
66,34,PKerwin
66,37,ICRand
66,38,RLKellock
66,42,JHGFauteux
67,40,CHLocke
67,42,JHGFauteux
68,36,RTaschereau
68,41,JRCartwright
69,27,TRinfret
69,38,RLKellock
69,39,JWEstey
69,42,JHGFauteux
70,27,TRinfret
70,36,RTaschereau
70,37,ICRand
70,40,CHLocke
71,27,TRinfret
71,42,JHGFauteux
72,27,TRinfret
72,42,JHGFauteux
73,27,TRinfret
73,42,JHGFauteux
74,34,PKerwin
74,37,ICRand
74,40,CHLocke
74,41,JRCartwright
75,27,TRinfret
75,36,RTaschereau
75,38,RLKellock
75,42,JHGFauteux
76,34,PKerwin
76,40,CHLocke
76,41,JRCartwright
76,42,JHGFauteux
77,34,PKerwin
77,37,ICRand
77,38,RLKellock
77,40,CHLocke
80,34,PKerwin
80,37,ICRand
80,41,JRCartwright
80,42,JHGFauteux
81,36,RTaschereau
81,38,RLKellock
81,40,CHLocke
81,41,JRCartwright
82,27,TRinfret
82,36,RTaschereau
82,38,RLKellock
82,42,JHGFauteux
83,27,TRinfret
83,38,RLKellock
83,39,JWEstey
83,42,JHGFauteux
84,27,TRinfret
84,34,PKerwin
84,36,RTaschereau
84,40,CHLocke
85,27,TRinfret
85,38,RLKellock
85,42,JHGFauteux
86,40,CHLocke
86,41,JRCartwright
87,34,PKerwin
87,36,RTaschereau
87,38,RLKellock
87,42,JHGFauteux
88,36,RTaschereau
88,38,RLKellock
88,40,CHLocke
88,42,JHGFauteux
89,34,PKerwin
89,36,RTaschereau
89,38,RLKellock
89,39,JWEstey
90,34,PKerwin
90,37,ICRand
90,38,RLKellock
90,40,CHLocke
91,34,PKerwin
91,38,RLKellock
93,27,TRinfret
93,37,ICRand
93,38,RLKellock
93,40,CHLocke
94,34,PKerwin
94,38,RLKellock
94,39,JWEstey
94,40,CHLocke
95,34,PKerwin
95,38,RLKellock
95,39,JWEstey
95,40,CHLocke
96,27,TRinfret
96,38,RLKellock
96,39,JWEstey
96,42,JHGFauteux
97,27,TRinfret
97,34,PKerwin
97,37,ICRand
97,39,JWEstey
98,27,TRinfret
98,34,PKerwin
98,38,RLKellock
98,41,JRCartwright
99,27,TRinfret
99,36,RTaschereau
99,37,ICRand
99,42,JHGFauteux
100,27,TRinfret
100,38,RLKellock
100,39,JWEstey
100,42,JHGFauteux
101,27,TRinfret
101,34,PKerwin
101,37,ICRand
101,40,CHLocke
102,34,PKerwin
102,36,RTaschereau
102,39,JWEstey
102,41,JRCartwright
103,34,PKerwin
103,37,ICRand
103,38,RLKellock
103,42,JHGFauteux
104,27,TRinfret
104,34,PKerwin
104,36,RTaschereau
104,40,CHLocke
105,27,TRinfret
105,36,RTaschereau
105,38,RLKellock
105,42,JHGFauteux
106,34,PKerwin
106,36,RTaschereau
106,41,JRCartwright
106,42,JHGFauteux
107,27,TRinfret
107,34,PKerwin
107,38,RLKellock
107,41,JRCartwright
108,34,PKerwin
108,38,RLKellock
108,39,JWEstey
108,40,CHLocke
109,27,TRinfret
109,37,ICRand
109,38,RLKellock
109,42,JHGFauteux
110,27,TRinfret
110,36,RTaschereau
110,38,RLKellock
110,42,JHGFauteux
111,36,RTaschereau
111,40,CHLocke
111,42,JHGFauteux
112,27,TRinfret
112,36,RTaschereau
112,38,RLKellock
112,42,JHGFauteux
113,27,TRinfret
113,36,RTaschereau
113,37,ICRand
113,41,JRCartwright
115,36,RTaschereau
115,37,ICRand
115,42,JHGFauteux
115,43,DCAbbott
116,27,TRinfret
116,36,RTaschereau
116,38,RLKellock
116,41,JRCartwright
117,27,TRinfret
118,34,PKerwin
118,37,ICRand
118,41,JRCartwright
118,42,JHGFauteux
119,34,PKerwin
119,38,RLKellock
119,39,JWEstey
119,41,JRCartwright
121,36,RTaschereau
121,40,CHLocke
121,42,JHGFauteux
121,43,DCAbbott
122,37,ICRand
122,38,RLKellock
122,39,JWEstey
122,41,JRCartwright
123,37,ICRand
123,39,JWEstey
123,40,CHLocke
123,41,JRCartwright
124,34,PKerwin
124,36,RTaschereau
124,38,RLKellock
124,42,JHGFauteux
125,36,RTaschereau
125,38,RLKellock
125,42,JHGFauteux
125,43,DCAbbott
126,34,PKerwin
126,36,RTaschereau
126,42,JHGFauteux
126,43,DCAbbott
127,36,RTaschereau
127,39,JWEstey
127,42,JHGFauteux
127,43,DCAbbott
128,36,RTaschereau
128,39,JWEstey
128,40,CHLocke
128,43,DCAbbott
129,36,RTaschereau
130,39,JWEstey
130,40,CHLocke
130,42,JHGFauteux
130,43,DCAbbott
132,34,PKerwin
132,37,ICRand
132,38,RLKellock
132,39,JWEstey
133,34,PKerwin
133,38,RLKellock
133,39,JWEstey
133,40,CHLocke
134,36,RTaschereau
134,40,CHLocke
134,42,JHGFauteux
134,43,DCAbbott
135,36,RTaschereau
135,38,RLKellock
135,41,JRCartwright
135,42,JHGFauteux
137,37,ICRand
137,38,RLKellock
137,39,JWEstey
137,40,CHLocke
138,34,PKerwin
138,36,RTaschereau
138,41,JRCartwright
138,43,DCAbbott
139,38,RLKellock
139,40,CHLocke
139,41,JRCartwright
139,43,DCAbbott
140,34,PKerwin
140,37,ICRand
140,40,CHLocke
140,41,JRCartwright
142,34,PKerwin
142,37,ICRand
142,38,RLKellock
142,42,JHGFauteux
143,34,PKerwin
143,37,ICRand
143,41,JRCartwright
143,43,DCAbbott
144,36,RTaschereau
144,37,ICRand
144,38,RLKellock
144,41,JRCartwright
145,34,PKerwin
145,37,ICRand
145,39,JWEstey
145,41,JRCartwright
146,38,RLKellock
146,39,JWEstey
146,42,JHGFauteux
146,43,DCAbbott
149,36,RTaschereau
149,39,JWEstey
149,40,CHLocke
149,42,JHGFauteux
150,34,PKerwin
150,36,RTaschereau
150,39,JWEstey
150,40,CHLocke
151,34,PKerwin
151,36,RTaschereau
151,39,JWEstey
151,40,CHLocke
152,36,RTaschereau
152,38,RLKellock
152,40,CHLocke
152,42,JHGFauteux
153,36,RTaschereau
153,37,ICRand
153,38,RLKellock
153,43,DCAbbott
154,34,PKerwin
154,39,JWEstey
154,40,CHLocke
154,41,JRCartwright
155,36,RTaschereau
155,38,RLKellock
155,42,JHGFauteux
155,43,DCAbbott
157,34,PKerwin
157,39,JWEstey
157,40,CHLocke
157,43,DCAbbott
158,34,PKerwin
158,37,ICRand
158,38,RLKellock
158,43,DCAbbott
159,37,ICRand
159,38,RLKellock
159,39,JWEstey
159,40,CHLocke
160,37,ICRand
160,39,JWEstey
160,40,CHLocke
160,41,JRCartwright
161,34,PKerwin
161,36,RTaschereau
161,41,JRCartwright
161,43,DCAbbott
162,34,PKerwin
162,38,RLKellock
162,42,JHGFauteux
162,43,DCAbbott
163,34,PKerwin
163,39,JWEstey
163,40,CHLocke
163,41,JRCartwright
164,36,RTaschereau
164,38,RLKellock
164,42,JHGFauteux
164,43,DCAbbott
165,34,PKerwin
165,41,JRCartwright
165,42,JHGFauteux
165,43,DCAbbott
166,37,ICRand
166,38,RLKellock
166,39,JWEstey
166,40,CHLocke
167,37,ICRand
167,38,RLKellock
167,42,JHGFauteux
167,43,DCAbbott
168,36,RTaschereau
168,37,ICRand
168,38,RLKellock
168,43,DCAbbott
169,34,PKerwin
169,38,RLKellock
169,40,CHLocke
169,41,JRCartwright
170,34,PKerwin
170,38,RLKellock
170,42,JHGFauteux
170,43,DCAbbott
171,39,JWEstey
171,40,CHLocke
171,41,JRCartwright
171,43,DCAbbott
172,36,RTaschereau
172,37,ICRand
172,42,JHGFauteux
172,43,DCAbbott
173,36,RTaschereau
173,41,JRCartwright
173,42,JHGFauteux
173,43,DCAbbott
174,34,PKerwin
174,36,RTaschereau
174,42,JHGFauteux
174,43,DCAbbott
175,36,RTaschereau
175,37,ICRand
175,42,JHGFauteux
175,43,DCAbbott
176,36,RTaschereau
176,37,ICRand
176,41,JRCartwright
176,42,JHGFauteux
177,38,RLKellock
177,39,JWEstey
177,40,CHLocke
177,41,JRCartwright
178,36,RTaschereau
178,38,RLKellock
178,40,CHLocke
178,43,DCAbbott
180,34,PKerwin
180,36,RTaschereau
180,38,RLKellock
180,43,DCAbbott
181,36,RTaschereau
181,41,JRCartwright
181,42,JHGFauteux
181,43,DCAbbott
182,34,PKerwin
182,36,RTaschereau
182,38,RLKellock
182,43,DCAbbott
183,36,RTaschereau
183,37,ICRand
183,42,JHGFauteux
183,43,DCAbbott
184,36,RTaschereau
184,37,ICRand
184,42,JHGFauteux
184,43,DCAbbott
185,41,JRCartwright
185,42,JHGFauteux
186,39,JWEstey
186,42,JHGFauteux
188,34,PKerwin
188,37,ICRand
188,39,JWEstey
188,40,CHLocke
189,38,RLKellock
189,43,DCAbbott
190,38,RLKellock
190,43,DCAbbott
191,34,PKerwin
191,37,ICRand
191,40,CHLocke
191,43,DCAbbott
192,39,JWEstey
192,43,DCAbbott
193,36,RTaschereau
193,37,ICRand
193,40,CHLocke
193,42,JHGFauteux
194,36,RTaschereau
194,38,RLKellock
194,39,JWEstey
194,42,JHGFauteux
195,41,JRCartwright
195,42,JHGFauteux
197,36,RTaschereau
197,38,RLKellock
197,42,JHGFauteux
197,43,DCAbbott
198,39,JWEstey
198,43,DCAbbott
199,34,PKerwin
199,36,RTaschereau
199,41,JRCartwright
199,42,JHGFauteux
200,36,RTaschereau
200,38,RLKellock
200,40,CHLocke
200,42,JHGFauteux
201,34,PKerwin
201,36,RTaschereau
201,39,JWEstey
201,41,JRCartwright
202,40,CHLocke
202,41,JRCartwright
202,43,DCAbbott
203,34,PKerwin
203,36,RTaschereau
203,42,JHGFauteux
203,43,DCAbbott
204,34,PKerwin
204,37,ICRand
204,38,RLKellock
204,39,JWEstey
205,41,JRCartwright
205,43,DCAbbott
207,34,PKerwin
207,37,ICRand
207,41,JRCartwright
207,42,JHGFauteux
208,34,PKerwin
208,37,ICRand
208,38,RLKellock
208,43,DCAbbott
209,36,RTaschereau
209,37,ICRand
209,40,CHLocke
210,36,RTaschereau
210,41,JRCartwright
210,42,JHGFauteux
211,36,RTaschereau
211,38,RLKellock
211,39,JWEstey
211,42,JHGFauteux
212,36,RTaschereau
212,41,JRCartwright
213,37,ICRand
213,38,RLKellock
213,40,CHLocke
213,44,HGNolan
214,34,PKerwin
214,38,RLKellock
214,42,JHGFauteux
215,36,RTaschereau
215,42,JHGFauteux
215,43,DCAbbott
216,36,RTaschereau
216,37,ICRand
216,39,JWEstey
216,43,DCAbbott
217,34,PKerwin
217,40,CHLocke
217,41,JRCartwright
217,44,HGNolan
218,34,PKerwin
218,37,ICRand
218,43,DCAbbott
219,36,RTaschereau
219,38,RLKellock
219,43,DCAbbott
220,37,ICRand
220,41,JRCartwright
220,43,DCAbbott
221,39,JWEstey
221,43,DCAbbott
222,34,PKerwin
222,38,RLKellock
222,42,JHGFauteux
223,43,DCAbbott
224,34,PKerwin
224,38,RLKellock
224,41,JRCartwright
224,44,HGNolan
225,37,ICRand
225,38,RLKellock
225,40,CHLocke
225,44,HGNolan
226,37,ICRand
226,38,RLKellock
226,41,JRCartwright
226,44,HGNolan
227,34,PKerwin
227,36,RTaschereau
227,42,JHGFauteux
227,44,HGNolan
228,41,JRCartwright
228,44,HGNolan
229,36,RTaschereau
229,42,JHGFauteux
229,43,DCAbbott
230,34,PKerwin
230,36,RTaschereau
230,42,JHGFauteux
230,44,HGNolan
231,36,RTaschereau
231,38,RLKellock
231,42,JHGFauteux
231,43,DCAbbott
232,38,RLKellock
232,42,JHGFauteux
232,43,DCAbbott
232,44,HGNolan
233,34,PKerwin
233,38,RLKellock
233,40,CHLocke
233,41,JRCartwright
234,38,RLKellock
234,43,DCAbbott
235,37,ICRand
235,38,RLKellock
235,40,CHLocke
235,43,DCAbbott
236,36,RTaschereau
236,38,RLKellock
236,40,CHLocke
236,41,JRCartwright
237,34,PKerwin
237,36,RTaschereau
237,38,RLKellock
237,44,HGNolan
238,38,RLKellock
238,40,CHLocke
238,41,JRCartwright
238,44,HGNolan
239,34,PKerwin
239,37,ICRand
239,38,RLKellock
239,43,DCAbbott
240,40,CHLocke
241,38,RLKellock
241,43,DCAbbott
242,34,PKerwin
242,37,ICRand
242,38,RLKellock
242,40,CHLocke
243,38,RLKellock
243,40,CHLocke
243,43,DCAbbott
243,44,HGNolan
244,36,RTaschereau
244,38,RLKellock
244,40,CHLocke
244,42,JHGFauteux
245,37,ICRand
245,38,RLKellock
245,41,JRCartwright
245,44,HGNolan
246,37,ICRand
246,38,RLKellock
246,42,JHGFauteux
246,44,HGNolan
247,34,PKerwin
247,36,RTaschereau
247,38,RLKellock
247,43,DCAbbott
248,36,RTaschereau
248,38,RLKellock
248,41,JRCartwright
248,42,JHGFauteux
249,34,PKerwin
249,37,ICRand
249,38,RLKellock
249,43,DCAbbott
250,36,RTaschereau
250,38,RLKellock
250,42,JHGFauteux
250,43,DCAbbott
251,36,RTaschereau
251,42,JHGFauteux
251,43,DCAbbott
252,34,PKerwin
252,38,RLKellock
252,42,JHGFauteux
252,43,DCAbbott
253,37,ICRand
253,38,RLKellock
253,40,CHLocke
253,44,HGNolan
254,34,PKerwin
254,38,RLKellock
254,41,JRCartwright
254,43,DCAbbott
255,37,ICRand
255,38,RLKellock
255,40,CHLocke
255,41,JRCartwright
256,36,RTaschereau
256,38,RLKellock
256,40,CHLocke
256,41,JRCartwright
257,34,PKerwin
257,37,ICRand
257,38,RLKellock
257,40,CHLocke
258,37,ICRand
258,38,RLKellock
258,42,JHGFauteux
258,44,HGNolan
259,37,ICRand
259,38,RLKellock
259,39,JWEstey
259,42,JHGFauteux
260,36,RTaschereau
260,38,RLKellock
260,42,JHGFauteux
260,43,DCAbbott
261,38,RLKellock
261,41,JRCartwright
263,38,RLKellock
263,42,JHGFauteux
263,43,DCAbbott
263,44,HGNolan
264,37,ICRand
264,40,CHLocke
264,41,JRCartwright
264,44,HGNolan
265,36,RTaschereau
265,40,CHLocke
265,43,DCAbbott
265,44,HGNolan
266,36,RTaschereau
266,37,ICRand
266,38,RLKellock
266,40,CHLocke
266,42,JHGFauteux
266,43,DCAbbott
267,36,RTaschereau
267,42,JHGFauteux
267,43,DCAbbott
267,44,HGNolan
268,34,PKerwin
268,40,CHLocke
268,41,JRCartwright
268,44,HGNolan
269,36,RTaschereau
269,37,ICRand
269,43,DCAbbott
269,44,HGNolan
270,34,PKerwin
270,36,RTaschereau
270,38,RLKellock
270,42,JHGFauteux
271,34,PKerwin
271,36,RTaschereau
271,38,RLKellock
271,41,JRCartwright
272,34,PKerwin
272,40,CHLocke
272,41,JRCartwright
272,44,HGNolan
273,34,PKerwin
273,40,CHLocke
273,41,JRCartwright
273,44,HGNolan
274,34,PKerwin
274,37,ICRand
274,38,RLKellock
274,41,JRCartwright
275,38,RLKellock
277,38,RLKellock
277,40,CHLocke
277,41,JRCartwright
277,44,HGNolan
278,36,RTaschereau
278,41,JRCartwright
278,42,JHGFauteux
278,44,HGNolan
279,37,ICRand
279,40,CHLocke
279,42,JHGFauteux
279,43,DCAbbott
280,34,PKerwin
280,37,ICRand
280,38,RLKellock
280,41,JRCartwright
281,36,RTaschereau
281,37,ICRand
281,42,JHGFauteux
281,43,DCAbbott
282,38,RLKellock
282,44,HGNolan
283,34,PKerwin
283,36,RTaschereau
283,37,ICRand
283,38,RLKellock
283,40,CHLocke
283,41,JRCartwright
284,34,PKerwin
284,41,JRCartwright
284,42,JHGFauteux
284,44,HGNolan
285,36,RTaschereau
285,38,RLKellock
285,43,DCAbbott
285,44,HGNolan
287,37,ICRand
287,38,RLKellock
287,42,JHGFauteux
287,44,HGNolan
288,36,RTaschereau
288,42,JHGFauteux
288,43,DCAbbott
288,44,HGNolan
289,36,RTaschereau
289,38,RLKellock
289,43,DCAbbott
289,44,HGNolan
290,37,ICRand
290,40,CHLocke
290,41,JRCartwright
290,42,JHGFauteux
291,36,RTaschereau
291,37,ICRand
291,38,RLKellock
291,44,HGNolan
292,37,ICRand
292,38,RLKellock
292,40,CHLocke
292,44,HGNolan
293,34,PKerwin
293,36,RTaschereau
293,42,JHGFauteux
293,43,DCAbbott
294,42,JHGFauteux
294,43,DCAbbott
295,38,RLKellock
295,40,CHLocke
295,42,JHGFauteux
295,44,HGNolan
296,34,PKerwin
296,38,RLKellock
296,40,CHLocke
296,44,HGNolan
297,37,ICRand
297,38,RLKellock
297,40,CHLocke
297,44,HGNolan
298,34,PKerwin
298,37,ICRand
298,40,CHLocke
298,41,JRCartwright
299,34,PKerwin
299,36,RTaschereau
299,38,RLKellock
299,42,JHGFauteux
300,40,CHLocke
300,41,JRCartwright
300,43,DCAbbott
300,44,HGNolan
301,34,PKerwin
301,37,ICRand
301,40,CHLocke
301,41,JRCartwright
302,36,RTaschereau
302,42,JHGFauteux
302,43,DCAbbott
302,44,HGNolan
303,36,RTaschereau
303,38,RLKellock
303,42,JHGFauteux
303,44,HGNolan
304,34,PKerwin
304,36,RTaschereau
304,38,RLKellock
304,44,HGNolan
305,38,RLKellock
305,44,HGNolan
306,34,PKerwin
306,36,RTaschereau
306,38,RLKellock
306,42,JHGFauteux
307,34,PKerwin
307,36,RTaschereau
307,42,JHGFauteux
307,43,DCAbbott
308,38,RLKellock
308,42,JHGFauteux
308,43,DCAbbott
308,44,HGNolan
309,37,ICRand
309,38,RLKellock
309,43,DCAbbott
309,44,HGNolan
310,38,RLKellock
310,42,JHGFauteux
310,43,DCAbbott
310,44,HGNolan
311,34,PKerwin
311,38,RLKellock
311,41,JRCartwright
311,43,DCAbbott
312,34,PKerwin
312,38,RLKellock
312,41,JRCartwright
312,44,HGNolan
313,34,PKerwin
313,38,RLKellock
313,40,CHLocke
313,43,DCAbbott
314,34,PKerwin
314,37,ICRand
314,38,RLKellock
314,40,CHLocke
315,36,RTaschereau
315,37,ICRand
315,38,RLKellock
315,42,JHGFauteux
316,38,RLKellock
316,44,HGNolan
317,34,PKerwin
317,36,RTaschereau
317,38,RLKellock
317,44,HGNolan
318,38,RLKellock
318,42,JHGFauteux
319,36,RTaschereau
319,37,ICRand
319,38,RLKellock
319,43,DCAbbott
320,37,ICRand
320,38,RLKellock
320,40,CHLocke
320,44,HGNolan
321,38,RLKellock
321,42,JHGFauteux
321,43,DCAbbott
321,44,HGNolan
322,36,RTaschereau
322,38,RLKellock
322,43,DCAbbott
322,44,HGNolan
323,34,PKerwin
323,38,RLKellock
323,40,CHLocke
323,43,DCAbbott
324,36,RTaschereau
324,37,ICRand
324,38,RLKellock
324,44,HGNolan
325,34,PKerwin
325,38,RLKellock
325,41,JRCartwright
325,44,HGNolan
326,38,RLKellock
326,42,JHGFauteux
326,43,DCAbbott
326,44,HGNolan
327,36,RTaschereau
327,38,RLKellock
327,42,JHGFauteux
327,44,HGNolan
328,34,PKerwin
328,38,RLKellock
328,40,CHLocke
328,43,DCAbbott
329,36,RTaschereau
329,38,RLKellock
329,42,JHGFauteux
329,43,DCAbbott
330,37,ICRand
330,38,RLKellock
330,42,JHGFauteux
331,37,ICRand
331,38,RLKellock
331,40,CHLocke
331,44,HGNolan
332,38,RLKellock
332,40,CHLocke
332,43,DCAbbott
333,38,RLKellock
333,42,JHGFauteux
334,40,CHLocke
335,34,PKerwin
335,38,RLKellock
335,40,CHLocke
335,44,HGNolan
336,34,PKerwin
336,38,RLKellock
336,40,CHLocke
336,44,HGNolan
337,34,PKerwin
337,38,RLKellock
337,40,CHLocke
337,44,HGNolan
338,34,PKerwin
338,38,RLKellock
338,41,JRCartwright
339,34,PKerwin
339,37,ICRand
339,38,RLKellock
340,36,RTaschereau
340,38,RLKellock
340,40,CHLocke
341,38,RLKellock
341,42,JHGFauteux
341,43,DCAbbott
342,37,ICRand
342,38,RLKellock
342,40,CHLocke
343,36,RTaschereau
343,38,RLKellock
343,40,CHLocke
344,34,PKerwin
344,38,RLKellock
344,41,JRCartwright
344,44,HGNolan
345,34,PKerwin
345,38,RLKellock
345,41,JRCartwright
346,36,RTaschereau
346,38,RLKellock
346,42,JHGFauteux
347,36,RTaschereau
347,37,ICRand
347,38,RLKellock
348,34,PKerwin
348,38,RLKellock
348,43,DCAbbott
349,36,RTaschereau
349,37,ICRand
349,38,RLKellock
350,34,PKerwin
350,38,RLKellock
350,40,CHLocke
351,34,PKerwin
351,38,RLKellock
351,42,JHGFauteux
352,38,RLKellock
352,42,JHGFauteux
352,43,DCAbbott
353,38,RLKellock
353,42,JHGFauteux
353,43,DCAbbott
354,38,RLKellock
354,44,HGNolan
355,38,RLKellock
355,42,JHGFauteux
355,43,DCAbbott
356,36,RTaschereau
356,37,ICRand
356,38,RLKellock
357,38,RLKellock
357,40,CHLocke
357,43,DCAbbott
358,34,PKerwin
358,37,ICRand
358,38,RLKellock
359,38,RLKellock
359,40,CHLocke
359,42,JHGFauteux
360,34,PKerwin
360,40,CHLocke
360,41,JRCartwright
360,45,RMartland
361,34,PKerwin
361,40,CHLocke
361,41,JRCartwright
361,45,RMartland
362,34,PKerwin
362,37,ICRand
362,42,JHGFauteux
362,45,RMartland
363,37,ICRand
363,40,CHLocke
363,41,JRCartwright
363,45,RMartland
364,34,PKerwin
364,37,ICRand
364,42,JHGFauteux
364,45,RMartland
365,36,RTaschereau
365,38,RLKellock
365,43,DCAbbott
366,34,PKerwin
366,36,RTaschereau
366,38,RLKellock
367,36,RTaschereau
367,41,JRCartwright
367,45,RMartland
367,46,WJudson
368,37,ICRand
368,42,JHGFauteux
368,45,RMartland
369,36,RTaschereau
369,41,JRCartwright
369,45,RMartland
369,46,WJudson
370,34,PKerwin
370,43,DCAbbott
370,45,RMartland
370,46,WJudson
371,36,RTaschereau
371,37,ICRand
371,43,DCAbbott
371,45,RMartland
372,41,JRCartwright
372,42,JHGFauteux
372,45,RMartland
372,46,WJudson
373,34,PKerwin
373,36,RTaschereau
373,45,RMartland
374,38,RLKellock
374,41,JRCartwright
374,43,DCAbbott
375,36,RTaschereau
375,40,CHLocke
375,45,RMartland
375,46,WJudson
376,37,ICRand
376,40,CHLocke
376,42,JHGFauteux
376,46,WJudson
377,36,RTaschereau
377,37,ICRand
377,40,CHLocke
377,42,JHGFauteux
378,34,PKerwin
378,36,RTaschereau
378,42,JHGFauteux
378,43,DCAbbott
379,37,ICRand
379,41,JRCartwright
379,43,DCAbbott
379,46,WJudson
380,45,RMartland
380,46,WJudson
381,36,RTaschereau
381,37,ICRand
381,42,JHGFauteux
381,43,DCAbbott
382,36,RTaschereau
382,37,ICRand
382,40,CHLocke
382,42,JHGFauteux
383,42,JHGFauteux
383,46,WJudson
384,36,RTaschereau
384,40,CHLocke
384,42,JHGFauteux
384,43,DCAbbott
385,42,JHGFauteux
385,43,DCAbbott
385,45,RMartland
385,46,WJudson
386,36,RTaschereau
386,37,ICRand
386,41,JRCartwright
386,43,DCAbbott
387,37,ICRand
387,42,JHGFauteux
387,43,DCAbbott
387,45,RMartland
388,40,CHLocke
388,41,JRCartwright
388,42,JHGFauteux
388,43,DCAbbott
389,34,PKerwin
389,41,JRCartwright
389,42,JHGFauteux
389,46,WJudson
391,34,PKerwin
391,37,ICRand
391,43,DCAbbott
391,45,RMartland
392,34,PKerwin
392,36,RTaschereau
392,42,JHGFauteux
392,45,RMartland
393,34,PKerwin
393,40,CHLocke
393,41,JRCartwright
393,43,DCAbbott
394,37,ICRand
394,42,JHGFauteux
394,43,DCAbbott
394,46,WJudson
395,34,PKerwin
395,40,CHLocke
395,43,DCAbbott
395,45,RMartland
396,37,ICRand
396,40,CHLocke
396,45,RMartland
396,46,WJudson
397,45,RMartland
397,46,WJudson
399,45,RMartland
399,46,WJudson
400,34,PKerwin
400,36,RTaschereau
400,40,CHLocke
400,42,JHGFauteux
401,34,PKerwin
401,37,ICRand
401,45,RMartland
401,46,WJudson
402,34,PKerwin
402,40,CHLocke
402,41,JRCartwright
402,45,RMartland
403,34,PKerwin
403,36,RTaschereau
403,37,ICRand
403,43,DCAbbott
405,36,RTaschereau
405,42,JHGFauteux
405,43,DCAbbott
405,46,WJudson
406,34,PKerwin
406,36,RTaschereau
406,37,ICRand
406,43,DCAbbott
407,34,PKerwin
407,37,ICRand
407,40,CHLocke
407,42,JHGFauteux
408,34,PKerwin
408,36,RTaschereau
408,42,JHGFauteux
408,43,DCAbbott
409,34,PKerwin
409,36,RTaschereau
409,37,ICRand
409,43,DCAbbott
410,34,PKerwin
410,37,ICRand
410,40,CHLocke
410,46,WJudson
411,34,PKerwin
411,40,CHLocke
411,41,JRCartwright
411,45,RMartland
412,34,PKerwin
412,37,ICRand
412,40,CHLocke
412,45,RMartland
413,34,PKerwin
413,37,ICRand
413,41,JRCartwright
413,46,WJudson
414,34,PKerwin
414,40,CHLocke
414,41,JRCartwright
414,45,RMartland
415,34,PKerwin
415,40,CHLocke
415,41,JRCartwright
415,46,WJudson
416,37,ICRand
416,45,RMartland
417,34,PKerwin
417,45,RMartland
420,34,PKerwin
420,36,RTaschereau
420,42,JHGFauteux
420,45,RMartland
421,34,PKerwin
421,36,RTaschereau
421,42,JHGFauteux
421,46,WJudson
422,34,PKerwin
422,36,RTaschereau
422,37,ICRand
422,42,JHGFauteux
423,34,PKerwin
423,36,RTaschereau
423,42,JHGFauteux
423,45,RMartland
424,34,PKerwin
424,36,RTaschereau
424,37,ICRand
424,43,DCAbbott
425,34,PKerwin
425,37,ICRand
425,43,DCAbbott
425,46,WJudson
426,34,PKerwin
426,43,DCAbbott
427,34,PKerwin
427,43,DCAbbott
429,34,PKerwin
429,36,RTaschereau
429,40,CHLocke
429,42,JHGFauteux
430,34,PKerwin
430,37,ICRand
431,34,PKerwin
431,36,RTaschereau
431,42,JHGFauteux
431,43,DCAbbott
432,34,PKerwin
432,40,CHLocke
432,41,JRCartwright
432,47,RARitchie
433,34,PKerwin
433,40,CHLocke
433,41,JRCartwright
433,45,RMartland
434,34,PKerwin
434,36,RTaschereau
434,40,CHLocke
434,45,RMartland
435,36,RTaschereau
435,42,JHGFauteux
437,34,PKerwin
437,36,RTaschereau
437,37,ICRand
437,42,JHGFauteux
438,34,PKerwin
438,40,CHLocke
439,34,PKerwin
439,36,RTaschereau
439,40,CHLocke
439,43,DCAbbott
440,34,PKerwin
440,36,RTaschereau
440,40,CHLocke
440,43,DCAbbott
441,40,CHLocke
441,41,JRCartwright
441,46,WJudson
441,47,RARitchie
442,40,CHLocke
442,41,JRCartwright
442,46,WJudson
442,47,RARitchie
443,34,PKerwin
443,45,RMartland
443,46,WJudson
443,47,RARitchie
444,34,PKerwin
444,40,CHLocke
444,42,JHGFauteux
444,43,DCAbbott
445,34,PKerwin
445,37,ICRand
445,42,JHGFauteux
445,43,DCAbbott
446,36,RTaschereau
446,42,JHGFauteux
446,43,DCAbbott
446,47,RARitchie
447,36,RTaschereau
447,42,JHGFauteux
447,45,RMartland
447,47,RARitchie
448,42,JHGFauteux
448,43,DCAbbott
448,46,WJudson
448,47,RARitchie
449,34,PKerwin
449,36,RTaschereau
449,40,CHLocke
449,46,WJudson
450,43,DCAbbott
450,47,RARitchie
451,34,PKerwin
451,40,CHLocke
452,36,RTaschereau
452,40,CHLocke
453,34,PKerwin
453,40,CHLocke
456,34,PKerwin
456,40,CHLocke
456,43,DCAbbott
456,45,RMartland
457,40,CHLocke
457,41,JRCartwright
457,45,RMartland
457,47,RARitchie
458,34,PKerwin
458,36,RTaschereau
458,40,CHLocke
458,42,JHGFauteux
459,34,PKerwin
459,40,CHLocke
460,41,JRCartwright
460,43,DCAbbott
460,45,RMartland
460,46,WJudson
461,34,PKerwin
461,41,JRCartwright
461,43,DCAbbott
461,46,WJudson
462,36,RTaschereau
462,42,JHGFauteux
462,48,EMHall
463,41,JRCartwright
463,43,DCAbbott
463,45,RMartland
464,42,JHGFauteux
464,47,RARitchie
464,48,EMHall
465,36,RTaschereau
465,41,JRCartwright
465,42,JHGFauteux
465,46,WJudson
466,43,DCAbbott
466,45,RMartland
466,47,RARitchie
467,45,RMartland
467,47,RARitchie
467,48,EMHall
467,49,WFSpence
468,41,JRCartwright
468,42,JHGFauteux
468,43,DCAbbott
468,48,EMHall
469,34,PKerwin
469,45,RMartland
469,47,RARitchie
470,42,JHGFauteux
470,43,DCAbbott
470,47,RARitchie
471,36,RTaschereau
471,43,DCAbbott
471,48,EMHall
472,42,JHGFauteux
472,43,DCAbbott
472,48,EMHall
473,41,JRCartwright
473,42,JHGFauteux
473,43,DCAbbott
474,42,JHGFauteux
474,46,WJudson
474,48,EMHall
475,36,RTaschereau
475,42,JHGFauteux
475,43,DCAbbott
476,41,JRCartwright
476,42,JHGFauteux
476,48,EMHall
476,49,WFSpence
477,41,JRCartwright
477,45,RMartland
477,47,RARitchie
478,36,RTaschereau
478,43,DCAbbott
478,45,RMartland
478,49,WFSpence
479,41,JRCartwright
479,47,RARitchie
479,48,EMHall
480,45,RMartland
480,49,WFSpence
481,48,EMHall
482,42,JHGFauteux
482,45,RMartland
482,47,RARitchie
482,49,WFSpence
483,42,JHGFauteux
483,47,RARitchie
483,48,EMHall
484,45,RMartland
484,46,WJudson
484,47,RARitchie
486,42,JHGFauteux
486,46,WJudson
486,47,RARitchie
733,34,PKerwin
733,40,CHLocke
733,41,JRCartwright
733,46,WJudson
734,40,CHLocke
734,41,JRCartwright
734,46,WJudson
734,47,RARitchie
735,36,RTaschereau
735,40,CHLocke
735,45,RMartland
735,47,RARitchie
736,43,DCAbbott
736,45,RMartland
737,34,PKerwin
737,40,CHLocke
737,41,JRCartwright
737,45,RMartland
738,34,PKerwin
738,41,JRCartwright
738,46,WJudson
738,47,RARitchie
739,34,PKerwin
739,40,CHLocke
739,41,JRCartwright
739,43,DCAbbott
740,34,PKerwin
740,40,CHLocke
740,41,JRCartwright
740,47,RARitchie
741,34,PKerwin
741,36,RTaschereau
741,42,JHGFauteux
741,45,RMartland
742,34,PKerwin
742,40,CHLocke
742,41,JRCartwright
742,46,WJudson
743,34,PKerwin
743,40,CHLocke
743,41,JRCartwright
743,45,RMartland
744,36,RTaschereau
744,42,JHGFauteux
744,43,DCAbbott
744,45,RMartland
748,36,RTaschereau
748,42,JHGFauteux
748,43,DCAbbott
748,45,RMartland
749,34,PKerwin
749,36,RTaschereau
749,42,JHGFauteux
749,46,WJudson
750,36,RTaschereau
750,40,CHLocke
750,43,DCAbbott
750,45,RMartland
751,40,CHLocke
751,42,JHGFauteux
752,40,CHLocke
752,41,JRCartwright
752,45,RMartland
752,47,RARitchie
1071,36,RTaschereau
1071,41,JRCartwright
1071,46,WJudson
1071,47,RARitchie
1072,36,RTaschereau
1072,42,JHGFauteux
1072,43,DCAbbott
1072,49,WFSpence
1073,36,RTaschereau
1073,42,JHGFauteux
1073,45,RMartland
1073,48,EMHall
1074,36,RTaschereau
1074,41,JRCartwright
1074,42,JHGFauteux
1074,43,DCAbbott
1075,42,JHGFauteux
1075,43,DCAbbott
1075,46,WJudson
1075,47,RARitchie
1076,42,JHGFauteux
1076,43,DCAbbott
1076,46,WJudson
1076,49,WFSpence
1077,36,RTaschereau
1077,42,JHGFauteux
1077,43,DCAbbott
1077,47,RARitchie
1078,36,RTaschereau
1078,41,JRCartwright
1078,42,JHGFauteux
1078,48,EMHall
1079,41,JRCartwright
1079,42,JHGFauteux
1079,43,DCAbbott
1079,47,RARitchie
1080,36,RTaschereau
1080,41,JRCartwright
1080,42,JHGFauteux
1080,45,RMartland
1081,36,RTaschereau
1081,41,JRCartwright
1081,42,JHGFauteux
1081,48,EMHall
1082,41,JRCartwright
1082,43,DCAbbott
1082,46,WJudson
1082,49,WFSpence
1083,41,JRCartwright
1083,42,JHGFauteux
1083,43,DCAbbott
1083,45,RMartland
1084,36,RTaschereau
1084,41,JRCartwright
1084,42,JHGFauteux
1084,43,DCAbbott
1085,41,JRCartwright
1085,43,DCAbbott
1085,45,RMartland
1085,46,WJudson
1086,36,RTaschereau
1086,42,JHGFauteux
1086,43,DCAbbott
1086,48,EMHall
1087,36,RTaschereau
1087,42,JHGFauteux
1087,45,RMartland
1087,47,RARitchie
1088,36,RTaschereau
1088,42,JHGFauteux
1088,43,DCAbbott
1088,49,WFSpence
1090,36,RTaschereau
1090,41,JRCartwright
1090,43,DCAbbott
1090,49,WFSpence
1091,41,JRCartwright
1091,45,RMartland
1091,47,RARitchie
1091,48,EMHall
1751,42,JHGFauteux
1751,43,DCAbbott
1751,47,RARitchie
1751,50,LPPigeon
1752,42,JHGFauteux
1752,43,DCAbbott
1752,46,WJudson
1752,50,LPPigeon
1754,42,JHGFauteux
1754,43,DCAbbott
1754,51,BLaskin
1754,52,RGBDickson
1755,42,JHGFauteux
1755,43,DCAbbott
1755,45,RMartland
1755,50,LPPigeon
1756,47,RARitchie
1756,52,RGBDickson
1757,42,JHGFauteux
1757,43,DCAbbott
1757,50,LPPigeon
1758,42,JHGFauteux
1758,43,DCAbbott
1758,47,RARitchie
1758,52,RGBDickson
1759,42,JHGFauteux
1759,43,DCAbbott
1759,48,EMHall
1759,50,LPPigeon
1760,42,JHGFauteux
1760,43,DCAbbott
1760,45,RMartland
1760,48,EMHall
1761,42,JHGFauteux
1761,43,DCAbbott
1765,42,JHGFauteux
1765,43,DCAbbott
1765,49,WFSpence
1765,50,LPPigeon
1766,42,JHGFauteux
1766,43,DCAbbott
1766,50,LPPigeon
1766,52,RGBDickson
1767,45,RMartland
1767,46,WJudson
1767,49,WFSpence
1767,51,BLaskin
1768,42,JHGFauteux
1768,46,WJudson
1768,47,RARitchie
1768,49,WFSpence
1769,42,JHGFauteux
1769,51,BLaskin
1770,42,JHGFauteux
1770,47,RARitchie
1770,50,LPPigeon
1770,52,RGBDickson
1771,42,JHGFauteux
1771,43,DCAbbott
1771,45,RMartland
1771,50,LPPigeon
3123,55,WZEstey
3123,59,ALamer
3124,52,RGBDickson
3124,55,WZEstey
3125,61,GELDain
3125,62,GLForest
3126,55,WZEstey
3126,61,GELDain
3127,52,RGBDickson
3127,57,WRMcIntyre
3127,59,ALamer
3127,60,BWilson
3128,52,RGBDickson
3128,55,WZEstey
3128,58,JChoinard
3128,60,BWilson
3130,47,RARitchie
3130,60,BWilson
3131,52,RGBDickson
3131,55,WZEstey
3131,57,WRMcIntyre
3132,52,RGBDickson
3132,55,WZEstey
3132,60,BWilson
3133,55,WZEstey
3133,59,ALamer
3134,55,WZEstey
3134,59,ALamer
3135,53,JBeetz
3135,55,WZEstey
3136,55,WZEstey
3136,59,ALamer
3137,52,RGBDickson
3137,55,WZEstey
3137,60,BWilson
3137,61,GELDain
3138,55,WZEstey
3138,60,BWilson
3139,53,JBeetz
3139,55,WZEstey
3140,53,JBeetz
3140,55,WZEstey
3141,52,RGBDickson
3141,55,WZEstey
3141,57,WRMcIntyre
3142,52,RGBDickson
3142,53,JBeetz
3142,55,WZEstey
3142,62,GLForest
4516,63,CLHDube
4516,65,CDGonthier
4516,67,BMcLachlin
4516,69,FIacobucci
4520,69,FIacobucci
4520,72,WICBinnie
4521,63,CLHDube
4521,70,JCMajor
4521,72,WICBinnie
4521,74,LLeBel
4522,70,JCMajor
4522,73,LArbour
4523,70,JCMajor
4523,73,LArbour
4528,63,CLHDube
4528,65,CDGonthier
4528,67,BMcLachlin
4528,74,LLeBel
4529,63,CLHDube
4529,65,CDGonthier
4529,67,BMcLachlin
4529,74,LLeBel
4530,63,CLHDube
4530,74,LLeBel
4531,63,CLHDube
4531,74,LLeBel
4532,63,CLHDube
4532,74,LLeBel
4860,69,FIacobucci
4860,73,LArbour
4861,69,FIacobucci
4861,73,LArbour
4862,69,FIacobucci
4862,73,LArbour
4865,76,MJFish
4865,78,LCharron
4867,67,BMcLachlin
4867,71,MBastarache
4868,70,JCMajor
4868,75,MDeschamps
4869,70,JCMajor
4869,75,MDeschamps
4870,69,FIacobucci
4870,73,LArbour
4872,67,BMcLachlin
4872,72,WICBinnie
4873,72,WICBinnie
4873,75,MDeschamps
4875,74,LLeBel
4875,78,LCharron
5202,75,MDeschamps
5202,77,RSAbella
5213,67,BMcLachlin
5213,80,TACromwell
5215,72,WICBinnie
5215,79,MRothstein
5218,67,BMcLachlin
5218,80,TACromwell
487,41,JRCartwright
487,47,RARitchie
487,48,EMHall
488,41,JRCartwright
488,46,WJudson
488,48,EMHall
488,49,WFSpence
489,45,RMartland
489,46,WJudson
489,47,RARitchie
490,36,RTaschereau
490,43,DCAbbott
490,45,RMartland
493,45,RMartland
493,50,LPPigeon
493,52,RGBDickson
493,53,JBeetz
494,45,RMartland
494,47,RARitchie
494,51,BLaskin
494,52,RGBDickson
495,45,RMartland
495,47,RARitchie
495,49,WFSpence
495,51,BLaskin
496,45,RMartland
497,54,LPGrandpre
502,46,WJudson
502,50,LPPigeon
502,51,BLaskin
502,54,LPGrandpre
503,52,RGBDickson
503,54,LPGrandpre
507,46,WJudson
507,49,WFSpence
507,51,BLaskin
507,53,JBeetz
508,46,WJudson
508,50,LPPigeon
508,51,BLaskin
508,54,LPGrandpre
509,52,RGBDickson
519,49,WFSpence
520,52,RGBDickson
520,61,GELDain
520,62,GLForest
520,63,CLHDube
521,52,RGBDickson
521,53,JBeetz
521,61,GELDain
521,62,GLForest
522,52,RGBDickson
522,53,JBeetz
522,59,ALamer
522,61,GELDain
523,52,RGBDickson
523,53,JBeetz
523,59,ALamer
523,63,CLHDube
524,55,WZEstey
524,61,GELDain
525,55,WZEstey
525,58,JChoinard
526,55,WZEstey
526,61,GELDain
526,62,GLForest
526,63,CLHDube
527,52,RGBDickson
527,55,WZEstey
527,57,WRMcIntyre
527,62,GLForest
528,55,WZEstey
528,59,ALamer
528,61,GELDain
528,63,CLHDube
529,59,ALamer
530,52,RGBDickson
530,53,JBeetz
530,57,WRMcIntyre
530,62,GLForest
531,52,RGBDickson
531,53,JBeetz
531,57,WRMcIntyre
531,61,GELDain
532,52,RGBDickson
532,53,JBeetz
532,55,WZEstey
532,63,CLHDube
533,53,JBeetz
533,57,WRMcIntyre
534,59,ALamer
535,59,ALamer
536,53,JBeetz
536,61,GELDain
537,52,RGBDickson
538,53,JBeetz
538,61,GELDain
538,62,GLForest
539,52,RGBDickson
539,57,WRMcIntyre
539,60,BWilson
540,53,JBeetz
540,64,JSopinka
541,52,RGBDickson
541,53,JBeetz
541,61,GELDain
541,63,CLHDube
542,60,BWilson
543,52,RGBDickson
543,57,WRMcIntyre
543,60,BWilson
543,63,CLHDube
544,52,RGBDickson
544,55,WZEstey
544,57,WRMcIntyre
544,60,BWilson
545,68,WStevenson
545,69,FIacobucci
546,59,ALamer
546,64,JSopinka
546,68,WStevenson
546,69,FIacobucci
547,59,ALamer
547,62,GLForest
547,64,JSopinka
547,65,CDGonthier
548,62,GLForest
548,63,CLHDube
548,66,PCCory
548,67,BMcLachlin
549,68,WStevenson
549,69,FIacobucci
550,59,ALamer
550,63,CLHDube
551,59,ALamer
551,63,CLHDube
551,65,CDGonthier
551,68,WStevenson
552,59,ALamer
552,64,JSopinka
552,67,BMcLachlin
552,69,FIacobucci
553,52,RGBDickson
553,59,ALamer
554,59,ALamer
554,63,CLHDube
555,62,GLForest
555,63,CLHDube
555,68,WStevenson
555,69,FIacobucci
556,63,CLHDube
556,64,JSopinka
556,66,PCCory
556,69,FIacobucci
557,60,BWilson
557,63,CLHDube
559,68,WStevenson
559,69,FIacobucci
560,68,WStevenson
560,69,FIacobucci
561,59,ALamer
561,66,PCCory
562,62,GLForest
562,66,PCCory
563,59,ALamer
563,65,CDGonthier
564,65,CDGonthier
564,67,BMcLachlin
565,59,ALamer
565,67,BMcLachlin
566,59,ALamer
566,65,CDGonthier
568,63,CLHDube
568,66,PCCory
569,59,ALamer
569,64,JSopinka
570,63,CLHDube
570,66,PCCory
572,59,ALamer
572,62,GLForest
572,63,CLHDube
572,66,PCCory
576,62,GLForest
576,63,CLHDube
578,62,GLForest
578,64,JSopinka
578,65,CDGonthier
578,70,JCMajor
581,59,ALamer
581,62,GLForest
581,63,CLHDube
581,67,BMcLachlin
582,59,ALamer
582,69,FIacobucci
583,59,ALamer
583,70,JCMajor
584,59,ALamer
584,63,CLHDube
591,67,BMcLachlin
591,69,FIacobucci
595,62,GLForest
595,63,CLHDube
595,64,JSopinka
595,70,JCMajor
598,59,ALamer
598,63,CLHDube
600,59,ALamer
600,67,BMcLachlin
601,59,ALamer
601,67,BMcLachlin
602,59,ALamer
602,62,GLForest
602,67,BMcLachlin
602,70,JCMajor
604,67,BMcLachlin
607,59,ALamer
607,70,JCMajor
608,59,ALamer
608,62,GLForest
608,63,CLHDube
608,67,BMcLachlin
609,67,BMcLachlin
610,59,ALamer
610,62,GLForest
610,67,BMcLachlin
611,59,ALamer
611,62,GLForest
611,63,CLHDube
611,67,BMcLachlin
612,62,GLForest
612,67,BMcLachlin
614,59,ALamer
614,63,CLHDube
614,65,CDGonthier
614,66,PCCory
615,66,PCCory
615,67,BMcLachlin
616,59,ALamer
616,62,GLForest
617,64,JSopinka
617,67,BMcLachlin
620,59,ALamer
620,66,PCCory
621,59,ALamer
621,66,PCCory
622,34,PKerwin
622,40,CHLocke
622,45,RMartland
622,47,RARitchie
623,36,RTaschereau
623,41,JRCartwright
623,42,JHGFauteux
623,46,WJudson
624,41,JRCartwright
624,43,DCAbbott
624,45,RMartland
624,47,RARitchie
625,36,RTaschereau
625,42,JHGFauteux
625,45,RMartland
625,47,RARitchie
626,36,RTaschereau
626,42,JHGFauteux
626,43,DCAbbott
626,47,RARitchie
627,45,RMartland
627,47,RARitchie
628,43,DCAbbott
628,46,WJudson
630,36,RTaschereau
630,42,JHGFauteux
630,43,DCAbbott
630,47,RARitchie
631,36,RTaschereau
631,42,JHGFauteux
631,43,DCAbbott
631,47,RARitchie
632,34,PKerwin
632,36,RTaschereau
632,42,JHGFauteux
632,47,RARitchie
634,36,RTaschereau
634,40,CHLocke
634,42,JHGFauteux
634,43,DCAbbott
635,34,PKerwin
635,36,RTaschereau
635,42,JHGFauteux
635,43,DCAbbott
636,40,CHLocke
636,41,JRCartwright
636,46,WJudson
636,47,RARitchie
637,34,PKerwin
637,36,RTaschereau
637,42,JHGFauteux
637,47,RARitchie
638,36,RTaschereau
638,40,CHLocke
638,42,JHGFauteux
638,43,DCAbbott
639,34,PKerwin
639,36,RTaschereau
639,42,JHGFauteux
639,43,DCAbbott
642,34,PKerwin
642,40,CHLocke
642,41,JRCartwright
642,45,RMartland
643,36,RTaschereau
643,40,CHLocke
643,42,JHGFauteux
643,47,RARitchie
644,40,CHLocke
644,41,JRCartwright
644,46,WJudson
644,47,RARitchie
645,34,PKerwin
645,40,CHLocke
645,45,RMartland
645,47,RARitchie
646,34,PKerwin
646,40,CHLocke
646,41,JRCartwright
646,45,RMartland
647,34,PKerwin
647,36,RTaschereau
647,42,JHGFauteux
647,43,DCAbbott
649,42,JHGFauteux
649,43,DCAbbott
653,36,RTaschereau
653,42,JHGFauteux
653,43,DCAbbott
653,46,WJudson
654,40,CHLocke
654,42,JHGFauteux
654,43,DCAbbott
654,46,WJudson
655,34,PKerwin
655,36,RTaschereau
655,43,DCAbbott
655,47,RARitchie
656,34,PKerwin
656,40,CHLocke
656,45,RMartland
656,46,WJudson
657,34,PKerwin
657,40,CHLocke
657,41,JRCartwright
657,45,RMartland
657,46,WJudson
657,47,RARitchie
658,34,PKerwin
658,36,RTaschereau
658,42,JHGFauteux
658,43,DCAbbott
659,36,RTaschereau
659,40,CHLocke
659,42,JHGFauteux
659,43,DCAbbott
660,34,PKerwin
660,40,CHLocke
660,41,JRCartwright
660,43,DCAbbott
661,34,PKerwin
661,36,RTaschereau
661,40,CHLocke
661,43,DCAbbott
662,34,PKerwin
662,36,RTaschereau
662,42,JHGFauteux
662,47,RARitchie
663,34,PKerwin
663,41,JRCartwright
663,43,DCAbbott
663,46,WJudson
664,41,JRCartwright
664,45,RMartland
664,46,WJudson
664,47,RARitchie
665,40,CHLocke
665,41,JRCartwright
665,42,JHGFauteux
665,43,DCAbbott
666,34,PKerwin
666,36,RTaschereau
666,42,JHGFauteux
666,47,RARitchie
668,34,PKerwin
668,40,CHLocke
668,45,RMartland
668,47,RARitchie
670,34,PKerwin
670,40,CHLocke
670,41,JRCartwright
670,45,RMartland
672,36,RTaschereau
672,40,CHLocke
672,42,JHGFauteux
672,47,RARitchie
673,34,PKerwin
673,40,CHLocke
673,45,RMartland
673,46,WJudson
674,40,CHLocke
674,41,JRCartwright
674,45,RMartland
674,47,RARitchie
675,36,RTaschereau
675,42,JHGFauteux
675,43,DCAbbott
675,47,RARitchie
676,34,PKerwin
676,36,RTaschereau
676,40,CHLocke
676,46,WJudson
677,34,PKerwin
677,41,JRCartwright
677,43,DCAbbott
677,47,RARitchie
678,42,JHGFauteux
678,43,DCAbbott
678,45,RMartland
678,47,RARitchie
679,34,PKerwin
679,40,CHLocke
679,45,RMartland
679,46,WJudson
680,34,PKerwin
680,40,CHLocke
680,46,WJudson
680,47,RARitchie
681,36,RTaschereau
681,41,JRCartwright
681,46,WJudson
681,47,RARitchie
684,36,RTaschereau
684,42,JHGFauteux
684,45,RMartland
684,47,RARitchie
685,41,JRCartwright
685,45,RMartland
685,46,WJudson
685,47,RARitchie
686,34,PKerwin
686,41,JRCartwright
686,43,DCAbbott
686,46,WJudson
687,34,PKerwin
687,36,RTaschereau
687,41,JRCartwright
687,46,WJudson
688,34,PKerwin
688,41,JRCartwright
688,42,JHGFauteux
688,43,DCAbbott
689,40,CHLocke
689,46,WJudson
690,34,PKerwin
690,41,JRCartwright
690,43,DCAbbott
690,46,WJudson
691,36,RTaschereau
691,40,CHLocke
691,42,JHGFauteux
691,47,RARitchie
692,36,RTaschereau
692,42,JHGFauteux
692,43,DCAbbott
692,45,RMartland
693,36,RTaschereau
693,40,CHLocke
693,41,JRCartwright
693,42,JHGFauteux
693,43,DCAbbott
693,46,WJudson
695,36,RTaschereau
695,42,JHGFauteux
695,45,RMartland
695,47,RARitchie
696,40,CHLocke
696,45,RMartland
696,46,WJudson
696,47,RARitchie
697,34,PKerwin
697,40,CHLocke
697,41,JRCartwright
697,45,RMartland
697,46,WJudson
697,47,RARitchie
698,40,CHLocke
698,43,DCAbbott
698,45,RMartland
698,47,RARitchie
699,34,PKerwin
699,40,CHLocke
699,41,JRCartwright
699,46,WJudson
700,36,RTaschereau
700,41,JRCartwright
700,42,JHGFauteux
700,43,DCAbbott
701,34,PKerwin
701,41,JRCartwright
701,42,JHGFauteux
701,43,DCAbbott
702,36,RTaschereau
702,42,JHGFauteux
702,43,DCAbbott
702,45,RMartland
703,43,DCAbbott
705,36,RTaschereau
705,42,JHGFauteux
705,43,DCAbbott
705,45,RMartland
706,34,PKerwin
706,36,RTaschereau
706,43,DCAbbott
706,46,WJudson
707,34,PKerwin
707,41,JRCartwright
707,45,RMartland
707,47,RARitchie
708,36,RTaschereau
708,40,CHLocke
708,45,RMartland
708,47,RARitchie
709,36,RTaschereau
709,40,CHLocke
709,42,JHGFauteux
709,43,DCAbbott
710,36,RTaschereau
710,42,JHGFauteux
710,45,RMartland
710,47,RARitchie
711,34,PKerwin
711,41,JRCartwright
714,36,RTaschereau
714,41,JRCartwright
714,42,JHGFauteux
714,47,RARitchie
715,40,CHLocke
715,41,JRCartwright
715,45,RMartland
715,46,WJudson
716,34,PKerwin
716,40,CHLocke
716,41,JRCartwright
716,46,WJudson
717,34,PKerwin
717,40,CHLocke
717,45,RMartland
717,46,WJudson
718,40,CHLocke
718,42,JHGFauteux
718,43,DCAbbott
718,45,RMartland
719,40,CHLocke
719,41,JRCartwright
719,46,WJudson
719,47,RARitchie
720,34,PKerwin
720,40,CHLocke
720,41,JRCartwright
720,46,WJudson
722,34,PKerwin
722,41,JRCartwright
722,43,DCAbbott
722,46,WJudson
724,34,PKerwin
724,36,RTaschereau
724,46,WJudson
724,47,RARitchie
725,36,RTaschereau
725,40,CHLocke
725,43,DCAbbott
725,46,WJudson
726,40,CHLocke
726,41,JRCartwright
726,42,JHGFauteux
726,45,RMartland
727,40,CHLocke
727,45,RMartland
727,46,WJudson
727,47,RARitchie
728,34,PKerwin
728,40,CHLocke
728,46,WJudson
728,47,RARitchie
729,41,JRCartwright
729,42,JHGFauteux
729,45,RMartland
729,47,RARitchie
753,36,RTaschereau
753,40,CHLocke
753,43,DCAbbott
753,45,RMartland
754,34,PKerwin
754,40,CHLocke
754,41,JRCartwright
754,47,RARitchie
755,34,PKerwin
755,36,RTaschereau
755,41,JRCartwright
755,42,JHGFauteux
756,36,RTaschereau
756,40,CHLocke
756,43,DCAbbott
756,46,WJudson
757,36,RTaschereau
757,42,JHGFauteux
757,43,DCAbbott
757,46,WJudson
758,34,PKerwin
758,41,JRCartwright
758,42,JHGFauteux
758,43,DCAbbott
759,40,CHLocke
759,41,JRCartwright
759,45,RMartland
759,47,RARitchie
760,34,PKerwin
760,41,JRCartwright
760,43,DCAbbott
760,46,WJudson
761,34,PKerwin
761,40,CHLocke
761,45,RMartland
761,46,WJudson
762,34,PKerwin
762,36,RTaschereau
762,42,JHGFauteux
762,43,DCAbbott
763,41,JRCartwright
763,45,RMartland
763,46,WJudson
763,47,RARitchie
764,36,RTaschereau
764,42,JHGFauteux
764,43,DCAbbott
764,47,RARitchie
765,40,CHLocke
765,42,JHGFauteux
766,36,RTaschereau
766,42,JHGFauteux
768,34,PKerwin
768,40,CHLocke
768,42,JHGFauteux
768,45,RMartland
769,41,JRCartwright
769,45,RMartland
769,46,WJudson
769,47,RARitchie
770,34,PKerwin
770,36,RTaschereau
770,41,JRCartwright
770,43,DCAbbott
771,34,PKerwin
771,36,RTaschereau
771,43,DCAbbott
771,46,WJudson
772,34,PKerwin
772,36,RTaschereau
772,46,WJudson
772,47,RARitchie
773,34,PKerwin
773,40,CHLocke
773,45,RMartland
773,47,RARitchie
774,34,PKerwin
774,40,CHLocke
774,41,JRCartwright
774,46,WJudson
775,34,PKerwin
775,40,CHLocke
775,45,RMartland
775,46,WJudson
776,34,PKerwin
776,36,RTaschereau
776,42,JHGFauteux
776,47,RARitchie
777,36,RTaschereau
777,42,JHGFauteux
777,45,RMartland
777,46,WJudson
779,36,RTaschereau
779,42,JHGFauteux
779,43,DCAbbott
779,45,RMartland
780,36,RTaschereau
780,42,JHGFauteux
780,43,DCAbbott
780,45,RMartland
781,34,PKerwin
781,36,RTaschereau
781,41,JRCartwright
781,42,JHGFauteux
782,34,PKerwin
782,36,RTaschereau
782,42,JHGFauteux
782,45,RMartland
784,34,PKerwin
784,43,DCAbbott
784,46,WJudson
784,47,RARitchie
785,34,PKerwin
785,36,RTaschereau
785,42,JHGFauteux
785,43,DCAbbott
786,34,PKerwin
786,42,JHGFauteux
786,43,DCAbbott
786,47,RARitchie
787,34,PKerwin
787,40,CHLocke
787,43,DCAbbott
787,45,RMartland
788,40,CHLocke
788,41,JRCartwright
788,42,JHGFauteux
788,46,WJudson
789,42,JHGFauteux
789,43,DCAbbott
789,46,WJudson
789,47,RARitchie
790,41,JRCartwright
790,42,JHGFauteux
790,43,DCAbbott
790,45,RMartland
791,42,JHGFauteux
791,43,DCAbbott
791,46,WJudson
791,47,RARitchie
793,34,PKerwin
793,40,CHLocke
793,43,DCAbbott
793,45,RMartland
794,34,PKerwin
794,36,RTaschereau
794,40,CHLocke
794,45,RMartland
795,34,PKerwin
795,36,RTaschereau
795,41,JRCartwright
795,43,DCAbbott
796,34,PKerwin
796,36,RTaschereau
796,41,JRCartwright
796,46,WJudson
797,34,PKerwin
797,36,RTaschereau
797,40,CHLocke
797,42,JHGFauteux
798,34,PKerwin
798,36,RTaschereau
798,40,CHLocke
798,42,JHGFauteux
799,34,PKerwin
799,40,CHLocke
799,41,JRCartwright
799,46,WJudson
800,34,PKerwin
800,40,CHLocke
800,45,RMartland
800,47,RARitchie
801,34,PKerwin
801,40,CHLocke
801,41,JRCartwright
801,47,RARitchie
802,34,PKerwin
802,40,CHLocke
802,41,JRCartwright
802,46,WJudson
803,41,JRCartwright
803,42,JHGFauteux
803,43,DCAbbott
803,46,WJudson
804,34,PKerwin
804,41,JRCartwright
804,45,RMartland
804,46,WJudson
805,34,PKerwin
805,36,RTaschereau
805,41,JRCartwright
805,42,JHGFauteux
807,36,RTaschereau
807,42,JHGFauteux
807,43,DCAbbott
807,46,WJudson
808,40,CHLocke
808,41,JRCartwright
808,45,RMartland
808,46,WJudson
809,34,PKerwin
809,42,JHGFauteux
810,34,PKerwin
810,36,RTaschereau
810,40,CHLocke
810,42,JHGFauteux
810,43,DCAbbott
810,47,RARitchie
811,34,PKerwin
811,40,CHLocke
811,41,JRCartwright
811,46,WJudson
812,40,CHLocke
812,41,JRCartwright
812,45,RMartland
812,46,WJudson
813,34,PKerwin
813,36,RTaschereau
813,41,JRCartwright
813,42,JHGFauteux
814,36,RTaschereau
814,40,CHLocke
814,42,JHGFauteux
814,43,DCAbbott
815,34,PKerwin
815,40,CHLocke
815,41,JRCartwright
815,45,RMartland
816,34,PKerwin
816,40,CHLocke
816,41,JRCartwright
816,47,RARitchie
817,36,RTaschereau
817,40,CHLocke
817,45,RMartland
817,47,RARitchie
818,34,PKerwin
818,40,CHLocke
818,41,JRCartwright
818,45,RMartland
819,34,PKerwin
819,41,JRCartwright
820,41,JRCartwright
820,45,RMartland
820,46,WJudson
820,47,RARitchie
821,36,RTaschereau
821,40,CHLocke
821,42,JHGFauteux
821,43,DCAbbott
822,34,PKerwin
822,41,JRCartwright
822,42,JHGFauteux
822,43,DCAbbott
823,34,PKerwin
823,36,RTaschereau
823,42,JHGFauteux
823,47,RARitchie
824,40,CHLocke
824,46,WJudson
825,34,PKerwin
825,40,CHLocke
825,41,JRCartwright
825,47,RARitchie
826,36,RTaschereau
826,40,CHLocke
826,42,JHGFauteux
826,45,RMartland
827,36,RTaschereau
827,41,JRCartwright
827,42,JHGFauteux
827,43,DCAbbott
828,36,RTaschereau
828,42,JHGFauteux
828,43,DCAbbott
828,47,RARitchie
829,34,PKerwin
829,41,JRCartwright
829,42,JHGFauteux
829,43,DCAbbott
830,34,PKerwin
830,36,RTaschereau
830,41,JRCartwright
830,43,DCAbbott
833,36,RTaschereau
833,40,CHLocke
833,43,DCAbbott
833,47,RARitchie
834,34,PKerwin
834,40,CHLocke
834,45,RMartland
834,47,RARitchie
835,34,PKerwin
835,36,RTaschereau
835,41,JRCartwright
835,46,WJudson
836,34,PKerwin
836,40,CHLocke
836,45,RMartland
836,46,WJudson
837,36,RTaschereau
837,42,JHGFauteux
837,43,DCAbbott
838,34,PKerwin
838,41,JRCartwright
838,45,RMartland
839,34,PKerwin
839,41,JRCartwright
839,46,WJudson
840,36,RTaschereau
840,42,JHGFauteux
840,43,DCAbbott
841,45,RMartland
841,46,WJudson
841,47,RARitchie
842,34,PKerwin
842,36,RTaschereau
842,47,RARitchie
843,34,PKerwin
843,36,RTaschereau
843,42,JHGFauteux
843,43,DCAbbott
844,34,PKerwin
844,36,RTaschereau
844,42,JHGFauteux
844,43,DCAbbott
844,46,WJudson
844,48,EMHall
845,36,RTaschereau
845,42,JHGFauteux
845,47,RARitchie
845,48,EMHall
846,34,PKerwin
846,45,RMartland
846,46,WJudson
847,34,PKerwin
847,46,WJudson
847,47,RARitchie
848,42,JHGFauteux
848,43,DCAbbott
848,46,WJudson
848,48,EMHall
849,42,JHGFauteux
849,43,DCAbbott
849,46,WJudson
849,48,EMHall
850,43,DCAbbott
850,45,RMartland
850,47,RARitchie
850,48,EMHall
851,34,PKerwin
851,42,JHGFauteux
851,46,WJudson
852,45,RMartland
852,46,WJudson
852,47,RARitchie
853,36,RTaschereau
853,42,JHGFauteux
853,46,WJudson
853,48,EMHall
854,36,RTaschereau
854,42,JHGFauteux
854,43,DCAbbott
854,48,EMHall
855,36,RTaschereau
855,42,JHGFauteux
855,43,DCAbbott
855,48,EMHall
856,34,PKerwin
856,41,JRCartwright
856,43,DCAbbott
857,36,RTaschereau
857,42,JHGFauteux
857,46,WJudson
857,48,EMHall
858,34,PKerwin
858,36,RTaschereau
858,46,WJudson
858,48,EMHall
859,34,PKerwin
859,41,JRCartwright
859,45,RMartland
860,36,RTaschereau
860,45,RMartland
860,47,RARitchie
861,34,PKerwin
861,43,DCAbbott
861,46,WJudson
861,48,EMHall
862,36,RTaschereau
862,41,JRCartwright
863,45,RMartland
863,46,WJudson
863,47,RARitchie
864,36,RTaschereau
864,42,JHGFauteux
864,46,WJudson
865,36,RTaschereau
865,42,JHGFauteux
865,46,WJudson
866,34,PKerwin
866,42,JHGFauteux
866,46,WJudson
866,48,EMHall
867,36,RTaschereau
867,42,JHGFauteux
867,48,EMHall
868,45,RMartland
868,46,WJudson
868,47,RARitchie
869,34,PKerwin
869,41,JRCartwright
869,47,RARitchie
870,36,RTaschereau
870,42,JHGFauteux
870,48,EMHall
871,41,JRCartwright
871,47,RARitchie
871,48,EMHall
872,34,PKerwin
872,36,RTaschereau
872,42,JHGFauteux
872,43,DCAbbott
873,36,RTaschereau
873,47,RARitchie
873,48,EMHall
874,36,RTaschereau
874,41,JRCartwright
874,42,JHGFauteux
874,46,WJudson
875,34,PKerwin
875,41,JRCartwright
875,43,DCAbbott
875,48,EMHall
876,34,PKerwin
876,41,JRCartwright
876,43,DCAbbott
876,45,RMartland
877,36,RTaschereau
877,43,DCAbbott
877,46,WJudson
878,34,PKerwin
878,41,JRCartwright
878,46,WJudson
879,41,JRCartwright
879,46,WJudson
879,48,EMHall
880,34,PKerwin
880,36,RTaschereau
880,43,DCAbbott
880,47,RARitchie
881,36,RTaschereau
881,47,RARitchie
881,48,EMHall
882,36,RTaschereau
882,42,JHGFauteux
882,43,DCAbbott
882,46,WJudson
882,48,EMHall
883,36,RTaschereau
883,42,JHGFauteux
883,43,DCAbbott
884,36,RTaschereau
884,47,RARitchie
884,48,EMHall
885,36,RTaschereau
885,42,JHGFauteux
885,47,RARitchie
886,36,RTaschereau
886,43,DCAbbott
886,48,EMHall
887,36,RTaschereau
887,45,RMartland
887,46,WJudson
887,49,WFSpence
888,45,RMartland
888,46,WJudson
888,48,EMHall
889,48,EMHall
890,42,JHGFauteux
890,43,DCAbbott
890,48,EMHall
891,45,RMartland
891,47,RARitchie
891,48,EMHall
891,49,WFSpence
892,36,RTaschereau
892,41,JRCartwright
892,47,RARitchie
892,48,EMHall
893,36,RTaschereau
893,45,RMartland
893,46,WJudson
893,49,WFSpence
894,36,RTaschereau
894,41,JRCartwright
894,42,JHGFauteux
894,43,DCAbbott
895,45,RMartland
895,46,WJudson
895,48,EMHall
896,43,DCAbbott
896,49,WFSpence
897,41,JRCartwright
897,42,JHGFauteux
897,43,DCAbbott
898,36,RTaschereau
898,41,JRCartwright
898,42,JHGFauteux
898,47,RARitchie
899,36,RTaschereau
899,41,JRCartwright
899,42,JHGFauteux
899,48,EMHall
900,36,RTaschereau
900,45,RMartland
900,47,RARitchie
900,49,WFSpence
901,36,RTaschereau
901,41,JRCartwright
901,42,JHGFauteux
901,43,DCAbbott
902,41,JRCartwright
902,42,JHGFauteux
902,45,RMartland
902,48,EMHall
903,41,JRCartwright
903,42,JHGFauteux
903,43,DCAbbott
903,47,RARitchie
904,45,RMartland
904,46,WJudson
904,47,RARitchie
905,41,JRCartwright
905,46,WJudson
905,48,EMHall
905,49,WFSpence
906,43,DCAbbott
906,45,RMartland
906,47,RARitchie
906,49,WFSpence
907,36,RTaschereau
907,41,JRCartwright
907,46,WJudson
907,48,EMHall
910,41,JRCartwright
910,43,DCAbbott
910,47,RARitchie
910,49,WFSpence
912,36,RTaschereau
912,42,JHGFauteux
912,43,DCAbbott
912,48,EMHall
913,36,RTaschereau
913,42,JHGFauteux
913,43,DCAbbott
913,49,WFSpence
914,41,JRCartwright
914,42,JHGFauteux
914,43,DCAbbott
914,46,WJudson
915,36,RTaschereau
915,43,DCAbbott
915,46,WJudson
915,49,WFSpence
916,36,RTaschereau
916,43,DCAbbott
916,45,RMartland
916,48,EMHall
917,45,RMartland
917,46,WJudson
917,47,RARitchie
917,49,WFSpence
919,36,RTaschereau
919,42,JHGFauteux
919,43,DCAbbott
919,46,WJudson
920,42,JHGFauteux
920,43,DCAbbott
921,36,RTaschereau
921,42,JHGFauteux
921,48,EMHall
921,49,WFSpence
922,36,RTaschereau
922,42,JHGFauteux
922,43,DCAbbott
922,49,WFSpence
925,45,RMartland
925,47,RARitchie
925,48,EMHall
925,49,WFSpence
926,41,JRCartwright
926,45,RMartland
926,48,EMHall
926,49,WFSpence
927,36,RTaschereau
927,42,JHGFauteux
927,47,RARitchie
927,48,EMHall
928,41,JRCartwright
928,42,JHGFauteux
928,43,DCAbbott
928,46,WJudson
929,36,RTaschereau
929,43,DCAbbott
929,45,RMartland
929,47,RARitchie
930,36,RTaschereau
930,43,DCAbbott
930,45,RMartland
930,46,WJudson
931,42,JHGFauteux
931,43,DCAbbott
931,45,RMartland
931,48,EMHall
932,36,RTaschereau
932,42,JHGFauteux
932,45,RMartland
932,47,RARitchie
933,41,JRCartwright
933,43,DCAbbott
933,45,RMartland
933,46,WJudson
934,36,RTaschereau
934,43,DCAbbott
934,46,WJudson
935,45,RMartland
935,46,WJudson
935,47,RARitchie
935,48,EMHall
936,36,RTaschereau
936,42,JHGFauteux
936,43,DCAbbott
936,49,WFSpence
937,36,RTaschereau
937,42,JHGFauteux
937,43,DCAbbott
937,48,EMHall
938,36,RTaschereau
938,42,JHGFauteux
938,43,DCAbbott
938,48,EMHall
939,41,JRCartwright
939,45,RMartland
939,48,EMHall
939,49,WFSpence
940,36,RTaschereau
940,42,JHGFauteux
940,45,RMartland
940,49,WFSpence
941,36,RTaschereau
941,43,DCAbbott
941,45,RMartland
941,47,RARitchie
942,45,RMartland
942,47,RARitchie
942,48,EMHall
942,49,WFSpence
944,36,RTaschereau
944,41,JRCartwright
945,43,DCAbbott
945,46,WJudson
949,36,RTaschereau
949,42,JHGFauteux
949,45,RMartland
949,47,RARitchie
950,36,RTaschereau
950,43,DCAbbott
950,45,RMartland
950,47,RARitchie
951,36,RTaschereau
951,41,JRCartwright
951,42,JHGFauteux
951,43,DCAbbott
952,36,RTaschereau
952,49,WFSpence
953,36,RTaschereau
953,43,DCAbbott
954,36,RTaschereau
954,42,JHGFauteux
954,47,RARitchie
954,48,EMHall
955,45,RMartland
955,46,WJudson
955,47,RARitchie
955,48,EMHall
956,41,JRCartwright
956,45,RMartland
956,46,WJudson
956,49,WFSpence
957,36,RTaschereau
957,42,JHGFauteux
957,45,RMartland
957,46,WJudson
958,45,RMartland
958,46,WJudson
958,47,RARitchie
958,49,WFSpence
959,36,RTaschereau
959,42,JHGFauteux
959,45,RMartland
959,48,EMHall
960,36,RTaschereau
960,41,JRCartwright
960,42,JHGFauteux
960,43,DCAbbott
961,42,JHGFauteux
961,43,DCAbbott
961,45,RMartland
961,48,EMHall
963,36,RTaschereau
963,41,JRCartwright
963,42,JHGFauteux
963,49,WFSpence
964,36,RTaschereau
964,41,JRCartwright
964,42,JHGFauteux
964,43,DCAbbott
965,36,RTaschereau
965,42,JHGFauteux
965,43,DCAbbott
965,48,EMHall
966,42,JHGFauteux
966,46,WJudson
966,47,RARitchie
966,48,EMHall
967,45,RMartland
967,46,WJudson
967,47,RARitchie
967,48,EMHall
968,36,RTaschereau
968,42,JHGFauteux
968,47,RARitchie
968,48,EMHall
969,41,JRCartwright
969,49,WFSpence
970,46,WJudson
970,49,WFSpence
971,36,RTaschereau
971,42,JHGFauteux
971,47,RARitchie
971,48,EMHall
972,36,RTaschereau
972,42,JHGFauteux
972,43,DCAbbott
972,45,RMartland
973,36,RTaschereau
973,42,JHGFauteux
973,43,DCAbbott
973,46,WJudson
973,48,EMHall
973,49,WFSpence
974,46,WJudson
974,48,EMHall
975,42,JHGFauteux
975,43,DCAbbott
975,45,RMartland
975,48,EMHall
976,43,DCAbbott
976,45,RMartland
976,46,WJudson
976,48,EMHall
977,41,JRCartwright
977,42,JHGFauteux
977,48,EMHall
977,49,WFSpence
978,41,JRCartwright
978,43,DCAbbott
978,45,RMartland
978,48,EMHall
980,45,RMartland
980,46,WJudson
980,47,RARitchie
980,49,WFSpence
981,36,RTaschereau
981,42,JHGFauteux
981,43,DCAbbott
981,45,RMartland
982,36,RTaschereau
982,42,JHGFauteux
982,43,DCAbbott
982,47,RARitchie
983,36,RTaschereau
983,42,JHGFauteux
983,43,DCAbbott
983,48,EMHall
984,43,DCAbbott
984,45,RMartland
984,47,RARitchie
984,48,EMHall
985,36,RTaschereau
985,41,JRCartwright
985,42,JHGFauteux
985,43,DCAbbott
986,36,RTaschereau
986,46,WJudson
986,48,EMHall
986,49,WFSpence
987,41,JRCartwright
987,45,RMartland
987,48,EMHall
987,49,WFSpence
988,41,JRCartwright
988,45,RMartland
988,46,WJudson
988,48,EMHall
989,36,RTaschereau
989,42,JHGFauteux
989,43,DCAbbott
989,48,EMHall
990,36,RTaschereau
990,41,JRCartwright
990,42,JHGFauteux
990,48,EMHall
991,36,RTaschereau
991,42,JHGFauteux
991,43,DCAbbott
991,48,EMHall
992,36,RTaschereau
992,42,JHGFauteux
992,43,DCAbbott
992,48,EMHall
993,36,RTaschereau
993,41,JRCartwright
993,42,JHGFauteux
993,49,WFSpence
994,36,RTaschereau
994,42,JHGFauteux
994,43,DCAbbott
994,49,WFSpence
995,36,RTaschereau
995,42,JHGFauteux
995,43,DCAbbott
995,45,RMartland
996,36,RTaschereau
996,42,JHGFauteux
996,43,DCAbbott
996,45,RMartland
997,36,RTaschereau
997,42,JHGFauteux
997,47,RARitchie
997,48,EMHall
998,36,RTaschereau
998,42,JHGFauteux
998,45,RMartland
998,46,WJudson
999,42,JHGFauteux
999,43,DCAbbott
999,47,RARitchie
999,49,WFSpence
1000,43,DCAbbott
1000,48,EMHall
1001,42,JHGFauteux
1001,46,WJudson
1001,47,RARitchie
1001,49,WFSpence
1002,36,RTaschereau
1002,42,JHGFauteux
1002,43,DCAbbott
1002,47,RARitchie
1003,36,RTaschereau
1003,41,JRCartwright
1003,42,JHGFauteux
1003,43,DCAbbott
1004,36,RTaschereau
1004,42,JHGFauteux
1004,43,DCAbbott
1004,45,RMartland
1005,36,RTaschereau
1005,42,JHGFauteux
1008,36,RTaschereau
1008,41,JRCartwright
1008,42,JHGFauteux
1008,49,WFSpence
1009,36,RTaschereau
1009,42,JHGFauteux
1009,43,DCAbbott
1009,47,RARitchie
1010,36,RTaschereau
1010,43,DCAbbott
1010,47,RARitchie
1010,48,EMHall
1011,41,JRCartwright
1011,42,JHGFauteux
1011,46,WJudson
1011,49,WFSpence
1012,36,RTaschereau
1012,42,JHGFauteux
1012,45,RMartland
1012,47,RARitchie
1014,36,RTaschereau
1014,42,JHGFauteux
1014,43,DCAbbott
1014,48,EMHall
1015,41,JRCartwright
1015,43,DCAbbott
1015,45,RMartland
1015,47,RARitchie
1016,36,RTaschereau
1016,42,JHGFauteux
1016,43,DCAbbott
1016,48,EMHall
1017,36,RTaschereau
1017,42,JHGFauteux
1017,47,RARitchie
1017,49,WFSpence
1018,36,RTaschereau
1018,42,JHGFauteux
1018,43,DCAbbott
1018,45,RMartland
1019,41,JRCartwright
1019,42,JHGFauteux
1019,46,WJudson
1019,49,WFSpence
1020,41,JRCartwright
1020,42,JHGFauteux
1020,45,RMartland
1020,47,RARitchie
1021,36,RTaschereau
1021,42,JHGFauteux
1021,43,DCAbbott
1021,48,EMHall
1023,42,JHGFauteux
1023,45,RMartland
1024,36,RTaschereau
1024,42,JHGFauteux
1024,43,DCAbbott
1024,48,EMHall
1025,36,RTaschereau
1025,42,JHGFauteux
1025,45,RMartland
1025,48,EMHall
1026,42,JHGFauteux
1026,49,WFSpence
1027,36,RTaschereau
1027,42,JHGFauteux
1027,43,DCAbbott
1027,48,EMHall
1028,36,RTaschereau
1028,42,JHGFauteux
1028,43,DCAbbott
1028,48,EMHall
1029,36,RTaschereau
1029,41,JRCartwright
1029,46,WJudson
1029,47,RARitchie
1030,41,JRCartwright
1030,42,JHGFauteux
1030,46,WJudson
1030,48,EMHall
1031,36,RTaschereau
1031,42,JHGFauteux
1031,46,WJudson
1031,47,RARitchie
1032,36,RTaschereau
1032,42,JHGFauteux
1032,47,RARitchie
1032,49,WFSpence
1033,36,RTaschereau
1033,42,JHGFauteux
1033,43,DCAbbott
1033,48,EMHall
1034,41,JRCartwright
1034,45,RMartland
1034,46,WJudson
1034,49,WFSpence
1035,41,JRCartwright
1035,42,JHGFauteux
1035,45,RMartland
1035,47,RARitchie
1036,36,RTaschereau
1036,42,JHGFauteux
1036,43,DCAbbott
1036,48,EMHall
1037,36,RTaschereau
1037,42,JHGFauteux
1037,43,DCAbbott
1037,49,WFSpence
1038,42,JHGFauteux
1038,45,RMartland
1038,46,WJudson
1038,48,EMHall
1039,36,RTaschereau
1039,42,JHGFauteux
1039,43,DCAbbott
1039,48,EMHall
1040,46,WJudson
1040,47,RARitchie
1040,48,EMHall
1040,49,WFSpence
1041,36,RTaschereau
1041,41,JRCartwright
1041,42,JHGFauteux
1041,49,WFSpence
1042,41,JRCartwright
1042,43,DCAbbott
1042,47,RARitchie
1042,49,WFSpence
1043,36,RTaschereau
1043,42,JHGFauteux
1043,43,DCAbbott
1043,48,EMHall
1044,36,RTaschereau
1044,41,JRCartwright
1044,42,JHGFauteux
1044,49,WFSpence
1045,36,RTaschereau
1045,42,JHGFauteux
1045,43,DCAbbott
1045,49,WFSpence
1046,36,RTaschereau
1046,41,JRCartwright
1046,42,JHGFauteux
1046,43,DCAbbott
1047,36,RTaschereau
1047,41,JRCartwright
1047,42,JHGFauteux
1047,43,DCAbbott
1048,36,RTaschereau
1048,41,JRCartwright
1048,42,JHGFauteux
1048,45,RMartland
1049,36,RTaschereau
1049,43,DCAbbott
1049,48,EMHall
1049,49,WFSpence
1050,36,RTaschereau
1050,41,JRCartwright
1050,45,RMartland
1050,48,EMHall
1051,36,RTaschereau
1051,41,JRCartwright
1051,45,RMartland
1051,46,WJudson
1052,36,RTaschereau
1052,41,JRCartwright
1052,42,JHGFauteux
1052,45,RMartland
1053,36,RTaschereau
1053,43,DCAbbott
1053,47,RARitchie
1053,49,WFSpence
1054,36,RTaschereau
1054,41,JRCartwright
1054,42,JHGFauteux
1054,43,DCAbbott
1055,36,RTaschereau
1055,41,JRCartwright
1055,42,JHGFauteux
1055,43,DCAbbott
1056,36,RTaschereau
1056,43,DCAbbott
1056,46,WJudson
1056,49,WFSpence
1057,36,RTaschereau
1057,41,JRCartwright
1057,43,DCAbbott
1057,47,RARitchie
1058,36,RTaschereau
1058,41,JRCartwright
1058,42,JHGFauteux
1058,43,DCAbbott
1059,36,RTaschereau
1059,42,JHGFauteux
1059,43,DCAbbott
1059,48,EMHall
1060,36,RTaschereau
1060,49,WFSpence
1061,36,RTaschereau
1061,41,JRCartwright
1061,42,JHGFauteux
1061,46,WJudson
1062,36,RTaschereau
1062,41,JRCartwright
1062,42,JHGFauteux
1062,45,RMartland
1063,36,RTaschereau
1063,41,JRCartwright
1063,45,RMartland
1063,46,WJudson
1064,36,RTaschereau
1064,41,JRCartwright
1064,42,JHGFauteux
1064,45,RMartland
1065,36,RTaschereau
1065,41,JRCartwright
1065,42,JHGFauteux
1065,47,RARitchie
1066,36,RTaschereau
1066,48,EMHall
1067,36,RTaschereau
1067,48,EMHall
1068,36,RTaschereau
1068,48,EMHall
1069,43,DCAbbott
1069,47,RARitchie
1069,48,EMHall
1069,49,WFSpence
1070,36,RTaschereau
1070,41,JRCartwright
1070,47,RARitchie
1070,49,WFSpence
1092,41,JRCartwright
1092,48,EMHall
1093,36,RTaschereau
1093,42,JHGFauteux
1093,43,DCAbbott
1093,49,WFSpence
1094,36,RTaschereau
1094,41,JRCartwright
1094,48,EMHall
1094,49,WFSpence
1095,36,RTaschereau
1095,41,JRCartwright
1095,43,DCAbbott
1095,49,WFSpence
1096,36,RTaschereau
1096,41,JRCartwright
1096,43,DCAbbott
1096,45,RMartland
1097,36,RTaschereau
1097,41,JRCartwright
1097,42,JHGFauteux
1097,49,WFSpence
1098,36,RTaschereau
1098,41,JRCartwright
1098,42,JHGFauteux
1098,46,WJudson
1099,41,JRCartwright
1099,46,WJudson
1099,47,RARitchie
1099,48,EMHall
1100,41,JRCartwright
1100,42,JHGFauteux
1100,45,RMartland
1100,49,WFSpence
1101,41,JRCartwright
1101,45,RMartland
1101,48,EMHall
1101,49,WFSpence
1102,41,JRCartwright
1102,46,WJudson
1102,47,RARitchie
1102,48,EMHall
1103,36,RTaschereau
1103,41,JRCartwright
1103,42,JHGFauteux
1103,49,WFSpence
1105,41,JRCartwright
1105,42,JHGFauteux
1105,43,DCAbbott
1105,46,WJudson
1106,41,JRCartwright
1106,42,JHGFauteux
1106,43,DCAbbott
1106,49,WFSpence
1108,41,JRCartwright
1108,43,DCAbbott
1108,45,RMartland
1108,47,RARitchie
1109,36,RTaschereau
1109,42,JHGFauteux
1109,43,DCAbbott
1109,48,EMHall
1110,41,JRCartwright
1110,43,DCAbbott
1110,46,WJudson
1110,49,WFSpence
1111,36,RTaschereau
1111,45,RMartland
1111,47,RARitchie
1111,48,EMHall
1112,36,RTaschereau
1112,42,JHGFauteux
1112,43,DCAbbott
1112,48,EMHall
1113,36,RTaschereau
1113,42,JHGFauteux
1113,46,WJudson
1113,48,EMHall
1114,36,RTaschereau
1114,42,JHGFauteux
1114,46,WJudson
1114,48,EMHall
1115,36,RTaschereau
1115,42,JHGFauteux
1115,45,RMartland
1115,49,WFSpence
1116,36,RTaschereau
1116,42,JHGFauteux
1116,47,RARitchie
1116,48,EMHall
1117,41,JRCartwright
1117,45,RMartland
1117,46,WJudson
1117,49,WFSpence
1118,36,RTaschereau
1118,42,JHGFauteux
1118,43,DCAbbott
1118,45,RMartland
1119,36,RTaschereau
1119,41,JRCartwright
1119,42,JHGFauteux
1119,43,DCAbbott
1120,36,RTaschereau
1120,42,JHGFauteux
1120,43,DCAbbott
1120,49,WFSpence
1121,41,JRCartwright
1121,46,WJudson
1121,48,EMHall
1121,49,WFSpence
1122,36,RTaschereau
1122,41,JRCartwright
1122,42,JHGFauteux
1122,48,EMHall
1123,36,RTaschereau
1123,42,JHGFauteux
1123,46,WJudson
1123,48,EMHall
1124,36,RTaschereau
1124,42,JHGFauteux
1124,47,RARitchie
1124,49,WFSpence
1125,36,RTaschereau
1125,42,JHGFauteux
1125,46,WJudson
1125,47,RARitchie
1126,36,RTaschereau
1126,41,JRCartwright
1126,42,JHGFauteux
1126,48,EMHall
1127,36,RTaschereau
1127,41,JRCartwright
1127,43,DCAbbott
1127,48,EMHall
1128,36,RTaschereau
1128,42,JHGFauteux
1128,43,DCAbbott
1128,48,EMHall
1129,36,RTaschereau
1129,41,JRCartwright
1129,42,JHGFauteux
1129,49,WFSpence
1130,36,RTaschereau
1130,43,DCAbbott
1130,46,WJudson
1130,48,EMHall
1131,36,RTaschereau
1131,41,JRCartwright
1131,45,RMartland
1131,47,RARitchie
1132,41,JRCartwright
1132,43,DCAbbott
1132,47,RARitchie
1132,48,EMHall
1133,41,JRCartwright
1133,42,JHGFauteux
1133,43,DCAbbott
1133,47,RARitchie
1134,41,JRCartwright
1134,42,JHGFauteux
1134,43,DCAbbott
1134,47,RARitchie
1135,41,JRCartwright
1135,42,JHGFauteux
1135,43,DCAbbott
1135,47,RARitchie
1136,41,JRCartwright
1136,42,JHGFauteux
1136,43,DCAbbott
1136,48,EMHall
1137,36,RTaschereau
1137,43,DCAbbott
1138,45,RMartland
1138,46,WJudson
1138,47,RARitchie
1138,48,EMHall
1139,36,RTaschereau
1139,41,JRCartwright
1139,46,WJudson
1139,48,EMHall
1140,46,WJudson
1140,47,RARitchie
1140,48,EMHall
1140,49,WFSpence
1141,36,RTaschereau
1141,42,JHGFauteux
1141,43,DCAbbott
1141,45,RMartland
1141,46,WJudson
1141,48,EMHall
1142,36,RTaschereau
1142,42,JHGFauteux
1142,43,DCAbbott
1142,48,EMHall
1143,36,RTaschereau
1143,42,JHGFauteux
1143,45,RMartland
1143,49,WFSpence
1144,41,JRCartwright
1144,43,DCAbbott
1144,46,WJudson
1144,48,EMHall
1145,43,DCAbbott
1145,46,WJudson
1145,47,RARitchie
1145,48,EMHall
1146,46,WJudson
1146,49,WFSpence
1147,36,RTaschereau
1147,41,JRCartwright
1147,43,DCAbbott
1147,49,WFSpence
1148,36,RTaschereau
1148,41,JRCartwright
1148,42,JHGFauteux
1148,43,DCAbbott
1150,43,DCAbbott
1150,45,RMartland
1150,47,RARitchie
1150,48,EMHall
1151,36,RTaschereau
1151,42,JHGFauteux
1151,48,EMHall
1151,49,WFSpence
1152,36,RTaschereau
1152,41,JRCartwright
1152,42,JHGFauteux
1152,43,DCAbbott
1153,36,RTaschereau
1153,42,JHGFauteux
1153,43,DCAbbott
1153,48,EMHall
1154,36,RTaschereau
1154,41,JRCartwright
1154,42,JHGFauteux
1154,49,WFSpence
1155,36,RTaschereau
1155,43,DCAbbott
1155,46,WJudson
1155,48,EMHall
1156,41,JRCartwright
1156,46,WJudson
1156,47,RARitchie
1156,48,EMHall
1157,36,RTaschereau
1157,41,JRCartwright
1157,42,JHGFauteux
1157,47,RARitchie
1158,43,DCAbbott
1158,45,RMartland
1158,47,RARitchie
1158,48,EMHall
1159,36,RTaschereau
1159,42,JHGFauteux
1159,45,RMartland
1159,47,RARitchie
1160,36,RTaschereau
1160,41,JRCartwright
1160,42,JHGFauteux
1160,43,DCAbbott
1161,36,RTaschereau
1161,43,DCAbbott
1161,48,EMHall
1161,49,WFSpence
1162,36,RTaschereau
1162,42,JHGFauteux
1162,43,DCAbbott
1162,48,EMHall
1163,36,RTaschereau
1163,43,DCAbbott
1163,45,RMartland
1163,46,WJudson
1164,36,RTaschereau
1164,42,JHGFauteux
1164,43,DCAbbott
1164,46,WJudson
1165,36,RTaschereau
1165,41,JRCartwright
1165,48,EMHall
1165,49,WFSpence
1166,41,JRCartwright
1166,46,WJudson
1166,48,EMHall
1166,49,WFSpence
1167,36,RTaschereau
1167,41,JRCartwright
1167,48,EMHall
1167,49,WFSpence
1168,36,RTaschereau
1168,41,JRCartwright
1168,42,JHGFauteux
1168,43,DCAbbott
1169,36,RTaschereau
1169,42,JHGFauteux
1169,47,RARitchie
1169,48,EMHall
1170,36,RTaschereau
1170,42,JHGFauteux
1170,43,DCAbbott
1170,47,RARitchie
1171,42,JHGFauteux
1171,43,DCAbbott
1171,45,RMartland
1171,48,EMHall
1172,36,RTaschereau
1172,41,JRCartwright
1172,43,DCAbbott
1172,49,WFSpence
1173,36,RTaschereau
1173,42,JHGFauteux
1173,43,DCAbbott
1173,49,WFSpence
1174,41,JRCartwright
1174,45,RMartland
1174,46,WJudson
1174,47,RARitchie
1175,36,RTaschereau
1175,42,JHGFauteux
1175,43,DCAbbott
1175,48,EMHall
1176,36,RTaschereau
1176,41,JRCartwright
1176,42,JHGFauteux
1176,48,EMHall
1177,36,RTaschereau
1177,42,JHGFauteux
1177,43,DCAbbott
1177,46,WJudson
1178,36,RTaschereau
1178,42,JHGFauteux
1178,43,DCAbbott
1178,46,WJudson
1179,36,RTaschereau
1179,42,JHGFauteux
1179,43,DCAbbott
1179,47,RARitchie
1180,36,RTaschereau
1180,41,JRCartwright
1180,42,JHGFauteux
1180,46,WJudson
1181,36,RTaschereau
1181,42,JHGFauteux
1181,43,DCAbbott
1181,46,WJudson
1182,36,RTaschereau
1182,42,JHGFauteux
1182,46,WJudson
1182,49,WFSpence
1183,36,RTaschereau
1183,42,JHGFauteux
1183,43,DCAbbott
1183,49,WFSpence
1184,36,RTaschereau
1184,43,DCAbbott
1184,45,RMartland
1184,49,WFSpence
1185,36,RTaschereau
1185,41,JRCartwright
1185,45,RMartland
1185,49,WFSpence
1186,45,RMartland
1186,46,WJudson
1186,47,RARitchie
1186,48,EMHall
1187,36,RTaschereau
1187,42,JHGFauteux
1187,43,DCAbbott
1187,46,WJudson
1188,48,EMHall
1188,49,WFSpence
1189,43,DCAbbott
1189,46,WJudson
1190,42,JHGFauteux
1190,43,DCAbbott
1190,49,WFSpence
1190,50,LPPigeon
1191,42,JHGFauteux
1191,46,WJudson
1191,49,WFSpence
1191,50,LPPigeon
1192,42,JHGFauteux
1192,43,DCAbbott
1192,46,WJudson
1192,48,EMHall
1193,42,JHGFauteux
1193,43,DCAbbott
1193,48,EMHall
1193,49,WFSpence
1194,36,RTaschereau
1194,43,DCAbbott
1194,45,RMartland
1194,47,RARitchie
1195,36,RTaschereau
1195,48,EMHall
1196,43,DCAbbott
1196,49,WFSpence
1197,42,JHGFauteux
1197,50,LPPigeon
1198,36,RTaschereau
1198,42,JHGFauteux
1198,43,DCAbbott
1198,45,RMartland
1199,36,RTaschereau
1199,42,JHGFauteux
1199,43,DCAbbott
1199,45,RMartland
1200,42,JHGFauteux
1200,43,DCAbbott
1200,46,WJudson
1200,50,LPPigeon
1201,41,JRCartwright
1201,42,JHGFauteux
1201,43,DCAbbott
1201,50,LPPigeon
1202,41,JRCartwright
1202,42,JHGFauteux
1202,43,DCAbbott
1202,50,LPPigeon
1203,43,DCAbbott
1203,45,RMartland
1203,46,WJudson
1203,48,EMHall
1205,42,JHGFauteux
1205,43,DCAbbott
1205,46,WJudson
1205,50,LPPigeon
1206,43,DCAbbott
1206,45,RMartland
1206,46,WJudson
1206,47,RARitchie
1206,49,WFSpence
1206,50,LPPigeon
1207,41,JRCartwright
1207,45,RMartland
1207,47,RARitchie
1207,50,LPPigeon
1208,42,JHGFauteux
1208,43,DCAbbott
1208,49,WFSpence
1208,50,LPPigeon
1209,36,RTaschereau
1209,42,JHGFauteux
1209,45,RMartland
1209,48,EMHall
1210,41,JRCartwright
1210,42,JHGFauteux
1210,43,DCAbbott
1210,50,LPPigeon
1211,41,JRCartwright
1211,42,JHGFauteux
1211,43,DCAbbott
1211,50,LPPigeon
1212,36,RTaschereau
1212,41,JRCartwright
1213,42,JHGFauteux
1213,43,DCAbbott
1213,48,EMHall
1213,50,LPPigeon
1214,42,JHGFauteux
1214,45,RMartland
1214,46,WJudson
1214,47,RARitchie
1215,42,JHGFauteux
1215,45,RMartland
1215,46,WJudson
1215,47,RARitchie
1216,42,JHGFauteux
1216,45,RMartland
1216,48,EMHall
1216,49,WFSpence
1218,42,JHGFauteux
1218,43,DCAbbott
1218,49,WFSpence
1218,50,LPPigeon
1219,42,JHGFauteux
1219,43,DCAbbott
1219,45,RMartland
1219,50,LPPigeon
1220,41,JRCartwright
1220,43,DCAbbott
1220,45,RMartland
1220,48,EMHall
1220,49,WFSpence
1220,50,LPPigeon
1221,42,JHGFauteux
1221,43,DCAbbott
1221,47,RARitchie
1221,50,LPPigeon
1224,36,RTaschereau
1224,41,JRCartwright
1224,46,WJudson
1224,49,WFSpence
1225,41,JRCartwright
1225,42,JHGFauteux
1225,45,RMartland
1225,50,LPPigeon
1226,42,JHGFauteux
1226,43,DCAbbott
1226,46,WJudson
1226,47,RARitchie
1226,49,WFSpence
1226,50,LPPigeon
1227,42,JHGFauteux
1227,43,DCAbbott
1227,47,RARitchie
1227,50,LPPigeon
1228,41,JRCartwright
1228,42,JHGFauteux
1228,43,DCAbbott
1228,45,RMartland
1229,42,JHGFauteux
1229,43,DCAbbott
1229,48,EMHall
1229,49,WFSpence
1230,42,JHGFauteux
1230,48,EMHall
1230,49,WFSpence
1230,50,LPPigeon
1231,42,JHGFauteux
1231,45,RMartland
1231,46,WJudson
1231,50,LPPigeon
1232,46,WJudson
1232,47,RARitchie
1232,48,EMHall
1232,50,LPPigeon
1233,41,JRCartwright
1233,43,DCAbbott
1233,46,WJudson
1233,48,EMHall
1234,36,RTaschereau
1234,48,EMHall
1236,43,DCAbbott
1236,47,RARitchie
1236,48,EMHall
1236,49,WFSpence
1237,36,RTaschereau
1237,41,JRCartwright
1237,45,RMartland
1237,47,RARitchie
1238,42,JHGFauteux
1238,43,DCAbbott
1238,46,WJudson
1238,49,WFSpence
1239,42,JHGFauteux
1239,43,DCAbbott
1239,45,RMartland
1239,50,LPPigeon
1240,42,JHGFauteux
1240,43,DCAbbott
1240,47,RARitchie
1240,49,WFSpence
1241,42,JHGFauteux
1241,43,DCAbbott
1241,46,WJudson
1241,50,LPPigeon
1242,41,JRCartwright
1242,42,JHGFauteux
1242,43,DCAbbott
1242,50,LPPigeon
1243,41,JRCartwright
1243,42,JHGFauteux
1243,43,DCAbbott
1243,45,RMartland
1244,42,JHGFauteux
1244,43,DCAbbott
1244,46,WJudson
1244,49,WFSpence
1245,42,JHGFauteux
1245,43,DCAbbott
1245,48,EMHall
1245,50,LPPigeon
1246,42,JHGFauteux
1246,43,DCAbbott
1246,46,WJudson
1246,50,LPPigeon
1247,43,DCAbbott
1247,45,RMartland
1247,49,WFSpence
1247,50,LPPigeon
1248,42,JHGFauteux
1248,43,DCAbbott
1248,47,RARitchie
1248,50,LPPigeon
1249,42,JHGFauteux
1249,43,DCAbbott
1249,45,RMartland
1249,48,EMHall
1250,42,JHGFauteux
1250,43,DCAbbott
1250,45,RMartland
1250,50,LPPigeon
1251,42,JHGFauteux
1251,43,DCAbbott
1251,49,WFSpence
1251,50,LPPigeon
1252,42,JHGFauteux
1252,43,DCAbbott
1252,45,RMartland
1252,50,LPPigeon
1253,41,JRCartwright
1253,43,DCAbbott
1253,48,EMHall
1253,49,WFSpence
1254,41,JRCartwright
1254,42,JHGFauteux
1254,43,DCAbbott
1254,48,EMHall
1255,42,JHGFauteux
1255,43,DCAbbott
1255,47,RARitchie
1255,50,LPPigeon
1256,42,JHGFauteux
1256,43,DCAbbott
1256,49,WFSpence
1256,50,LPPigeon
1257,42,JHGFauteux
1257,43,DCAbbott
1257,47,RARitchie
1257,50,LPPigeon
1258,42,JHGFauteux
1258,43,DCAbbott
1258,48,EMHall
1258,50,LPPigeon
1259,42,JHGFauteux
1259,43,DCAbbott
1259,47,RARitchie
1259,50,LPPigeon
1260,43,DCAbbott
1260,46,WJudson
1260,47,RARitchie
1260,49,WFSpence
1261,43,DCAbbott
1261,48,EMHall
1262,42,JHGFauteux
1262,43,DCAbbott
1262,48,EMHall
1262,50,LPPigeon
1263,43,DCAbbott
1263,46,WJudson
1263,47,RARitchie
1263,49,WFSpence
1264,41,JRCartwright
1264,43,DCAbbott
1264,45,RMartland
1264,50,LPPigeon
1265,42,JHGFauteux
1265,43,DCAbbott
1265,48,EMHall
1265,50,LPPigeon
1266,42,JHGFauteux
1266,43,DCAbbott
1266,45,RMartland
1266,48,EMHall
1267,41,JRCartwright
1267,43,DCAbbott
1267,46,WJudson
1267,47,RARitchie
1268,41,JRCartwright
1268,42,JHGFauteux
1268,43,DCAbbott
1268,50,LPPigeon
1269,42,JHGFauteux
1269,43,DCAbbott
1269,45,RMartland
1269,50,LPPigeon
1270,41,JRCartwright
1270,42,JHGFauteux
1270,43,DCAbbott
1270,50,LPPigeon
1271,43,DCAbbott
1271,45,RMartland
1271,47,RARitchie
1271,49,WFSpence
1273,41,JRCartwright
1273,42,JHGFauteux
1273,43,DCAbbott
1273,47,RARitchie
1274,42,JHGFauteux
1274,43,DCAbbott
1274,48,EMHall
1274,50,LPPigeon
1275,41,JRCartwright
1275,42,JHGFauteux
1275,43,DCAbbott
1275,45,RMartland
1276,43,DCAbbott
1276,48,EMHall
1276,49,WFSpence
1276,50,LPPigeon
1277,42,JHGFauteux
1277,43,DCAbbott
1277,45,RMartland
1277,50,LPPigeon
1278,41,JRCartwright
1278,42,JHGFauteux
1278,46,WJudson
1278,48,EMHall
1279,41,JRCartwright
1279,42,JHGFauteux
1279,43,DCAbbott
1279,50,LPPigeon
1280,41,JRCartwright
1280,42,JHGFauteux
1280,43,DCAbbott
1280,50,LPPigeon
1281,41,JRCartwright
1281,42,JHGFauteux
1281,43,DCAbbott
1281,50,LPPigeon
1282,41,JRCartwright
1282,42,JHGFauteux
1282,45,RMartland
1282,50,LPPigeon
1283,42,JHGFauteux
1283,43,DCAbbott
1283,45,RMartland
1283,49,WFSpence
1284,42,JHGFauteux
1284,47,RARitchie
1284,49,WFSpence
1284,50,LPPigeon
1285,42,JHGFauteux
1285,43,DCAbbott
1285,48,EMHall
1285,50,LPPigeon
1286,43,DCAbbott
1286,46,WJudson
1286,48,EMHall
1286,50,LPPigeon
1287,41,JRCartwright
1287,43,DCAbbott
1287,46,WJudson
1287,48,EMHall
1288,41,JRCartwright
1288,42,JHGFauteux
1288,43,DCAbbott
1288,46,WJudson
1289,43,DCAbbott
1289,45,RMartland
1289,46,WJudson
1289,47,RARitchie
1290,41,JRCartwright
1290,42,JHGFauteux
1290,46,WJudson
1290,47,RARitchie
1291,42,JHGFauteux
1291,43,DCAbbott
1291,48,EMHall
1291,49,WFSpence
1292,43,DCAbbott
1292,46,WJudson
1292,48,EMHall
1292,49,WFSpence
1293,43,DCAbbott
1293,48,EMHall
1294,42,JHGFauteux
1294,43,DCAbbott
1294,46,WJudson
1294,49,WFSpence
1295,42,JHGFauteux
1295,43,DCAbbott
1295,48,EMHall
1295,50,LPPigeon
1296,42,JHGFauteux
1296,43,DCAbbott
1296,49,WFSpence
1296,50,LPPigeon
1297,42,JHGFauteux
1297,43,DCAbbott
1297,49,WFSpence
1297,50,LPPigeon
1298,42,JHGFauteux
1298,43,DCAbbott
1298,48,EMHall
1298,50,LPPigeon
1299,42,JHGFauteux
1299,43,DCAbbott
1299,49,WFSpence
1299,50,LPPigeon
1301,41,JRCartwright
1301,42,JHGFauteux
1301,45,RMartland
1301,47,RARitchie
1302,42,JHGFauteux
1302,43,DCAbbott
1302,46,WJudson
1302,50,LPPigeon
1303,42,JHGFauteux
1303,43,DCAbbott
1303,47,RARitchie
1303,50,LPPigeon
1304,43,DCAbbott
1304,46,WJudson
1304,49,WFSpence
1304,50,LPPigeon
1305,42,JHGFauteux
1305,45,RMartland
1305,47,RARitchie
1305,48,EMHall
1306,42,JHGFauteux
1306,43,DCAbbott
1306,45,RMartland
1306,48,EMHall
1307,41,JRCartwright
1307,42,JHGFauteux
1307,43,DCAbbott
1307,50,LPPigeon
1308,41,JRCartwright
1308,42,JHGFauteux
1308,45,RMartland
1308,49,WFSpence
1309,42,JHGFauteux
1309,43,DCAbbott
1309,45,RMartland
1309,50,LPPigeon
1310,41,JRCartwright
1310,42,JHGFauteux
1310,45,RMartland
1310,50,LPPigeon
1311,41,JRCartwright
1311,42,JHGFauteux
1311,43,DCAbbott
1311,50,LPPigeon
1312,41,JRCartwright
1312,46,WJudson
1312,47,RARitchie
1312,49,WFSpence
1313,41,JRCartwright
1313,43,DCAbbott
1313,45,RMartland
1313,49,WFSpence
1314,42,JHGFauteux
1314,43,DCAbbott
1314,45,RMartland
1314,47,RARitchie
1316,42,JHGFauteux
1316,43,DCAbbott
1316,47,RARitchie
1316,50,LPPigeon
1317,43,DCAbbott
1317,45,RMartland
1317,48,EMHall
1317,49,WFSpence
1318,42,JHGFauteux
1318,45,RMartland
1318,46,WJudson
1318,49,WFSpence
1319,41,JRCartwright
1319,45,RMartland
1319,46,WJudson
1319,49,WFSpence
1320,42,JHGFauteux
1320,43,DCAbbott
1320,46,WJudson
1320,47,RARitchie
1322,42,JHGFauteux
1322,43,DCAbbott
1322,46,WJudson
1322,50,LPPigeon
1323,41,JRCartwright
1323,45,RMartland
1323,47,RARitchie
1323,48,EMHall
1324,42,JHGFauteux
1324,46,WJudson
1324,47,RARitchie
1324,48,EMHall
1325,43,DCAbbott
1325,45,RMartland
1325,47,RARitchie
1325,49,WFSpence
1326,41,JRCartwright
1326,43,DCAbbott
1326,45,RMartland
1326,49,WFSpence
1327,41,JRCartwright
1327,42,JHGFauteux
1327,43,DCAbbott
1327,46,WJudson
1328,42,JHGFauteux
1328,43,DCAbbott
1328,45,RMartland
1328,50,LPPigeon
1329,42,JHGFauteux
1329,43,DCAbbott
1329,48,EMHall
1329,50,LPPigeon
1330,42,JHGFauteux
1330,45,RMartland
1330,46,WJudson
1330,49,WFSpence
1331,42,JHGFauteux
1331,43,DCAbbott
1331,48,EMHall
1331,50,LPPigeon
1333,42,JHGFauteux
1333,43,DCAbbott
1333,49,WFSpence
1333,50,LPPigeon
1334,41,JRCartwright
1334,46,WJudson
1334,49,WFSpence
1334,50,LPPigeon
1335,41,JRCartwright
1335,43,DCAbbott
1335,45,RMartland
1335,48,EMHall
1336,42,JHGFauteux
1336,43,DCAbbott
1336,46,WJudson
1336,49,WFSpence
1337,41,JRCartwright
1337,42,JHGFauteux
1337,43,DCAbbott
1337,50,LPPigeon
1338,41,JRCartwright
1338,45,RMartland
1338,48,EMHall
1338,49,WFSpence
1339,42,JHGFauteux
1339,43,DCAbbott
1339,47,RARitchie
1339,50,LPPigeon
1340,42,JHGFauteux
1340,45,RMartland
1340,47,RARitchie
1340,50,LPPigeon
1342,42,JHGFauteux
1342,43,DCAbbott
1342,48,EMHall
1342,50,LPPigeon
1343,42,JHGFauteux
1343,43,DCAbbott
1343,46,WJudson
1343,50,LPPigeon
1344,42,JHGFauteux
1344,43,DCAbbott
1344,45,RMartland
1344,46,WJudson
1345,43,DCAbbott
1345,45,RMartland
1345,46,WJudson
1345,47,RARitchie
1346,42,JHGFauteux
1346,43,DCAbbott
1346,46,WJudson
1346,50,LPPigeon
1347,42,JHGFauteux
1347,43,DCAbbott
1348,42,JHGFauteux
1348,45,RMartland
1348,46,WJudson
1348,50,LPPigeon
1350,42,JHGFauteux
1350,43,DCAbbott
1350,48,EMHall
1350,50,LPPigeon
1351,41,JRCartwright
1351,42,JHGFauteux
1351,43,DCAbbott
1351,50,LPPigeon
1352,41,JRCartwright
1352,42,JHGFauteux
1352,43,DCAbbott
1352,50,LPPigeon
1354,42,JHGFauteux
1354,43,DCAbbott
1354,47,RARitchie
1354,50,LPPigeon
1355,41,JRCartwright
1355,42,JHGFauteux
1355,43,DCAbbott
1355,45,RMartland
1357,41,JRCartwright
1357,42,JHGFauteux
1357,43,DCAbbott
1357,47,RARitchie
1358,41,JRCartwright
1358,43,DCAbbott
1359,41,JRCartwright
1359,49,WFSpence
1360,41,JRCartwright
1360,42,JHGFauteux
1360,43,DCAbbott
1360,49,WFSpence
1361,41,JRCartwright
1361,45,RMartland
1361,47,RARitchie
1361,48,EMHall
1362,41,JRCartwright
1362,45,RMartland
1362,46,WJudson
1362,48,EMHall
1363,41,JRCartwright
1363,42,JHGFauteux
1363,43,DCAbbott
1363,45,RMartland
1364,41,JRCartwright
1364,42,JHGFauteux
1364,48,EMHall
1364,49,WFSpence
1365,42,JHGFauteux
1365,43,DCAbbott
1365,46,WJudson
1365,47,RARitchie
1366,41,JRCartwright
1366,45,RMartland
1366,46,WJudson
1366,48,EMHall
1368,41,JRCartwright
1368,42,JHGFauteux
1368,43,DCAbbott
1368,49,WFSpence
1369,42,JHGFauteux
1369,43,DCAbbott
1369,47,RARitchie
1369,48,EMHall
1370,41,JRCartwright
1370,45,RMartland
1370,47,RARitchie
1370,49,WFSpence
1371,41,JRCartwright
1371,45,RMartland
1371,46,WJudson
1371,47,RARitchie
1371,48,EMHall
1371,49,WFSpence
1372,41,JRCartwright
1372,45,RMartland
1372,46,WJudson
1372,47,RARitchie
1372,48,EMHall
1372,49,WFSpence
1373,42,JHGFauteux
1373,45,RMartland
1373,46,WJudson
1373,47,RARitchie
1374,42,JHGFauteux
1374,45,RMartland
1374,46,WJudson
1374,50,LPPigeon
1375,41,JRCartwright
1375,42,JHGFauteux
1375,43,DCAbbott
1375,50,LPPigeon
1379,41,JRCartwright
1379,46,WJudson
1379,48,EMHall
1379,50,LPPigeon
1381,41,JRCartwright
1381,42,JHGFauteux
1381,43,DCAbbott
1381,50,LPPigeon
1382,42,JHGFauteux
1382,43,DCAbbott
1382,46,WJudson
1382,50,LPPigeon
1383,42,JHGFauteux
1383,43,DCAbbott
1383,48,EMHall
1383,50,LPPigeon
1384,43,DCAbbott
1384,46,WJudson
1384,47,RARitchie
1384,50,LPPigeon
1385,42,JHGFauteux
1385,43,DCAbbott
1385,48,EMHall
1385,50,LPPigeon
1386,41,JRCartwright
1386,46,WJudson
1388,42,JHGFauteux
1388,45,RMartland
1388,46,WJudson
1388,47,RARitchie
1389,41,JRCartwright
1389,47,RARitchie
1389,49,WFSpence
1389,50,LPPigeon
1390,41,JRCartwright
1390,42,JHGFauteux
1391,41,JRCartwright
1391,46,WJudson
1391,47,RARitchie
1391,49,WFSpence
1392,41,JRCartwright
1392,46,WJudson
1392,49,WFSpence
1392,50,LPPigeon
1393,41,JRCartwright
1393,42,JHGFauteux
1393,46,WJudson
1393,49,WFSpence
1394,42,JHGFauteux
1394,43,DCAbbott
1394,46,WJudson
1394,48,EMHall
1395,41,JRCartwright
1395,45,RMartland
1395,46,WJudson
1395,49,WFSpence
1396,42,JHGFauteux
1396,43,DCAbbott
1396,45,RMartland
1396,50,LPPigeon
1397,42,JHGFauteux
1397,45,RMartland
1397,46,WJudson
1397,50,LPPigeon
1398,42,JHGFauteux
1398,46,WJudson
1398,48,EMHall
1398,49,WFSpence
1399,41,JRCartwright
1399,45,RMartland
1399,46,WJudson
1399,49,WFSpence
1400,41,JRCartwright
1400,45,RMartland
1400,46,WJudson
1400,49,WFSpence
1401,42,JHGFauteux
1401,43,DCAbbott
1401,46,WJudson
1401,50,LPPigeon
1402,42,JHGFauteux
1402,43,DCAbbott
1402,46,WJudson
1402,47,RARitchie
1403,41,JRCartwright
1403,42,JHGFauteux
1403,45,RMartland
1403,50,LPPigeon
1404,41,JRCartwright
1404,43,DCAbbott
1404,49,WFSpence
1404,50,LPPigeon
1406,42,JHGFauteux
1406,45,RMartland
1406,46,WJudson
1406,50,LPPigeon
1407,42,JHGFauteux
1407,43,DCAbbott
1407,46,WJudson
1407,50,LPPigeon
1408,41,JRCartwright
1408,45,RMartland
1408,46,WJudson
1408,49,WFSpence
1409,42,JHGFauteux
1409,43,DCAbbott
1409,46,WJudson
1409,47,RARitchie
1410,41,JRCartwright
1410,43,DCAbbott
1410,48,EMHall
1410,50,LPPigeon
1411,41,JRCartwright
1411,48,EMHall
1413,42,JHGFauteux
1413,43,DCAbbott
1413,48,EMHall
1413,50,LPPigeon
1414,42,JHGFauteux
1414,43,DCAbbott
1414,46,WJudson
1414,50,LPPigeon
1415,41,JRCartwright
1415,42,JHGFauteux
1415,43,DCAbbott
1415,47,RARitchie
1416,41,JRCartwright
1416,42,JHGFauteux
1416,45,RMartland
1416,50,LPPigeon
1419,42,JHGFauteux
1419,45,RMartland
1419,46,WJudson
1419,47,RARitchie
1423,41,JRCartwright
1423,46,WJudson
1424,42,JHGFauteux
1424,45,RMartland
1424,48,EMHall
1424,50,LPPigeon
1425,41,JRCartwright
1425,48,EMHall
1426,41,JRCartwright
1426,42,JHGFauteux
1426,45,RMartland
1426,47,RARitchie
1427,42,JHGFauteux
1427,43,DCAbbott
1427,45,RMartland
1427,46,WJudson
1428,42,JHGFauteux
1428,43,DCAbbott
1428,46,WJudson
1428,50,LPPigeon
1429,41,JRCartwright
1429,46,WJudson
1429,47,RARitchie
1429,48,EMHall
1430,41,JRCartwright
1430,42,JHGFauteux
1430,46,WJudson
1430,50,LPPigeon
1431,41,JRCartwright
1431,42,JHGFauteux
1431,43,DCAbbott
1431,50,LPPigeon
1432,41,JRCartwright
1432,42,JHGFauteux
1432,43,DCAbbott
1432,50,LPPigeon
1433,42,JHGFauteux
1433,45,RMartland
1433,46,WJudson
1433,48,EMHall
1434,42,JHGFauteux
1434,46,WJudson
1434,48,EMHall
1434,50,LPPigeon
1435,41,JRCartwright
1435,42,JHGFauteux
1435,48,EMHall
1435,49,WFSpence
1436,41,JRCartwright
1436,42,JHGFauteux
1436,43,DCAbbott
1436,50,LPPigeon
1437,42,JHGFauteux
1437,43,DCAbbott
1438,42,JHGFauteux
1438,45,RMartland
1438,46,WJudson
1438,47,RARitchie
1439,41,JRCartwright
1439,42,JHGFauteux
1439,45,RMartland
1439,48,EMHall
1444,41,JRCartwright
1444,43,DCAbbott
1444,48,EMHall
1444,49,WFSpence
1446,42,JHGFauteux
1446,43,DCAbbott
1446,45,RMartland
1446,50,LPPigeon
1448,42,JHGFauteux
1448,45,RMartland
1448,46,WJudson
1448,47,RARitchie
1449,42,JHGFauteux
1449,43,DCAbbott
1449,50,LPPigeon
1449,51,BLaskin
1450,42,JHGFauteux
1450,43,DCAbbott
1450,48,EMHall
1450,49,WFSpence
1451,41,JRCartwright
1451,42,JHGFauteux
1451,43,DCAbbott
1451,50,LPPigeon
1452,45,RMartland
1452,47,RARitchie
1452,48,EMHall
1452,49,WFSpence
1453,46,WJudson
1453,48,EMHall
1453,49,WFSpence
1453,51,BLaskin
1455,41,JRCartwright
1455,42,JHGFauteux
1455,43,DCAbbott
1455,50,LPPigeon
1456,41,JRCartwright
1456,42,JHGFauteux
1456,43,DCAbbott
1456,46,WJudson
1457,45,RMartland
1457,46,WJudson
1457,47,RARitchie
1457,48,EMHall
1458,41,JRCartwright
1458,42,JHGFauteux
1458,45,RMartland
1458,46,WJudson
1459,41,JRCartwright
1459,45,RMartland
1459,46,WJudson
1459,48,EMHall
1460,46,WJudson
1460,48,EMHall
1460,49,WFSpence
1460,51,BLaskin
1461,42,JHGFauteux
1461,43,DCAbbott
1461,46,WJudson
1461,48,EMHall
1462,42,JHGFauteux
1462,43,DCAbbott
1462,47,RARitchie
1462,51,BLaskin
1463,41,JRCartwright
1463,43,DCAbbott
1463,48,EMHall
1463,50,LPPigeon
1464,42,JHGFauteux
1464,43,DCAbbott
1464,47,RARitchie
1464,50,LPPigeon
1465,41,JRCartwright
1465,43,DCAbbott
1467,42,JHGFauteux
1467,43,DCAbbott
1467,45,RMartland
1467,46,WJudson
1468,43,DCAbbott
1468,45,RMartland
1468,47,RARitchie
1468,48,EMHall
1469,42,JHGFauteux
1469,45,RMartland
1469,46,WJudson
1469,48,EMHall
1470,45,RMartland
1470,46,WJudson
1470,49,WFSpence
1470,51,BLaskin
1471,41,JRCartwright
1471,46,WJudson
1471,47,RARitchie
1471,49,WFSpence
1473,42,JHGFauteux
1473,43,DCAbbott
1473,47,RARitchie
1473,50,LPPigeon
1474,42,JHGFauteux
1474,43,DCAbbott
1474,50,LPPigeon
1474,51,BLaskin
1475,42,JHGFauteux
1475,43,DCAbbott
1475,49,WFSpence
1475,50,LPPigeon
1476,42,JHGFauteux
1476,43,DCAbbott
1476,49,WFSpence
1476,50,LPPigeon
1477,45,RMartland
1477,48,EMHall
1477,49,WFSpence
1477,51,BLaskin
1478,42,JHGFauteux
1478,43,DCAbbott
1478,48,EMHall
1478,50,LPPigeon
1480,42,JHGFauteux
1480,43,DCAbbott
1480,45,RMartland
1480,46,WJudson
1481,42,JHGFauteux
1481,43,DCAbbott
1481,47,RARitchie
1481,50,LPPigeon
1482,42,JHGFauteux
1482,43,DCAbbott
1482,46,WJudson
1482,48,EMHall
1483,42,JHGFauteux
1483,43,DCAbbott
1483,47,RARitchie
1483,50,LPPigeon
1484,42,JHGFauteux
1484,43,DCAbbott
1484,45,RMartland
1484,46,WJudson
1485,42,JHGFauteux
1485,43,DCAbbott
1485,47,RARitchie
1485,50,LPPigeon
1486,43,DCAbbott
1486,47,RARitchie
1486,48,EMHall
1486,50,LPPigeon
1487,42,JHGFauteux
1487,43,DCAbbott
1487,45,RMartland
1487,48,EMHall
1488,43,DCAbbott
1488,47,RARitchie
1488,48,EMHall
1488,50,LPPigeon
1489,50,LPPigeon
1489,51,BLaskin
1490,43,DCAbbott
1490,51,BLaskin
1491,42,JHGFauteux
1491,43,DCAbbott
1491,50,LPPigeon
1491,51,BLaskin
1492,42,JHGFauteux
1492,43,DCAbbott
1492,49,WFSpence
1492,50,LPPigeon
1493,45,RMartland
1493,47,RARitchie
1493,48,EMHall
1493,49,WFSpence
1494,42,JHGFauteux
1494,43,DCAbbott
1494,48,EMHall
1494,50,LPPigeon
1495,42,JHGFauteux
1495,43,DCAbbott
1495,48,EMHall
1495,51,BLaskin
1496,43,DCAbbott
1496,48,EMHall
1496,49,WFSpence
1496,50,LPPigeon
1497,42,JHGFauteux
1497,43,DCAbbott
1497,47,RARitchie
1497,50,LPPigeon
1498,42,JHGFauteux
1498,45,RMartland
1498,46,WJudson
1498,47,RARitchie
1500,42,JHGFauteux
1500,43,DCAbbott
1500,45,RMartland
1500,46,WJudson
1501,45,RMartland
1501,46,WJudson
1501,47,RARitchie
1501,48,EMHall
1503,42,JHGFauteux
1503,45,RMartland
1503,46,WJudson
1503,47,RARitchie
1503,49,WFSpence
1503,51,BLaskin
1506,42,JHGFauteux
1506,43,DCAbbott
1506,45,RMartland
1506,50,LPPigeon
1507,42,JHGFauteux
1507,43,DCAbbott
1507,45,RMartland
1507,46,WJudson
1508,42,JHGFauteux
1508,43,DCAbbott
1508,46,WJudson
1508,49,WFSpence
1509,42,JHGFauteux
1509,43,DCAbbott
1509,48,EMHall
1509,50,LPPigeon
1510,47,RARitchie
1510,48,EMHall
1510,49,WFSpence
1510,51,BLaskin
1511,42,JHGFauteux
1511,45,RMartland
1511,47,RARitchie
1511,50,LPPigeon
1512,42,JHGFauteux
1512,43,DCAbbott
1512,50,LPPigeon
1512,51,BLaskin
1513,42,JHGFauteux
1513,43,DCAbbott
1513,50,LPPigeon
1513,51,BLaskin
1514,42,JHGFauteux
1514,48,EMHall
1514,50,LPPigeon
1514,51,BLaskin
1515,45,RMartland
1515,46,WJudson
1515,49,WFSpence
1515,51,BLaskin
1516,45,RMartland
1516,46,WJudson
1516,47,RARitchie
1516,48,EMHall
1517,42,JHGFauteux
1517,47,RARitchie
1517,49,WFSpence
1517,50,LPPigeon
1518,42,JHGFauteux
1518,43,DCAbbott
1518,47,RARitchie
1518,50,LPPigeon
1519,42,JHGFauteux
1519,43,DCAbbott
1519,46,WJudson
1519,51,BLaskin
1520,42,JHGFauteux
1520,43,DCAbbott
1520,45,RMartland
1520,46,WJudson
1521,42,JHGFauteux
1521,43,DCAbbott
1521,50,LPPigeon
1521,51,BLaskin
1522,45,RMartland
1522,46,WJudson
1522,49,WFSpence
1522,51,BLaskin
1523,42,JHGFauteux
1523,43,DCAbbott
1523,47,RARitchie
1523,50,LPPigeon
1524,42,JHGFauteux
1524,43,DCAbbott
1524,50,LPPigeon
1524,51,BLaskin
1525,47,RARitchie
1525,48,EMHall
1525,49,WFSpence
1525,51,BLaskin
1526,47,RARitchie
1526,48,EMHall
1526,49,WFSpence
1526,51,BLaskin
1527,42,JHGFauteux
1527,43,DCAbbott
1527,46,WJudson
1527,50,LPPigeon
1528,46,WJudson
1528,48,EMHall
1528,49,WFSpence
1528,51,BLaskin
1529,45,RMartland
1529,48,EMHall
1529,49,WFSpence
1529,51,BLaskin
1530,42,JHGFauteux
1530,51,BLaskin
1531,42,JHGFauteux
1531,43,DCAbbott
1531,45,RMartland
1531,50,LPPigeon
1533,42,JHGFauteux
1533,48,EMHall
1533,49,WFSpence
1533,51,BLaskin
1534,46,WJudson
1534,47,RARitchie
1534,49,WFSpence
1534,51,BLaskin
1535,47,RARitchie
1535,48,EMHall
1535,49,WFSpence
1535,51,BLaskin
1536,42,JHGFauteux
1536,43,DCAbbott
1536,45,RMartland
1536,50,LPPigeon
1537,45,RMartland
1537,47,RARitchie
1537,49,WFSpence
1537,51,BLaskin
1538,46,WJudson
1538,49,WFSpence
1538,50,LPPigeon
1538,51,BLaskin
1540,42,JHGFauteux
1540,43,DCAbbott
1540,49,WFSpence
1540,50,LPPigeon
1541,42,JHGFauteux
1541,45,RMartland
1541,48,EMHall
1541,49,WFSpence
1542,42,JHGFauteux
1542,43,DCAbbott
1542,49,WFSpence
1542,50,LPPigeon
1543,45,RMartland
1543,46,WJudson
1543,47,RARitchie
1543,51,BLaskin
1544,46,WJudson
1544,47,RARitchie
1544,49,WFSpence
1544,51,BLaskin
1545,42,JHGFauteux
1545,43,DCAbbott
1545,45,RMartland
1545,50,LPPigeon
1546,42,JHGFauteux
1546,43,DCAbbott
1546,45,RMartland
1546,51,BLaskin
1547,42,JHGFauteux
1547,43,DCAbbott
1547,49,WFSpence
1547,51,BLaskin
1548,42,JHGFauteux
1548,43,DCAbbott
1548,45,RMartland
1548,50,LPPigeon
1549,50,LPPigeon
1549,51,BLaskin
1552,42,JHGFauteux
1552,43,DCAbbott
1552,45,RMartland
1552,50,LPPigeon
1553,42,JHGFauteux
1553,43,DCAbbott
1553,46,WJudson
1553,50,LPPigeon
1554,42,JHGFauteux
1554,43,DCAbbott
1554,45,RMartland
1554,46,WJudson
1555,45,RMartland
1555,46,WJudson
1555,49,WFSpence
1555,51,BLaskin
1556,42,JHGFauteux
1556,43,DCAbbott
1556,50,LPPigeon
1556,51,BLaskin
1557,42,JHGFauteux
1557,43,DCAbbott
1557,46,WJudson
1557,50,LPPigeon
1558,42,JHGFauteux
1558,43,DCAbbott
1558,45,RMartland
1558,51,BLaskin
1559,42,JHGFauteux
1559,43,DCAbbott
1559,47,RARitchie
1559,50,LPPigeon
1560,42,JHGFauteux
1560,45,RMartland
1560,46,WJudson
1560,47,RARitchie
1561,42,JHGFauteux
1561,43,DCAbbott
1561,45,RMartland
1561,47,RARitchie
1562,42,JHGFauteux
1562,43,DCAbbott
1562,45,RMartland
1562,51,BLaskin
1563,42,JHGFauteux
1563,43,DCAbbott
1563,48,EMHall
1563,51,BLaskin
1564,43,DCAbbott
1564,45,RMartland
1564,50,LPPigeon
1564,51,BLaskin
1565,46,WJudson
1565,47,RARitchie
1565,49,WFSpence
1565,51,BLaskin
1567,41,JRCartwright
1567,42,JHGFauteux
1567,46,WJudson
1567,50,LPPigeon
1568,42,JHGFauteux
1568,47,RARitchie
1568,48,EMHall
1568,50,LPPigeon
1569,42,JHGFauteux
1569,47,RARitchie
1569,48,EMHall
1569,50,LPPigeon
1570,42,JHGFauteux
1570,43,DCAbbott
1570,45,RMartland
1570,46,WJudson
1571,42,JHGFauteux
1571,43,DCAbbott
1572,42,JHGFauteux
1572,45,RMartland
1572,47,RARitchie
1572,48,EMHall
1573,42,JHGFauteux
1573,43,DCAbbott
1573,47,RARitchie
1573,50,LPPigeon
1574,42,JHGFauteux
1574,47,RARitchie
1574,48,EMHall
1574,49,WFSpence
1575,48,EMHall
1575,51,BLaskin
1576,45,RMartland
1576,46,WJudson
1576,49,WFSpence
1576,51,BLaskin
1577,42,JHGFauteux
1577,43,DCAbbott
1577,45,RMartland
1577,51,BLaskin
1578,42,JHGFauteux
1578,43,DCAbbott
1578,45,RMartland
1578,51,BLaskin
1579,45,RMartland
1579,47,RARitchie
1579,50,LPPigeon
1579,51,BLaskin
1580,42,JHGFauteux
1580,45,RMartland
1580,46,WJudson
1580,47,RARitchie
1581,46,WJudson
1581,47,RARitchie
1581,49,WFSpence
1581,51,BLaskin
1582,42,JHGFauteux
1582,43,DCAbbott
1582,47,RARitchie
1582,50,LPPigeon
1583,46,WJudson
1583,47,RARitchie
1583,49,WFSpence
1583,51,BLaskin
1584,45,RMartland
1584,47,RARitchie
1584,49,WFSpence
1584,51,BLaskin
1585,42,JHGFauteux
1585,43,DCAbbott
1585,45,RMartland
1585,47,RARitchie
1586,42,JHGFauteux
1586,45,RMartland
1586,47,RARitchie
1586,49,WFSpence
1587,42,JHGFauteux
1587,45,RMartland
1588,42,JHGFauteux
1588,43,DCAbbott
1589,42,JHGFauteux
1589,46,WJudson
1589,47,RARitchie
1589,49,WFSpence
1590,42,JHGFauteux
1590,46,WJudson
1590,49,WFSpence
1590,51,BLaskin
1591,45,RMartland
1591,46,WJudson
1591,48,EMHall
1591,51,BLaskin
1592,42,JHGFauteux
1592,43,DCAbbott
1592,48,EMHall
1592,51,BLaskin
1593,42,JHGFauteux
1593,46,WJudson
1593,47,RARitchie
1593,48,EMHall
1594,42,JHGFauteux
1594,43,DCAbbott
1594,49,WFSpence
1594,50,LPPigeon
1595,42,JHGFauteux
1595,43,DCAbbott
1595,45,RMartland
1595,49,WFSpence
1596,42,JHGFauteux
1596,43,DCAbbott
1596,45,RMartland
1596,46,WJudson
1597,42,JHGFauteux
1597,43,DCAbbott
1597,47,RARitchie
1597,48,EMHall
1598,42,JHGFauteux
1598,43,DCAbbott
1598,45,RMartland
1598,46,WJudson
1599,42,JHGFauteux
1599,46,WJudson
1599,48,EMHall
1599,49,WFSpence
1600,42,JHGFauteux
1600,43,DCAbbott
1600,48,EMHall
1600,50,LPPigeon
1601,42,JHGFauteux
1601,47,RARitchie
1601,48,EMHall
1601,49,WFSpence
1602,42,JHGFauteux
1602,46,WJudson
1602,48,EMHall
1602,50,LPPigeon
1603,42,JHGFauteux
1603,43,DCAbbott
1603,46,WJudson
1603,50,LPPigeon
1604,42,JHGFauteux
1604,45,RMartland
1604,50,LPPigeon
1604,51,BLaskin
1605,42,JHGFauteux
1605,43,DCAbbott
1605,45,RMartland
1605,50,LPPigeon
1606,42,JHGFauteux
1606,45,RMartland
1606,48,EMHall
1606,49,WFSpence
1607,42,JHGFauteux
1607,43,DCAbbott
1607,46,WJudson
1607,50,LPPigeon
1608,42,JHGFauteux
1608,43,DCAbbott
1608,48,EMHall
1608,51,BLaskin
1609,45,RMartland
1609,46,WJudson
1609,49,WFSpence
1609,51,BLaskin
1610,43,DCAbbott
1610,51,BLaskin
1611,42,JHGFauteux
1611,43,DCAbbott
1612,42,JHGFauteux
1612,43,DCAbbott
1617,45,RMartland
1617,47,RARitchie
1617,48,EMHall
1617,49,WFSpence
1618,42,JHGFauteux
1618,43,DCAbbott
1618,48,EMHall
1618,50,LPPigeon
1619,42,JHGFauteux
1619,45,RMartland
1619,47,RARitchie
1619,48,EMHall
1620,45,RMartland
1620,47,RARitchie
1620,50,LPPigeon
1620,51,BLaskin
1621,45,RMartland
1621,47,RARitchie
1621,48,EMHall
1621,51,BLaskin
1622,42,JHGFauteux
1622,43,DCAbbott
1622,45,RMartland
1622,50,LPPigeon
1623,42,JHGFauteux
1623,46,WJudson
1623,48,EMHall
1623,49,WFSpence
1624,43,DCAbbott
1624,47,RARitchie
1624,50,LPPigeon
1624,51,BLaskin
1625,42,JHGFauteux
1625,43,DCAbbott
1625,45,RMartland
1625,46,WJudson
1626,42,JHGFauteux
1626,45,RMartland
1626,48,EMHall
1626,51,BLaskin
1628,42,JHGFauteux
1628,43,DCAbbott
1628,48,EMHall
1628,50,LPPigeon
1629,49,WFSpence
1629,50,LPPigeon
1630,42,JHGFauteux
1630,43,DCAbbott
1630,46,WJudson
1630,50,LPPigeon
1631,42,JHGFauteux
1631,43,DCAbbott
1631,50,LPPigeon
1631,51,BLaskin
1632,42,JHGFauteux
1632,48,EMHall
1632,49,WFSpence
1632,50,LPPigeon
1635,45,RMartland
1635,46,WJudson
1635,49,WFSpence
1635,51,BLaskin
1636,42,JHGFauteux
1636,43,DCAbbott
1636,50,LPPigeon
1636,51,BLaskin
1637,42,JHGFauteux
1637,43,DCAbbott
1637,48,EMHall
1637,49,WFSpence
1638,42,JHGFauteux
1638,43,DCAbbott
1638,45,RMartland
1638,50,LPPigeon
1639,42,JHGFauteux
1639,43,DCAbbott
1639,45,RMartland
1639,49,WFSpence
1640,42,JHGFauteux
1640,45,RMartland
1640,48,EMHall
1640,49,WFSpence
1641,42,JHGFauteux
1641,43,DCAbbott
1641,48,EMHall
1641,51,BLaskin
1642,42,JHGFauteux
1642,43,DCAbbott
1642,45,RMartland
1642,50,LPPigeon
1643,42,JHGFauteux
1643,43,DCAbbott
1643,48,EMHall
1643,50,LPPigeon
1644,42,JHGFauteux
1644,45,RMartland
1644,47,RARitchie
1644,51,BLaskin
1645,42,JHGFauteux
1645,46,WJudson
1645,48,EMHall
1645,49,WFSpence
1646,46,WJudson
1646,47,RARitchie
1646,48,EMHall
1646,49,WFSpence
1647,47,RARitchie
1647,51,BLaskin
1651,42,JHGFauteux
1651,43,DCAbbott
1651,45,RMartland
1651,50,LPPigeon
1652,42,JHGFauteux
1652,43,DCAbbott
1652,45,RMartland
1652,50,LPPigeon
1653,48,EMHall
1653,51,BLaskin
1654,42,JHGFauteux
1654,45,RMartland
1654,48,EMHall
1654,51,BLaskin
1655,42,JHGFauteux
1655,45,RMartland
1655,46,WJudson
1655,47,RARitchie
1656,46,WJudson
1656,48,EMHall
1656,49,WFSpence
1656,51,BLaskin
1657,45,RMartland
1657,46,WJudson
1657,47,RARitchie
1657,51,BLaskin
1658,42,JHGFauteux
1658,43,DCAbbott
1658,45,RMartland
1658,47,RARitchie
1659,46,WJudson
1659,47,RARitchie
1659,48,EMHall
1659,49,WFSpence
1660,42,JHGFauteux
1660,45,RMartland
1660,46,WJudson
1660,49,WFSpence
1661,42,JHGFauteux
1661,43,DCAbbott
1661,50,LPPigeon
1661,51,BLaskin
1662,42,JHGFauteux
1662,43,DCAbbott
1662,46,WJudson
1662,51,BLaskin
1663,42,JHGFauteux
1663,43,DCAbbott
1663,48,EMHall
1663,51,BLaskin
1664,46,WJudson
1664,47,RARitchie
1664,48,EMHall
1664,49,WFSpence
1665,48,EMHall
1665,51,BLaskin
1666,45,RMartland
1666,48,EMHall
1666,49,WFSpence
1666,51,BLaskin
1668,42,JHGFauteux
1668,46,WJudson
1668,47,RARitchie
1668,50,LPPigeon
1669,42,JHGFauteux
1669,43,DCAbbott
1669,45,RMartland
1669,48,EMHall
1670,42,JHGFauteux
1670,46,WJudson
1670,48,EMHall
1670,50,LPPigeon
1671,46,WJudson
1671,47,RARitchie
1671,49,WFSpence
1671,51,BLaskin
1672,45,RMartland
1672,46,WJudson
1672,47,RARitchie
1672,51,BLaskin
1674,42,JHGFauteux
1674,43,DCAbbott
1674,45,RMartland
1674,46,WJudson
1675,42,JHGFauteux
1675,43,DCAbbott
1675,46,WJudson
1675,50,LPPigeon
1677,42,JHGFauteux
1677,43,DCAbbott
1677,46,WJudson
1677,49,WFSpence
1678,42,JHGFauteux
1678,46,WJudson
1678,50,LPPigeon
1678,51,BLaskin
1679,42,JHGFauteux
1679,43,DCAbbott
1679,45,RMartland
1679,46,WJudson
1680,45,RMartland
1680,46,WJudson
1680,49,WFSpence
1680,51,BLaskin
1681,42,JHGFauteux
1681,43,DCAbbott
1682,42,JHGFauteux
1682,43,DCAbbott
1682,46,WJudson
1682,50,LPPigeon
1683,42,JHGFauteux
1683,43,DCAbbott
1683,45,RMartland
1683,47,RARitchie
1684,47,RARitchie
1684,48,EMHall
1684,49,WFSpence
1684,50,LPPigeon
1685,42,JHGFauteux
1685,43,DCAbbott
1685,46,WJudson
1685,50,LPPigeon
1686,45,RMartland
1686,47,RARitchie
1686,49,WFSpence
1686,51,BLaskin
1687,42,JHGFauteux
1687,43,DCAbbott
1687,50,LPPigeon
1687,51,BLaskin
1688,46,WJudson
1688,47,RARitchie
1688,49,WFSpence
1688,51,BLaskin
1691,42,JHGFauteux
1691,43,DCAbbott
1691,49,WFSpence
1691,50,LPPigeon
1693,42,JHGFauteux
1693,43,DCAbbott
1693,45,RMartland
1693,50,LPPigeon
1694,42,JHGFauteux
1694,43,DCAbbott
1694,45,RMartland
1694,50,LPPigeon
1695,42,JHGFauteux
1695,43,DCAbbott
1695,48,EMHall
1695,50,LPPigeon
1696,42,JHGFauteux
1696,43,DCAbbott
1696,45,RMartland
1696,48,EMHall
1697,42,JHGFauteux
1697,45,RMartland
1697,48,EMHall
1697,50,LPPigeon
1698,42,JHGFauteux
1698,43,DCAbbott
1698,48,EMHall
1698,50,LPPigeon
1700,46,WJudson
1700,47,RARitchie
1700,48,EMHall
1700,49,WFSpence
1701,45,RMartland
1701,47,RARitchie
1701,48,EMHall
1701,49,WFSpence
1702,45,RMartland
1702,46,WJudson
1702,48,EMHall
1702,51,BLaskin
1703,42,JHGFauteux
1703,43,DCAbbott
1703,46,WJudson
1703,47,RARitchie
1704,42,JHGFauteux
1704,48,EMHall
1706,48,EMHall
1706,50,LPPigeon
1707,42,JHGFauteux
1707,43,DCAbbott
1707,45,RMartland
1707,48,EMHall
1708,42,JHGFauteux
1708,43,DCAbbott
1708,45,RMartland
1708,48,EMHall
1709,42,JHGFauteux
1709,43,DCAbbott
1709,45,RMartland
1709,48,EMHall
1710,42,JHGFauteux
1710,46,WJudson
1710,48,EMHall
1710,51,BLaskin
1711,42,JHGFauteux
1711,43,DCAbbott
1711,48,EMHall
1711,51,BLaskin
1712,42,JHGFauteux
1712,46,WJudson
1712,50,LPPigeon
1713,42,JHGFauteux
1713,43,DCAbbott
1713,51,BLaskin
1714,42,JHGFauteux
1714,43,DCAbbott
1714,48,EMHall
1714,50,LPPigeon
1715,42,JHGFauteux
1715,43,DCAbbott
1715,45,RMartland
1715,48,EMHall
1716,45,RMartland
1716,46,WJudson
1716,48,EMHall
1716,49,WFSpence
1717,42,JHGFauteux
1717,43,DCAbbott
1717,47,RARitchie
1717,48,EMHall
1718,48,EMHall
1718,50,LPPigeon
1719,48,EMHall
1719,51,BLaskin
1720,42,JHGFauteux
1720,48,EMHall
1723,45,RMartland
1723,46,WJudson
1723,47,RARitchie
1723,49,WFSpence
1724,42,JHGFauteux
1724,43,DCAbbott
1724,50,LPPigeon
1725,42,JHGFauteux
1725,43,DCAbbott
1725,47,RARitchie
1728,42,JHGFauteux
1728,43,DCAbbott
1728,48,EMHall
1728,50,LPPigeon
1729,42,JHGFauteux
1729,43,DCAbbott
1729,45,RMartland
1729,48,EMHall
1730,42,JHGFauteux
1730,43,DCAbbott
1730,45,RMartland
1730,52,RGBDickson
1731,42,JHGFauteux
1731,43,DCAbbott
1731,49,WFSpence
1731,50,LPPigeon
1732,42,JHGFauteux
1732,43,DCAbbott
1732,48,EMHall
1732,50,LPPigeon
1733,42,JHGFauteux
1733,43,DCAbbott
1733,50,LPPigeon
1733,52,RGBDickson
1734,42,JHGFauteux
1734,43,DCAbbott
1734,46,WJudson
1734,50,LPPigeon
1735,42,JHGFauteux
1735,43,DCAbbott
1735,50,LPPigeon
1736,45,RMartland
1736,46,WJudson
1736,47,RARitchie
1736,49,WFSpence
1737,45,RMartland
1737,46,WJudson
1737,49,WFSpence
1737,51,BLaskin
1738,45,RMartland
1738,46,WJudson
1738,47,RARitchie
1738,49,WFSpence
1739,42,JHGFauteux
1739,43,DCAbbott
1739,47,RARitchie
1739,50,LPPigeon
1740,45,RMartland
1740,46,WJudson
1740,47,RARitchie
1740,49,WFSpence
1744,42,JHGFauteux
1744,43,DCAbbott
1744,47,RARitchie
1744,50,LPPigeon
1745,46,WJudson
1745,48,EMHall
1746,42,JHGFauteux
1746,43,DCAbbott
1746,47,RARitchie
1746,51,BLaskin
1747,42,JHGFauteux
1747,43,DCAbbott
1747,46,WJudson
1747,47,RARitchie
1748,42,JHGFauteux
1748,43,DCAbbott
1748,45,RMartland
1748,51,BLaskin
1749,42,JHGFauteux
1749,43,DCAbbott
1749,50,LPPigeon
1749,52,RGBDickson
1750,42,JHGFauteux
1750,45,RMartland
1750,47,RARitchie
1750,52,RGBDickson
1772,42,JHGFauteux
1772,51,BLaskin
1774,49,WFSpence
1774,50,LPPigeon
1774,51,BLaskin
1774,52,RGBDickson
1775,42,JHGFauteux
1775,47,RARitchie
1777,45,RMartland
1777,48,EMHall
1777,49,WFSpence
1777,51,BLaskin
1778,45,RMartland
1778,48,EMHall
1778,49,WFSpence
1778,51,BLaskin
1779,51,BLaskin
1779,52,RGBDickson
1780,42,JHGFauteux
1780,43,DCAbbott
1780,47,RARitchie
1780,50,LPPigeon
1781,45,RMartland
1781,46,WJudson
1781,47,RARitchie
1781,49,WFSpence
1782,42,JHGFauteux
1782,43,DCAbbott
1782,45,RMartland
1782,50,LPPigeon
1783,43,DCAbbott
1783,47,RARitchie
1783,48,EMHall
1783,51,BLaskin
1784,42,JHGFauteux
1784,43,DCAbbott
1784,45,RMartland
1784,46,WJudson
1786,42,JHGFauteux
1786,43,DCAbbott
1786,45,RMartland
1786,46,WJudson
1787,45,RMartland
1787,47,RARitchie
1787,49,WFSpence
1787,52,RGBDickson
1788,46,WJudson
1788,47,RARitchie
1788,49,WFSpence
1788,51,BLaskin
1789,42,JHGFauteux
1789,43,DCAbbott
1789,45,RMartland
1789,50,LPPigeon
1790,42,JHGFauteux
1790,45,RMartland
1790,46,WJudson
1790,50,LPPigeon
1791,42,JHGFauteux
1791,43,DCAbbott
1793,42,JHGFauteux
1793,43,DCAbbott
1793,45,RMartland
1793,46,WJudson
1794,45,RMartland
1794,46,WJudson
1794,49,WFSpence
1794,53,JBeetz
1795,42,JHGFauteux
1795,43,DCAbbott
1795,45,RMartland
1795,46,WJudson
1799,45,RMartland
1799,46,WJudson
1799,49,WFSpence
1799,52,RGBDickson
1800,42,JHGFauteux
1800,43,DCAbbott
1800,45,RMartland
1800,46,WJudson
1801,42,JHGFauteux
1801,43,DCAbbott
1801,49,WFSpence
1801,50,LPPigeon
1802,42,JHGFauteux
1802,43,DCAbbott
1802,45,RMartland
1802,46,WJudson
1805,42,JHGFauteux
1805,43,DCAbbott
1805,45,RMartland
1805,52,RGBDickson
1806,48,EMHall
1806,49,WFSpence
1807,50,LPPigeon
1807,52,RGBDickson
1807,53,JBeetz
1807,54,LPGrandpre
1808,42,JHGFauteux
1808,43,DCAbbott
1813,42,JHGFauteux
1813,43,DCAbbott
1813,45,RMartland
1813,50,LPPigeon
1814,42,JHGFauteux
1814,43,DCAbbott
1814,45,RMartland
1814,50,LPPigeon
1815,42,JHGFauteux
1815,45,RMartland
1815,46,WJudson
1815,51,BLaskin
1816,47,RARitchie
1816,50,LPPigeon
1816,53,JBeetz
1816,54,LPGrandpre
1817,45,RMartland
1817,49,WFSpence
1817,51,BLaskin
1817,52,RGBDickson
1818,45,RMartland
1818,47,RARitchie
1818,49,WFSpence
1818,52,RGBDickson
1819,45,RMartland
1819,49,WFSpence
1819,53,JBeetz
1819,54,LPGrandpre
1820,45,RMartland
1820,46,WJudson
1820,47,RARitchie
1820,51,BLaskin
1821,45,RMartland
1821,47,RARitchie
1821,49,WFSpence
1821,52,RGBDickson
1822,43,DCAbbott
1822,46,WJudson
1822,49,WFSpence
1822,51,BLaskin
1823,45,RMartland
1823,47,RARitchie
1823,50,LPPigeon
1823,51,BLaskin
1824,45,RMartland
1824,47,RARitchie
1824,49,WFSpence
1824,52,RGBDickson
1825,42,JHGFauteux
1825,45,RMartland
1825,46,WJudson
1825,50,LPPigeon
1826,46,WJudson
1826,49,WFSpence
1826,51,BLaskin
1826,52,RGBDickson
1827,42,JHGFauteux
1827,43,DCAbbott
1827,47,RARitchie
1827,50,LPPigeon
1828,45,RMartland
1828,47,RARitchie
1828,49,WFSpence
1828,52,RGBDickson
1829,45,RMartland
1829,49,WFSpence
1829,53,JBeetz
1829,54,LPGrandpre
1830,45,RMartland
1830,47,RARitchie
1830,49,WFSpence
1830,51,BLaskin
1831,45,RMartland
1831,46,WJudson
1831,51,BLaskin
1831,52,RGBDickson
1832,47,RARitchie
1832,52,RGBDickson
1832,53,JBeetz
1832,54,LPGrandpre
1833,42,JHGFauteux
1833,43,DCAbbott
1833,45,RMartland
1833,51,BLaskin
1834,42,JHGFauteux
1834,43,DCAbbott
1834,47,RARitchie
1834,51,BLaskin
1835,42,JHGFauteux
1835,48,EMHall
1836,47,RARitchie
1836,54,LPGrandpre
1837,47,RARitchie
1839,46,WJudson
1839,47,RARitchie
1839,49,WFSpence
1839,51,BLaskin
1840,46,WJudson
1840,47,RARitchie
1840,48,EMHall
1840,49,WFSpence
1843,45,RMartland
1843,47,RARitchie
1843,50,LPPigeon
1843,52,RGBDickson
1844,45,RMartland
1844,49,WFSpence
1844,51,BLaskin
1844,52,RGBDickson
1845,46,WJudson
1845,50,LPPigeon
1845,51,BLaskin
1845,53,JBeetz
1846,52,RGBDickson
1847,47,RARitchie
1855,45,RMartland
1855,46,WJudson
1855,50,LPPigeon
1855,51,BLaskin
1856,45,RMartland
1856,46,WJudson
1856,47,RARitchie
1856,51,BLaskin
1859,49,WFSpence
1859,51,BLaskin
1859,52,RGBDickson
1859,53,JBeetz
1860,45,RMartland
1860,47,RARitchie
1860,50,LPPigeon
1860,52,RGBDickson
1861,45,RMartland
1861,46,WJudson
1861,47,RARitchie
1861,51,BLaskin
1862,47,RARitchie
1862,50,LPPigeon
1862,53,JBeetz
1862,54,LPGrandpre
1863,45,RMartland
1863,49,WFSpence
1863,51,BLaskin
1863,52,RGBDickson
1864,50,LPPigeon
1864,52,RGBDickson
1864,53,JBeetz
1864,54,LPGrandpre
1865,47,RARitchie
1865,50,LPPigeon
1865,51,BLaskin
1865,54,LPGrandpre
1866,46,WJudson
1866,50,LPPigeon
1866,51,BLaskin
1866,53,JBeetz
1867,47,RARitchie
1867,49,WFSpence
1867,51,BLaskin
1867,53,JBeetz
1868,45,RMartland
1868,46,WJudson
1868,49,WFSpence
1868,51,BLaskin
1869,45,RMartland
1869,46,WJudson
1869,49,WFSpence
1869,51,BLaskin
1870,47,RARitchie
1870,49,WFSpence
1870,51,BLaskin
1870,54,LPGrandpre
1871,45,RMartland
1871,47,RARitchie
1871,53,JBeetz
1871,54,LPGrandpre
1872,47,RARitchie
1872,50,LPPigeon
1872,53,JBeetz
1872,54,LPGrandpre
1873,53,JBeetz
1873,54,LPGrandpre
1874,52,RGBDickson
1874,54,LPGrandpre
1875,47,RARitchie
1877,46,WJudson
1877,47,RARitchie
1877,51,BLaskin
1877,53,JBeetz
1880,45,RMartland
1880,46,WJudson
1880,47,RARitchie
1880,52,RGBDickson
1881,46,WJudson
1881,49,WFSpence
1881,50,LPPigeon
1881,51,BLaskin
1882,46,WJudson
1882,47,RARitchie
1882,49,WFSpence
1882,50,LPPigeon
1884,46,WJudson
1884,49,WFSpence
1884,51,BLaskin
1884,53,JBeetz
1887,46,WJudson
1887,47,RARitchie
1887,49,WFSpence
1887,51,BLaskin
1889,47,RARitchie
1889,50,LPPigeon
1889,53,JBeetz
1889,54,LPGrandpre
1891,50,LPPigeon
1891,52,RGBDickson
1891,53,JBeetz
1891,54,LPGrandpre
1892,46,WJudson
1892,49,WFSpence
1892,51,BLaskin
1892,52,RGBDickson
1893,45,RMartland
1893,47,RARitchie
1893,49,WFSpence
1893,51,BLaskin
1894,45,RMartland
1894,46,WJudson
1894,49,WFSpence
1894,51,BLaskin
1895,49,WFSpence
1895,50,LPPigeon
1895,53,JBeetz
1895,54,LPGrandpre
1896,46,WJudson
1896,49,WFSpence
1896,50,LPPigeon
1896,51,BLaskin
1899,52,RGBDickson
1899,54,LPGrandpre
1900,50,LPPigeon
1900,51,BLaskin
1900,53,JBeetz
1900,54,LPGrandpre
1901,45,RMartland
1901,47,RARitchie
1901,52,RGBDickson
1901,53,JBeetz
1902,46,WJudson
1902,49,WFSpence
1902,52,RGBDickson
1902,54,LPGrandpre
1903,46,WJudson
1903,51,BLaskin
1903,53,JBeetz
1903,54,LPGrandpre
1904,46,WJudson
1904,52,RGBDickson
1904,53,JBeetz
1904,54,LPGrandpre
1905,45,RMartland
1905,47,RARitchie
1905,50,LPPigeon
1905,54,LPGrandpre
1906,47,RARitchie
1906,51,BLaskin
1906,53,JBeetz
1906,54,LPGrandpre
1907,45,RMartland
1907,49,WFSpence
1907,51,BLaskin
1907,52,RGBDickson
1908,51,BLaskin
1908,54,LPGrandpre
1914,45,RMartland
1914,50,LPPigeon
1915,46,WJudson
1915,47,RARitchie
1915,49,WFSpence
1915,53,JBeetz
1916,46,WJudson
1916,50,LPPigeon
1916,51,BLaskin
1916,54,LPGrandpre
1917,50,LPPigeon
1919,53,JBeetz
1920,45,RMartland
1920,47,RARitchie
1920,50,LPPigeon
1920,53,JBeetz
1922,45,RMartland
1922,46,WJudson
1922,47,RARitchie
1922,49,WFSpence
1923,45,RMartland
1923,46,WJudson
1923,52,RGBDickson
1923,53,JBeetz
1924,45,RMartland
1924,46,WJudson
1924,51,BLaskin
1924,52,RGBDickson
1927,52,RGBDickson
1927,54,LPGrandpre
1930,45,RMartland
1930,49,WFSpence
1930,51,BLaskin
1930,54,LPGrandpre
1931,46,WJudson
1931,47,RARitchie
1931,49,WFSpence
1931,51,BLaskin
1932,45,RMartland
1932,47,RARitchie
1932,49,WFSpence
1932,51,BLaskin
1933,45,RMartland
1933,46,WJudson
1933,47,RARitchie
1933,49,WFSpence
1934,47,RARitchie
1939,50,LPPigeon
1939,51,BLaskin
1939,53,JBeetz
1939,54,LPGrandpre
1940,47,RARitchie
1940,49,WFSpence
1941,47,RARitchie
1943,47,RARitchie
1943,49,WFSpence
1943,50,LPPigeon
1943,53,JBeetz
1944,46,WJudson
1944,47,RARitchie
1944,49,WFSpence
1944,54,LPGrandpre
1946,46,WJudson
1946,47,RARitchie
1946,50,LPPigeon
1946,52,RGBDickson
1947,52,RGBDickson
1947,54,LPGrandpre
1951,47,RARitchie
1954,45,RMartland
1954,47,RARitchie
1954,50,LPPigeon
1954,52,RGBDickson
1955,47,RARitchie
1955,49,WFSpence
1955,51,BLaskin
1955,52,RGBDickson
1956,45,RMartland
1956,47,RARitchie
1956,50,LPPigeon
1956,52,RGBDickson
1957,47,RARitchie
1957,50,LPPigeon
1957,53,JBeetz
1957,54,LPGrandpre
1958,47,RARitchie
1960,46,WJudson
1960,47,RARitchie
1960,49,WFSpence
1960,51,BLaskin
1961,45,RMartland
1961,47,RARitchie
1961,49,WFSpence
1961,53,JBeetz
1962,47,RARitchie
1962,51,BLaskin
1962,53,JBeetz
1962,54,LPGrandpre
1963,45,RMartland
1963,46,WJudson
1963,47,RARitchie
1963,53,JBeetz
1964,45,RMartland
1964,49,WFSpence
1964,51,BLaskin
1964,52,RGBDickson
1965,53,JBeetz
1966,50,LPPigeon
1967,47,RARitchie
1973,52,RGBDickson
1973,53,JBeetz
1975,45,RMartland
1975,52,RGBDickson
1975,53,JBeetz
1975,54,LPGrandpre
1976,45,RMartland
1976,46,WJudson
1976,49,WFSpence
1976,51,BLaskin
1977,52,RGBDickson
1978,45,RMartland
1978,46,WJudson
1978,49,WFSpence
1978,51,BLaskin
1979,50,LPPigeon
1979,51,BLaskin
1979,53,JBeetz
1979,54,LPGrandpre
1980,47,RARitchie
1980,50,LPPigeon
1980,51,BLaskin
1980,53,JBeetz
1981,50,LPPigeon
1981,51,BLaskin
1981,53,JBeetz
1981,54,LPGrandpre
1982,45,RMartland
1982,47,RARitchie
1982,49,WFSpence
1982,52,RGBDickson
1983,45,RMartland
1983,47,RARitchie
1983,51,BLaskin
1983,54,LPGrandpre
1984,45,RMartland
1984,47,RARitchie
1984,51,BLaskin
1984,52,RGBDickson
1985,45,RMartland
1985,47,RARitchie
1985,52,RGBDickson
1985,54,LPGrandpre
1986,47,RARitchie
1986,50,LPPigeon
1986,51,BLaskin
1986,53,JBeetz
1987,46,WJudson
1987,50,LPPigeon
1987,51,BLaskin
1987,54,LPGrandpre
1991,45,RMartland
1991,47,RARitchie
1991,50,LPPigeon
1991,52,RGBDickson
1992,47,RARitchie
1993,45,RMartland
1993,46,WJudson
1993,47,RARitchie
1993,49,WFSpence
1994,45,RMartland
1994,47,RARitchie
1994,50,LPPigeon
1994,52,RGBDickson
1995,45,RMartland
1995,49,WFSpence
1995,50,LPPigeon
1995,52,RGBDickson
1995,53,JBeetz
1995,54,LPGrandpre
1996,50,LPPigeon
1996,52,RGBDickson
1996,53,JBeetz
1996,54,LPGrandpre
1997,45,RMartland
1997,49,WFSpence
1997,53,JBeetz
1997,54,LPGrandpre
1998,45,RMartland
1998,49,WFSpence
1998,50,LPPigeon
1998,52,RGBDickson
2003,47,RARitchie
2003,49,WFSpence
2003,51,BLaskin
2003,53,JBeetz
2004,47,RARitchie
2004,49,WFSpence
2004,52,RGBDickson
2004,53,JBeetz
2005,45,RMartland
2005,46,WJudson
2005,51,BLaskin
2005,52,RGBDickson
2009,45,RMartland
2009,49,WFSpence
2009,51,BLaskin
2009,54,LPGrandpre
2010,46,WJudson
2010,49,WFSpence
2010,50,LPPigeon
2010,54,LPGrandpre
2011,45,RMartland
2011,50,LPPigeon
2011,51,BLaskin
2011,53,JBeetz
2012,45,RMartland
2012,49,WFSpence
2012,51,BLaskin
2012,54,LPGrandpre
2013,46,WJudson
2013,49,WFSpence
2013,50,LPPigeon
2013,54,LPGrandpre
2015,45,RMartland
2015,47,RARitchie
2015,53,JBeetz
2015,54,LPGrandpre
2017,45,RMartland
2017,46,WJudson
2017,49,WFSpence
2017,52,RGBDickson
2018,50,LPPigeon
2018,51,BLaskin
2018,53,JBeetz
2018,54,LPGrandpre
2019,45,RMartland
2019,47,RARitchie
2019,49,WFSpence
2019,54,LPGrandpre
2020,45,RMartland
2020,47,RARitchie
2020,49,WFSpence
2020,51,BLaskin
2021,45,RMartland
2021,49,WFSpence
2021,51,BLaskin
2021,54,LPGrandpre
2022,45,RMartland
2022,50,LPPigeon
2022,53,JBeetz
2022,54,LPGrandpre
2023,47,RARitchie
2029,45,RMartland
2029,52,RGBDickson
2031,49,WFSpence
2031,50,LPPigeon
2031,51,BLaskin
2031,54,LPGrandpre
2032,45,RMartland
2032,47,RARitchie
2032,49,WFSpence
2032,53,JBeetz
2033,45,RMartland
2033,47,RARitchie
2033,49,WFSpence
2033,53,JBeetz
2034,50,LPPigeon
2034,51,BLaskin
2034,53,JBeetz
2034,54,LPGrandpre
2035,45,RMartland
2035,47,RARitchie
2035,50,LPPigeon
2035,54,LPGrandpre
2036,47,RARitchie
2036,50,LPPigeon
2036,53,JBeetz
2036,54,LPGrandpre
2042,47,RARitchie
2042,49,WFSpence
2042,51,BLaskin
2042,52,RGBDickson
2043,45,RMartland
2043,46,WJudson
2043,51,BLaskin
2043,54,LPGrandpre
2047,45,RMartland
2047,46,WJudson
2047,50,LPPigeon
2047,54,LPGrandpre
2050,45,RMartland
2050,47,RARitchie
2050,50,LPPigeon
2050,54,LPGrandpre
2051,47,RARitchie
2051,50,LPPigeon
2051,51,BLaskin
2051,54,LPGrandpre
2052,45,RMartland
2052,46,WJudson
2052,47,RARitchie
2052,49,WFSpence
2052,54,LPGrandpre
2061,45,RMartland
2061,50,LPPigeon
2061,53,JBeetz
2061,54,LPGrandpre
2062,45,RMartland
2062,46,WJudson
2062,50,LPPigeon
2062,52,RGBDickson
2063,45,RMartland
2063,50,LPPigeon
2063,52,RGBDickson
2063,54,LPGrandpre
2064,45,RMartland
2064,46,WJudson
2064,51,BLaskin
2064,52,RGBDickson
2065,45,RMartland
2065,49,WFSpence
2065,51,BLaskin
2065,52,RGBDickson
2066,46,WJudson
2066,50,LPPigeon
2066,51,BLaskin
2066,54,LPGrandpre
2067,45,RMartland
2067,50,LPPigeon
2067,52,RGBDickson
2067,54,LPGrandpre
2068,45,RMartland
2068,46,WJudson
2068,50,LPPigeon
2068,53,JBeetz
2069,47,RARitchie
2069,51,BLaskin
2069,52,RGBDickson
2069,53,JBeetz
2070,45,RMartland
2070,47,RARitchie
2070,52,RGBDickson
2070,53,JBeetz
2071,45,RMartland
2071,47,RARitchie
2071,49,WFSpence
2071,51,BLaskin
2072,45,RMartland
2072,51,BLaskin
2072,52,RGBDickson
2072,53,JBeetz
2073,54,LPGrandpre
2074,49,WFSpence
2079,51,BLaskin
2079,54,LPGrandpre
2083,47,RARitchie
2083,52,RGBDickson
2086,47,RARitchie
2086,50,LPPigeon
2086,51,BLaskin
2086,54,LPGrandpre
2087,45,RMartland
2087,46,WJudson
2087,47,RARitchie
2087,51,BLaskin
2088,45,RMartland
2088,49,WFSpence
2088,50,LPPigeon
2088,51,BLaskin
2089,46,WJudson
2090,53,JBeetz
2090,54,LPGrandpre
2091,47,RARitchie
2091,51,BLaskin
2091,53,JBeetz
2091,54,LPGrandpre
2092,45,RMartland
2092,50,LPPigeon
2092,52,RGBDickson
2092,54,LPGrandpre
2097,49,WFSpence
2099,46,WJudson
2099,50,LPPigeon
2099,53,JBeetz
2099,54,LPGrandpre
2100,46,WJudson
2100,49,WFSpence
2100,51,BLaskin
2100,52,RGBDickson
2102,51,BLaskin
2103,51,BLaskin
2105,45,RMartland
2105,47,RARitchie
2105,49,WFSpence
2105,51,BLaskin
2106,46,WJudson
2106,49,WFSpence
2106,50,LPPigeon
2106,51,BLaskin
2107,46,WJudson
2107,52,RGBDickson
2108,51,BLaskin
2114,49,WFSpence
2114,50,LPPigeon
2116,45,RMartland
2116,47,RARitchie
2116,49,WFSpence
2116,52,RGBDickson
2117,45,RMartland
2120,47,RARitchie
2120,51,BLaskin
2120,52,RGBDickson
2120,54,LPGrandpre
2121,45,RMartland
2121,46,WJudson
2121,47,RARitchie
2121,54,LPGrandpre
2130,54,LPGrandpre
2131,45,RMartland
2131,47,RARitchie
2131,49,WFSpence
2131,52,RGBDickson
2133,46,WJudson
2133,49,WFSpence
2133,51,BLaskin
2133,52,RGBDickson
2134,46,WJudson
2134,47,RARitchie
2134,49,WFSpence
2135,54,LPGrandpre
2137,46,WJudson
2137,47,RARitchie
2137,51,BLaskin
2137,54,LPGrandpre
2139,46,WJudson
2139,51,BLaskin
2139,52,RGBDickson
2139,53,JBeetz
2140,45,RMartland
2140,51,BLaskin
2140,53,JBeetz
2140,54,LPGrandpre
2142,45,RMartland
2142,46,WJudson
2142,49,WFSpence
2142,50,LPPigeon
2143,54,LPGrandpre
2151,45,RMartland
2151,46,WJudson
2151,47,RARitchie
2151,49,WFSpence
2152,47,RARitchie
2152,51,BLaskin
2152,53,JBeetz
2152,54,LPGrandpre
2153,47,RARitchie
2153,50,LPPigeon
2153,52,RGBDickson
2153,54,LPGrandpre
2154,46,WJudson
2159,46,WJudson
2159,50,LPPigeon
2159,51,BLaskin
2159,54,LPGrandpre
2160,49,WFSpence
2162,45,RMartland
2162,49,WFSpence
2162,53,JBeetz
2162,54,LPGrandpre
2163,45,RMartland
2163,47,RARitchie
2163,53,JBeetz
2163,54,LPGrandpre
2164,45,RMartland
2164,46,WJudson
2164,47,RARitchie
2164,52,RGBDickson
2166,52,RGBDickson
2166,54,LPGrandpre
2168,45,RMartland
2168,46,WJudson
2168,49,WFSpence
2168,51,BLaskin
2169,50,LPPigeon
2169,51,BLaskin
2169,53,JBeetz
2169,54,LPGrandpre
2170,45,RMartland
2170,46,WJudson
2170,49,WFSpence
2170,51,BLaskin
2171,47,RARitchie
2171,54,LPGrandpre
2172,54,LPGrandpre
2177,53,JBeetz
2177,54,LPGrandpre
2180,45,RMartland
2180,47,RARitchie
2180,52,RGBDickson
2180,53,JBeetz
2181,47,RARitchie
2181,50,LPPigeon
2181,51,BLaskin
2181,54,LPGrandpre
2182,46,WJudson
2182,47,RARitchie
2182,49,WFSpence
2182,51,BLaskin
2182,54,LPGrandpre
2183,45,RMartland
2183,46,WJudson
2183,51,BLaskin
2183,52,RGBDickson
2184,45,RMartland
2184,46,WJudson
2184,49,WFSpence
2184,51,BLaskin
2185,45,RMartland
2185,49,WFSpence
2185,51,BLaskin
2185,52,RGBDickson
2186,49,WFSpence
2186,50,LPPigeon
2186,53,JBeetz
2186,54,LPGrandpre
2187,53,JBeetz
2187,54,LPGrandpre
2189,54,LPGrandpre
2192,51,BLaskin
2192,53,JBeetz
2192,55,WZEstey
2192,56,YPratte
2193,55,WZEstey
2194,51,BLaskin
2194,55,WZEstey
2195,55,WZEstey
2195,56,YPratte
2196,45,RMartland
2196,47,RARitchie
2196,49,WFSpence
2196,55,WZEstey
2197,45,RMartland
2197,47,RARitchie
2197,49,WFSpence
2197,55,WZEstey
2199,45,RMartland
2199,49,WFSpence
2199,51,BLaskin
2199,52,RGBDickson
2200,55,WZEstey
2200,56,YPratte
2203,45,RMartland
2203,51,BLaskin
2203,52,RGBDickson
2203,53,JBeetz
2204,55,WZEstey
2210,47,RARitchie
2210,50,LPPigeon
2210,51,BLaskin
2210,52,RGBDickson
2211,49,WFSpence
2211,51,BLaskin
2211,56,YPratte
2216,46,WJudson
2216,47,RARitchie
2216,51,BLaskin
2216,52,RGBDickson
2217,47,RARitchie
2217,55,WZEstey
2228,53,JBeetz
2228,55,WZEstey
2230,46,WJudson
2230,49,WFSpence
2230,51,BLaskin
2230,52,RGBDickson
2231,45,RMartland
2231,50,LPPigeon
2231,55,WZEstey
2231,56,YPratte
2232,45,RMartland
2232,50,LPPigeon
2232,55,WZEstey
2232,56,YPratte
2233,45,RMartland
2233,49,WFSpence
2233,51,BLaskin
2233,55,WZEstey
2234,45,RMartland
2234,49,WFSpence
2234,51,BLaskin
2234,55,WZEstey
2235,55,WZEstey
2235,56,YPratte
2241,47,RARitchie
2241,53,JBeetz
2242,47,RARitchie
2242,56,YPratte
2243,47,RARitchie
2243,49,WFSpence
2243,51,BLaskin
2243,55,WZEstey
2244,51,BLaskin
2244,55,WZEstey
2245,47,RARitchie
2245,56,YPratte
2246,49,WFSpence
2246,55,WZEstey
2247,45,RMartland
2247,51,BLaskin
2247,53,JBeetz
2247,55,WZEstey
2249,50,LPPigeon
2249,51,BLaskin
2249,55,WZEstey
2249,56,YPratte
2252,50,LPPigeon
2252,52,RGBDickson
2252,53,JBeetz
2252,56,YPratte
2253,45,RMartland
2253,47,RARitchie
2253,49,WFSpence
2253,51,BLaskin
2254,47,RARitchie
2254,51,BLaskin
2254,55,WZEstey
2254,56,YPratte
2255,45,RMartland
2255,50,LPPigeon
2255,51,BLaskin
2255,53,JBeetz
2256,49,WFSpence
2256,53,JBeetz
2256,55,WZEstey
2256,56,YPratte
2257,45,RMartland
2257,47,RARitchie
2257,49,WFSpence
2257,51,BLaskin
2266,49,WFSpence
2266,50,LPPigeon
2266,51,BLaskin
2266,55,WZEstey
2267,53,JBeetz
2267,55,WZEstey
2268,45,RMartland
2268,47,RARitchie
2268,49,WFSpence
2268,51,BLaskin
2271,49,WFSpence
2271,50,LPPigeon
2271,51,BLaskin
2271,53,JBeetz
2272,45,RMartland
2272,47,RARitchie
2272,51,BLaskin
2272,55,WZEstey
2273,50,LPPigeon
2273,51,BLaskin
2274,47,RARitchie
2274,52,RGBDickson
2274,53,JBeetz
2274,56,YPratte
2275,45,RMartland
2275,47,RARitchie
2275,53,JBeetz
2275,56,YPratte
2276,45,RMartland
2276,47,RARitchie
2276,49,WFSpence
2276,51,BLaskin
2277,45,RMartland
2277,50,LPPigeon
2277,51,BLaskin
2277,52,RGBDickson
2278,47,RARitchie
2278,51,BLaskin
2278,55,WZEstey
2278,56,YPratte
2283,45,RMartland
2283,49,WFSpence
2283,51,BLaskin
2283,55,WZEstey
2284,47,RARitchie
2284,50,LPPigeon
2285,50,LPPigeon
2285,52,RGBDickson
2285,53,JBeetz
2285,56,YPratte
2286,45,RMartland
2286,51,BLaskin
2287,45,RMartland
2287,53,JBeetz
2288,53,JBeetz
2288,55,WZEstey
2289,47,RARitchie
2289,53,JBeetz
2290,51,BLaskin
2290,53,JBeetz
2291,55,WZEstey
2291,56,YPratte
2292,49,WFSpence
2292,55,WZEstey
2298,51,BLaskin
2298,56,YPratte
2300,50,LPPigeon
2300,51,BLaskin
2300,55,WZEstey
2300,56,YPratte
2301,45,RMartland
2301,47,RARitchie
2301,49,WFSpence
2301,51,BLaskin
2303,47,RARitchie
2303,49,WFSpence
2303,51,BLaskin
2303,55,WZEstey
2304,49,WFSpence
2304,51,BLaskin
2305,51,BLaskin
2305,52,RGBDickson
2306,51,BLaskin
2308,47,RARitchie
2308,49,WFSpence
2308,51,BLaskin
2308,55,WZEstey
2309,45,RMartland
2309,53,JBeetz
2309,55,WZEstey
2309,56,YPratte
2311,45,RMartland
2311,47,RARitchie
2311,49,WFSpence
2311,51,BLaskin
2312,49,WFSpence
2312,51,BLaskin
2315,45,RMartland
2315,56,YPratte
2316,49,WFSpence
2316,51,BLaskin
2316,53,JBeetz
2316,56,YPratte
2317,45,RMartland
2317,47,RARitchie
2317,49,WFSpence
2317,51,BLaskin
2318,45,RMartland
2318,47,RARitchie
2318,51,BLaskin
2318,52,RGBDickson
2319,45,RMartland
2319,47,RARitchie
2319,49,WFSpence
2319,51,BLaskin
2320,51,BLaskin
2320,53,JBeetz
2326,45,RMartland
2326,49,WFSpence
2326,51,BLaskin
2326,56,YPratte
2327,45,RMartland
2327,47,RARitchie
2327,49,WFSpence
2327,51,BLaskin
2328,45,RMartland
2328,47,RARitchie
2328,49,WFSpence
2328,53,JBeetz
2329,45,RMartland
2329,47,RARitchie
2329,51,BLaskin
2329,53,JBeetz
2332,45,RMartland
2332,50,LPPigeon
2332,53,JBeetz
2332,56,YPratte
2333,55,WZEstey
2333,56,YPratte
2334,45,RMartland
2334,51,BLaskin
2334,53,JBeetz
2334,56,YPratte
2335,47,RARitchie
2335,53,JBeetz
2339,47,RARitchie
2340,45,RMartland
2340,47,RARitchie
2340,49,WFSpence
2340,51,BLaskin
2341,47,RARitchie
2341,53,JBeetz
2341,57,WRMcIntyre
2342,51,BLaskin
2342,52,RGBDickson
2343,51,BLaskin
2343,53,JBeetz
2346,50,LPPigeon
2346,52,RGBDickson
2346,53,JBeetz
2346,55,WZEstey
2348,51,BLaskin
2348,55,WZEstey
2350,45,RMartland
2350,47,RARitchie
2350,51,BLaskin
2350,52,RGBDickson
2351,45,RMartland
2351,47,RARitchie
2351,49,WFSpence
2351,51,BLaskin
2352,51,BLaskin
2352,55,WZEstey
2355,45,RMartland
2355,47,RARitchie
2355,51,BLaskin
2355,53,JBeetz
2357,45,RMartland
2357,47,RARitchie
2357,56,YPratte
2357,57,WRMcIntyre
2359,51,BLaskin
2359,52,RGBDickson
2359,53,JBeetz
2359,56,YPratte
2360,51,BLaskin
2360,57,WRMcIntyre
2362,47,RARitchie
2362,51,BLaskin
2363,47,RARitchie
2363,51,BLaskin
2364,45,RMartland
2364,51,BLaskin
2364,52,RGBDickson
2364,56,YPratte
2366,45,RMartland
2366,56,YPratte
2367,50,LPPigeon
2367,53,JBeetz
2367,55,WZEstey
2367,56,YPratte
2368,45,RMartland
2368,47,RARitchie
2368,51,BLaskin
2368,55,WZEstey
2368,56,YPratte
2368,57,WRMcIntyre
2369,50,LPPigeon
2369,53,JBeetz
2369,55,WZEstey
2369,57,WRMcIntyre
2371,51,BLaskin
2371,55,WZEstey
2372,45,RMartland
2372,47,RARitchie
2372,49,WFSpence
2372,51,BLaskin
2373,51,BLaskin
2373,55,WZEstey
2374,51,BLaskin
2374,57,WRMcIntyre
2377,45,RMartland
2377,47,RARitchie
2377,51,BLaskin
2377,55,WZEstey
2378,50,LPPigeon
2378,51,BLaskin
2378,55,WZEstey
2378,56,YPratte
2380,51,BLaskin
2380,56,YPratte
2382,50,LPPigeon
2382,51,BLaskin
2382,55,WZEstey
2382,56,YPratte
2383,45,RMartland
2383,53,JBeetz
2383,55,WZEstey
2383,56,YPratte
2384,45,RMartland
2384,47,RARitchie
2384,51,BLaskin
2384,57,WRMcIntyre
2388,51,BLaskin
2388,57,WRMcIntyre
2390,51,BLaskin
2390,56,YPratte
2391,51,BLaskin
2391,52,RGBDickson
2393,45,RMartland
2393,47,RARitchie
2393,49,WFSpence
2393,53,JBeetz
2394,45,RMartland
2394,47,RARitchie
2394,56,YPratte
2397,45,RMartland
2397,51,BLaskin
2398,45,RMartland
2398,50,LPPigeon
2398,53,JBeetz
2398,56,YPratte
2399,49,WFSpence
2399,50,LPPigeon
2399,51,BLaskin
2399,56,YPratte
2400,51,BLaskin
2400,52,RGBDickson
2404,47,RARitchie
2404,51,BLaskin
2405,51,BLaskin
2405,53,JBeetz
2406,51,BLaskin
2406,56,YPratte
2408,50,LPPigeon
2408,51,BLaskin
2408,52,RGBDickson
2408,56,YPratte
2409,45,RMartland
2409,47,RARitchie
2409,51,BLaskin
2409,53,JBeetz
2415,45,RMartland
2415,47,RARitchie
2415,53,JBeetz
2415,56,YPratte
2416,45,RMartland
2416,51,BLaskin
2418,50,LPPigeon
2418,51,BLaskin
2421,49,WFSpence
2421,56,YPratte
2422,47,RARitchie
2422,51,BLaskin
2422,53,JBeetz
2422,56,YPratte
2423,51,BLaskin
2423,55,WZEstey
2425,49,WFSpence
2425,51,BLaskin
2426,45,RMartland
2426,47,RARitchie
2426,50,LPPigeon
2426,51,BLaskin
2427,45,RMartland
2427,51,BLaskin
2427,56,YPratte
2427,57,WRMcIntyre
2428,47,RARitchie
2428,51,BLaskin
2428,52,RGBDickson
2428,57,WRMcIntyre
2429,51,BLaskin
2429,55,WZEstey
2429,56,YPratte
2429,57,WRMcIntyre
2430,51,BLaskin
2430,52,RGBDickson
2431,50,LPPigeon
2431,51,BLaskin
2432,51,BLaskin
2432,56,YPratte
2435,45,RMartland
2435,51,BLaskin
2435,57,WRMcIntyre
2435,58,JChoinard
2436,51,BLaskin
2436,53,JBeetz
2437,51,BLaskin
2437,53,JBeetz
2437,57,WRMcIntyre
2437,58,JChoinard
2438,45,RMartland
2438,47,RARitchie
2438,51,BLaskin
2438,53,JBeetz
2439,51,BLaskin
2439,53,JBeetz
2440,45,RMartland
2440,47,RARitchie
2440,51,BLaskin
2440,52,RGBDickson
2441,51,BLaskin
2441,52,RGBDickson
2442,50,LPPigeon
2442,51,BLaskin
2442,53,JBeetz
2442,56,YPratte
2443,47,RARitchie
2443,51,BLaskin
2443,53,JBeetz
2443,56,YPratte
2444,50,LPPigeon
2444,51,BLaskin
2444,53,JBeetz
2444,56,YPratte
2445,51,BLaskin
2445,52,RGBDickson
2446,51,BLaskin
2446,57,WRMcIntyre
2447,45,RMartland
2447,50,LPPigeon
2447,51,BLaskin
2447,52,RGBDickson
2450,51,BLaskin
2450,58,JChoinard
2454,51,BLaskin
2454,56,YPratte
2456,47,RARitchie
2456,50,LPPigeon
2457,51,BLaskin
2457,56,YPratte
2459,45,RMartland
2459,47,RARitchie
2460,47,RARitchie
2460,51,BLaskin
2463,47,RARitchie
2463,53,JBeetz
2465,53,JBeetz
2467,47,RARitchie
2467,51,BLaskin
2467,53,JBeetz
2467,57,WRMcIntyre
2470,50,LPPigeon
2470,51,BLaskin
2470,53,JBeetz
2470,56,YPratte
2471,45,RMartland
2471,51,BLaskin
2472,51,BLaskin
2472,57,WRMcIntyre
2473,51,BLaskin
2473,52,RGBDickson
2473,55,WZEstey
2473,57,WRMcIntyre
2474,51,BLaskin
2474,57,WRMcIntyre
2475,45,RMartland
2475,51,BLaskin
2475,53,JBeetz
2476,51,BLaskin
2477,47,RARitchie
2477,51,BLaskin
2477,53,JBeetz
2479,51,BLaskin
2479,58,JChoinard
2480,45,RMartland
2480,51,BLaskin
2480,52,RGBDickson
2481,47,RARitchie
2481,51,BLaskin
2481,53,JBeetz
2482,51,BLaskin
2482,58,JChoinard
2483,51,BLaskin
2483,58,JChoinard
2484,50,LPPigeon
2484,51,BLaskin
2486,51,BLaskin
2486,52,RGBDickson
2487,45,RMartland
2487,47,RARitchie
2487,51,BLaskin
2487,57,WRMcIntyre
2488,52,RGBDickson
2488,55,WZEstey
2488,58,JChoinard
2489,50,LPPigeon
2489,51,BLaskin
2489,57,WRMcIntyre
2489,58,JChoinard
2490,45,RMartland
2490,47,RARitchie
2490,51,BLaskin
2490,57,WRMcIntyre
2491,51,BLaskin
2492,51,BLaskin
2492,53,JBeetz
2493,57,WRMcIntyre
2494,51,BLaskin
2494,57,WRMcIntyre
2495,55,WZEstey
2496,45,RMartland
2497,58,JChoinard
2498,55,WZEstey
2498,57,WRMcIntyre
2498,58,JChoinard
2499,58,JChoinard
2500,51,BLaskin
2500,58,JChoinard
2501,45,RMartland
2501,51,BLaskin
2501,53,JBeetz
2502,47,RARitchie
2502,51,BLaskin
2502,58,JChoinard
2503,45,RMartland
2503,47,RARitchie
2503,51,BLaskin
2503,52,RGBDickson
2504,45,RMartland
2504,50,LPPigeon
2504,51,BLaskin
2504,53,JBeetz
2505,45,RMartland
2505,47,RARitchie
2505,51,BLaskin
2505,55,WZEstey
2506,45,RMartland
2506,47,RARitchie
2506,50,LPPigeon
2506,51,BLaskin
2507,50,LPPigeon
2507,51,BLaskin
2508,47,RARitchie
2508,51,BLaskin
2509,55,WZEstey
2509,58,JChoinard
2510,45,RMartland
2510,47,RARitchie
2511,51,BLaskin
2511,52,RGBDickson
2512,45,RMartland
2512,51,BLaskin
2513,51,BLaskin
2513,52,RGBDickson
2514,51,BLaskin
2515,45,RMartland
2515,47,RARitchie
2515,51,BLaskin
2515,55,WZEstey
2516,51,BLaskin
2516,55,WZEstey
2517,47,RARitchie
2517,51,BLaskin
2518,52,RGBDickson
2519,47,RARitchie
2519,51,BLaskin
2519,52,RGBDickson
2519,59,ALamer
2520,47,RARitchie
2520,51,BLaskin
2520,53,JBeetz
2520,55,WZEstey
2521,45,RMartland
2521,47,RARitchie
2521,55,WZEstey
2521,58,JChoinard
2522,45,RMartland
2522,47,RARitchie
2522,51,BLaskin
2522,57,WRMcIntyre
2523,47,RARitchie
2523,55,WZEstey
2523,57,WRMcIntyre
2523,58,JChoinard
2524,55,WZEstey
2524,57,WRMcIntyre
2525,51,BLaskin
2525,52,RGBDickson
2526,45,RMartland
2526,51,BLaskin
2526,55,WZEstey
2526,58,JChoinard
2527,47,RARitchie
2527,51,BLaskin
2527,57,WRMcIntyre
2527,58,JChoinard
2528,45,RMartland
2528,47,RARitchie
2528,52,RGBDickson
2528,59,ALamer
2529,51,BLaskin
2529,55,WZEstey
2530,58,JChoinard
2531,51,BLaskin
2531,52,RGBDickson
2531,55,WZEstey
2531,59,ALamer
2532,47,RARitchie
2532,51,BLaskin
2532,53,JBeetz
2532,55,WZEstey
2533,51,BLaskin
2533,52,RGBDickson
2534,45,RMartland
2534,47,RARitchie
2534,52,RGBDickson
2534,58,JChoinard
2535,47,RARitchie
2535,51,BLaskin
2536,45,RMartland
2537,45,RMartland
2537,47,RARitchie
2538,51,BLaskin
2539,51,BLaskin
2539,57,WRMcIntyre
2540,51,BLaskin
2540,55,WZEstey
2541,51,BLaskin
2541,58,JChoinard
2543,51,BLaskin
2543,58,JChoinard
2544,51,BLaskin
2544,55,WZEstey
2544,58,JChoinard
2544,59,ALamer
2545,45,RMartland
2545,53,JBeetz
2545,57,WRMcIntyre
2545,58,JChoinard
2546,51,BLaskin
2546,55,WZEstey
2547,45,RMartland
2549,51,BLaskin
2550,45,RMartland
2550,51,BLaskin
2550,53,JBeetz
2550,59,ALamer
2551,45,RMartland
2551,47,RARitchie
2551,52,RGBDickson
2551,53,JBeetz
2552,51,BLaskin
2552,52,RGBDickson
2552,53,JBeetz
2552,58,JChoinard
2553,45,RMartland
2553,47,RARitchie
2553,51,BLaskin
2553,52,RGBDickson
2554,51,BLaskin
2555,47,RARitchie
2555,59,ALamer
2556,55,WZEstey
2556,57,WRMcIntyre
2557,55,WZEstey
2557,57,WRMcIntyre
2558,47,RARitchie
2559,53,JBeetz
2559,58,JChoinard
2560,51,BLaskin
2560,53,JBeetz
2560,57,WRMcIntyre
2560,58,JChoinard
2561,45,RMartland
2561,53,JBeetz
2561,55,WZEstey
2561,59,ALamer
2562,45,RMartland
2562,47,RARitchie
2562,51,BLaskin
2562,53,JBeetz
2563,53,JBeetz
2563,58,JChoinard
2564,45,RMartland
2564,47,RARitchie
2564,58,JChoinard
2565,53,JBeetz
2565,58,JChoinard
2566,57,WRMcIntyre
2567,45,RMartland
2567,52,RGBDickson
2567,58,JChoinard
2567,59,ALamer
2568,52,RGBDickson
2568,58,JChoinard
2569,45,RMartland
2569,47,RARitchie
2569,51,BLaskin
2569,53,JBeetz
2570,53,JBeetz
2570,59,ALamer
2571,51,BLaskin
2571,52,RGBDickson
2571,53,JBeetz
2571,57,WRMcIntyre
2572,45,RMartland
2572,53,JBeetz
2573,45,RMartland
2573,47,RARitchie
2573,52,RGBDickson
2573,53,JBeetz
2574,53,JBeetz
2574,57,WRMcIntyre
2574,58,JChoinard
2574,59,ALamer
2575,51,BLaskin
2575,53,JBeetz
2575,55,WZEstey
2575,59,ALamer
2576,45,RMartland
2576,52,RGBDickson
2576,53,JBeetz
2576,59,ALamer
2577,47,RARitchie
2577,53,JBeetz
2578,53,JBeetz
2578,58,JChoinard
2579,47,RARitchie
2579,53,JBeetz
2580,47,RARitchie
2580,51,BLaskin
2582,45,RMartland
2582,47,RARitchie
2582,51,BLaskin
2582,53,JBeetz
2583,51,BLaskin
2583,52,RGBDickson
2583,58,JChoinard
2583,59,ALamer
2584,52,RGBDickson
2584,53,JBeetz
2584,58,JChoinard
2584,59,ALamer
2585,45,RMartland
2585,47,RARitchie
2585,51,BLaskin
2585,55,WZEstey
2586,45,RMartland
2586,47,RARitchie
2586,53,JBeetz
2586,57,WRMcIntyre
2587,47,RARitchie
2587,51,BLaskin
2587,53,JBeetz
2587,58,JChoinard
2588,53,JBeetz
2588,59,ALamer
2589,45,RMartland
2589,53,JBeetz
2590,53,JBeetz
2590,58,JChoinard
2591,53,JBeetz
2591,57,WRMcIntyre
2592,45,RMartland
2592,52,RGBDickson
2592,53,JBeetz
2592,59,ALamer
2593,45,RMartland
2593,47,RARitchie
2593,51,BLaskin
2593,53,JBeetz
2594,45,RMartland
2594,53,JBeetz
2594,55,WZEstey
2594,57,WRMcIntyre
2595,52,RGBDickson
2595,53,JBeetz
2596,45,RMartland
2596,47,RARitchie
2598,53,JBeetz
2598,59,ALamer
2599,53,JBeetz
2599,58,JChoinard
2601,45,RMartland
2601,47,RARitchie
2601,53,JBeetz
2601,55,WZEstey
2601,58,JChoinard
2601,59,ALamer
2602,47,RARitchie
2602,51,BLaskin
2603,45,RMartland
2603,47,RARitchie
2603,51,BLaskin
2603,57,WRMcIntyre
2604,52,RGBDickson
2604,53,JBeetz
2604,58,JChoinard
2604,59,ALamer
2605,53,JBeetz
2605,57,WRMcIntyre
2605,58,JChoinard
2605,59,ALamer
2606,45,RMartland
2606,47,RARitchie
2606,55,WZEstey
2606,58,JChoinard
2607,47,RARitchie
2607,53,JBeetz
2607,55,WZEstey
2607,57,WRMcIntyre
2608,51,BLaskin
2609,45,RMartland
2609,59,ALamer
2611,51,BLaskin
2611,59,ALamer
2612,45,RMartland
2612,47,RARitchie
2612,51,BLaskin
2612,55,WZEstey
2613,47,RARitchie
2613,51,BLaskin
2613,52,RGBDickson
2613,58,JChoinard
2614,45,RMartland
2614,51,BLaskin
2614,55,WZEstey
2614,59,ALamer
2615,55,WZEstey
2615,57,WRMcIntyre
2615,58,JChoinard
2615,59,ALamer
2616,58,JChoinard
2616,59,ALamer
2619,45,RMartland
2619,47,RARitchie
2619,51,BLaskin
2619,55,WZEstey
2620,45,RMartland
2620,57,WRMcIntyre
2620,58,JChoinard
2620,59,ALamer
2621,45,RMartland
2621,47,RARitchie
2621,51,BLaskin
2621,52,RGBDickson
2622,45,RMartland
2622,47,RARitchie
2623,47,RARitchie
2623,51,BLaskin
2623,55,WZEstey
2623,59,ALamer
2624,51,BLaskin
2624,52,RGBDickson
2624,53,JBeetz
2624,55,WZEstey
2625,53,JBeetz
2625,59,ALamer
2626,53,JBeetz
2626,58,JChoinard
2627,47,RARitchie
2627,53,JBeetz
2632,45,RMartland
2632,52,RGBDickson
2632,58,JChoinard
2632,59,ALamer
2633,57,WRMcIntyre
2633,58,JChoinard
2634,53,JBeetz
2634,58,JChoinard
2635,47,RARitchie
2635,59,ALamer
2636,53,JBeetz
2637,53,JBeetz
2637,55,WZEstey
2637,58,JChoinard
2637,59,ALamer
2638,51,BLaskin
2638,55,WZEstey
2638,57,WRMcIntyre
2638,58,JChoinard
2640,45,RMartland
2640,53,JBeetz
2641,53,JBeetz
2641,59,ALamer
2642,47,RARitchie
2642,51,BLaskin
2642,53,JBeetz
2642,57,WRMcIntyre
2643,45,RMartland
2643,47,RARitchie
2643,51,BLaskin
2643,52,RGBDickson
2644,45,RMartland
2644,47,RARitchie
2644,51,BLaskin
2644,53,JBeetz
2645,52,RGBDickson
2645,53,JBeetz
2645,55,WZEstey
2645,59,ALamer
2646,45,RMartland
2646,47,RARitchie
2646,53,JBeetz
2646,58,JChoinard
2647,45,RMartland
2647,47,RARitchie
2647,51,BLaskin
2647,57,WRMcIntyre
2648,45,RMartland
2648,47,RARitchie
2649,51,BLaskin
2649,53,JBeetz
2650,53,JBeetz
2650,58,JChoinard
2653,45,RMartland
2653,51,BLaskin
2654,51,BLaskin
2654,52,RGBDickson
2654,53,JBeetz
2654,59,ALamer
2655,45,RMartland
2655,47,RARitchie
2655,51,BLaskin
2655,57,WRMcIntyre
2656,47,RARitchie
2656,53,JBeetz
2656,57,WRMcIntyre
2656,58,JChoinard
2659,51,BLaskin
2659,53,JBeetz
2659,57,WRMcIntyre
2659,58,JChoinard
2660,51,BLaskin
2660,53,JBeetz
2660,55,WZEstey
2660,58,JChoinard
2661,45,RMartland
2661,47,RARitchie
2661,51,BLaskin
2661,55,WZEstey
2662,47,RARitchie
2662,53,JBeetz
2663,51,BLaskin
2663,58,JChoinard
2664,47,RARitchie
2664,51,BLaskin
2666,53,JBeetz
2666,59,ALamer
2667,45,RMartland
2667,47,RARitchie
2667,51,BLaskin
2667,53,JBeetz
2668,53,JBeetz
2668,59,ALamer
2669,47,RARitchie
2669,51,BLaskin
2673,45,RMartland
2673,58,JChoinard
2674,45,RMartland
2674,58,JChoinard
2675,47,RARitchie
2675,51,BLaskin
2675,55,WZEstey
2675,59,ALamer
2676,47,RARitchie
2676,55,WZEstey
2678,53,JBeetz
2678,57,WRMcIntyre
2678,58,JChoinard
2678,59,ALamer
2679,53,JBeetz
2679,59,ALamer
2682,45,RMartland
2682,52,RGBDickson
2682,53,JBeetz
2682,58,JChoinard
2683,51,BLaskin
2683,53,JBeetz
2683,58,JChoinard
2683,59,ALamer
2684,51,BLaskin
2684,52,RGBDickson
2684,53,JBeetz
2684,58,JChoinard
2685,45,RMartland
2685,58,JChoinard
2686,45,RMartland
2686,47,RARitchie
2686,51,BLaskin
2686,59,ALamer
2687,45,RMartland
2687,47,RARitchie
2687,51,BLaskin
2687,59,ALamer
2694,52,RGBDickson
2694,59,ALamer
2695,51,BLaskin
2695,58,JChoinard
2696,45,RMartland
2696,47,RARitchie
2696,53,JBeetz
2696,59,ALamer
2697,51,BLaskin
2697,53,JBeetz
2697,55,WZEstey
2697,58,JChoinard
2703,51,BLaskin
2703,53,JBeetz
2703,58,JChoinard
2703,59,ALamer
2705,45,RMartland
2705,47,RARitchie
2705,51,BLaskin
2705,52,RGBDickson
2705,55,WZEstey
2705,57,WRMcIntyre
2706,45,RMartland
2706,47,RARitchie
2706,51,BLaskin
2706,52,RGBDickson
2706,55,WZEstey
2706,57,WRMcIntyre
2707,57,WRMcIntyre
2707,59,ALamer
2708,45,RMartland
2708,47,RARitchie
2709,45,RMartland
2709,47,RARitchie
2710,47,RARitchie
2710,55,WZEstey
2711,45,RMartland
2711,59,ALamer
2712,53,JBeetz
2713,53,JBeetz
2714,52,RGBDickson
2714,53,JBeetz
2714,58,JChoinard
2715,47,RARitchie
2715,53,JBeetz
2715,57,WRMcIntyre
2715,58,JChoinard
2716,53,JBeetz
2716,59,ALamer
2717,57,WRMcIntyre
2718,52,RGBDickson
2718,53,JBeetz
2719,53,JBeetz
2719,58,JChoinard
2719,59,ALamer
2720,45,RMartland
2720,53,JBeetz
2720,58,JChoinard
2720,59,ALamer
2721,47,RARitchie
2721,52,RGBDickson
2721,59,ALamer
2722,47,RARitchie
2722,52,RGBDickson
2722,59,ALamer
2723,45,RMartland
2723,53,JBeetz
2723,58,JChoinard
2723,59,ALamer
2724,59,ALamer
2724,60,BWilson
2725,45,RMartland
2725,47,RARitchie
2725,51,BLaskin
2725,52,RGBDickson
2727,45,RMartland
2727,47,RARitchie
2727,52,RGBDickson
2727,59,ALamer
2728,45,RMartland
2728,53,JBeetz
2728,58,JChoinard
2728,59,ALamer
2729,51,BLaskin
2729,53,JBeetz
2730,55,WZEstey
2731,59,ALamer
2731,60,BWilson
2732,55,WZEstey
2732,60,BWilson
2733,55,WZEstey
2734,55,WZEstey
2735,47,RARitchie
2736,47,RARitchie
2737,51,BLaskin
2737,57,WRMcIntyre
2738,45,RMartland
2738,47,RARitchie
2738,58,JChoinard
2738,59,ALamer
2739,47,RARitchie
2739,55,WZEstey
2739,57,WRMcIntyre
2739,60,BWilson
2740,45,RMartland
2740,47,RARitchie
2740,51,BLaskin
2740,59,ALamer
2741,45,RMartland
2741,47,RARitchie
2741,51,BLaskin
2741,57,WRMcIntyre
2742,47,RARitchie
2742,51,BLaskin
2742,55,WZEstey
2742,57,WRMcIntyre
2748,51,BLaskin
2748,59,ALamer
2751,47,RARitchie
2751,51,BLaskin
2751,53,JBeetz
2751,59,ALamer
2752,55,WZEstey
2752,57,WRMcIntyre
2752,58,JChoinard
2752,59,ALamer
2753,47,RARitchie
2753,53,JBeetz
2753,55,WZEstey
2753,60,BWilson
2754,45,RMartland
2754,53,JBeetz
2754,58,JChoinard
2754,59,ALamer
2755,57,WRMcIntyre
2756,51,BLaskin
2756,60,BWilson
2757,51,BLaskin
2757,57,WRMcIntyre
2758,47,RARitchie
2758,58,JChoinard
2759,47,RARitchie
2759,51,BLaskin
2762,45,RMartland
2762,52,RGBDickson
2762,53,JBeetz
2762,59,ALamer
2768,53,JBeetz
2768,59,ALamer
2772,51,BLaskin
2772,53,JBeetz
2772,57,WRMcIntyre
2772,59,ALamer
2773,47,RARitchie
2773,51,BLaskin
2778,47,RARitchie
2778,51,BLaskin
2778,52,RGBDickson
2778,53,JBeetz
2779,51,BLaskin
2779,55,WZEstey
2779,57,WRMcIntyre
2779,59,ALamer
2780,51,BLaskin
2780,52,RGBDickson
2780,53,JBeetz
2780,58,JChoinard
2781,53,JBeetz
2782,59,ALamer
2782,60,BWilson
2783,51,BLaskin
2783,55,WZEstey
2784,57,WRMcIntyre
2784,58,JChoinard
2785,60,BWilson
2786,47,RARitchie
2786,51,BLaskin
2787,51,BLaskin
2787,52,RGBDickson
2788,53,JBeetz
2788,59,ALamer
2789,51,BLaskin
2789,55,WZEstey
2789,58,JChoinard
2789,59,ALamer
2790,51,BLaskin
2790,59,ALamer
2791,52,RGBDickson
2791,59,ALamer
2792,47,RARitchie
2792,53,JBeetz
2792,58,JChoinard
2792,59,ALamer
2793,51,BLaskin
2793,52,RGBDickson
2793,57,WRMcIntyre
2793,60,BWilson
2794,47,RARitchie
2794,51,BLaskin
2794,53,JBeetz
2794,58,JChoinard
2795,45,RMartland
2795,47,RARitchie
2795,51,BLaskin
2795,52,RGBDickson
2796,51,BLaskin
2796,53,JBeetz
2796,58,JChoinard
2796,59,ALamer
2797,47,RARitchie
2797,51,BLaskin
2797,52,RGBDickson
2797,53,JBeetz
2798,47,RARitchie
2798,59,ALamer
2799,51,BLaskin
2799,55,WZEstey
2800,57,WRMcIntyre
2801,51,BLaskin
2801,55,WZEstey
2802,59,ALamer
2803,53,JBeetz
2803,57,WRMcIntyre
2803,58,JChoinard
2803,60,BWilson
2805,47,RARitchie
2805,51,BLaskin
2805,52,RGBDickson
2805,60,BWilson
2806,47,RARitchie
2806,52,RGBDickson
2807,47,RARitchie
2807,51,BLaskin
2807,53,JBeetz
2807,58,JChoinard
2808,52,RGBDickson
2808,60,BWilson
2809,51,BLaskin
2809,59,ALamer
2811,47,RARitchie
2811,51,BLaskin
2811,53,JBeetz
2811,55,WZEstey
2812,51,BLaskin
2812,60,BWilson
2813,47,RARitchie
2813,51,BLaskin
2814,47,RARitchie
2814,51,BLaskin
2816,51,BLaskin
2816,59,ALamer
2817,51,BLaskin
2817,53,JBeetz
2818,47,RARitchie
2818,58,JChoinard
2818,59,ALamer
2818,60,BWilson
2819,51,BLaskin
2819,55,WZEstey
2819,57,WRMcIntyre
2819,58,JChoinard
2820,52,RGBDickson
2820,53,JBeetz
2820,55,WZEstey
2820,60,BWilson
2821,47,RARitchie
2821,60,BWilson
2822,47,RARitchie
2822,51,BLaskin
2823,59,ALamer
2823,60,BWilson
2824,47,RARitchie
2824,51,BLaskin
2825,51,BLaskin
2826,52,RGBDickson
2826,59,ALamer
2827,47,RARitchie
2827,51,BLaskin
2827,55,WZEstey
2827,59,ALamer
2828,47,RARitchie
2828,59,ALamer
2829,55,WZEstey
2829,59,ALamer
2830,47,RARitchie
2830,59,ALamer
2831,51,BLaskin
2831,58,JChoinard
2832,51,BLaskin
2832,58,JChoinard
2833,47,RARitchie
2833,53,JBeetz
2833,58,JChoinard
2833,59,ALamer
2834,51,BLaskin
2834,52,RGBDickson
2834,55,WZEstey
2834,58,JChoinard
2835,51,BLaskin
2835,52,RGBDickson
2836,47,RARitchie
2836,60,BWilson
2837,47,RARitchie
2837,51,BLaskin
2838,59,ALamer
2838,60,BWilson
2839,55,WZEstey
2839,57,WRMcIntyre
2840,45,RMartland
2840,47,RARitchie
2840,51,BLaskin
2840,52,RGBDickson
2841,52,RGBDickson
2841,53,JBeetz
2841,58,JChoinard
2841,59,ALamer
2842,52,RGBDickson
2842,57,WRMcIntyre
2842,59,ALamer
2842,60,BWilson
2843,51,BLaskin
2843,53,JBeetz
2843,57,WRMcIntyre
2843,58,JChoinard
2844,53,JBeetz
2844,57,WRMcIntyre
2845,51,BLaskin
2845,52,RGBDickson
2845,53,JBeetz
2845,58,JChoinard
2846,51,BLaskin
2846,53,JBeetz
2846,55,WZEstey
2846,60,BWilson
2847,52,RGBDickson
2847,53,JBeetz
2847,58,JChoinard
2847,60,BWilson
2848,45,RMartland
2848,47,RARitchie
2848,53,JBeetz
2848,59,ALamer
2849,51,BLaskin
2849,52,RGBDickson
2849,57,WRMcIntyre
2849,60,BWilson
2850,51,BLaskin
2850,52,RGBDickson
2850,57,WRMcIntyre
2850,60,BWilson
2851,47,RARitchie
2851,51,BLaskin
2851,52,RGBDickson
2851,60,BWilson
2852,59,ALamer
2853,47,RARitchie
2853,59,ALamer
2854,51,BLaskin
2854,60,BWilson
2855,47,RARitchie
2855,51,BLaskin
2857,51,BLaskin
2857,52,RGBDickson
2857,53,JBeetz
2857,55,WZEstey
2858,47,RARitchie
2858,53,JBeetz
2858,59,ALamer
2858,60,BWilson
2859,47,RARitchie
2859,51,BLaskin
2859,52,RGBDickson
2859,59,ALamer
2860,47,RARitchie
2860,51,BLaskin
2860,55,WZEstey
2860,60,BWilson
2861,57,WRMcIntyre
2861,59,ALamer
2862,47,RARitchie
2862,51,BLaskin
2862,53,JBeetz
2862,57,WRMcIntyre
2863,53,JBeetz
2863,57,WRMcIntyre
2863,58,JChoinard
2863,60,BWilson
2864,51,BLaskin
2864,60,BWilson
2865,47,RARitchie
2865,51,BLaskin
2865,52,RGBDickson
2865,59,ALamer
2866,47,RARitchie
2866,51,BLaskin
2868,51,BLaskin
2868,53,JBeetz
2868,55,WZEstey
2868,59,ALamer
2869,51,BLaskin
2869,53,JBeetz
2869,58,JChoinard
2869,59,ALamer
2870,53,JBeetz
2870,58,JChoinard
2870,59,ALamer
2870,60,BWilson
2871,51,BLaskin
2871,53,JBeetz
2872,47,RARitchie
2872,51,BLaskin
2873,47,RARitchie
2873,51,BLaskin
2873,57,WRMcIntyre
2873,60,BWilson
2874,47,RARitchie
2874,53,JBeetz
2876,51,BLaskin
2876,58,JChoinard
2877,47,RARitchie
2877,53,JBeetz
2877,55,WZEstey
2877,59,ALamer
2878,58,JChoinard
2878,60,BWilson
2879,51,BLaskin
2879,53,JBeetz
2879,55,WZEstey
2879,59,ALamer
2880,51,BLaskin
2880,58,JChoinard
2880,59,ALamer
2880,60,BWilson
2881,51,BLaskin
2881,53,JBeetz
2881,58,JChoinard
2881,59,ALamer
2882,57,WRMcIntyre
2883,47,RARitchie
2883,53,JBeetz
2884,57,WRMcIntyre
2885,58,JChoinard
2885,60,BWilson
2887,47,RARitchie
2887,51,BLaskin
2887,52,RGBDickson
2887,60,BWilson
2888,51,BLaskin
2888,52,RGBDickson
2889,47,RARitchie
2889,51,BLaskin
2889,55,WZEstey
2889,59,ALamer
2890,51,BLaskin
2890,53,JBeetz
2890,59,ALamer
2890,60,BWilson
2891,47,RARitchie
2891,51,BLaskin
2892,47,RARitchie
2892,51,BLaskin
2892,53,JBeetz
2892,55,WZEstey
2893,47,RARitchie
2893,51,BLaskin
2893,59,ALamer
2893,60,BWilson
2894,51,BLaskin
2894,53,JBeetz
2894,55,WZEstey
2894,58,JChoinard
2895,51,BLaskin
2895,52,RGBDickson
2895,57,WRMcIntyre
2895,59,ALamer
2896,55,WZEstey
2896,59,ALamer
2897,53,JBeetz
2897,58,JChoinard
2897,59,ALamer
2897,60,BWilson
2898,53,JBeetz
2898,55,WZEstey
2898,59,ALamer
2898,60,BWilson
2899,47,RARitchie
2899,53,JBeetz
2899,59,ALamer
2899,60,BWilson
2900,51,BLaskin
2900,59,ALamer
2901,47,RARitchie
2901,51,BLaskin
2901,52,RGBDickson
2901,60,BWilson
2902,47,RARitchie
2902,51,BLaskin
2902,55,WZEstey
2902,57,WRMcIntyre
2903,47,RARitchie
2903,51,BLaskin
2904,47,RARitchie
2904,51,BLaskin
2905,51,BLaskin
2905,59,ALamer
2906,51,BLaskin
2906,53,JBeetz
2906,57,WRMcIntyre
2906,58,JChoinard
2907,59,ALamer
2907,60,BWilson
2909,47,RARitchie
2909,51,BLaskin
2909,55,WZEstey
2909,59,ALamer
2910,47,RARitchie
2910,51,BLaskin
2910,55,WZEstey
2910,57,WRMcIntyre
2911,51,BLaskin
2911,53,JBeetz
2912,51,BLaskin
2912,52,RGBDickson
2912,53,JBeetz
2912,59,ALamer
2913,51,BLaskin
2913,53,JBeetz
2913,58,JChoinard
2913,59,ALamer
2914,51,BLaskin
2914,58,JChoinard
2915,47,RARitchie
2915,51,BLaskin
2916,51,BLaskin
2916,59,ALamer
2917,52,RGBDickson
2919,55,WZEstey
2920,57,WRMcIntyre
2920,59,ALamer
2921,51,BLaskin
2921,52,RGBDickson
2921,58,JChoinard
2921,59,ALamer
2922,47,RARitchie
2922,51,BLaskin
2922,52,RGBDickson
2922,55,WZEstey
2923,53,JBeetz
2923,55,WZEstey
2923,58,JChoinard
2923,60,BWilson
2924,51,BLaskin
2924,60,BWilson
2926,47,RARitchie
2926,53,JBeetz
2926,59,ALamer
2926,60,BWilson
2927,47,RARitchie
2927,52,RGBDickson
2928,47,RARitchie
2928,51,BLaskin
2929,51,BLaskin
2929,53,JBeetz
2929,58,JChoinard
2929,59,ALamer
2930,47,RARitchie
2930,53,JBeetz
2930,60,BWilson
2930,61,GELDain
2931,51,BLaskin
2931,58,JChoinard
2932,47,RARitchie
2932,53,JBeetz
2932,58,JChoinard
2932,59,ALamer
2933,47,RARitchie
2933,52,RGBDickson
2933,53,JBeetz
2933,59,ALamer
2934,47,RARitchie
2934,51,BLaskin
2934,52,RGBDickson
2934,53,JBeetz
2935,51,BLaskin
2935,53,JBeetz
2935,59,ALamer
2935,60,BWilson
2936,51,BLaskin
2936,53,JBeetz
2936,59,ALamer
2936,60,BWilson
2937,60,BWilson
2939,51,BLaskin
2939,53,JBeetz
2939,55,WZEstey
2939,57,WRMcIntyre
2940,52,RGBDickson
2941,47,RARitchie
2941,52,RGBDickson
2942,47,RARitchie
2943,47,RARitchie
2943,55,WZEstey
2944,52,RGBDickson
2944,53,JBeetz
2944,59,ALamer
2945,53,JBeetz
2945,58,JChoinard
2947,47,RARitchie
2947,57,WRMcIntyre
2947,58,JChoinard
2947,61,GELDain
2948,47,RARitchie
2948,51,BLaskin
2948,52,RGBDickson
2948,55,WZEstey
2949,51,BLaskin
2949,53,JBeetz
2949,58,JChoinard
2949,59,ALamer
2950,47,RARitchie
2950,59,ALamer
2951,53,JBeetz
2952,47,RARitchie
2953,53,JBeetz
2954,61,GELDain
2955,57,WRMcIntyre
2955,61,GELDain
2956,47,RARitchie
2956,51,BLaskin
2956,52,RGBDickson
2956,60,BWilson
2957,55,WZEstey
2957,60,BWilson
2957,61,GELDain
2958,52,RGBDickson
2958,59,ALamer
2958,60,BWilson
2958,61,GELDain
2959,60,BWilson
2960,51,BLaskin
2960,60,BWilson
2961,47,RARitchie
2961,51,BLaskin
2961,60,BWilson
2962,51,BLaskin
2962,59,ALamer
2964,51,BLaskin
2964,59,ALamer
2965,47,RARitchie
2965,51,BLaskin
2965,53,JBeetz
2965,58,JChoinard
2966,47,RARitchie
2966,52,RGBDickson
2966,55,WZEstey
2966,60,BWilson
2967,61,GELDain
2967,62,GLForest
2968,51,BLaskin
2968,53,JBeetz
2968,57,WRMcIntyre
2968,59,ALamer
2969,55,WZEstey
2970,51,BLaskin
2970,55,WZEstey
2971,60,BWilson
2972,61,GELDain
2972,62,GLForest
2973,53,JBeetz
2973,58,JChoinard
2974,58,JChoinard
2975,53,JBeetz
2975,61,GELDain
2976,55,WZEstey
2976,58,JChoinard
2977,57,WRMcIntyre
2978,53,JBeetz
2978,57,WRMcIntyre
2979,52,RGBDickson
2979,55,WZEstey
2979,57,WRMcIntyre
2980,51,BLaskin
2980,55,WZEstey
2981,51,BLaskin
2981,55,WZEstey
2982,51,BLaskin
2982,55,WZEstey
2983,51,BLaskin
2983,59,ALamer
2985,51,BLaskin
2985,53,JBeetz
2986,55,WZEstey
2986,60,BWilson
2987,47,RARitchie
2987,53,JBeetz
2988,58,JChoinard
2989,55,WZEstey
2989,60,BWilson
2990,59,ALamer
2990,62,GLForest
2993,58,JChoinard
2993,59,ALamer
2994,51,BLaskin
2994,52,RGBDickson
2998,47,RARitchie
2998,58,JChoinard
3001,53,JBeetz
3001,62,GLForest
3002,55,WZEstey
3002,59,ALamer
3003,59,ALamer
3003,62,GLForest
3004,58,JChoinard
3004,61,GELDain
3005,52,RGBDickson
3005,57,WRMcIntyre
3006,59,ALamer
3006,61,GELDain
3007,47,RARitchie
3007,55,WZEstey
3008,59,ALamer
3009,52,RGBDickson
3009,55,WZEstey
3010,55,WZEstey
3012,52,RGBDickson
3012,53,JBeetz
3012,55,WZEstey
3013,47,RARitchie
3013,55,WZEstey
3014,60,BWilson
3014,62,GLForest
3015,47,RARitchie
3015,55,WZEstey
3017,58,JChoinard
3017,59,ALamer
3018,60,BWilson
3018,62,GLForest
3019,53,JBeetz
3019,61,GELDain
3020,53,JBeetz
3020,55,WZEstey
3021,60,BWilson
3022,53,JBeetz
3022,55,WZEstey
3025,55,WZEstey
3025,57,WRMcIntyre
3026,52,RGBDickson
3026,61,GELDain
3027,47,RARitchie
3027,59,ALamer
3027,60,BWilson
3027,61,GELDain
3028,47,RARitchie
3028,59,ALamer
3028,60,BWilson
3028,61,GELDain
3029,55,WZEstey
3029,58,JChoinard
3029,59,ALamer
3029,62,GLForest
3030,47,RARitchie
3030,53,JBeetz
3031,47,RARitchie
3031,59,ALamer
3032,61,GELDain
3033,55,WZEstey
3033,62,GLForest
3034,60,BWilson
3034,62,GLForest
3036,55,WZEstey
3036,61,GELDain
3037,55,WZEstey
3037,57,WRMcIntyre
3038,55,WZEstey
3039,61,GELDain
3039,62,GLForest
3040,61,GELDain
3040,62,GLForest
3041,61,GELDain
3041,62,GLForest
3042,55,WZEstey
3042,62,GLForest
3044,47,RARitchie
3044,58,JChoinard
3045,47,RARitchie
3045,58,JChoinard
3046,47,RARitchie
3046,60,BWilson
3047,47,RARitchie
3047,58,JChoinard
3048,52,RGBDickson
3048,55,WZEstey
3049,57,WRMcIntyre
3049,62,GLForest
3050,52,RGBDickson
3051,52,RGBDickson
3051,55,WZEstey
3051,57,WRMcIntyre
3051,60,BWilson
3052,52,RGBDickson
3052,55,WZEstey
3053,53,JBeetz
3053,60,BWilson
3055,52,RGBDickson
3055,58,JChoinard
3055,60,BWilson
3056,52,RGBDickson
3056,53,JBeetz
3056,55,WZEstey
3056,58,JChoinard
3057,55,WZEstey
3057,62,GLForest
3058,57,WRMcIntyre
3058,61,GELDain
3059,53,JBeetz
3059,62,GLForest
3060,51,BLaskin
3060,52,RGBDickson
3060,53,JBeetz
3060,57,WRMcIntyre
3061,52,RGBDickson
3062,52,RGBDickson
3062,55,WZEstey
3063,61,GELDain
3064,55,WZEstey
3064,60,BWilson
3065,55,WZEstey
3065,60,BWilson
3066,57,WRMcIntyre
3066,62,GLForest
3068,52,RGBDickson
3068,53,JBeetz
3069,52,RGBDickson
3069,55,WZEstey
3069,57,WRMcIntyre
3069,60,BWilson
3070,53,JBeetz
3070,55,WZEstey
3071,55,WZEstey
3071,57,WRMcIntyre
3073,57,WRMcIntyre
3074,58,JChoinard
3075,47,RARitchie
3075,58,JChoinard
3076,52,RGBDickson
3076,53,JBeetz
3076,59,ALamer
3076,62,GLForest
3077,55,WZEstey
3077,60,BWilson
3078,52,RGBDickson
3078,55,WZEstey
3079,58,JChoinard
3079,62,GLForest
3080,52,RGBDickson
3080,55,WZEstey
3080,61,GELDain
3080,62,GLForest
3081,52,RGBDickson
3081,55,WZEstey
3081,57,WRMcIntyre
3081,60,BWilson
3082,53,JBeetz
3083,52,RGBDickson
3083,55,WZEstey
3083,58,JChoinard
3083,60,BWilson
3084,55,WZEstey
3084,61,GELDain
3086,52,RGBDickson
3086,53,JBeetz
3086,55,WZEstey
3086,60,BWilson
3087,47,RARitchie
3087,61,GELDain
3088,55,WZEstey
3088,59,ALamer
3090,55,WZEstey
3090,61,GELDain
3091,52,RGBDickson
3091,55,WZEstey
3091,58,JChoinard
3091,62,GLForest
3092,55,WZEstey
3092,57,WRMcIntyre
3093,58,JChoinard
3093,60,BWilson
3093,61,GELDain
3093,62,GLForest
3094,52,RGBDickson
3094,53,JBeetz
3094,55,WZEstey
3094,57,WRMcIntyre
3095,55,WZEstey
3095,61,GELDain
3096,52,RGBDickson
3096,55,WZEstey
3097,57,WRMcIntyre
3097,61,GELDain
3099,55,WZEstey
3099,58,JChoinard
3100,53,JBeetz
3100,55,WZEstey
3100,57,WRMcIntyre
3100,59,ALamer
3101,52,RGBDickson
3101,53,JBeetz
3101,55,WZEstey
3101,61,GELDain
3102,55,WZEstey
3102,57,WRMcIntyre
3103,58,JChoinard
3104,58,JChoinard
3104,61,GELDain
3105,55,WZEstey
3105,57,WRMcIntyre
3105,59,ALamer
3105,62,GLForest
3107,55,WZEstey
3107,59,ALamer
3107,61,GELDain
3107,62,GLForest
3108,52,RGBDickson
3108,53,JBeetz
3108,59,ALamer
3108,61,GELDain
3109,55,WZEstey
3109,59,ALamer
3109,61,GELDain
3109,62,GLForest
3110,58,JChoinard
3110,62,GLForest
3111,55,WZEstey
3111,62,GLForest
3112,55,WZEstey
3112,60,BWilson
3113,52,RGBDickson
3113,53,JBeetz
3113,55,WZEstey
3113,59,ALamer
3114,52,RGBDickson
3114,55,WZEstey
3114,57,WRMcIntyre
3114,60,BWilson
3115,55,WZEstey
3115,59,ALamer
3116,53,JBeetz
3116,62,GLForest
3117,55,WZEstey
3117,59,ALamer
3118,53,JBeetz
3118,58,JChoinard
3118,59,ALamer
3118,62,GLForest
3119,52,RGBDickson
3119,55,WZEstey
3120,52,RGBDickson
3120,59,ALamer
3121,59,ALamer
3122,55,WZEstey
3122,61,GELDain
3143,55,WZEstey
3143,58,JChoinard
3144,55,WZEstey
3144,58,JChoinard
3145,53,JBeetz
3145,55,WZEstey
3145,61,GELDain
3145,62,GLForest
3146,52,RGBDickson
3146,55,WZEstey
3146,60,BWilson
3146,63,CLHDube
3147,55,WZEstey
3147,58,JChoinard
3148,57,WRMcIntyre
3148,58,JChoinard
3150,53,JBeetz
3150,55,WZEstey
3151,52,RGBDickson
3151,53,JBeetz
3151,55,WZEstey
3151,62,GLForest
3152,52,RGBDickson
3152,53,JBeetz
3153,53,JBeetz
3153,55,WZEstey
3154,53,JBeetz
3154,55,WZEstey
3155,53,JBeetz
3155,55,WZEstey
3156,55,WZEstey
3158,52,RGBDickson
3158,55,WZEstey
3159,52,RGBDickson
3159,55,WZEstey
3159,57,WRMcIntyre
3160,53,JBeetz
3160,55,WZEstey
3161,52,RGBDickson
3161,60,BWilson
3162,55,WZEstey
3162,57,WRMcIntyre
3163,52,RGBDickson
3163,55,WZEstey
3164,59,ALamer
3165,55,WZEstey
3166,58,JChoinard
3166,61,GELDain
3168,55,WZEstey
3168,60,BWilson
3169,58,JChoinard
3169,62,GLForest
3170,53,JBeetz
3170,55,WZEstey
3171,55,WZEstey
3171,61,GELDain
3172,55,WZEstey
3172,57,WRMcIntyre
3172,59,ALamer
3172,63,CLHDube
3173,52,RGBDickson
3173,55,WZEstey
3173,57,WRMcIntyre
3173,60,BWilson
3174,53,JBeetz
3174,59,ALamer
3174,62,GLForest
3175,53,JBeetz
3175,62,GLForest
3176,53,JBeetz
3176,58,JChoinard
3177,59,ALamer
3177,60,BWilson
3178,53,JBeetz
3178,59,ALamer
3179,53,JBeetz
3179,58,JChoinard
3180,55,WZEstey
3181,55,WZEstey
3181,59,ALamer
3181,61,GELDain
3181,63,CLHDube
3182,53,JBeetz
3182,61,GELDain
3182,62,GLForest
3183,55,WZEstey
3183,62,GLForest
3184,55,WZEstey
3184,62,GLForest
3185,55,WZEstey
3186,59,ALamer
3186,61,GELDain
3187,59,ALamer
3188,52,RGBDickson
3188,62,GLForest
3189,52,RGBDickson
3189,62,GLForest
3190,53,JBeetz
3190,58,JChoinard
3191,61,GELDain
3193,52,RGBDickson
3193,55,WZEstey
3193,57,WRMcIntyre
3193,60,BWilson
3194,52,RGBDickson
3194,55,WZEstey
3194,57,WRMcIntyre
3194,60,BWilson
3195,52,RGBDickson
3195,57,WRMcIntyre
3195,62,GLForest
3195,63,CLHDube
3196,52,RGBDickson
3196,55,WZEstey
3196,58,JChoinard
3196,62,GLForest
3197,52,RGBDickson
3197,55,WZEstey
3197,58,JChoinard
3197,62,GLForest
3198,52,RGBDickson
3198,62,GLForest
3199,61,GELDain
3200,61,GELDain
3201,61,GELDain
3202,55,WZEstey
3202,63,CLHDube
3204,61,GELDain
3204,62,GLForest
3206,52,RGBDickson
3206,53,JBeetz
3206,55,WZEstey
3206,61,GELDain
3207,52,RGBDickson
3207,53,JBeetz
3207,55,WZEstey
3207,61,GELDain
3209,52,RGBDickson
3209,55,WZEstey
3209,57,WRMcIntyre
3209,60,BWilson
3210,52,RGBDickson
3210,55,WZEstey
3210,57,WRMcIntyre
3210,60,BWilson
3211,53,JBeetz
3211,57,WRMcIntyre
3211,59,ALamer
3211,61,GELDain
3212,59,ALamer
3213,52,RGBDickson
3213,53,JBeetz
3213,59,ALamer
3213,61,GELDain
3214,52,RGBDickson
3214,60,BWilson
3214,62,GLForest
3214,63,CLHDube
3215,52,RGBDickson
3215,53,JBeetz
3215,59,ALamer
3215,61,GELDain
3216,53,JBeetz
3216,57,WRMcIntyre
3216,59,ALamer
3216,61,GELDain
3217,52,RGBDickson
3217,53,JBeetz
3217,57,WRMcIntyre
3217,61,GELDain
3218,58,JChoinard
3218,61,GELDain
3219,55,WZEstey
3219,58,JChoinard
3219,59,ALamer
3219,62,GLForest
3220,52,RGBDickson
3220,62,GLForest
3221,52,RGBDickson
3221,60,BWilson
3222,52,RGBDickson
3222,53,JBeetz
3222,62,GLForest
3222,63,CLHDube
3223,52,RGBDickson
3223,53,JBeetz
3223,61,GELDain
3223,62,GLForest
3224,52,RGBDickson
3224,55,WZEstey
3224,57,WRMcIntyre
3224,60,BWilson
3225,52,RGBDickson
3225,53,JBeetz
3225,60,BWilson
3225,61,GELDain
3226,52,RGBDickson
3226,53,JBeetz
3226,59,ALamer
3226,61,GELDain
3227,52,RGBDickson
3227,55,WZEstey
3227,62,GLForest
3227,63,CLHDube
3228,53,JBeetz
3228,61,GELDain
3228,62,GLForest
3228,63,CLHDube
3229,52,RGBDickson
3229,55,WZEstey
3229,57,WRMcIntyre
3229,60,BWilson
3230,52,RGBDickson
3230,55,WZEstey
3230,57,WRMcIntyre
3230,60,BWilson
3231,52,RGBDickson
3231,62,GLForest
3233,53,JBeetz
3233,55,WZEstey
3233,60,BWilson
3234,59,ALamer
3234,61,GELDain
3234,62,GLForest
3235,55,WZEstey
3235,57,WRMcIntyre
3236,55,WZEstey
3236,57,WRMcIntyre
3237,52,RGBDickson
3237,63,CLHDube
3238,62,GLForest
3238,63,CLHDube
3239,55,WZEstey
3239,57,WRMcIntyre
3240,55,WZEstey
3240,57,WRMcIntyre
3241,52,RGBDickson
3241,57,WRMcIntyre
3243,60,BWilson
3243,61,GELDain
3243,63,CLHDube
3243,64,JSopinka
3244,61,GELDain
3244,62,GLForest
3244,63,CLHDube
3244,64,JSopinka
3245,63,CLHDube
3246,63,CLHDube
3247,53,JBeetz
3247,61,GELDain
3247,62,GLForest
3247,64,JSopinka
3248,53,JBeetz
3248,61,GELDain
3248,62,GLForest
3248,64,JSopinka
3249,53,JBeetz
3249,61,GELDain
3249,62,GLForest
3249,64,JSopinka
3250,52,RGBDickson
3250,57,WRMcIntyre
3250,63,CLHDube
3250,64,JSopinka
3251,53,JBeetz
3251,55,WZEstey
3253,52,RGBDickson
3253,55,WZEstey
3253,57,WRMcIntyre
3253,60,BWilson
3254,62,GLForest
3254,63,CLHDube
3254,64,JSopinka
3255,53,JBeetz
3255,59,ALamer
3256,60,BWilson
3256,61,GELDain
3257,52,RGBDickson
3257,59,ALamer
3258,52,RGBDickson
3258,59,ALamer
3260,53,JBeetz
3260,55,WZEstey
3260,59,ALamer
3260,63,CLHDube
3261,53,JBeetz
3261,61,GELDain
3262,52,RGBDickson
3262,53,JBeetz
3262,61,GELDain
3262,63,CLHDube
3263,52,RGBDickson
3263,61,GELDain
3263,62,GLForest
3263,63,CLHDube
3264,52,RGBDickson
3264,53,JBeetz
3264,59,ALamer
3264,61,GELDain
3265,53,JBeetz
3265,61,GELDain
3266,53,JBeetz
3266,61,GELDain
3267,52,RGBDickson
3267,53,JBeetz
3267,55,WZEstey
3267,63,CLHDube
3268,53,JBeetz
3268,59,ALamer
3269,60,BWilson
3269,61,GELDain
3269,63,CLHDube
3269,64,JSopinka
3270,53,JBeetz
3270,61,GELDain
3271,53,JBeetz
3271,61,GELDain
3272,52,RGBDickson
3272,57,WRMcIntyre
3272,59,ALamer
3272,64,JSopinka
3273,52,RGBDickson
3273,55,WZEstey
3274,53,JBeetz
3274,63,CLHDube
3275,61,GELDain
3277,57,WRMcIntyre
3277,61,GELDain
3277,62,GLForest
3277,64,JSopinka
3278,60,BWilson
3278,61,GELDain
3279,53,JBeetz
3279,57,WRMcIntyre
3280,55,WZEstey
3284,52,RGBDickson
3284,62,GLForest
3287,62,GLForest
3287,63,CLHDube
3288,62,GLForest
3289,52,RGBDickson
3289,63,CLHDube
3290,62,GLForest
3290,63,CLHDube
3291,55,WZEstey
3291,62,GLForest
3292,59,ALamer
3292,64,JSopinka
3293,52,RGBDickson
3297,57,WRMcIntyre
3297,60,BWilson
3298,52,RGBDickson
3298,60,BWilson
3299,53,JBeetz
3299,61,GELDain
3300,52,RGBDickson
3300,61,GELDain
3301,53,JBeetz
3301,61,GELDain
3302,53,JBeetz
3302,61,GELDain
3304,52,RGBDickson
3304,57,WRMcIntyre
3304,65,CDGonthier
3304,66,PCCory
3305,53,JBeetz
3305,55,WZEstey
3306,53,JBeetz
3306,55,WZEstey
3306,59,ALamer
3306,60,BWilson
3307,52,RGBDickson
3307,57,WRMcIntyre
3307,65,CDGonthier
3307,66,PCCory
3309,65,CDGonthier
3310,52,RGBDickson
3310,59,ALamer
3310,65,CDGonthier
3311,65,CDGonthier
3313,52,RGBDickson
3313,60,BWilson
3313,65,CDGonthier
3314,57,WRMcIntyre
3314,62,GLForest
3314,63,CLHDube
3314,64,JSopinka
3315,53,JBeetz
3315,57,WRMcIntyre
3316,53,JBeetz
3316,61,GELDain
3317,52,RGBDickson
3317,60,BWilson
3317,62,GLForest
3318,63,CLHDube
3318,64,JSopinka
3319,52,RGBDickson
3319,60,BWilson
3319,64,JSopinka
3320,52,RGBDickson
3320,59,ALamer
3320,63,CLHDube
3321,61,GELDain
3322,53,JBeetz
3322,59,ALamer
3323,53,JBeetz
3323,57,WRMcIntyre
3323,61,GELDain
3323,63,CLHDube
3324,59,ALamer
3324,60,BWilson
3325,53,JBeetz
3325,59,ALamer
3326,52,RGBDickson
3326,55,WZEstey
3326,57,WRMcIntyre
3326,63,CLHDube
3327,52,RGBDickson
3327,55,WZEstey
3327,57,WRMcIntyre
3327,63,CLHDube
3328,52,RGBDickson
3328,55,WZEstey
3328,57,WRMcIntyre
3328,63,CLHDube
3329,52,RGBDickson
3329,55,WZEstey
3329,57,WRMcIntyre
3329,63,CLHDube
3330,52,RGBDickson
3330,64,JSopinka
3331,60,BWilson
3332,60,BWilson
3333,64,JSopinka
3333,67,BMcLachlin
3334,52,RGBDickson
3334,63,CLHDube
3334,65,CDGonthier
3334,67,BMcLachlin
3335,62,GLForest
3335,63,CLHDube
3336,57,WRMcIntyre
3336,59,ALamer
3337,52,RGBDickson
3337,57,WRMcIntyre
3338,65,CDGonthier
3339,52,RGBDickson
3339,67,BMcLachlin
3340,52,RGBDickson
3340,62,GLForest
3341,55,WZEstey
3341,57,WRMcIntyre
3342,52,RGBDickson
3342,64,JSopinka
3343,59,ALamer
3343,64,JSopinka
3344,59,ALamer
3344,64,JSopinka
3345,57,WRMcIntyre
3345,64,JSopinka
3346,52,RGBDickson
3346,64,JSopinka
3347,52,RGBDickson
3347,53,JBeetz
3347,60,BWilson
3348,59,ALamer
3349,52,RGBDickson
3349,59,ALamer
3349,62,GLForest
3353,59,ALamer
3354,52,RGBDickson
3354,60,BWilson
3354,64,JSopinka
3355,52,RGBDickson
3355,59,ALamer
3355,66,PCCory
3358,62,GLForest
3359,66,PCCory
3360,63,CLHDube
3360,67,BMcLachlin
3361,52,RGBDickson
3361,60,BWilson
3361,63,CLHDube
3361,67,BMcLachlin
3362,52,RGBDickson
3362,60,BWilson
3362,62,GLForest
3362,67,BMcLachlin
3363,52,RGBDickson
3363,60,BWilson
3363,62,GLForest
3363,67,BMcLachlin
3364,60,BWilson
3364,67,BMcLachlin
3365,60,BWilson
3365,67,BMcLachlin
3366,52,RGBDickson
3366,60,BWilson
3366,62,GLForest
3366,67,BMcLachlin
3367,52,RGBDickson
3367,53,JBeetz
3367,55,WZEstey
3367,61,GELDain
3368,57,WRMcIntyre
3368,60,BWilson
3369,60,BWilson
3369,64,JSopinka
3370,52,RGBDickson
3370,53,JBeetz
3370,61,GELDain
3370,62,GLForest
3371,52,RGBDickson
3372,52,RGBDickson
3373,52,RGBDickson
3374,52,RGBDickson
3375,52,RGBDickson
3375,64,JSopinka
3376,57,WRMcIntyre
3376,59,ALamer
3377,52,RGBDickson
3377,62,GLForest
3378,52,RGBDickson
3378,57,WRMcIntyre
3378,65,CDGonthier
3378,66,PCCory
3379,63,CLHDube
3379,64,JSopinka
3379,66,PCCory
3379,67,BMcLachlin
3380,53,JBeetz
3380,61,GELDain
3381,52,RGBDickson
3381,53,JBeetz
3381,61,GELDain
3381,63,CLHDube
3385,66,PCCory
3386,52,RGBDickson
3386,62,GLForest
3386,65,CDGonthier
3386,66,PCCory
3387,52,RGBDickson
3387,60,BWilson
3387,62,GLForest
3387,67,BMcLachlin
3388,66,PCCory
3389,65,CDGonthier
3392,52,RGBDickson
3392,63,CLHDube
3392,64,JSopinka
3393,52,RGBDickson
3393,65,CDGonthier
3397,52,RGBDickson
3397,64,JSopinka
3398,52,RGBDickson
3398,59,ALamer
3398,62,GLForest
3398,63,CLHDube
3399,52,RGBDickson
3399,64,JSopinka
3400,57,WRMcIntyre
3400,59,ALamer
3401,65,CDGonthier
3401,66,PCCory
3402,52,RGBDickson
3402,60,BWilson
3402,62,GLForest
3402,67,BMcLachlin
3403,63,CLHDube
3403,65,CDGonthier
3404,52,RGBDickson
3406,52,RGBDickson
3406,60,BWilson
3406,62,GLForest
3406,67,BMcLachlin
3407,52,RGBDickson
3407,63,CLHDube
3408,64,JSopinka
3408,65,CDGonthier
3408,66,PCCory
3408,67,BMcLachlin
3409,59,ALamer
3409,65,CDGonthier
3410,60,BWilson
3410,67,BMcLachlin
3413,64,JSopinka
3413,65,CDGonthier
3414,52,RGBDickson
3414,62,GLForest
3414,64,JSopinka
3414,67,BMcLachlin
3416,52,RGBDickson
3416,62,GLForest
3416,63,CLHDube
3416,67,BMcLachlin
3417,64,JSopinka
3418,59,ALamer
3419,62,GLForest
3419,63,CLHDube
3419,65,CDGonthier
3419,67,BMcLachlin
3422,52,RGBDickson
3422,59,ALamer
3422,62,GLForest
3422,64,JSopinka
3423,65,CDGonthier
3424,63,CLHDube
3425,52,RGBDickson
3425,64,JSopinka
3426,65,CDGonthier
3427,65,CDGonthier
3428,52,RGBDickson
3428,59,ALamer
3428,62,GLForest
3428,63,CLHDube
3429,59,ALamer
3429,65,CDGonthier
3430,52,RGBDickson
3430,60,BWilson
3430,62,GLForest
3430,66,PCCory
3431,59,ALamer
3431,65,CDGonthier
3432,60,BWilson
3432,66,PCCory
3433,52,RGBDickson
3433,62,GLForest
3434,60,BWilson
3434,66,PCCory
3435,52,RGBDickson
3435,66,PCCory
3436,52,RGBDickson
3436,59,ALamer
3436,65,CDGonthier
3437,52,RGBDickson
3437,64,JSopinka
3438,52,RGBDickson
3438,60,BWilson
3439,59,ALamer
3439,60,BWilson
3439,62,GLForest
3439,63,CLHDube
3439,65,CDGonthier
3439,66,PCCory
3441,52,RGBDickson
3441,60,BWilson
3442,52,RGBDickson
3442,63,CLHDube
3443,60,BWilson
3443,63,CLHDube
3443,65,CDGonthier
3443,67,BMcLachlin
3445,52,RGBDickson
3445,63,CLHDube
3446,63,CLHDube
3446,67,BMcLachlin
3447,59,ALamer
3447,63,CLHDube
3448,60,BWilson
3448,63,CLHDube
3449,52,RGBDickson
3449,66,PCCory
3450,59,ALamer
3450,67,BMcLachlin
3451,60,BWilson
3451,63,CLHDube
3452,52,RGBDickson
3452,53,JBeetz
3452,57,WRMcIntyre
3452,61,GELDain
3453,52,RGBDickson
3453,53,JBeetz
3453,57,WRMcIntyre
3453,61,GELDain
3454,52,RGBDickson
3454,53,JBeetz
3454,57,WRMcIntyre
3454,61,GELDain
3455,59,ALamer
3455,62,GLForest
3456,59,ALamer
3456,62,GLForest
3457,59,ALamer
3457,65,CDGonthier
3458,60,BWilson
3458,67,BMcLachlin
3459,52,RGBDickson
3459,59,ALamer
3459,62,GLForest
3459,63,CLHDube
3459,65,CDGonthier
3459,66,PCCory
3460,64,JSopinka
3460,67,BMcLachlin
3461,52,RGBDickson
3461,60,BWilson
3461,64,JSopinka
3461,65,CDGonthier
3462,62,GLForest
3462,66,PCCory
3463,59,ALamer
3463,65,CDGonthier
3464,59,ALamer
3464,64,JSopinka
3465,52,RGBDickson
3465,60,BWilson
3465,62,GLForest
3465,65,CDGonthier
3466,52,RGBDickson
3466,59,ALamer
3466,60,BWilson
3466,64,JSopinka
3467,52,RGBDickson
3467,63,CLHDube
3469,64,JSopinka
3469,67,BMcLachlin
3470,52,RGBDickson
3470,59,ALamer
3470,60,BWilson
3470,64,JSopinka
3471,62,GLForest
3471,66,PCCory
3472,52,RGBDickson
3472,59,ALamer
3472,64,JSopinka
3472,67,BMcLachlin
3473,59,ALamer
3473,67,BMcLachlin
3474,60,BWilson
3474,62,GLForest
3475,52,RGBDickson
3475,62,GLForest
3481,53,JBeetz
3481,61,GELDain
3482,52,RGBDickson
3482,62,GLForest
3483,52,RGBDickson
3483,62,GLForest
3484,52,RGBDickson
3484,64,JSopinka
3485,52,RGBDickson
3485,64,JSopinka
3486,52,RGBDickson
3486,64,JSopinka
3489,52,RGBDickson
3489,59,ALamer
3489,62,GLForest
3489,64,JSopinka
3490,52,RGBDickson
3490,59,ALamer
3490,62,GLForest
3490,64,JSopinka
3491,52,RGBDickson
3491,59,ALamer
3491,62,GLForest
3491,64,JSopinka
3492,52,RGBDickson
3492,59,ALamer
3492,60,BWilson
3492,64,JSopinka
3493,63,CLHDube
3493,66,PCCory
3494,66,PCCory
3498,63,CLHDube
3499,63,CLHDube
3500,63,CLHDube
3501,63,CLHDube
3502,63,CLHDube
3503,52,RGBDickson
3503,59,ALamer
3504,59,ALamer
3504,67,BMcLachlin
3505,52,RGBDickson
3505,60,BWilson
3505,62,GLForest
3505,64,JSopinka
3506,52,RGBDickson
3506,60,BWilson
3506,64,JSopinka
3506,66,PCCory
3507,52,RGBDickson
3507,64,JSopinka
3508,59,ALamer
3508,65,CDGonthier
3509,62,GLForest
3509,67,BMcLachlin
3510,62,GLForest
3510,67,BMcLachlin
3511,62,GLForest
3511,67,BMcLachlin
3512,62,GLForest
3512,67,BMcLachlin
3513,62,GLForest
3513,67,BMcLachlin
3514,52,RGBDickson
3514,59,ALamer
3514,60,BWilson
3514,67,BMcLachlin
3515,52,RGBDickson
3515,62,GLForest
3515,63,CLHDube
3515,66,PCCory
3516,52,RGBDickson
3516,60,BWilson
3517,62,GLForest
3517,67,BMcLachlin
3518,59,ALamer
3518,65,CDGonthier
3519,67,BMcLachlin
3519,68,WStevenson
3520,59,ALamer
3520,63,CLHDube
3520,66,PCCory
3520,67,BMcLachlin
3521,52,RGBDickson
3521,59,ALamer
3521,60,BWilson
3521,64,JSopinka
3522,52,RGBDickson
3522,66,PCCory
3523,52,RGBDickson
3523,59,ALamer
3523,60,BWilson
3523,64,JSopinka
3524,52,RGBDickson
3524,62,GLForest
3524,63,CLHDube
3524,65,CDGonthier
3525,52,RGBDickson
3525,67,BMcLachlin
3526,59,ALamer
3526,65,CDGonthier
3527,52,RGBDickson
3527,66,PCCory
3528,52,RGBDickson
3528,62,GLForest
3529,60,BWilson
3529,64,JSopinka
3529,67,BMcLachlin
3529,68,WStevenson
3530,60,BWilson
3530,62,GLForest
3530,65,CDGonthier
3530,68,WStevenson
3531,59,ALamer
3531,65,CDGonthier
3531,66,PCCory
3531,68,WStevenson
3532,65,CDGonthier
3532,67,BMcLachlin
3533,61,GELDain
3534,60,BWilson
3534,65,CDGonthier
3535,52,RGBDickson
3535,60,BWilson
3535,63,CLHDube
3535,64,JSopinka
3536,52,RGBDickson
3536,64,JSopinka
3538,68,WStevenson
3539,59,ALamer
3539,62,GLForest
3539,63,CLHDube
3539,65,CDGonthier
3540,64,JSopinka
3540,66,PCCory
3541,60,BWilson
3541,64,JSopinka
3542,59,ALamer
3542,65,CDGonthier
3543,60,BWilson
3543,66,PCCory
3544,60,BWilson
3544,66,PCCory
3545,52,RGBDickson
3545,67,BMcLachlin
3546,65,CDGonthier
3546,66,PCCory
3547,52,RGBDickson
3547,62,GLForest
3547,63,CLHDube
3547,65,CDGonthier
3548,52,RGBDickson
3548,67,BMcLachlin
3549,60,BWilson
3549,66,PCCory
3550,60,BWilson
3550,66,PCCory
3551,60,BWilson
3551,68,WStevenson
3552,59,ALamer
3552,67,BMcLachlin
3553,59,ALamer
3553,67,BMcLachlin
3554,59,ALamer
3554,67,BMcLachlin
3555,59,ALamer
3555,67,BMcLachlin
3556,60,BWilson
3556,64,JSopinka
3558,64,JSopinka
3558,66,PCCory
3559,60,BWilson
3559,62,GLForest
3559,63,CLHDube
3559,66,PCCory
3561,59,ALamer
3561,66,PCCory
3562,59,ALamer
3562,66,PCCory
3563,59,ALamer
3563,66,PCCory
3564,59,ALamer
3564,60,BWilson
3564,66,PCCory
3564,68,WStevenson
3566,59,ALamer
3566,67,BMcLachlin
3569,60,BWilson
3569,67,BMcLachlin
3570,59,ALamer
3570,60,BWilson
3572,52,RGBDickson
3572,66,PCCory
3573,59,ALamer
3573,60,BWilson
3574,67,BMcLachlin
3574,69,FIacobucci
3575,59,ALamer
3575,69,FIacobucci
3576,59,ALamer
3576,62,GLForest
3576,63,CLHDube
3576,69,FIacobucci
3577,52,RGBDickson
3577,65,CDGonthier
3578,52,RGBDickson
3578,65,CDGonthier
3579,52,RGBDickson
3579,65,CDGonthier
3580,52,RGBDickson
3580,60,BWilson
3581,59,ALamer
3581,65,CDGonthier
3581,67,BMcLachlin
3581,69,FIacobucci
3582,62,GLForest
3582,67,BMcLachlin
3583,59,ALamer
3583,60,BWilson
3583,66,PCCory
3583,68,WStevenson
3584,59,ALamer
3584,69,FIacobucci
3586,52,RGBDickson
3586,60,BWilson
3586,66,PCCory
3586,67,BMcLachlin
3587,60,BWilson
3587,62,GLForest
3587,67,BMcLachlin
3587,68,WStevenson
3588,59,ALamer
3588,62,GLForest
3588,63,CLHDube
3588,65,CDGonthier
3589,52,RGBDickson
3589,60,BWilson
3590,52,RGBDickson
3590,60,BWilson
3592,59,ALamer
3592,60,BWilson
3592,62,GLForest
3592,67,BMcLachlin
3595,59,ALamer
3595,62,GLForest
3595,63,CLHDube
3595,68,WStevenson
3596,64,JSopinka
3596,67,BMcLachlin
3597,68,WStevenson
3597,69,FIacobucci
3598,59,ALamer
3598,62,GLForest
3598,63,CLHDube
3598,69,FIacobucci
3599,64,JSopinka
3599,65,CDGonthier
3599,67,BMcLachlin
3599,69,FIacobucci
3601,59,ALamer
3601,62,GLForest
3601,63,CLHDube
3601,69,FIacobucci
3602,59,ALamer
3602,60,BWilson
3603,62,GLForest
3603,64,JSopinka
3603,66,PCCory
3603,67,BMcLachlin
3604,59,ALamer
3604,62,GLForest
3604,64,JSopinka
3604,69,FIacobucci
3605,52,RGBDickson
3605,67,BMcLachlin
3606,59,ALamer
3606,63,CLHDube
3606,65,CDGonthier
3606,67,BMcLachlin
3607,66,PCCory
3607,67,BMcLachlin
3607,68,WStevenson
3607,69,FIacobucci
3608,68,WStevenson
3608,69,FIacobucci
3609,59,ALamer
3609,62,GLForest
3609,64,JSopinka
3609,66,PCCory
3610,63,CLHDube
3610,64,JSopinka
3610,66,PCCory
3610,67,BMcLachlin
3611,59,ALamer
3611,62,GLForest
3612,67,BMcLachlin
3612,69,FIacobucci
3614,59,ALamer
3614,65,CDGonthier
3615,59,ALamer
3615,68,WStevenson
3616,59,ALamer
3616,68,WStevenson
3619,62,GLForest
3619,63,CLHDube
3619,67,BMcLachlin
3619,68,WStevenson
3620,59,ALamer
3620,66,PCCory
3621,65,CDGonthier
3621,69,FIacobucci
3622,64,JSopinka
3622,67,BMcLachlin
3622,68,WStevenson
3622,69,FIacobucci
3623,62,GLForest
3623,63,CLHDube
3623,67,BMcLachlin
3623,68,WStevenson
3626,59,ALamer
3626,68,WStevenson
3627,59,ALamer
3627,68,WStevenson
3628,66,PCCory
3628,68,WStevenson
3629,68,WStevenson
3629,69,FIacobucci
3630,59,ALamer
3630,62,GLForest
3630,63,CLHDube
3630,65,CDGonthier
3631,59,ALamer
3631,68,WStevenson
3632,62,GLForest
3632,63,CLHDube
3632,65,CDGonthier
3632,68,WStevenson
3634,59,ALamer
3634,69,FIacobucci
3635,59,ALamer
3635,69,FIacobucci
3636,59,ALamer
3636,67,BMcLachlin
3637,59,ALamer
3637,68,WStevenson
3639,62,GLForest
3639,63,CLHDube
3639,64,JSopinka
3639,68,WStevenson
3640,59,ALamer
3640,65,CDGonthier
3641,59,ALamer
3641,68,WStevenson
3642,59,ALamer
3642,62,GLForest
3642,63,CLHDube
3642,68,WStevenson
3643,59,ALamer
3643,62,GLForest
3643,63,CLHDube
3643,68,WStevenson
3644,66,PCCory
3644,67,BMcLachlin
3644,68,WStevenson
3644,69,FIacobucci
3645,62,GLForest
3645,66,PCCory
3645,67,BMcLachlin
3645,68,WStevenson
3646,59,ALamer
3646,68,WStevenson
3647,59,ALamer
3647,64,JSopinka
3647,66,PCCory
3647,68,WStevenson
3648,62,GLForest
3648,63,CLHDube
3648,65,CDGonthier
3648,68,WStevenson
3650,63,CLHDube
3650,64,JSopinka
3652,64,JSopinka
3652,66,PCCory
3652,68,WStevenson
3652,69,FIacobucci
3653,59,ALamer
3653,67,BMcLachlin
3654,59,ALamer
3654,62,GLForest
3656,64,JSopinka
3656,66,PCCory
3656,67,BMcLachlin
3656,69,FIacobucci
3657,59,ALamer
3657,69,FIacobucci
3660,64,JSopinka
3660,67,BMcLachlin
3660,68,WStevenson
3660,69,FIacobucci
3661,62,GLForest
3661,67,BMcLachlin
3661,68,WStevenson
3661,69,FIacobucci
3662,62,GLForest
3662,67,BMcLachlin
3662,68,WStevenson
3662,69,FIacobucci
3663,59,ALamer
3663,64,JSopinka
3664,63,CLHDube
3664,67,BMcLachlin
3665,62,GLForest
3665,63,CLHDube
3665,65,CDGonthier
3665,68,WStevenson
3666,59,ALamer
3666,67,BMcLachlin
3667,65,CDGonthier
3667,69,FIacobucci
3669,59,ALamer
3669,69,FIacobucci
3670,66,PCCory
3670,67,BMcLachlin
3671,59,ALamer
3671,68,WStevenson
3672,59,ALamer
3672,68,WStevenson
3673,64,JSopinka
3673,67,BMcLachlin
3673,68,WStevenson
3673,69,FIacobucci
3674,63,CLHDube
3674,66,PCCory
3675,63,CLHDube
3675,66,PCCory
3676,59,ALamer
3676,62,GLForest
3676,63,CLHDube
3676,68,WStevenson
3679,62,GLForest
3679,66,PCCory
3679,67,BMcLachlin
3679,69,FIacobucci
3682,63,CLHDube
3682,64,JSopinka
3683,62,GLForest
3683,63,CLHDube
3683,65,CDGonthier
3683,68,WStevenson
3684,63,CLHDube
3684,68,WStevenson
3685,64,JSopinka
3685,66,PCCory
3685,67,BMcLachlin
3685,69,FIacobucci
3686,59,ALamer
3686,69,FIacobucci
3687,59,ALamer
3687,63,CLHDube
3687,64,JSopinka
3687,66,PCCory
3688,59,ALamer
3688,63,CLHDube
3689,59,ALamer
3689,66,PCCory
3690,59,ALamer
3690,65,CDGonthier
3691,59,ALamer
3691,64,JSopinka
3691,67,BMcLachlin
3691,69,FIacobucci
3692,59,ALamer
3692,68,WStevenson
3693,59,ALamer
3693,63,CLHDube
3693,65,CDGonthier
3693,68,WStevenson
3694,64,JSopinka
3694,68,WStevenson
3695,63,CLHDube
3695,68,WStevenson
3696,59,ALamer
3696,68,WStevenson
3697,59,ALamer
3697,67,BMcLachlin
3697,68,WStevenson
3697,69,FIacobucci
3698,62,GLForest
3698,63,CLHDube
3698,65,CDGonthier
3698,68,WStevenson
3699,59,ALamer
3699,62,GLForest
3699,66,PCCory
3699,68,WStevenson
3700,62,GLForest
3700,66,PCCory
3700,68,WStevenson
3701,59,ALamer
3701,62,GLForest
3701,66,PCCory
3701,68,WStevenson
3702,59,ALamer
3702,62,GLForest
3702,66,PCCory
3702,68,WStevenson
3703,59,ALamer
3703,62,GLForest
3703,65,CDGonthier
3703,68,WStevenson
3704,59,ALamer
3704,62,GLForest
3705,59,ALamer
3705,64,JSopinka
3705,66,PCCory
3705,67,BMcLachlin
3706,59,ALamer
3706,64,JSopinka
3707,59,ALamer
3707,64,JSopinka
3708,62,GLForest
3708,63,CLHDube
3708,65,CDGonthier
3709,59,ALamer
3709,69,FIacobucci
3710,66,PCCory
3710,68,WStevenson
3711,59,ALamer
3711,69,FIacobucci
3712,64,JSopinka
3712,66,PCCory
3712,67,BMcLachlin
3712,69,FIacobucci
3713,64,JSopinka
3713,66,PCCory
3713,67,BMcLachlin
3713,69,FIacobucci
3715,66,PCCory
3715,69,FIacobucci
3716,67,BMcLachlin
3716,68,WStevenson
3717,68,WStevenson
3717,69,FIacobucci
3718,59,ALamer
3718,68,WStevenson
3720,59,ALamer
3720,64,JSopinka
3720,67,BMcLachlin
3720,69,FIacobucci
3721,59,ALamer
3721,62,GLForest
3721,63,CLHDube
3722,63,CLHDube
3723,59,ALamer
3723,68,WStevenson
3724,67,BMcLachlin
3724,68,WStevenson
3725,64,JSopinka
3725,66,PCCory
3725,67,BMcLachlin
3725,69,FIacobucci
3726,59,ALamer
3726,63,CLHDube
3726,65,CDGonthier
3726,67,BMcLachlin
3727,59,ALamer
3727,62,GLForest
3727,63,CLHDube
3727,68,WStevenson
3728,59,ALamer
3728,69,FIacobucci
3729,59,ALamer
3729,69,FIacobucci
3730,62,GLForest
3731,59,ALamer
3731,66,PCCory
3731,69,FIacobucci
3733,59,ALamer
3733,67,BMcLachlin
3734,59,ALamer
3734,65,CDGonthier
3735,59,ALamer
3735,68,WStevenson
3736,59,ALamer
3736,64,JSopinka
3736,66,PCCory
3736,67,BMcLachlin
3737,67,BMcLachlin
3737,68,WStevenson
3738,67,BMcLachlin
3738,68,WStevenson
3739,59,ALamer
3739,68,WStevenson
3740,59,ALamer
3740,63,CLHDube
3740,65,CDGonthier
3741,59,ALamer
3741,63,CLHDube
3741,65,CDGonthier
3742,64,JSopinka
3742,68,WStevenson
3743,65,CDGonthier
3743,66,PCCory
3743,67,BMcLachlin
3744,62,GLForest
3744,65,CDGonthier
3744,69,FIacobucci
3745,59,ALamer
3745,62,GLForest
3745,64,JSopinka
3745,70,JCMajor
3746,59,ALamer
3746,62,GLForest
3746,64,JSopinka
3746,70,JCMajor
3747,68,WStevenson
3747,69,FIacobucci
3748,66,PCCory
3748,68,WStevenson
3749,66,PCCory
3749,68,WStevenson
3750,59,ALamer
3750,62,GLForest
3750,63,CLHDube
3750,68,WStevenson
3751,59,ALamer
3751,64,JSopinka
3752,65,CDGonthier
3752,68,WStevenson
3753,63,CLHDube
3753,68,WStevenson
3754,66,PCCory
3754,70,JCMajor
3755,63,CLHDube
3755,70,JCMajor
3756,59,ALamer
3756,65,CDGonthier
3756,66,PCCory
3756,70,JCMajor
3757,59,ALamer
3757,64,JSopinka
3758,59,ALamer
3758,66,PCCory
3760,59,ALamer
3760,67,BMcLachlin
3760,69,FIacobucci
3761,62,GLForest
3762,63,CLHDube
3762,64,JSopinka
3762,66,PCCory
3762,69,FIacobucci
3763,59,ALamer
3763,63,CLHDube
3763,69,FIacobucci
3764,59,ALamer
3764,63,CLHDube
3764,69,FIacobucci
3765,59,ALamer
3765,66,PCCory
3766,59,ALamer
3766,65,CDGonthier
3767,59,ALamer
3767,67,BMcLachlin
3768,62,GLForest
3768,70,JCMajor
3769,59,ALamer
3769,63,CLHDube
3769,65,CDGonthier
3769,66,PCCory
3770,63,CLHDube
3770,65,CDGonthier
3771,59,ALamer
3771,62,GLForest
3771,63,CLHDube
3771,64,JSopinka
3772,59,ALamer
3772,62,GLForest
3772,63,CLHDube
3772,64,JSopinka
3773,64,JSopinka
3773,70,JCMajor
3774,65,CDGonthier
3774,68,WStevenson
3775,62,GLForest
3775,66,PCCory
3775,67,BMcLachlin
3776,59,ALamer
3776,68,WStevenson
3777,64,JSopinka
3777,66,PCCory
3777,67,BMcLachlin
3777,70,JCMajor
3778,59,ALamer
3778,67,BMcLachlin
3779,59,ALamer
3779,70,JCMajor
3780,62,GLForest
3781,64,JSopinka
3781,70,JCMajor
3782,64,JSopinka
3782,70,JCMajor
3783,59,ALamer
3783,66,PCCory
3784,64,JSopinka
3784,70,JCMajor
3786,59,ALamer
3786,62,GLForest
3786,63,CLHDube
3786,65,CDGonthier
3787,62,GLForest
3787,66,PCCory
3788,59,ALamer
3788,63,CLHDube
3788,64,JSopinka
3788,67,BMcLachlin
3789,68,WStevenson
3790,62,GLForest
3790,66,PCCory
3790,67,BMcLachlin
3790,70,JCMajor
3791,59,ALamer
3791,63,CLHDube
3791,68,WStevenson
3791,69,FIacobucci
3792,63,CLHDube
3792,70,JCMajor
3793,59,ALamer
3794,62,GLForest
3795,59,ALamer
3795,70,JCMajor
3796,62,GLForest
3796,63,CLHDube
3796,64,JSopinka
3796,66,PCCory
3797,62,GLForest
3797,63,CLHDube
3797,65,CDGonthier
3797,70,JCMajor
3798,62,GLForest
3798,65,CDGonthier
3798,69,FIacobucci
3799,62,GLForest
3799,65,CDGonthier
3799,69,FIacobucci
3799,70,JCMajor
3800,69,FIacobucci
3801,59,ALamer
3801,63,CLHDube
3801,65,CDGonthier
3801,70,JCMajor
3802,59,ALamer
3802,65,CDGonthier
3803,66,PCCory
3803,70,JCMajor
3804,62,GLForest
3804,69,FIacobucci
3805,59,ALamer
3806,59,ALamer
3806,62,GLForest
3806,64,JSopinka
3806,66,PCCory
3807,59,ALamer
3807,62,GLForest
3807,65,CDGonthier
3807,70,JCMajor
3808,63,CLHDube
3808,68,WStevenson
3809,63,CLHDube
3809,64,JSopinka
3809,67,BMcLachlin
3809,69,FIacobucci
3811,59,ALamer
3811,62,GLForest
3811,69,FIacobucci
3812,64,JSopinka
3812,67,BMcLachlin
3814,59,ALamer
3814,65,CDGonthier
3817,62,GLForest
3817,63,CLHDube
3817,65,CDGonthier
3817,66,PCCory
3818,65,CDGonthier
3818,66,PCCory
3819,59,ALamer
3819,67,BMcLachlin
3819,69,FIacobucci
3819,70,JCMajor
3820,59,ALamer
3820,62,GLForest
3820,65,CDGonthier
3821,59,ALamer
3821,62,GLForest
3821,65,CDGonthier
3821,67,BMcLachlin
3822,62,GLForest
3822,69,FIacobucci
3823,69,FIacobucci
3823,70,JCMajor
3824,69,FIacobucci
3824,70,JCMajor
3825,65,CDGonthier
3825,70,JCMajor
3826,59,ALamer
3826,64,JSopinka
3826,66,PCCory
3826,67,BMcLachlin
3827,64,JSopinka
3827,70,JCMajor
3828,65,CDGonthier
3828,70,JCMajor
3829,59,ALamer
3829,64,JSopinka
3829,66,PCCory
3829,70,JCMajor
3830,59,ALamer
3830,66,PCCory
3830,67,BMcLachlin
3830,70,JCMajor
3831,59,ALamer
3831,66,PCCory
3832,63,CLHDube
3832,65,CDGonthier
3833,63,CLHDube
3833,65,CDGonthier
3835,59,ALamer
3835,64,JSopinka
3835,69,FIacobucci
3835,70,JCMajor
3836,62,GLForest
3836,63,CLHDube
3836,67,BMcLachlin
3836,69,FIacobucci
3838,59,ALamer
3838,65,CDGonthier
3840,65,CDGonthier
3840,67,BMcLachlin
3842,62,GLForest
3842,65,CDGonthier
3842,69,FIacobucci
3843,59,ALamer
3843,63,CLHDube
3847,67,BMcLachlin
3849,59,ALamer
3849,63,CLHDube
3850,63,CLHDube
3851,63,CLHDube
3856,63,CLHDube
3856,70,JCMajor
3857,59,ALamer
3857,62,GLForest
3857,63,CLHDube
3857,70,JCMajor
3858,62,GLForest
3858,65,CDGonthier
3858,66,PCCory
3858,70,JCMajor
3859,62,GLForest
3859,65,CDGonthier
3859,66,PCCory
3859,70,JCMajor
3860,59,ALamer
3860,62,GLForest
3860,63,CLHDube
3860,65,CDGonthier
3861,62,GLForest
3861,63,CLHDube
3861,65,CDGonthier
3861,66,PCCory
3862,69,FIacobucci
3862,70,JCMajor
3863,59,ALamer
3863,64,JSopinka
3863,65,CDGonthier
3863,70,JCMajor
3864,59,ALamer
3864,64,JSopinka
3864,65,CDGonthier
3864,70,JCMajor
3866,59,ALamer
3866,70,JCMajor
3867,59,ALamer
3867,62,GLForest
3869,64,JSopinka
3869,66,PCCory
3869,67,BMcLachlin
3869,70,JCMajor
3871,59,ALamer
3871,63,CLHDube
3872,59,ALamer
3872,70,JCMajor
3874,59,ALamer
3874,63,CLHDube
3876,59,ALamer
3876,62,GLForest
3876,66,PCCory
3876,67,BMcLachlin
3877,59,ALamer
3877,62,GLForest
3877,67,BMcLachlin
3877,70,JCMajor
3878,62,GLForest
3878,66,PCCory
3879,69,FIacobucci
3880,59,ALamer
3880,70,JCMajor
3884,62,GLForest
3884,64,JSopinka
3884,65,CDGonthier
3884,69,FIacobucci
3886,69,FIacobucci
3886,70,JCMajor
3887,65,CDGonthier
3887,70,JCMajor
3890,66,PCCory
3890,67,BMcLachlin
3891,59,ALamer
3891,66,PCCory
3896,62,GLForest
3896,63,CLHDube
3898,59,ALamer
3898,63,CLHDube
3898,67,BMcLachlin
3898,70,JCMajor
3900,62,GLForest
3900,65,CDGonthier
3900,66,PCCory
3900,69,FIacobucci
3901,63,CLHDube
3901,65,CDGonthier
3901,66,PCCory
3901,67,BMcLachlin
3902,59,ALamer
3902,63,CLHDube
3904,59,ALamer
3904,70,JCMajor
3908,62,GLForest
3908,63,CLHDube
3908,65,CDGonthier
3908,66,PCCory
3910,59,ALamer
3910,65,CDGonthier
3911,62,GLForest
3911,69,FIacobucci
3912,59,ALamer
3912,63,CLHDube
3913,59,ALamer
3913,63,CLHDube
3914,69,FIacobucci
3914,70,JCMajor
3915,64,JSopinka
3915,69,FIacobucci
3917,59,ALamer
3917,69,FIacobucci
3918,59,ALamer
3918,69,FIacobucci
3921,59,ALamer
3921,62,GLForest
3921,63,CLHDube
3921,66,PCCory
3922,59,ALamer
3922,64,JSopinka
3924,67,BMcLachlin
3924,70,JCMajor
3925,63,CLHDube
3925,65,CDGonthier
3926,59,ALamer
3926,63,CLHDube
3926,65,CDGonthier
3926,66,PCCory
3928,62,GLForest
3928,64,JSopinka
3928,66,PCCory
3928,67,BMcLachlin
3929,59,ALamer
3929,70,JCMajor
3932,63,CLHDube
3932,70,JCMajor
3933,62,GLForest
3933,67,BMcLachlin
3934,65,CDGonthier
3934,70,JCMajor
3935,59,ALamer
3935,64,JSopinka
3935,66,PCCory
3935,67,BMcLachlin
3936,59,ALamer
3936,63,CLHDube
3936,65,CDGonthier
3936,66,PCCory
3937,59,ALamer
3937,70,JCMajor
3938,59,ALamer
3938,69,FIacobucci
3939,65,CDGonthier
3939,69,FIacobucci
3943,59,ALamer
3943,62,GLForest
3943,63,CLHDube
3943,67,BMcLachlin
3944,59,ALamer
3944,62,GLForest
3944,63,CLHDube
3944,67,BMcLachlin
3945,64,JSopinka
3945,66,PCCory
3946,59,ALamer
3946,64,JSopinka
3947,67,BMcLachlin
3947,69,FIacobucci
3948,63,CLHDube
3948,66,PCCory
3952,59,ALamer
3952,63,CLHDube
3953,59,ALamer
3953,64,JSopinka
3954,59,ALamer
3954,70,JCMajor
3957,63,CLHDube
3957,65,CDGonthier
3958,63,CLHDube
3958,65,CDGonthier
3959,65,CDGonthier
3959,70,JCMajor
3966,63,CLHDube
3966,70,JCMajor
3968,59,ALamer
3968,66,PCCory
3970,59,ALamer
3970,63,CLHDube
3970,65,CDGonthier
3970,66,PCCory
3971,59,ALamer
3971,70,JCMajor
3972,59,ALamer
3972,70,JCMajor
3973,59,ALamer
3973,70,JCMajor
3974,63,CLHDube
3974,66,PCCory
3975,62,GLForest
3975,70,JCMajor
3976,63,CLHDube
3976,70,JCMajor
3977,65,CDGonthier
3977,69,FIacobucci
3978,65,CDGonthier
3978,69,FIacobucci
3979,65,CDGonthier
3979,69,FIacobucci
3980,59,ALamer
3980,63,CLHDube
3985,59,ALamer
3985,69,FIacobucci
3986,59,ALamer
3986,62,GLForest
3986,63,CLHDube
3986,67,BMcLachlin
3988,59,ALamer
3988,70,JCMajor
3990,59,ALamer
3990,62,GLForest
3990,63,CLHDube
3990,66,PCCory
3991,66,PCCory
3991,70,JCMajor
3995,59,ALamer
3995,63,CLHDube
3996,59,ALamer
3996,63,CLHDube
3997,59,ALamer
3997,63,CLHDube
3998,59,ALamer
3998,63,CLHDube
3999,59,ALamer
3999,67,BMcLachlin
4000,59,ALamer
4000,70,JCMajor
4003,59,ALamer
4003,63,CLHDube
4004,59,ALamer
4004,65,CDGonthier
4005,63,CLHDube
4005,69,FIacobucci
4008,59,ALamer
4008,62,GLForest
4008,63,CLHDube
4008,65,CDGonthier
4009,67,BMcLachlin
4009,70,JCMajor
4010,59,ALamer
4010,64,JSopinka
4011,64,JSopinka
4011,67,BMcLachlin
4015,59,ALamer
4015,70,JCMajor
4016,59,ALamer
4016,62,GLForest
4016,66,PCCory
4016,67,BMcLachlin
4017,62,GLForest
4017,63,CLHDube
4017,66,PCCory
4017,67,BMcLachlin
4018,59,ALamer
4018,64,JSopinka
4019,59,ALamer
4019,67,BMcLachlin
4022,59,ALamer
4022,65,CDGonthier
4022,66,PCCory
4022,70,JCMajor
4024,59,ALamer
4024,67,BMcLachlin
4025,59,ALamer
4025,70,JCMajor
4026,59,ALamer
4026,62,GLForest
4026,63,CLHDube
4026,65,CDGonthier
4027,59,ALamer
4027,63,CLHDube
4028,62,GLForest
4028,67,BMcLachlin
4031,62,GLForest
4031,69,FIacobucci
4035,59,ALamer
4035,62,GLForest
4035,63,CLHDube
4035,70,JCMajor
4036,59,ALamer
4036,62,GLForest
4036,63,CLHDube
4036,70,JCMajor
4037,59,ALamer
4037,62,GLForest
4037,64,JSopinka
4037,67,BMcLachlin
4038,59,ALamer
4038,63,CLHDube
4038,66,PCCory
4038,67,BMcLachlin
4039,59,ALamer
4039,67,BMcLachlin
4042,63,CLHDube
4042,65,CDGonthier
4049,59,ALamer
4049,70,JCMajor
4050,67,BMcLachlin
4050,69,FIacobucci
4051,59,ALamer
4051,69,FIacobucci
4054,59,ALamer
4054,70,JCMajor
4055,59,ALamer
4055,64,JSopinka
4056,59,ALamer
4056,63,CLHDube
4057,59,ALamer
4057,62,GLForest
4057,63,CLHDube
4057,65,CDGonthier
4058,59,ALamer
4058,67,BMcLachlin
4059,59,ALamer
4059,62,GLForest
4059,63,CLHDube
4059,69,FIacobucci
4062,59,ALamer
4062,64,JSopinka
4064,59,ALamer
4064,64,JSopinka
4064,67,BMcLachlin
4064,69,FIacobucci
4066,59,ALamer
4066,66,PCCory
4067,67,BMcLachlin
4067,70,JCMajor
4068,62,GLForest
4068,69,FIacobucci
4069,59,ALamer
4069,63,CLHDube
4070,59,ALamer
4070,66,PCCory
4071,59,ALamer
4071,66,PCCory
4074,59,ALamer
4074,62,GLForest
4074,63,CLHDube
4074,66,PCCory
4075,59,ALamer
4075,62,GLForest
4075,63,CLHDube
4075,69,FIacobucci
4081,59,ALamer
4081,62,GLForest
4082,59,ALamer
4082,63,CLHDube
4084,59,ALamer
4084,62,GLForest
4084,63,CLHDube
4084,70,JCMajor
4085,59,ALamer
4085,67,BMcLachlin
4089,64,JSopinka
4089,69,FIacobucci
4090,59,ALamer
4090,62,GLForest
4090,63,CLHDube
4090,67,BMcLachlin
4091,59,ALamer
4091,62,GLForest
4091,63,CLHDube
4091,64,JSopinka
4092,67,BMcLachlin
4092,70,JCMajor
4094,62,GLForest
4094,66,PCCory
4094,67,BMcLachlin
4094,70,JCMajor
4095,59,ALamer
4095,63,CLHDube
4095,64,JSopinka
4095,65,CDGonthier
4096,62,GLForest
4096,64,JSopinka
4096,66,PCCory
4096,69,FIacobucci
4098,59,ALamer
4098,62,GLForest
4098,63,CLHDube
4098,67,BMcLachlin
4099,59,ALamer
4099,63,CLHDube
4099,66,PCCory
4099,69,FIacobucci
4103,59,ALamer
4103,65,CDGonthier
4104,59,ALamer
4104,63,CLHDube
4104,65,CDGonthier
4104,66,PCCory
4105,59,ALamer
4105,62,GLForest
4105,63,CLHDube
4105,65,CDGonthier
4107,62,GLForest
4107,65,CDGonthier
4108,59,ALamer
4108,69,FIacobucci
4109,59,ALamer
4109,62,GLForest
4109,63,CLHDube
4109,65,CDGonthier
4110,59,ALamer
4110,63,CLHDube
4110,65,CDGonthier
4110,67,BMcLachlin
4113,59,ALamer
4113,63,CLHDube
4114,59,ALamer
4114,63,CLHDube
4115,59,ALamer
4115,62,GLForest
4115,63,CLHDube
4115,69,FIacobucci
4116,59,ALamer
4116,63,CLHDube
4116,67,BMcLachlin
4116,69,FIacobucci
4117,62,GLForest
4117,65,CDGonthier
4118,59,ALamer
4118,66,PCCory
4119,59,ALamer
4119,63,CLHDube
4120,62,GLForest
4120,64,JSopinka
4121,59,ALamer
4121,62,GLForest
4122,59,ALamer
4122,62,GLForest
4122,63,CLHDube
4122,69,FIacobucci
4123,59,ALamer
4123,62,GLForest
4123,63,CLHDube
4123,69,FIacobucci
4129,64,JSopinka
4129,66,PCCory
4129,69,FIacobucci
4129,70,JCMajor
4135,64,JSopinka
4135,70,JCMajor
4137,59,ALamer
4137,65,CDGonthier
4138,59,ALamer
4138,62,GLForest
4138,63,CLHDube
4138,67,BMcLachlin
4140,64,JSopinka
4140,69,FIacobucci
4141,59,ALamer
4141,64,JSopinka
4141,69,FIacobucci
4141,70,JCMajor
4147,59,ALamer
4147,62,GLForest
4147,63,CLHDube
4147,64,JSopinka
4149,59,ALamer
4149,62,GLForest
4149,63,CLHDube
4149,64,JSopinka
4150,59,ALamer
4150,62,GLForest
4150,63,CLHDube
4150,64,JSopinka
4151,59,ALamer
4151,67,BMcLachlin
4152,64,JSopinka
4152,66,PCCory
4152,69,FIacobucci
4152,70,JCMajor
4153,63,CLHDube
4153,65,CDGonthier
4154,59,ALamer
4154,62,GLForest
4159,59,ALamer
4159,62,GLForest
4159,63,CLHDube
4159,65,CDGonthier
4160,59,ALamer
4160,62,GLForest
4160,63,CLHDube
4160,65,CDGonthier
4161,59,ALamer
4161,62,GLForest
4161,63,CLHDube
4161,65,CDGonthier
4162,59,ALamer
4162,63,CLHDube
4163,66,PCCory
4163,70,JCMajor
4164,59,ALamer
4164,62,GLForest
4170,62,GLForest
4170,63,CLHDube
4170,65,CDGonthier
4170,66,PCCory
4171,62,GLForest
4171,63,CLHDube
4171,65,CDGonthier
4171,66,PCCory
4173,59,ALamer
4173,70,JCMajor
4174,59,ALamer
4174,63,CLHDube
4175,63,CLHDube
4175,70,JCMajor
4176,59,ALamer
4176,62,GLForest
4177,59,ALamer
4177,62,GLForest
4177,63,CLHDube
4177,65,CDGonthier
4178,59,ALamer
4178,63,CLHDube
4179,59,ALamer
4179,62,GLForest
4179,63,CLHDube
4179,65,CDGonthier
4180,59,ALamer
4180,62,GLForest
4181,59,ALamer
4181,63,CLHDube
4187,59,ALamer
4187,62,GLForest
4187,63,CLHDube
4187,65,CDGonthier
4188,59,ALamer
4188,62,GLForest
4188,63,CLHDube
4188,65,CDGonthier
4192,67,BMcLachlin
4192,69,FIacobucci
4193,59,ALamer
4193,62,GLForest
4193,63,CLHDube
4193,64,JSopinka
4194,59,ALamer
4194,62,GLForest
4194,63,CLHDube
4194,64,JSopinka
4195,59,ALamer
4195,63,CLHDube
4198,62,GLForest
4198,65,CDGonthier
4200,59,ALamer
4200,66,PCCory
4200,67,BMcLachlin
4200,69,FIacobucci
4202,62,GLForest
4202,65,CDGonthier
4202,66,PCCory
4202,67,BMcLachlin
4203,59,ALamer
4203,62,GLForest
4203,63,CLHDube
4203,67,BMcLachlin
4205,66,PCCory
4205,67,BMcLachlin
4205,69,FIacobucci
4205,70,JCMajor
4206,64,JSopinka
4206,67,BMcLachlin
4206,69,FIacobucci
4206,70,JCMajor
4207,59,ALamer
4207,70,JCMajor
4210,64,JSopinka
4210,67,BMcLachlin
4210,69,FIacobucci
4210,70,JCMajor
4211,59,ALamer
4211,62,GLForest
4214,59,ALamer
4214,69,FIacobucci
4215,59,ALamer
4215,62,GLForest
4215,63,CLHDube
4215,65,CDGonthier
4217,59,ALamer
4217,63,CLHDube
4219,59,ALamer
4219,63,CLHDube
4223,59,ALamer
4223,62,GLForest
4223,63,CLHDube
4223,69,FIacobucci
4224,64,JSopinka
4224,66,PCCory
4224,69,FIacobucci
4224,70,JCMajor
4225,64,JSopinka
4225,66,PCCory
4225,69,FIacobucci
4225,70,JCMajor
4226,59,ALamer
4226,62,GLForest
4226,63,CLHDube
4226,65,CDGonthier
4228,62,GLForest
4228,63,CLHDube
4228,64,JSopinka
4228,66,PCCory
4229,62,GLForest
4229,63,CLHDube
4231,59,ALamer
4231,65,CDGonthier
4233,59,ALamer
4233,67,BMcLachlin
4234,59,ALamer
4234,70,JCMajor
4235,65,CDGonthier
4235,67,BMcLachlin
4241,62,GLForest
4241,65,CDGonthier
4242,62,GLForest
4242,66,PCCory
4243,66,PCCory
4243,67,BMcLachlin
4243,69,FIacobucci
4243,70,JCMajor
4244,59,ALamer
4244,69,FIacobucci
4245,59,ALamer
4245,70,JCMajor
4246,66,PCCory
4246,69,FIacobucci
4248,67,BMcLachlin
4248,70,JCMajor
4255,59,ALamer
4255,62,GLForest
4259,64,JSopinka
4259,65,CDGonthier
4259,67,BMcLachlin
4259,71,MBastarache
4260,59,ALamer
4260,64,JSopinka
4261,59,ALamer
4261,63,CLHDube
4261,70,JCMajor
4261,71,MBastarache
4262,59,ALamer
4262,63,CLHDube
4262,69,FIacobucci
4262,71,MBastarache
4264,59,ALamer
4264,63,CLHDube
4265,59,ALamer
4265,63,CLHDube
4269,59,ALamer
4269,64,JSopinka
4269,66,PCCory
4269,70,JCMajor
4270,59,ALamer
4270,64,JSopinka
4270,66,PCCory
4270,70,JCMajor
4271,59,ALamer
4271,64,JSopinka
4271,69,FIacobucci
4271,71,MBastarache
4272,64,JSopinka
4272,71,MBastarache
4273,59,ALamer
4273,63,CLHDube
4273,65,CDGonthier
4274,63,CLHDube
4274,65,CDGonthier
4274,71,MBastarache
4275,59,ALamer
4275,63,CLHDube
4275,65,CDGonthier
4275,71,MBastarache
4276,59,ALamer
4276,63,CLHDube
4276,65,CDGonthier
4276,71,MBastarache
4277,65,CDGonthier
4277,69,FIacobucci
4278,59,ALamer
4278,63,CLHDube
4279,59,ALamer
4279,63,CLHDube
4279,65,CDGonthier
4279,71,MBastarache
4280,59,ALamer
4280,71,MBastarache
4281,59,ALamer
4281,72,WICBinnie
4282,64,JSopinka
4282,69,FIacobucci
4283,59,ALamer
4283,63,CLHDube
4283,64,JSopinka
4283,71,MBastarache
4284,63,CLHDube
4284,65,CDGonthier
4284,71,MBastarache
4285,63,CLHDube
4285,65,CDGonthier
4285,67,BMcLachlin
4285,72,WICBinnie
4286,63,CLHDube
4286,72,WICBinnie
4287,59,ALamer
4287,65,CDGonthier
4287,71,MBastarache
4287,72,WICBinnie
4288,59,ALamer
4288,65,CDGonthier
4288,71,MBastarache
4288,72,WICBinnie
4289,65,CDGonthier
4289,72,WICBinnie
4290,59,ALamer
4290,63,CLHDube
4290,65,CDGonthier
4290,72,WICBinnie
4291,67,BMcLachlin
4291,70,JCMajor
4291,71,MBastarache
4291,72,WICBinnie
4292,66,PCCory
4292,67,BMcLachlin
4292,70,JCMajor
4293,59,ALamer
4293,63,CLHDube
4293,67,BMcLachlin
4294,59,ALamer
4294,63,CLHDube
4294,67,BMcLachlin
4295,59,ALamer
4295,63,CLHDube
4295,67,BMcLachlin
4296,59,ALamer
4296,71,MBastarache
4297,65,CDGonthier
4297,71,MBastarache
4298,59,ALamer
4298,63,CLHDube
4298,71,MBastarache
4299,59,ALamer
4299,63,CLHDube
4299,71,MBastarache
4300,59,ALamer
4300,63,CLHDube
4300,71,MBastarache
4301,59,ALamer
4301,63,CLHDube
4301,71,MBastarache
4302,59,ALamer
4302,63,CLHDube
4302,71,MBastarache
4303,63,CLHDube
4303,72,WICBinnie
4304,70,JCMajor
4304,72,WICBinnie
4305,59,ALamer
4305,63,CLHDube
4305,65,CDGonthier
4305,69,FIacobucci
4306,59,ALamer
4306,65,CDGonthier
4307,59,ALamer
4307,64,JSopinka
4308,59,ALamer
4308,63,CLHDube
4308,64,JSopinka
4308,71,MBastarache
4311,59,ALamer
4311,63,CLHDube
4311,65,CDGonthier
4311,72,WICBinnie
4312,59,ALamer
4312,66,PCCory
4312,69,FIacobucci
4313,67,BMcLachlin
4314,59,ALamer
4314,65,CDGonthier
4314,67,BMcLachlin
4314,71,MBastarache
4315,63,CLHDube
4315,65,CDGonthier
4315,67,BMcLachlin
4315,71,MBastarache
4316,70,JCMajor
4316,72,WICBinnie
4317,70,JCMajor
4317,72,WICBinnie
4318,63,CLHDube
4318,72,WICBinnie
4319,59,ALamer
4319,63,CLHDube
4319,65,CDGonthier
4319,71,MBastarache
4320,59,ALamer
4320,72,WICBinnie
4321,59,ALamer
4321,66,PCCory
4321,69,FIacobucci
4321,70,JCMajor
4322,59,ALamer
4322,66,PCCory
4322,69,FIacobucci
4322,70,JCMajor
4323,67,BMcLachlin
4323,72,WICBinnie
4324,66,PCCory
4324,70,JCMajor
4325,59,ALamer
4325,66,PCCory
4327,59,ALamer
4327,66,PCCory
4327,67,BMcLachlin
4327,69,FIacobucci
4328,59,ALamer
4328,69,FIacobucci
4329,59,ALamer
4329,72,WICBinnie
4330,59,ALamer
4330,72,WICBinnie
4332,63,CLHDube
4332,71,MBastarache
4334,59,ALamer
4334,63,CLHDube
4334,65,CDGonthier
4334,72,WICBinnie
4335,59,ALamer
4335,66,PCCory
4335,69,FIacobucci
4335,70,JCMajor
4336,66,PCCory
4336,69,FIacobucci
4336,70,JCMajor
4337,59,ALamer
4337,72,WICBinnie
4338,59,ALamer
4338,72,WICBinnie
4339,59,ALamer
4339,69,FIacobucci
4340,59,ALamer
4340,69,FIacobucci
4342,59,ALamer
4342,72,WICBinnie
4343,59,ALamer
4343,72,WICBinnie
4344,59,ALamer
4344,69,FIacobucci
4345,67,BMcLachlin
4345,70,JCMajor
4345,71,MBastarache
4345,72,WICBinnie
4346,59,ALamer
4346,69,FIacobucci
4346,72,WICBinnie
4350,59,ALamer
4350,71,MBastarache
4351,59,ALamer
4351,63,CLHDube
4352,59,ALamer
4352,63,CLHDube
4352,65,CDGonthier
4352,72,WICBinnie
4354,66,PCCory
4354,70,JCMajor
4355,69,FIacobucci
4355,72,WICBinnie
4356,69,FIacobucci
4356,72,WICBinnie
4357,59,ALamer
4357,65,CDGonthier
4358,59,ALamer
4358,65,CDGonthier
4360,59,ALamer
4360,66,PCCory
4360,70,JCMajor
4360,72,WICBinnie
4363,59,ALamer
4363,72,WICBinnie
4365,59,ALamer
4365,63,CLHDube
4365,65,CDGonthier
4365,72,WICBinnie
4366,59,ALamer
4366,63,CLHDube
4366,65,CDGonthier
4366,72,WICBinnie
4370,67,BMcLachlin
4370,70,JCMajor
4370,71,MBastarache
4370,72,WICBinnie
4371,59,ALamer
4371,67,BMcLachlin
4372,66,PCCory
4372,69,FIacobucci
4373,70,JCMajor
4373,72,WICBinnie
4374,59,ALamer
4374,72,WICBinnie
4376,59,ALamer
4376,65,CDGonthier
4376,66,PCCory
4377,59,ALamer
4377,63,CLHDube
4378,63,CLHDube
4378,67,BMcLachlin
4381,59,ALamer
4381,63,CLHDube
4381,65,CDGonthier
4381,71,MBastarache
4383,65,CDGonthier
4383,70,JCMajor
4386,63,CLHDube
4386,65,CDGonthier
4388,67,BMcLachlin
4388,70,JCMajor
4389,67,BMcLachlin
4389,71,MBastarache
4390,59,ALamer
4390,66,PCCory
4395,71,MBastarache
4395,72,WICBinnie
4401,66,PCCory
4401,70,JCMajor
4402,59,ALamer
4402,67,BMcLachlin
4403,59,ALamer
4403,65,CDGonthier
4404,59,ALamer
4404,65,CDGonthier
4411,59,ALamer
4411,67,BMcLachlin
4411,70,JCMajor
4411,72,WICBinnie
4412,59,ALamer
4412,72,WICBinnie
4413,63,CLHDube
4413,71,MBastarache
4414,67,BMcLachlin
4414,71,MBastarache
4415,67,BMcLachlin
4415,71,MBastarache
4417,63,CLHDube
4418,59,ALamer
4418,63,CLHDube
4419,69,FIacobucci
4419,71,MBastarache
4424,70,JCMajor
4424,71,MBastarache
4425,59,ALamer
4425,71,MBastarache
4426,59,ALamer
4426,71,MBastarache
4427,59,ALamer
4427,70,JCMajor
4428,59,ALamer
4428,70,JCMajor
4429,59,ALamer
4429,63,CLHDube
4429,65,CDGonthier
4429,73,LArbour
4431,59,ALamer
4431,65,CDGonthier
4431,71,MBastarache
4431,72,WICBinnie
4432,59,ALamer
4432,67,BMcLachlin
4432,72,WICBinnie
4433,59,ALamer
4433,65,CDGonthier
4433,71,MBastarache
4433,72,WICBinnie
4434,59,ALamer
4434,70,JCMajor
4435,59,ALamer
4436,67,BMcLachlin
4437,59,ALamer
4437,63,CLHDube
4437,65,CDGonthier
4437,67,BMcLachlin
4438,59,ALamer
4438,69,FIacobucci
4438,70,JCMajor
4438,72,WICBinnie
4439,70,JCMajor
4439,71,MBastarache
4439,73,LArbour
4441,69,FIacobucci
4441,71,MBastarache
4442,59,ALamer
4442,66,PCCory
4443,59,ALamer
4443,70,JCMajor
4444,59,ALamer
4444,63,CLHDube
4444,65,CDGonthier
4444,72,WICBinnie
4445,59,ALamer
4445,73,LArbour
4446,59,ALamer
4446,63,CLHDube
4448,73,LArbour
4448,74,LLeBel
4449,73,LArbour
4449,74,LLeBel
4455,59,ALamer
4455,63,CLHDube
4456,59,ALamer
4456,70,JCMajor
4457,59,ALamer
4457,73,LArbour
4458,59,ALamer
4458,69,FIacobucci
4459,59,ALamer
4459,69,FIacobucci
4460,59,ALamer
4460,63,CLHDube
4461,59,ALamer
4461,63,CLHDube
4462,59,ALamer
4462,63,CLHDube
4468,63,CLHDube
4468,65,CDGonthier
4468,67,BMcLachlin
4468,69,FIacobucci
4469,59,ALamer
4469,73,LArbour
4470,59,ALamer
4470,73,LArbour
4471,59,ALamer
4471,70,JCMajor
4472,59,ALamer
4472,70,JCMajor
4473,59,ALamer
4473,66,PCCory
4473,69,FIacobucci
4473,70,JCMajor
4474,59,ALamer
4474,73,LArbour
4479,59,ALamer
4479,73,LArbour
4480,63,CLHDube
4480,67,BMcLachlin
4480,69,FIacobucci
4480,74,LLeBel
4481,59,ALamer
4481,72,WICBinnie
4482,59,ALamer
4482,70,JCMajor
4483,59,ALamer
4483,66,PCCory
4484,59,ALamer
4484,65,CDGonthier
4485,59,ALamer
4485,63,CLHDube
4486,72,WICBinnie
4486,74,LLeBel
4489,71,MBastarache
4489,74,LLeBel
4491,70,JCMajor
4491,74,LLeBel
4493,69,FIacobucci
4493,74,LLeBel
4496,59,ALamer
4496,65,CDGonthier
4498,63,CLHDube
4498,65,CDGonthier
4498,67,BMcLachlin
4498,69,FIacobucci
4499,63,CLHDube
4499,67,BMcLachlin
4499,69,FIacobucci
4499,70,JCMajor
4501,59,ALamer
4501,63,CLHDube
4501,70,JCMajor
4501,73,LArbour
4502,59,ALamer
4502,63,CLHDube
4502,65,CDGonthier
4502,67,BMcLachlin
4504,63,CLHDube
4504,74,LLeBel
4505,69,FIacobucci
4505,70,JCMajor
4506,67,BMcLachlin
4506,69,FIacobucci
4507,63,CLHDube
4507,67,BMcLachlin
4510,59,ALamer
4510,73,LArbour
4511,59,ALamer
4511,73,LArbour
4512,59,ALamer
4512,73,LArbour
4513,71,MBastarache
4513,74,LLeBel
4514,67,BMcLachlin
4514,69,FIacobucci
4533,63,CLHDube
4533,74,LLeBel
4534,65,CDGonthier
4534,74,LLeBel
4536,63,CLHDube
4536,65,CDGonthier
4536,67,BMcLachlin
4536,74,LLeBel
4538,63,CLHDube
4538,65,CDGonthier
4538,67,BMcLachlin
4538,69,FIacobucci
4539,63,CLHDube
4539,65,CDGonthier
4539,67,BMcLachlin
4539,69,FIacobucci
4540,63,CLHDube
4540,65,CDGonthier
4540,67,BMcLachlin
4540,70,JCMajor
4543,63,CLHDube
4543,71,MBastarache
4544,70,JCMajor
4544,74,LLeBel
4546,72,WICBinnie
4546,74,LLeBel
4547,70,JCMajor
4547,74,LLeBel
4549,67,BMcLachlin
4549,72,WICBinnie
4550,67,BMcLachlin
4550,69,FIacobucci
4551,65,CDGonthier
4551,74,LLeBel
4552,73,LArbour
4552,74,LLeBel
4555,63,CLHDube
4555,65,CDGonthier
4557,72,WICBinnie
4557,74,LLeBel
4558,72,WICBinnie
4558,74,LLeBel
4559,70,JCMajor
4559,71,MBastarache
4560,67,BMcLachlin
4560,69,FIacobucci
4560,70,JCMajor
4560,72,WICBinnie
4561,63,CLHDube
4561,70,JCMajor
4566,69,FIacobucci
4566,74,LLeBel
4567,63,CLHDube
4567,65,CDGonthier
4568,65,CDGonthier
4568,67,BMcLachlin
4569,63,CLHDube
4569,67,BMcLachlin
4570,63,CLHDube
4570,67,BMcLachlin
4571,63,CLHDube
4571,67,BMcLachlin
4572,63,CLHDube
4572,65,CDGonthier
4575,63,CLHDube
4575,67,BMcLachlin
4576,63,CLHDube
4576,65,CDGonthier
4576,67,BMcLachlin
4576,72,WICBinnie
4577,73,LArbour
4577,74,LLeBel
4578,63,CLHDube
4578,74,LLeBel
4579,63,CLHDube
4579,74,LLeBel
4582,63,CLHDube
4582,65,CDGonthier
4582,67,BMcLachlin
4582,71,MBastarache
4583,65,CDGonthier
4583,67,BMcLachlin
4584,63,CLHDube
4584,65,CDGonthier
4584,69,FIacobucci
4584,73,LArbour
4585,63,CLHDube
4585,65,CDGonthier
4585,67,BMcLachlin
4585,71,MBastarache
4589,63,CLHDube
4589,69,FIacobucci
4590,63,CLHDube
4590,69,FIacobucci
4591,63,CLHDube
4591,67,BMcLachlin
4596,65,CDGonthier
4596,67,BMcLachlin
4596,69,FIacobucci
4596,70,JCMajor
4597,69,FIacobucci
4597,71,MBastarache
4601,65,CDGonthier
4601,71,MBastarache
4602,67,BMcLachlin
4602,69,FIacobucci
4609,63,CLHDube
4609,69,FIacobucci
4610,63,CLHDube
4610,65,CDGonthier
4610,67,BMcLachlin
4610,74,LLeBel
4611,63,CLHDube
4611,73,LArbour
4616,67,BMcLachlin
4616,71,MBastarache
4618,70,JCMajor
4618,73,LArbour
4619,65,CDGonthier
4619,67,BMcLachlin
4622,69,FIacobucci
4622,71,MBastarache
4623,69,FIacobucci
4623,71,MBastarache
4628,63,CLHDube
4628,65,CDGonthier
4630,63,CLHDube
4630,67,BMcLachlin
4631,63,CLHDube
4631,67,BMcLachlin
4632,63,CLHDube
4632,67,BMcLachlin
4635,71,MBastarache
4635,73,LArbour
4636,63,CLHDube
4636,70,JCMajor
4637,63,CLHDube
4637,71,MBastarache
4640,63,CLHDube
4640,70,JCMajor
4641,63,CLHDube
4641,67,BMcLachlin
4641,70,JCMajor
4641,72,WICBinnie
4645,65,CDGonthier
4645,67,BMcLachlin
4646,63,CLHDube
4646,70,JCMajor
4649,63,CLHDube
4649,65,CDGonthier
4649,67,BMcLachlin
4649,70,JCMajor
4650,63,CLHDube
4650,74,LLeBel
4651,63,CLHDube
4651,73,LArbour
4652,63,CLHDube
4652,73,LArbour
4655,63,CLHDube
4655,65,CDGonthier
4663,71,MBastarache
4663,73,LArbour
4664,67,BMcLachlin
4664,69,FIacobucci
4664,70,JCMajor
4664,72,WICBinnie
4666,63,CLHDube
4666,70,JCMajor
4667,69,FIacobucci
4667,71,MBastarache
4672,65,CDGonthier
4672,67,BMcLachlin
4672,69,FIacobucci
4672,74,LLeBel
4675,63,CLHDube
4675,65,CDGonthier
4675,67,BMcLachlin
4675,69,FIacobucci
4676,70,JCMajor
4676,72,WICBinnie
4682,63,CLHDube
4682,67,BMcLachlin
4684,65,CDGonthier
4684,67,BMcLachlin
4684,71,MBastarache
4684,74,LLeBel
4685,65,CDGonthier
4685,67,BMcLachlin
4685,72,WICBinnie
4685,75,MDeschamps
4686,67,BMcLachlin
4686,75,MDeschamps
4691,65,CDGonthier
4691,71,MBastarache
4691,72,WICBinnie
4691,73,LArbour
4692,65,CDGonthier
4692,71,MBastarache
4692,72,WICBinnie
4692,73,LArbour
4694,72,WICBinnie
4694,73,LArbour
4694,74,LLeBel
4694,75,MDeschamps
4695,74,LLeBel
4695,75,MDeschamps
4696,65,CDGonthier
4696,69,FIacobucci
4696,70,JCMajor
4696,74,LLeBel
4701,65,CDGonthier
4701,67,BMcLachlin
4701,74,LLeBel
4701,75,MDeschamps
4702,67,BMcLachlin
4702,69,FIacobucci
4702,70,JCMajor
4702,71,MBastarache
4703,69,FIacobucci
4703,70,JCMajor
4703,71,MBastarache
4703,75,MDeschamps
4704,65,CDGonthier
4704,75,MDeschamps
4705,65,CDGonthier
4705,75,MDeschamps
4706,65,CDGonthier
4706,67,BMcLachlin
4706,71,MBastarache
4706,75,MDeschamps
4707,67,BMcLachlin
4707,70,JCMajor
4709,65,CDGonthier
4709,71,MBastarache
4711,67,BMcLachlin
4711,70,JCMajor
4711,74,LLeBel
4711,75,MDeschamps
4712,67,BMcLachlin
4712,74,LLeBel
4714,69,FIacobucci
4714,70,JCMajor
4715,73,LArbour
4715,75,MDeschamps
4719,69,FIacobucci
4719,72,WICBinnie
4720,67,BMcLachlin
4720,70,JCMajor
4729,65,CDGonthier
4729,73,LArbour
4730,69,FIacobucci
4730,75,MDeschamps
4732,65,CDGonthier
4732,74,LLeBel
4735,72,WICBinnie
4746,67,BMcLachlin
4746,71,MBastarache
4747,69,FIacobucci
4747,71,MBastarache
4755,65,CDGonthier
4755,67,BMcLachlin
4756,67,BMcLachlin
4756,70,JCMajor
4766,69,FIacobucci
4766,73,LArbour
4767,69,FIacobucci
4767,72,WICBinnie
4768,71,MBastarache
4768,73,LArbour
4770,67,BMcLachlin
4770,72,WICBinnie
4771,69,FIacobucci
4771,71,MBastarache
4772,67,BMcLachlin
4772,76,MJFish
4773,70,JCMajor
4773,72,WICBinnie
4774,71,MBastarache
4774,72,WICBinnie
4774,74,LLeBel
4774,75,MDeschamps
4775,69,FIacobucci
4775,76,MJFish
4776,67,BMcLachlin
4776,74,LLeBel
4777,72,WICBinnie
4777,73,LArbour
4778,69,FIacobucci
4778,74,LLeBel
4779,67,BMcLachlin
4779,76,MJFish
4781,71,MBastarache
4781,73,LArbour
4782,70,JCMajor
4782,75,MDeschamps
4789,69,FIacobucci
4789,71,MBastarache
4789,74,LLeBel
4789,75,MDeschamps
4790,67,BMcLachlin
4790,73,LArbour
4794,69,FIacobucci
4794,70,JCMajor
4794,72,WICBinnie
4794,76,MJFish
4795,67,BMcLachlin
4795,73,LArbour
4796,71,MBastarache
4796,75,MDeschamps
4797,73,LArbour
4797,75,MDeschamps
4800,69,FIacobucci
4800,70,JCMajor
4801,75,MDeschamps
4801,76,MJFish
4802,67,BMcLachlin
4802,71,MBastarache
4803,74,LLeBel
4803,75,MDeschamps
4805,74,LLeBel
4805,75,MDeschamps
4806,69,FIacobucci
4806,70,JCMajor
4806,73,LArbour
4806,76,MJFish
4809,67,BMcLachlin
4809,69,FIacobucci
4814,69,FIacobucci
4814,73,LArbour
4814,74,LLeBel
4814,76,MJFish
4815,69,FIacobucci
4815,71,MBastarache
4815,73,LArbour
4815,76,MJFish
4816,69,FIacobucci
4816,74,LLeBel
4817,67,BMcLachlin
4817,73,LArbour
4818,73,LArbour
4818,76,MJFish
4819,73,LArbour
4819,74,LLeBel
4820,67,BMcLachlin
4820,70,JCMajor
4821,69,FIacobucci
4821,70,JCMajor
4821,71,MBastarache
4821,73,LArbour
4822,67,BMcLachlin
4822,69,FIacobucci
4822,73,LArbour
4822,74,LLeBel
4823,67,BMcLachlin
4823,69,FIacobucci
4823,73,LArbour
4823,74,LLeBel
4824,69,FIacobucci
4824,70,JCMajor
4825,69,FIacobucci
4825,70,JCMajor
4825,73,LArbour
4825,75,MDeschamps
4826,70,JCMajor
4826,73,LArbour
4828,69,FIacobucci
4828,73,LArbour
4828,75,MDeschamps
4828,76,MJFish
4829,69,FIacobucci
4829,73,LArbour
4829,75,MDeschamps
4829,76,MJFish
4830,69,FIacobucci
4830,73,LArbour
4832,67,BMcLachlin
4832,73,LArbour
4834,77,RSAbella
4834,78,LCharron
4835,70,JCMajor
4835,72,WICBinnie
4835,74,LLeBel
4835,78,LCharron
4836,71,MBastarache
4836,72,WICBinnie
4837,71,MBastarache
4837,72,WICBinnie
4838,69,FIacobucci
4838,73,LArbour
4839,69,FIacobucci
4839,73,LArbour
4840,69,FIacobucci
4840,73,LArbour
4841,69,FIacobucci
4841,73,LArbour
4842,69,FIacobucci
4842,73,LArbour
4843,69,FIacobucci
4843,73,LArbour
4845,67,BMcLachlin
4845,70,JCMajor
4847,67,BMcLachlin
4847,74,LLeBel
4851,74,LLeBel
4851,77,RSAbella
4853,67,BMcLachlin
4853,76,MJFish
4854,77,RSAbella
4854,78,LCharron
4855,71,MBastarache
4855,72,WICBinnie
4856,69,FIacobucci
4856,73,LArbour
4876,67,BMcLachlin
4876,70,JCMajor
4878,69,FIacobucci
4878,73,LArbour
4879,75,MDeschamps
4879,76,MJFish
4880,67,BMcLachlin
4880,78,LCharron
4881,72,WICBinnie
4881,76,MJFish
4883,77,RSAbella
4884,77,RSAbella
4885,70,JCMajor
4885,74,LLeBel
4887,72,WICBinnie
4887,75,MDeschamps
4889,70,JCMajor
4889,77,RSAbella
4894,71,MBastarache
4894,77,RSAbella
4896,67,BMcLachlin
4896,70,JCMajor
4897,76,MJFish
4897,77,RSAbella
4900,70,JCMajor
4900,71,MBastarache
4906,70,JCMajor
4906,76,MJFish
4909,67,BMcLachlin
4909,70,JCMajor
4910,70,JCMajor
4910,74,LLeBel
4912,70,JCMajor
4912,72,WICBinnie
4913,71,MBastarache
4913,76,MJFish
4916,70,JCMajor
4916,76,MJFish
4917,67,BMcLachlin
4917,71,MBastarache
4918,70,JCMajor
4918,71,MBastarache
4920,71,MBastarache
4920,75,MDeschamps
4921,67,BMcLachlin
4921,70,JCMajor
4930,70,JCMajor
4930,75,MDeschamps
4931,70,JCMajor
4931,77,RSAbella
4932,70,JCMajor
4932,75,MDeschamps
4933,70,JCMajor
4933,77,RSAbella
4934,70,JCMajor
4934,78,LCharron
4937,76,MJFish
4937,79,MRothstein
4938,67,BMcLachlin
4938,74,LLeBel
4938,76,MJFish
4939,71,MBastarache
4939,74,LLeBel
4939,75,MDeschamps
4939,79,MRothstein
4940,70,JCMajor
4940,72,WICBinnie
4941,70,JCMajor
4941,75,MDeschamps
4942,70,JCMajor
4942,78,LCharron
4943,70,JCMajor
4943,78,LCharron
4944,74,LLeBel
4944,79,MRothstein
4945,75,MDeschamps
4945,79,MRothstein
4946,67,BMcLachlin
4946,72,WICBinnie
4946,78,LCharron
4946,79,MRothstein
4947,78,LCharron
4948,70,JCMajor
4948,76,MJFish
4949,67,BMcLachlin
4949,70,JCMajor
4950,76,MJFish
4953,77,RSAbella
4954,71,MBastarache
4954,72,WICBinnie
4954,74,LLeBel
4954,76,MJFish
4955,77,RSAbella
4956,70,JCMajor
4956,72,WICBinnie
4957,70,JCMajor
4957,75,MDeschamps
4961,70,JCMajor
4961,76,MJFish
4965,70,JCMajor
4965,77,RSAbella
4966,72,WICBinnie
4967,67,BMcLachlin
4967,74,LLeBel
4967,75,MDeschamps
4967,79,MRothstein
4968,70,JCMajor
4968,74,LLeBel
4969,71,MBastarache
4969,75,MDeschamps
4969,77,RSAbella
4969,78,LCharron
4972,75,MDeschamps
4974,71,MBastarache
4976,74,LLeBel
4978,67,BMcLachlin
4978,72,WICBinnie
4978,77,RSAbella
4978,79,MRothstein
4979,67,BMcLachlin
4979,71,MBastarache
4980,70,JCMajor
4980,72,WICBinnie
4981,71,MBastarache
4983,70,JCMajor
4983,77,RSAbella
4984,70,JCMajor
4984,71,MBastarache
4985,70,JCMajor
4985,71,MBastarache
4987,70,JCMajor
4987,74,LLeBel
4997,76,MJFish
4997,78,LCharron
4998,67,BMcLachlin
4998,72,WICBinnie
5001,74,LLeBel
5001,79,MRothstein
5009,75,MDeschamps
5009,79,MRothstein
5010,67,BMcLachlin
5010,70,JCMajor
5014,78,LCharron
5016,67,BMcLachlin
5016,71,MBastarache
5020,76,MJFish
5020,79,MRothstein
5022,71,MBastarache
5022,75,MDeschamps
5035,67,BMcLachlin
5035,74,LLeBel
5037,67,BMcLachlin
5037,78,LCharron
5040,76,MJFish
5040,77,RSAbella
5041,75,MDeschamps
5041,77,RSAbella
5042,67,BMcLachlin
5042,74,LLeBel
5051,74,LLeBel
5051,75,MDeschamps
5054,71,MBastarache
5054,78,LCharron
5057,71,MBastarache
5057,72,WICBinnie
5057,78,LCharron
5057,79,MRothstein
5060,76,MJFish
5060,78,LCharron
5061,74,LLeBel
5061,79,MRothstein
5062,71,MBastarache
5062,74,LLeBel
5064,67,BMcLachlin
5064,79,MRothstein
5071,67,BMcLachlin
5071,79,MRothstein
5073,71,MBastarache
5073,79,MRothstein
5074,67,BMcLachlin
5074,71,MBastarache
5075,72,WICBinnie
5075,78,LCharron
5076,67,BMcLachlin
5076,71,MBastarache
5077,76,MJFish
5077,79,MRothstein
5083,71,MBastarache
5083,75,MDeschamps
5084,71,MBastarache
5084,74,LLeBel
5086,71,MBastarache
5086,76,MJFish
5087,71,MBastarache
5087,77,RSAbella
5088,71,MBastarache
5088,72,WICBinnie
5090,71,MBastarache
5090,72,WICBinnie
5091,71,MBastarache
5091,79,MRothstein
5092,71,MBastarache
5092,72,WICBinnie
5093,71,MBastarache
5093,75,MDeschamps
5094,71,MBastarache
5094,75,MDeschamps
5095,71,MBastarache
5095,74,LLeBel
5096,72,WICBinnie
5096,74,LLeBel
5096,77,RSAbella
5097,71,MBastarache
5097,77,RSAbella
5098,71,MBastarache
5098,77,RSAbella
5100,71,MBastarache
5100,74,LLeBel
5101,71,MBastarache
5101,74,LLeBel
5102,67,BMcLachlin
5102,71,MBastarache
5104,67,BMcLachlin
5105,72,WICBinnie
5105,79,MRothstein
5106,77,RSAbella
5107,71,MBastarache
5107,76,MJFish
5108,76,MJFish
5109,71,MBastarache
5109,78,LCharron
5110,67,BMcLachlin
5110,71,MBastarache
5111,67,BMcLachlin
5111,79,MRothstein
5113,67,BMcLachlin
5113,71,MBastarache
5114,67,BMcLachlin
5114,71,MBastarache
5115,76,MJFish
5116,76,MJFish
5117,71,MBastarache
5117,76,MJFish
5118,71,MBastarache
5118,72,WICBinnie
5119,74,LLeBel
5120,77,RSAbella
5122,67,BMcLachlin
5122,76,MJFish
5123,72,WICBinnie
5124,71,MBastarache
5124,76,MJFish
5124,77,RSAbella
5124,78,LCharron
5125,77,RSAbella
5126,75,MDeschamps
5127,67,BMcLachlin
5127,74,LLeBel
5127,75,MDeschamps
5127,77,RSAbella
5128,78,LCharron
5130,75,MDeschamps
5130,77,RSAbella
5132,78,LCharron
5133,78,LCharron
5134,78,LCharron
5135,74,LLeBel
5135,76,MJFish
5137,67,BMcLachlin
5138,71,MBastarache
5138,77,RSAbella
5139,71,MBastarache
5139,76,MJFish
5141,71,MBastarache
5141,79,MRothstein
5142,79,MRothstein
5143,71,MBastarache
5143,79,MRothstein
5144,71,MBastarache
5144,79,MRothstein
5145,74,LLeBel
5145,77,RSAbella
5146,78,LCharron
5147,78,LCharron
5148,67,BMcLachlin
5154,72,WICBinnie
5154,79,MRothstein
5156,75,MDeschamps
5158,75,MDeschamps
5158,78,LCharron
5160,79,MRothstein
5161,75,MDeschamps
5161,80,TACromwell
5165,67,BMcLachlin
5165,75,MDeschamps
5166,67,BMcLachlin
5166,72,WICBinnie
5173,67,BMcLachlin
5173,75,MDeschamps
5178,77,RSAbella
5178,79,MRothstein
5179,74,LLeBel
5179,80,TACromwell
5180,67,BMcLachlin
5180,72,WICBinnie
5186,78,LCharron
5186,80,TACromwell
5189,74,LLeBel
5189,75,MDeschamps
5191,74,LLeBel
5191,80,TACromwell
5194,75,MDeschamps
5196,67,BMcLachlin
5196,72,WICBinnie
5196,76,MJFish
5196,77,RSAbella
5196,78,LCharron
5196,79,MRothstein
5221,67,BMcLachlin
5221,72,WICBinnie
5222,72,WICBinnie
5222,79,MRothstein
5223,67,BMcLachlin
5223,79,MRothstein
5225,67,BMcLachlin
5225,74,LLeBel
5225,75,MDeschamps
5225,76,MJFish
5225,78,LCharron
5225,79,MRothstein
5230,67,BMcLachlin
5230,74,LLeBel
5233,67,BMcLachlin
5233,76,MJFish
5234,67,BMcLachlin
5234,76,MJFish
5235,67,BMcLachlin
5235,76,MJFish
5236,67,BMcLachlin
5236,76,MJFish
5237,67,BMcLachlin
5237,76,MJFish
5238,67,BMcLachlin
5238,76,MJFish
5242,67,BMcLachlin
5242,72,WICBinnie
5246,72,WICBinnie
5246,74,LLeBel
5247,76,MJFish
5247,80,TACromwell
5248,75,MDeschamps
5248,76,MJFish
5252,67,BMcLachlin
5252,77,RSAbella
5254,74,LLeBel
5254,77,RSAbella
5255,74,LLeBel
5255,77,RSAbella
5259,75,MDeschamps
5259,80,TACromwell
5264,67,BMcLachlin
5264,77,RSAbella
5265,75,MDeschamps
5265,77,RSAbella
5267,76,MJFish
5267,78,LCharron
5269,74,LLeBel
5269,79,MRothstein
5271,67,BMcLachlin
5271,72,WICBinnie
5273,76,MJFish
5273,78,LCharron
5274,74,LLeBel
5274,78,LCharron
5276,74,LLeBel
5276,77,RSAbella
5277,74,LLeBel
5277,77,RSAbella
5285,67,BMcLachlin
5285,72,WICBinnie
5285,74,LLeBel
5287,75,MDeschamps
5287,77,RSAbella
5287,82,MJMoldaver
5290,72,WICBinnie
5290,76,MJFish
5293,76,MJFish
5293,80,TACromwell
5296,72,WICBinnie
5299,72,WICBinnie
5301,76,MJFish
5301,78,LCharron
5302,76,MJFish
5302,78,LCharron
5304,67,BMcLachlin
5304,76,MJFish
5305,72,WICBinnie
5309,67,BMcLachlin
5309,74,LLeBel
5311,72,WICBinnie
5311,79,MRothstein
5312,75,MDeschamps
5312,77,RSAbella
5313,72,WICBinnie
5314,79,MRothstein
5315,75,MDeschamps
5315,78,LCharron
5316,80,TACromwell
5317,67,BMcLachlin
5317,80,TACromwell
5318,75,MDeschamps
5318,80,TACromwell
5323,76,MJFish
5323,77,RSAbella
5325,67,BMcLachlin
5325,79,MRothstein
5327,67,BMcLachlin
5327,75,MDeschamps
5328,82,MJMoldaver
5329,74,LLeBel
5329,76,MJFish
5332,79,MRothstein
5332,82,MJMoldaver
5333,67,BMcLachlin
5333,79,MRothstein
5335,77,RSAbella
5340,74,LLeBel
5340,77,RSAbella
5341,77,RSAbella
5342,74,LLeBel
5342,77,RSAbella
5343,74,LLeBel
5343,80,TACromwell
5344,67,BMcLachlin
5344,76,MJFish
5345,79,MRothstein
5345,80,TACromwell
5347,80,TACromwell
5347,82,MJMoldaver
5352,76,MJFish
5352,82,MJMoldaver
5353,74,LLeBel
5353,76,MJFish
5354,75,MDeschamps
5355,67,BMcLachlin
5355,77,RSAbella
5355,82,MJMoldaver
5356,80,TACromwell
5357,67,BMcLachlin
5357,79,MRothstein
5358,72,WICBinnie
5359,72,WICBinnie
5361,76,MJFish
5363,74,LLeBel
5363,80,TACromwell
5364,67,BMcLachlin
5364,77,RSAbella
5365,76,MJFish
5366,76,MJFish
5367,67,BMcLachlin
5367,80,TACromwell
5370,75,MDeschamps
5370,82,MJMoldaver
5371,75,MDeschamps
5371,82,MJMoldaver
5373,82,MJMoldaver
5377,74,LLeBel
5378,79,MRothstein
5380,74,LLeBel
5380,80,TACromwell
5382,76,MJFish
5384,74,LLeBel
5384,80,TACromwell
5385,67,BMcLachlin
5385,74,LLeBel
5387,72,WICBinnie
5388,77,RSAbella
5391,67,BMcLachlin
5391,80,TACromwell
5392,79,MRothstein
5393,80,TACromwell
5394,76,MJFish
5394,77,RSAbella
5395,75,MDeschamps
5395,82,MJMoldaver
5396,67,BMcLachlin
5396,77,RSAbella
5397,67,BMcLachlin
5398,77,RSAbella
5399,80,TACromwell
5400,74,LLeBel
5400,79,MRothstein
5400,80,TACromwell
5401,82,MJMoldaver
5403,67,BMcLachlin
5403,77,RSAbella
5403,79,MRothstein
5403,80,TACromwell
5404,74,LLeBel
5408,67,BMcLachlin
5408,80,TACromwell
5409,76,MJFish
5409,82,MJMoldaver
5412,80,TACromwell
5413,76,MJFish
5413,79,MRothstein
5414,67,BMcLachlin
5414,74,LLeBel
5414,77,RSAbella
5417,74,LLeBel
5417,82,MJMoldaver
5418,76,MJFish
5418,80,TACromwell
5462,77,RSAbella
5462,82,MJMoldaver
5463,74,LLeBel
5463,82,MJMoldaver
5469,76,MJFish
5469,77,RSAbella
5472,67,BMcLachlin
5472,77,RSAbella
5473,76,MJFish
5473,82,MJMoldaver
5474,77,RSAbella
5475,82,MJMoldaver
5476,74,LLeBel
5477,74,LLeBel
5482,82,MJMoldaver
5487,77,RSAbella
5488,67,BMcLachlin
5488,80,TACromwell
5491,67,BMcLachlin
5494,76,MJFish
5495,82,MJMoldaver
5497,67,BMcLachlin
5497,77,RSAbella
5500,82,MJMoldaver
5501,82,MJMoldaver
5502,67,BMcLachlin
5502,79,MRothstein
5503,77,RSAbella
5504,76,MJFish
5504,77,RSAbella
5509,67,BMcLachlin
5509,80,TACromwell
5513,82,MJMoldaver
5516,77,RSAbella
5519,82,MJMoldaver
5520,82,MJMoldaver
5521,67,BMcLachlin
5521,74,LLeBel
5521,80,TACromwell
5522,74,LLeBel
5522,77,RSAbella
5522,82,MJMoldaver
5523,82,MJMoldaver
5525,67,BMcLachlin
5525,76,MJFish
5527,80,TACromwell
5528,67,BMcLachlin
5528,77,RSAbella
5528,80,TACromwell
5529,67,BMcLachlin
5529,77,RSAbella
5529,80,TACromwell
5532,67,BMcLachlin
5533,77,RSAbella
5533,79,MRothstein
5536,76,MJFish
5536,82,MJMoldaver
5537,76,MJFish
5537,82,MJMoldaver
5538,74,LLeBel
5539,74,LLeBel
5540,77,RSAbella
5541,77,RSAbella
5541,79,MRothstein
5544,77,RSAbella
5547,74,LLeBel
5547,79,MRothstein
5548,80,TACromwell
5549,67,BMcLachlin
5550,80,TACromwell
5551,80,TACromwell
5552,77,RSAbella
5553,67,BMcLachlin
5553,79,MRothstein
5556,82,MJMoldaver
5560,67,BMcLachlin
5562,67,BMcLachlin
5563,82,MJMoldaver
5568,67,BMcLachlin
5568,80,TACromwell
5572,77,RSAbella
5572,82,MJMoldaver
5575,80,TACromwell
5577,67,BMcLachlin
5579,79,MRothstein
5580,80,TACromwell
5581,77,RSAbella
5582,77,RSAbella
5582,82,MJMoldaver
5586,67,BMcLachlin
5587,67,BMcLachlin
5587,77,RSAbella
5587,79,MRothstein
5588,80,TACromwell
5591,82,MJMoldaver
5592,79,MRothstein
5593,79,MRothstein
5594,79,MRothstein
5595,74,LLeBel
5595,77,RSAbella
5595,79,MRothstein
5596,74,LLeBel
5596,77,RSAbella
5596,79,MRothstein
5597,67,BMcLachlin
5597,80,TACromwell
5598,79,MRothstein
5598,80,TACromwell
5599,74,LLeBel
5600,67,BMcLachlin
5600,77,RSAbella
5602,67,BMcLachlin
5602,77,RSAbella
5602,80,TACromwell
5603,79,MRothstein
5604,67,BMcLachlin
5604,77,RSAbella
5604,80,TACromwell
5607,82,MJMoldaver
5608,77,RSAbella
5608,82,MJMoldaver
5614,82,MJMoldaver
5618,80,TACromwell
5619,67,BMcLachlin
5621,80,TACromwell
5625,67,BMcLachlin
5625,77,RSAbella
5625,82,MJMoldaver
5630,80,TACromwell
5630,82,MJMoldaver
5632,77,RSAbella
5632,82,MJMoldaver
5633,77,RSAbella
5640,67,BMcLachlin
5645,67,BMcLachlin
5649,67,BMcLachlin
5649,77,RSAbella
5649,82,MJMoldaver
5655,77,RSAbella
5655,82,MJMoldaver
5660,77,RSAbella
5660,82,MJMoldaver
5662,67,BMcLachlin
5662,77,RSAbella
5665,77,RSAbella
5670,67,BMcLachlin
5672,77,RSAbella
5672,82,MJMoldaver
5677,80,TACromwell
5677,82,MJMoldaver
5678,80,TACromwell
5683,67,BMcLachlin
5687,67,BMcLachlin
5690,77,RSAbella
5690,82,MJMoldaver
5699,77,RSAbella
5699,82,MJMoldaver
5705,77,RSAbella
5705,82,MJMoldaver
5710,82,MJMoldaver
5711,82,MJMoldaver
5712,67,BMcLachlin
5712,74,LLeBel
5712,80,TACromwell
5716,82,MJMoldaver
5718,80,TACromwell
5719,77,RSAbella
5719,82,MJMoldaver
5723,82,MJMoldaver
5726,77,RSAbella
5726,82,MJMoldaver
5728,77,RSAbella
5729,77,RSAbella
5732,79,MRothstein
5734,80,TACromwell
5735,67,BMcLachlin
5735,74,LLeBel
5735,77,RSAbella
5737,77,RSAbella
5737,80,TACromwell
5738,80,TACromwell
5741,74,LLeBel
5742,82,MJMoldaver
5743,77,RSAbella
5744,79,MRothstein
5745,67,BMcLachlin
5745,79,MRothstein
5746,82,MJMoldaver
5748,82,MJMoldaver
5749,74,LLeBel
5750,82,MJMoldaver
5753,79,MRothstein
5754,67,BMcLachlin
5757,79,MRothstein
5758,74,LLeBel
5759,79,MRothstein
5760,67,BMcLachlin
5760,74,LLeBel
5761,74,LLeBel
5763,74,LLeBel
5763,77,RSAbella
5772,77,RSAbella
5772,82,MJMoldaver
5774,67,BMcLachlin
5774,74,LLeBel
5775,80,TACromwell
5779,67,BMcLachlin
5779,74,LLeBel
5779,79,MRothstein
5780,67,BMcLachlin
5780,74,LLeBel
5780,79,MRothstein
5785,67,BMcLachlin
5785,82,MJMoldaver
5792,67,BMcLachlin
5796,80,TACromwell
5798,74,LLeBel
5799,79,MRothstein
5799,80,TACromwell
5803,67,BMcLachlin
5803,77,RSAbella
5804,67,BMcLachlin
5808,80,TACromwell
5810,74,LLeBel
5810,80,TACromwell
5811,74,LLeBel
5811,77,RSAbella
5813,74,LLeBel
5813,79,MRothstein
5815,80,TACromwell
5820,79,MRothstein
5820,82,MJMoldaver
5825,82,MJMoldaver
5827,67,BMcLachlin
5828,82,MJMoldaver
5829,67,BMcLachlin
5829,77,RSAbella
5830,67,BMcLachlin
5832,82,MJMoldaver
5833,82,MJMoldaver
5841,77,RSAbella
5844,67,BMcLachlin
5844,77,RSAbella
5844,82,MJMoldaver
5847,77,RSAbella
5850,82,MJMoldaver
5855,77,RSAbella
5862,77,RSAbella
5864,77,RSAbella
5865,77,RSAbella
5865,82,MJMoldaver
5872,82,MJMoldaver
5874,82,MJMoldaver
5875,74,LLeBel
5875,79,MRothstein
5877,77,RSAbella
5882,82,MJMoldaver
5884,77,RSAbella
5886,77,RSAbella
5888,82,MJMoldaver
5902,77,RSAbella
5902,82,MJMoldaver
5920,74,LLeBel
5920,80,TACromwell
5921,82,MJMoldaver
5925,67,BMcLachlin
5925,77,RSAbella
5928,77,RSAbella
5929,77,RSAbella
5930,77,RSAbella
5931,67,BMcLachlin
5932,67,BMcLachlin
5933,67,BMcLachlin
5933,77,RSAbella
5933,82,MJMoldaver
5940,82,MJMoldaver
5942,67,BMcLachlin
5943,67,BMcLachlin
5943,77,RSAbella
5943,82,MJMoldaver
5944,77,RSAbella
5947,67,BMcLachlin
5949,80,TACromwell
5950,62,GLForest
5950,63,CLHDube
5950,68,WStevenson
5950,69,FIacobucci
5953,55,WZEstey
5953,59,ALamer
5991,77,RSAbella
5992,82,MJMoldaver
5994,77,RSAbella
5994,82,MJMoldaver
5995,77,RSAbella
5998,77,RSAbella
6002,77,RSAbella
6196,45,RMartland
6196,47,RARitchie
6196,51,BLaskin
6196,52,RGBDickson
6196,53,JBeetz
6196,55,WZEstey
6196,57,WRMcIntyre
6196,58,JChoinard
6198,68,WStevenson
6198,69,FIacobucci
6199,63,CLHDube
6199,68,WStevenson
6200,62,GLForest
6200,66,PCCory
6202,67,BMcLachlin
6202,69,FIacobucci
6203,59,ALamer
6203,65,CDGonthier
6204,67,BMcLachlin
6204,69,FIacobucci
6205,59,ALamer
6205,63,CLHDube
6206,59,ALamer
6206,62,GLForest
6206,63,CLHDube
6206,65,CDGonthier
6208,67,BMcLachlin
6208,70,JCMajor
6209,67,BMcLachlin
6209,70,JCMajor
6209,71,MBastarache
6209,72,WICBinnie
6210,67,BMcLachlin
6210,70,JCMajor
6210,71,MBastarache
6210,72,WICBinnie
6211,70,JCMajor
6211,74,LLeBel
6215,69,FIacobucci
6215,70,JCMajor
6215,71,MBastarache
6215,75,MDeschamps
6219,69,FIacobucci
6219,73,LArbour
6219,75,MDeschamps
6219,76,MJFish
6221,72,WICBinnie
6221,75,MDeschamps
6223,71,MBastarache
6223,77,RSAbella
6225,70,JCMajor
6225,74,LLeBel
6227,70,JCMajor
6227,77,RSAbella
6228,70,JCMajor
6228,75,MDeschamps
6229,77,RSAbella
6230,70,JCMajor
6230,75,MDeschamps
6232,72,WICBinnie
5954,53,JBeetz
5954,59,ALamer
5955,59,ALamer
5959,52,RGBDickson
5959,66,PCCory
5961,77,RSAbella
5962,77,RSAbella
5964,77,RSAbella
5965,77,RSAbella
5970,77,RSAbella
5974,77,RSAbella
5981,77,RSAbella
6233,71,MBastarache
6245,82,MJMoldaver
6248,80,TACromwell
6249,77,RSAbella
6250,80,TACromwell
6256,82,MJMoldaver
6257,76,MJFish
6259,75,MDeschamps
6259,82,MJMoldaver
6261,74,LLeBel
6261,77,RSAbella
6263,67,BMcLachlin
6263,80,TACromwell
6264,80,TACromwell
6268,75,MDeschamps
6268,76,MJFish
6273,75,MDeschamps
6273,78,LCharron
6274,75,MDeschamps
6277,67,BMcLachlin
6278,71,MBastarache
6278,72,WICBinnie
6279,67,BMcLachlin
6279,71,MBastarache
6280,67,BMcLachlin
6280,71,MBastarache
6281,71,MBastarache
6281,78,LCharron
6282,71,MBastarache
6282,77,RSAbella
6283,74,LLeBel
6283,79,MRothstein
6286,71,MBastarache
6286,75,MDeschamps
6287,75,MDeschamps
6287,76,MJFish
6293,59,ALamer
6293,72,WICBinnie
6294,59,ALamer
6294,69,FIacobucci
6296,59,ALamer
6296,62,GLForest
6296,63,CLHDube
6296,65,CDGonthier
6298,66,PCCory
6298,70,JCMajor
6299,62,GLForest
6299,66,PCCory
6299,67,BMcLachlin
6299,70,JCMajor
6300,62,GLForest
6300,69,FIacobucci
6301,59,ALamer
6301,64,JSopinka
6304,63,CLHDube
6304,66,PCCory
6305,59,ALamer
6305,70,JCMajor
6306,59,ALamer
6306,64,JSopinka
6306,66,PCCory
6306,67,BMcLachlin
6307,64,JSopinka
6307,69,FIacobucci
6308,62,GLForest
6308,69,FIacobucci
6310,67,BMcLachlin
6312,62,GLForest
6312,69,FIacobucci
6313,69,FIacobucci
6313,70,JCMajor
6316,59,ALamer
6316,70,JCMajor
6317,59,ALamer
6317,68,WStevenson
6318,59,ALamer
6318,66,PCCory
6319,59,ALamer
6319,63,CLHDube
6319,65,CDGonthier
6320,59,ALamer
6320,63,CLHDube
6320,65,CDGonthier
6321,59,ALamer
6321,64,JSopinka
6321,66,PCCory
6321,67,BMcLachlin
6322,64,JSopinka
6322,66,PCCory
6322,67,BMcLachlin
6322,69,FIacobucci
6323,59,ALamer
6323,69,FIacobucci
6325,59,ALamer
6325,66,PCCory
6327,59,ALamer
6327,66,PCCory
6328,59,ALamer
6328,65,CDGonthier
6329,63,CLHDube
6329,64,JSopinka
6329,66,PCCory
6329,67,BMcLachlin
6331,52,RGBDickson
6331,66,PCCory
6333,64,JSopinka
6333,66,PCCory
6334,52,RGBDickson
6334,67,BMcLachlin
6335,52,RGBDickson
6335,59,ALamer
6335,62,GLForest
6335,64,JSopinka
6336,52,RGBDickson
6336,59,ALamer
6336,62,GLForest
6336,64,JSopinka
6337,59,ALamer
6337,60,BWilson
6337,62,GLForest
6337,63,CLHDube
6337,65,CDGonthier
6337,66,PCCory
6338,59,ALamer
6338,65,CDGonthier
6340,65,CDGonthier
6341,59,ALamer
6341,65,CDGonthier
6342,52,RGBDickson
6342,63,CLHDube
6343,52,RGBDickson
6343,64,JSopinka
6344,52,RGBDickson
6344,62,GLForest
6344,65,CDGonthier
6344,66,PCCory
6345,52,RGBDickson
6345,53,JBeetz
6345,55,WZEstey
6345,61,GELDain
6346,52,RGBDickson
6346,60,BWilson
6346,64,JSopinka
6347,52,RGBDickson
6347,64,JSopinka
6348,57,WRMcIntyre
6348,64,JSopinka
6349,60,BWilson
6350,53,JBeetz
6350,59,ALamer
6351,52,RGBDickson
6351,57,WRMcIntyre
6351,65,CDGonthier
6351,66,PCCory
6352,53,JBeetz
6352,55,WZEstey
6353,52,RGBDickson
6353,61,GELDain
6353,62,GLForest
6353,63,CLHDube
6354,53,JBeetz
6354,61,GELDain
6354,62,GLForest
6354,64,JSopinka
6355,55,WZEstey
6355,58,JChoinard
6355,59,ALamer
6355,62,GLForest
6356,52,RGBDickson
6356,55,WZEstey
6356,57,WRMcIntyre
6356,60,BWilson
6357,53,JBeetz
6357,55,WZEstey
6359,52,RGBDickson
6359,60,BWilson
6360,53,JBeetz
6360,55,WZEstey
6361,55,WZEstey
6361,59,ALamer
6362,47,RARitchie
6362,61,GELDain
6363,57,WRMcIntyre
6363,61,GELDain
6364,52,RGBDickson
6365,60,BWilson
6365,62,GLForest
6366,55,WZEstey
6368,58,JChoinard
6369,53,JBeetz
6369,61,GELDain
6370,61,GELDain
6370,62,GLForest
6371,51,BLaskin
6371,60,BWilson
6372,47,RARitchie
6373,52,RGBDickson
6374,47,RARitchie
6374,52,RGBDickson
6375,47,RARitchie
6375,51,BLaskin
6375,55,WZEstey
6375,57,WRMcIntyre
6376,47,RARitchie
6376,51,BLaskin
6377,51,BLaskin
6377,53,JBeetz
6377,59,ALamer
6377,60,BWilson
6378,51,BLaskin
6378,58,JChoinard
6378,59,ALamer
6378,60,BWilson
6379,47,RARitchie
6379,51,BLaskin
6379,53,JBeetz
6379,57,WRMcIntyre
6381,52,RGBDickson
6381,53,JBeetz
6381,58,JChoinard
6381,59,ALamer
6382,52,RGBDickson
6382,59,ALamer
6383,47,RARitchie
6383,60,BWilson
6384,51,BLaskin
6384,55,WZEstey
6385,51,BLaskin
6385,52,RGBDickson
6387,47,RARitchie
6387,51,BLaskin
6389,45,RMartland
6389,53,JBeetz
6389,58,JChoinard
6389,59,ALamer
6782,59,ALamer
6782,65,CDGonthier
6786,77,RSAbella
6787,77,RSAbella
6788,77,RSAbella
6789,77,RSAbella
6790,77,RSAbella
6791,77,RSAbella
6792,77,RSAbella
6793,77,RSAbella
6794,77,RSAbella
6795,77,RSAbella
6796,77,RSAbella
6797,72,WICBinnie
6798,72,WICBinnie
6801,77,RSAbella
6802,80,TACromwell
6804,80,TACromwell
6811,75,MDeschamps
6811,78,LCharron
6812,74,LLeBel
6812,79,MRothstein
6813,74,LLeBel
6813,79,MRothstein
6815,62,GLForest
6815,69,FIacobucci
6816,69,FIacobucci
6816,70,JCMajor
6817,69,FIacobucci
6817,70,JCMajor
6818,69,FIacobucci
6818,70,JCMajor
6819,59,ALamer
6819,66,PCCory
6820,59,ALamer
6820,66,PCCory
6821,59,ALamer
6821,66,PCCory
6822,59,ALamer
6822,66,PCCory
6823,59,ALamer
6823,66,PCCory
6824,59,ALamer
6824,66,PCCory
6825,59,ALamer
6825,65,CDGonthier
6826,52,RGBDickson
6826,59,ALamer
6826,62,GLForest
6826,64,JSopinka
6827,52,RGBDickson
6827,59,ALamer
6827,62,GLForest
6827,64,JSopinka
6828,59,ALamer
6828,60,BWilson
6828,62,GLForest
6828,63,CLHDube
6828,65,CDGonthier
6828,66,PCCory
6829,52,RGBDickson
6829,63,CLHDube
6830,52,RGBDickson
6830,63,CLHDube
6831,52,RGBDickson
6831,64,JSopinka
6832,52,RGBDickson
6832,64,JSopinka
6833,52,RGBDickson
6833,55,WZEstey
6833,57,WRMcIntyre
6833,60,BWilson
6834,52,RGBDickson
6834,55,WZEstey
6834,57,WRMcIntyre
6834,60,BWilson
6835,53,JBeetz
6835,55,WZEstey
6836,55,WZEstey
6836,59,ALamer
6837,55,WZEstey
6837,59,ALamer
6838,57,WRMcIntyre
6838,61,GELDain
6839,52,RGBDickson
6840,57,WRMcIntyre
6840,61,GELDain
6842,58,JChoinard
6843,58,JChoinard
6844,58,JChoinard
6845,58,JChoinard
6846,58,JChoinard
6847,58,JChoinard
6848,51,BLaskin
6848,58,JChoinard
6848,59,ALamer
6848,60,BWilson
6849,47,RARitchie
6849,52,RGBDickson
6850,47,RARitchie
6850,51,BLaskin
6850,55,WZEstey
6850,57,WRMcIntyre
6851,47,RARitchie
6851,60,BWilson
6853,77,RSAbella
6856,51,BLaskin
6856,60,BWilson
6857,59,ALamer
6857,70,JCMajor
6858,59,ALamer
6858,64,JSopinka
6858,66,PCCory
6858,67,BMcLachlin
6859,59,ALamer
6859,62,GLForest
6859,63,CLHDube
6859,65,CDGonthier
6860,67,BMcLachlin
6860,70,JCMajor
6861,62,GLForest
6861,64,JSopinka
6861,67,BMcLachlin
6861,70,JCMajor
6862,67,BMcLachlin
6862,70,JCMajor
6862,71,MBastarache
6862,72,WICBinnie
6863,67,BMcLachlin
6863,70,JCMajor
6863,71,MBastarache
6863,72,WICBinnie
6864,67,BMcLachlin
6864,70,JCMajor
6864,71,MBastarache
6864,72,WICBinnie
6865,67,BMcLachlin
6865,70,JCMajor
6865,71,MBastarache
6865,72,WICBinnie
6876,82,MJMoldaver
6890,82,MJMoldaver